job_from,job_to,similarity
R0002_55043311,R0002_55036002,0.925
R0002_55043311,R0002_55015378,0.925
R0002_55043311,R0002_55032731,1.0
R0002_55043311,R0002_55025944,0.9
R0002_55043311,R0002_55024341,0.9
R0002_55043311,R0002_55041509,0.9
R0002_55043311,R0002_55036059,0.925
R0002_55043311,R0002_55037787,0.925
R0002_55043311,R0002_55039851,1.0
R0002_55043311,R0002_55032782,0.925
R0002_55043311,R0002_55036171,0.9
R0002_55043311,R0002_55035505,0.9
R0002_55043311,R0002_55011002,0.925
R0002_55043311,R0002_55031467,0.9
R0002_55043311,R0002_55028991,0.925
R0002_55043311,R0002_55027831,0.9
R0002_55043311,R0002_55038839,0.9
R0002_55043311,R0002_55019960,0.925
R0002_55043311,R0002_55033035,0.925
R0002_55043311,R0002_55006197,0.925
R0002_55043311,R0002_55036505,1.0
R0002_55043311,R0002_55044076,0.925
R0002_55043311,R0002_55036050,1.0
R0002_55043311,R0002_55037530,0.9
R0002_55043311,R0002_55040793,0.925
R0002_55043311,R0002_55043136,0.925
R0002_55043311,R0002_55014421,0.925
R0002_55043311,R0002_55003518,1.0
R0002_55043311,R0002_55027319,1.0
R0002_55043311,R0002_55035727,0.925
R0002_55043311,R0002_55032858,0.925
R0002_55043311,R0002_55029026,0.875
R0002_55043311,R0002_55039889,0.925
R0002_55043311,R0002_55041025,0.925
R0002_55043311,R0002_55041833,0.925
R0002_55043311,R0002_55031084,0.925
R0002_55043311,R0002_55030125,0.925
R0002_55043311,R0002_55011220,1.0
R0002_55043311,R0002_55043779,0.925
R0002_55043311,R0002_55026664,0.925
R0002_55043311,R0002_55037878,1.0
R0002_55043311,R0002_55043901,0.9
R0002_55043311,R0002_55037718,0.925
R0002_55043311,R0002_55042075,0.9
R0002_55043311,R0002_55031358,0.925
R0002_55043311,R0002_55025080,1.0
R0002_55043311,R0002_55037283,0.925
R0002_55043311,R0002_55019387,0.875
R0002_55043311,R0043_55035478,0.7520408163265306
R0002_55043311,R0043_55032756,0.6770408163265306
R0002_55043311,R0043_55039677,0.7770408163265305
R0002_55043311,R0043_55039678,0.7770408163265305
R0002_55043311,R0043_55029067,0.7770408163265305
R0002_55043311,R0043_55036252,0.7770408163265305
R0002_55043311,R0043_55034675,0.7770408163265305
R0002_55043311,R0043_55031083,0.7770408163265305
R0002_55043311,R0043_55036209,0.7770408163265305
R0002_55043311,R0043_55035181,0.7770408163265305
R0002_55043311,R0043_55032758,0.7270408163265306
R0002_55043311,R0043_55039681,0.7770408163265305
R0002_55043311,R0043_55039682,0.7770408163265305
R0002_55043311,R0043_55039683,0.7770408163265305
R0002_55043311,R0043_55039684,0.7770408163265305
R0002_55043311,R0043_55032632,0.7520408163265306
R0002_55043311,R0043_55021537,0.7520408163265306
R0002_55043311,R0043_55041926,0.6770408163265306
R0002_55043311,R0043_55029012,0.7770408163265305
R0002_55043311,R0043_55034882,0.7770408163265305
R0002_55043311,R0043_55039679,0.7770408163265305
R0002_55043311,R0043_55032862,0.7770408163265305
R0002_55043311,R0043_55032759,0.7770408163265305
R0002_55043311,R0043_55037980,0.7770408163265305
R0002_55043311,R0043_55037979,0.7770408163265305
R0002_55043311,R0043_55027552,0.7770408163265305
R0002_55043311,R0043_55034879,0.7770408163265305
R0002_55043311,R0043_55032908,0.7770408163265305
R0002_55043311,R0043_55039686,0.6770408163265306
R0002_55043311,R0043_55032863,0.7770408163265305
R0002_55043311,R0043_55009127,0.6770408163265306
R0002_55043311,R0043_55036250,0.7770408163265305
R0002_55043311,R0043_55034880,0.7270408163265306
R0002_55043311,R0043_55032860,0.7770408163265305
R0002_55043311,R0043_55029506,0.7520408163265306
R0002_55043311,R0043_55031288,0.7270408163265306
R0002_55043311,R0043_55036124,0.7770408163265305
R0002_55043311,R0043_55039830,0.7770408163265305
R0002_55043311,R0043_55034325,0.7270408163265306
R0002_55043311,R0043_55039829,0.7770408163265305
R0002_55043311,R0043_55031080,0.8520408163265306
R0002_55043311,R0043_55031077,0.7770408163265305
R0002_55043311,R0043_55017366,0.7520408163265306
R0002_55043311,R0043_55034335,0.7770408163265305
R0002_55043311,R0043_55031005,0.6770408163265306
R0002_55043311,R0055_55007584,0.6974489795918367
R0002_55043311,R0055_55007583,0.7474489795918366
R0002_55043311,R0204_55005925,0.8076530612244898
R0002_55043311,R0204_55032685,0.7826530612244897
R0002_55043311,R0204_55035156,0.7576530612244898
R0002_55043311,R0204_55022352,0.7826530612244897
R0002_55043311,R0204_55004131,0.8076530612244898
R0002_55043311,R0207_55036375,0.7923469387755102
R0002_55043311,R0207_55032672,0.7673469387755102
R0002_55043311,R0207_55032673,0.7673469387755102
R0002_55043311,R0290_55038074,0.6923469387755101
R0002_55043311,R0290_55041439,0.7673469387755102
R0002_55043311,R0290_55041442,0.7673469387755102
R0002_55043311,R0290_55041438,0.7673469387755102
R0002_55043311,R0290_55041440,0.7673469387755102
R0002_55043311,R0290_55041441,0.7673469387755102
R0002_55043311,R0290_55030423,0.7673469387755102
R0002_55043311,R0290_55039755,0.7673469387755102
R0002_55043311,R0290_55026840,0.7673469387755102
R0002_55043311,R0290_55038681,0.7673469387755102
R0002_55043311,R0290_55033209,0.7673469387755102
R0002_55043311,R0290_55043722,0.7923469387755102
R0002_55043311,R0377_55039577,0.7877551020408163
R0002_55043311,R0377_55032663,0.7877551020408163
R0002_55043311,R0377_55036003,0.8127551020408164
R0002_55043311,R0377_55036004,0.8127551020408164
R0002_55043311,R0377_55036006,0.8127551020408164
R0002_55043311,R0377_55036007,0.8127551020408164
R0002_55043311,R0377_55036008,0.8127551020408164
R0002_55043311,R0377_55036009,0.8127551020408164
R0002_55043311,R0377_55043375,0.8127551020408164
R0002_55043311,R0377_55032655,0.7627551020408163
R0002_55043311,R0377_55034860,0.7877551020408163
R0002_55043311,R0377_55042881,0.7877551020408163
R0002_55043311,R0377_55033035,0.7627551020408163
R0002_55043311,R0377_55044076,0.8127551020408164
R0002_55043311,R0377_55036698,0.7877551020408163
R0002_55043311,R0377_55032664,0.7127551020408163
R0002_55043311,R0377_55038331,0.8127551020408164
R0002_55043311,R0377_55041814,0.8127551020408164
R0002_55043311,R0377_55041025,0.8127551020408164
R0002_55043311,R0377_55039651,0.8127551020408164
R0002_55043311,R0377_55044100,0.7127551020408163
R0002_55043311,R0377_55026719,0.7127551020408163
R0002_55036002,R0002_55043311,0.775
R0002_55036002,R0002_55015378,1.0
R0002_55036002,R0002_55032731,0.775
R0002_55036002,R0002_55025944,0.925
R0002_55036002,R0002_55024341,0.925
R0002_55036002,R0002_55041509,0.925
R0002_55036002,R0002_55036059,1.0
R0002_55036002,R0002_55037787,1.0
R0002_55036002,R0002_55039851,0.775
R0002_55036002,R0002_55032782,1.0
R0002_55036002,R0002_55036171,0.925
R0002_55036002,R0002_55035505,0.925
R0002_55036002,R0002_55011002,1.0
R0002_55036002,R0002_55031467,0.925
R0002_55036002,R0002_55028991,1.0
R0002_55036002,R0002_55027831,0.925
R0002_55036002,R0002_55038839,0.925
R0002_55036002,R0002_55019960,1.0
R0002_55036002,R0002_55033035,1.0
R0002_55036002,R0002_55006197,1.0
R0002_55036002,R0002_55036505,0.775
R0002_55036002,R0002_55044076,1.0
R0002_55036002,R0002_55036050,0.775
R0002_55036002,R0002_55037530,0.925
R0002_55036002,R0002_55040793,1.0
R0002_55036002,R0002_55043136,1.0
R0002_55036002,R0002_55014421,1.0
R0002_55036002,R0002_55003518,0.775
R0002_55036002,R0002_55027319,0.775
R0002_55036002,R0002_55035727,1.0
R0002_55036002,R0002_55032858,1.0
R0002_55036002,R0002_55029026,0.9
R0002_55036002,R0002_55039889,1.0
R0002_55036002,R0002_55041025,1.0
R0002_55036002,R0002_55041833,1.0
R0002_55036002,R0002_55031084,1.0
R0002_55036002,R0002_55030125,1.0
R0002_55036002,R0002_55011220,0.775
R0002_55036002,R0002_55043779,1.0
R0002_55036002,R0002_55026664,1.0
R0002_55036002,R0002_55037878,0.775
R0002_55036002,R0002_55043901,0.925
R0002_55036002,R0002_55037718,1.0
R0002_55036002,R0002_55042075,0.925
R0002_55036002,R0002_55031358,1.0
R0002_55036002,R0002_55025080,0.775
R0002_55036002,R0002_55037283,1.0
R0002_55036002,R0002_55019387,0.9
R0002_55036002,R0043_55035478,0.7770408163265305
R0002_55036002,R0043_55032756,0.7020408163265306
R0002_55036002,R0043_55039677,0.8520408163265306
R0002_55036002,R0043_55039678,0.8520408163265306
R0002_55036002,R0043_55029067,0.8520408163265306
R0002_55036002,R0043_55036252,0.8520408163265306
R0002_55036002,R0043_55034675,0.8520408163265306
R0002_55036002,R0043_55031083,0.8520408163265306
R0002_55036002,R0043_55036209,0.8520408163265306
R0002_55036002,R0043_55035181,0.8520408163265306
R0002_55036002,R0043_55032758,0.7520408163265306
R0002_55036002,R0043_55039681,0.8520408163265306
R0002_55036002,R0043_55039682,0.8520408163265306
R0002_55036002,R0043_55039683,0.8520408163265306
R0002_55036002,R0043_55039684,0.8520408163265306
R0002_55036002,R0043_55032632,0.7770408163265305
R0002_55036002,R0043_55021537,0.7770408163265305
R0002_55036002,R0043_55041926,0.7020408163265306
R0002_55036002,R0043_55029012,0.8520408163265306
R0002_55036002,R0043_55034882,0.8520408163265306
R0002_55036002,R0043_55039679,0.8520408163265306
R0002_55036002,R0043_55032862,0.8520408163265306
R0002_55036002,R0043_55032759,0.8520408163265306
R0002_55036002,R0043_55037980,0.8520408163265306
R0002_55036002,R0043_55037979,0.8520408163265306
R0002_55036002,R0043_55027552,0.8520408163265306
R0002_55036002,R0043_55034879,0.8520408163265306
R0002_55036002,R0043_55032908,0.8520408163265306
R0002_55036002,R0043_55039686,0.7020408163265306
R0002_55036002,R0043_55032863,0.8520408163265306
R0002_55036002,R0043_55009127,0.7020408163265306
R0002_55036002,R0043_55036250,0.8520408163265306
R0002_55036002,R0043_55034880,0.7520408163265306
R0002_55036002,R0043_55032860,0.8520408163265306
R0002_55036002,R0043_55029506,0.7770408163265305
R0002_55036002,R0043_55031288,0.7520408163265306
R0002_55036002,R0043_55036124,0.8520408163265306
R0002_55036002,R0043_55039830,0.8520408163265306
R0002_55036002,R0043_55034325,0.7520408163265306
R0002_55036002,R0043_55039829,0.8520408163265306
R0002_55036002,R0043_55031080,0.6270408163265306
R0002_55036002,R0043_55031077,0.8520408163265306
R0002_55036002,R0043_55017366,0.7770408163265305
R0002_55036002,R0043_55034335,0.8520408163265306
R0002_55036002,R0043_55031005,0.7020408163265306
R0002_55036002,R0055_55007584,0.7224489795918367
R0002_55036002,R0055_55007583,0.7724489795918368
R0002_55036002,R0204_55005925,0.8826530612244898
R0002_55036002,R0204_55032685,0.8076530612244898
R0002_55036002,R0204_55035156,0.7826530612244897
R0002_55036002,R0204_55022352,0.8076530612244898
R0002_55036002,R0204_55004131,0.8826530612244898
R0002_55036002,R0207_55036375,0.8673469387755102
R0002_55036002,R0207_55032672,0.7923469387755102
R0002_55036002,R0207_55032673,0.7923469387755102
R0002_55036002,R0290_55038074,0.7173469387755103
R0002_55036002,R0290_55041439,0.7923469387755102
R0002_55036002,R0290_55041442,0.7923469387755102
R0002_55036002,R0290_55041438,0.7923469387755102
R0002_55036002,R0290_55041440,0.7923469387755102
R0002_55036002,R0290_55041441,0.7923469387755102
R0002_55036002,R0290_55030423,0.7923469387755102
R0002_55036002,R0290_55039755,0.7923469387755102
R0002_55036002,R0290_55026840,0.7923469387755102
R0002_55036002,R0290_55038681,0.7923469387755102
R0002_55036002,R0290_55033209,0.7923469387755102
R0002_55036002,R0290_55043722,0.8673469387755102
R0002_55036002,R0377_55039577,0.8127551020408164
R0002_55036002,R0377_55032663,0.8127551020408164
R0002_55036002,R0377_55036003,0.8877551020408163
R0002_55036002,R0377_55036004,0.8877551020408163
R0002_55036002,R0377_55036006,0.8877551020408163
R0002_55036002,R0377_55036007,0.8877551020408163
R0002_55036002,R0377_55036008,0.8877551020408163
R0002_55036002,R0377_55036009,0.8877551020408163
R0002_55036002,R0377_55043375,0.8877551020408163
R0002_55036002,R0377_55032655,0.7877551020408163
R0002_55036002,R0377_55034860,0.8127551020408164
R0002_55036002,R0377_55042881,0.8127551020408164
R0002_55036002,R0377_55033035,0.7877551020408163
R0002_55036002,R0377_55044076,0.8877551020408163
R0002_55036002,R0377_55036698,0.8127551020408164
R0002_55036002,R0377_55032664,0.7377551020408163
R0002_55036002,R0377_55038331,0.8877551020408163
R0002_55036002,R0377_55041814,0.8877551020408163
R0002_55036002,R0377_55041025,0.8877551020408163
R0002_55036002,R0377_55039651,0.8877551020408163
R0002_55036002,R0377_55044100,0.7377551020408163
R0002_55036002,R0377_55026719,0.7377551020408163
R0002_55015378,R0002_55043311,0.775
R0002_55015378,R0002_55036002,1.0
R0002_55015378,R0002_55032731,0.775
R0002_55015378,R0002_55025944,0.925
R0002_55015378,R0002_55024341,0.925
R0002_55015378,R0002_55041509,0.925
R0002_55015378,R0002_55036059,1.0
R0002_55015378,R0002_55037787,1.0
R0002_55015378,R0002_55039851,0.775
R0002_55015378,R0002_55032782,1.0
R0002_55015378,R0002_55036171,0.925
R0002_55015378,R0002_55035505,0.925
R0002_55015378,R0002_55011002,1.0
R0002_55015378,R0002_55031467,0.925
R0002_55015378,R0002_55028991,1.0
R0002_55015378,R0002_55027831,0.925
R0002_55015378,R0002_55038839,0.925
R0002_55015378,R0002_55019960,1.0
R0002_55015378,R0002_55033035,1.0
R0002_55015378,R0002_55006197,1.0
R0002_55015378,R0002_55036505,0.775
R0002_55015378,R0002_55044076,1.0
R0002_55015378,R0002_55036050,0.775
R0002_55015378,R0002_55037530,0.925
R0002_55015378,R0002_55040793,1.0
R0002_55015378,R0002_55043136,1.0
R0002_55015378,R0002_55014421,1.0
R0002_55015378,R0002_55003518,0.775
R0002_55015378,R0002_55027319,0.775
R0002_55015378,R0002_55035727,1.0
R0002_55015378,R0002_55032858,1.0
R0002_55015378,R0002_55029026,0.9
R0002_55015378,R0002_55039889,1.0
R0002_55015378,R0002_55041025,1.0
R0002_55015378,R0002_55041833,1.0
R0002_55015378,R0002_55031084,1.0
R0002_55015378,R0002_55030125,1.0
R0002_55015378,R0002_55011220,0.775
R0002_55015378,R0002_55043779,1.0
R0002_55015378,R0002_55026664,1.0
R0002_55015378,R0002_55037878,0.775
R0002_55015378,R0002_55043901,0.925
R0002_55015378,R0002_55037718,1.0
R0002_55015378,R0002_55042075,0.925
R0002_55015378,R0002_55031358,1.0
R0002_55015378,R0002_55025080,0.775
R0002_55015378,R0002_55037283,1.0
R0002_55015378,R0002_55019387,0.9
R0002_55015378,R0043_55035478,0.7770408163265305
R0002_55015378,R0043_55032756,0.7020408163265306
R0002_55015378,R0043_55039677,0.8520408163265306
R0002_55015378,R0043_55039678,0.8520408163265306
R0002_55015378,R0043_55029067,0.8520408163265306
R0002_55015378,R0043_55036252,0.8520408163265306
R0002_55015378,R0043_55034675,0.8520408163265306
R0002_55015378,R0043_55031083,0.8520408163265306
R0002_55015378,R0043_55036209,0.8520408163265306
R0002_55015378,R0043_55035181,0.8520408163265306
R0002_55015378,R0043_55032758,0.7520408163265306
R0002_55015378,R0043_55039681,0.8520408163265306
R0002_55015378,R0043_55039682,0.8520408163265306
R0002_55015378,R0043_55039683,0.8520408163265306
R0002_55015378,R0043_55039684,0.8520408163265306
R0002_55015378,R0043_55032632,0.7770408163265305
R0002_55015378,R0043_55021537,0.7770408163265305
R0002_55015378,R0043_55041926,0.7020408163265306
R0002_55015378,R0043_55029012,0.8520408163265306
R0002_55015378,R0043_55034882,0.8520408163265306
R0002_55015378,R0043_55039679,0.8520408163265306
R0002_55015378,R0043_55032862,0.8520408163265306
R0002_55015378,R0043_55032759,0.8520408163265306
R0002_55015378,R0043_55037980,0.8520408163265306
R0002_55015378,R0043_55037979,0.8520408163265306
R0002_55015378,R0043_55027552,0.8520408163265306
R0002_55015378,R0043_55034879,0.8520408163265306
R0002_55015378,R0043_55032908,0.8520408163265306
R0002_55015378,R0043_55039686,0.7020408163265306
R0002_55015378,R0043_55032863,0.8520408163265306
R0002_55015378,R0043_55009127,0.7020408163265306
R0002_55015378,R0043_55036250,0.8520408163265306
R0002_55015378,R0043_55034880,0.7520408163265306
R0002_55015378,R0043_55032860,0.8520408163265306
R0002_55015378,R0043_55029506,0.7770408163265305
R0002_55015378,R0043_55031288,0.7520408163265306
R0002_55015378,R0043_55036124,0.8520408163265306
R0002_55015378,R0043_55039830,0.8520408163265306
R0002_55015378,R0043_55034325,0.7520408163265306
R0002_55015378,R0043_55039829,0.8520408163265306
R0002_55015378,R0043_55031080,0.6270408163265306
R0002_55015378,R0043_55031077,0.8520408163265306
R0002_55015378,R0043_55017366,0.7770408163265305
R0002_55015378,R0043_55034335,0.8520408163265306
R0002_55015378,R0043_55031005,0.7020408163265306
R0002_55015378,R0055_55007584,0.7224489795918367
R0002_55015378,R0055_55007583,0.7724489795918368
R0002_55015378,R0204_55005925,0.8826530612244898
R0002_55015378,R0204_55032685,0.8076530612244898
R0002_55015378,R0204_55035156,0.7826530612244897
R0002_55015378,R0204_55022352,0.8076530612244898
R0002_55015378,R0204_55004131,0.8826530612244898
R0002_55015378,R0207_55036375,0.8673469387755102
R0002_55015378,R0207_55032672,0.7923469387755102
R0002_55015378,R0207_55032673,0.7923469387755102
R0002_55015378,R0290_55038074,0.7173469387755103
R0002_55015378,R0290_55041439,0.7923469387755102
R0002_55015378,R0290_55041442,0.7923469387755102
R0002_55015378,R0290_55041438,0.7923469387755102
R0002_55015378,R0290_55041440,0.7923469387755102
R0002_55015378,R0290_55041441,0.7923469387755102
R0002_55015378,R0290_55030423,0.7923469387755102
R0002_55015378,R0290_55039755,0.7923469387755102
R0002_55015378,R0290_55026840,0.7923469387755102
R0002_55015378,R0290_55038681,0.7923469387755102
R0002_55015378,R0290_55033209,0.7923469387755102
R0002_55015378,R0290_55043722,0.8673469387755102
R0002_55015378,R0377_55039577,0.8127551020408164
R0002_55015378,R0377_55032663,0.8127551020408164
R0002_55015378,R0377_55036003,0.8877551020408163
R0002_55015378,R0377_55036004,0.8877551020408163
R0002_55015378,R0377_55036006,0.8877551020408163
R0002_55015378,R0377_55036007,0.8877551020408163
R0002_55015378,R0377_55036008,0.8877551020408163
R0002_55015378,R0377_55036009,0.8877551020408163
R0002_55015378,R0377_55043375,0.8877551020408163
R0002_55015378,R0377_55032655,0.7877551020408163
R0002_55015378,R0377_55034860,0.8127551020408164
R0002_55015378,R0377_55042881,0.8127551020408164
R0002_55015378,R0377_55033035,0.7877551020408163
R0002_55015378,R0377_55044076,0.8877551020408163
R0002_55015378,R0377_55036698,0.8127551020408164
R0002_55015378,R0377_55032664,0.7377551020408163
R0002_55015378,R0377_55038331,0.8877551020408163
R0002_55015378,R0377_55041814,0.8877551020408163
R0002_55015378,R0377_55041025,0.8877551020408163
R0002_55015378,R0377_55039651,0.8877551020408163
R0002_55015378,R0377_55044100,0.7377551020408163
R0002_55015378,R0377_55026719,0.7377551020408163
R0002_55032731,R0002_55043311,1.0
R0002_55032731,R0002_55036002,0.925
R0002_55032731,R0002_55015378,0.925
R0002_55032731,R0002_55025944,0.9
R0002_55032731,R0002_55024341,0.9
R0002_55032731,R0002_55041509,0.9
R0002_55032731,R0002_55036059,0.925
R0002_55032731,R0002_55037787,0.925
R0002_55032731,R0002_55039851,1.0
R0002_55032731,R0002_55032782,0.925
R0002_55032731,R0002_55036171,0.9
R0002_55032731,R0002_55035505,0.9
R0002_55032731,R0002_55011002,0.925
R0002_55032731,R0002_55031467,0.9
R0002_55032731,R0002_55028991,0.925
R0002_55032731,R0002_55027831,0.9
R0002_55032731,R0002_55038839,0.9
R0002_55032731,R0002_55019960,0.925
R0002_55032731,R0002_55033035,0.925
R0002_55032731,R0002_55006197,0.925
R0002_55032731,R0002_55036505,1.0
R0002_55032731,R0002_55044076,0.925
R0002_55032731,R0002_55036050,1.0
R0002_55032731,R0002_55037530,0.9
R0002_55032731,R0002_55040793,0.925
R0002_55032731,R0002_55043136,0.925
R0002_55032731,R0002_55014421,0.925
R0002_55032731,R0002_55003518,1.0
R0002_55032731,R0002_55027319,1.0
R0002_55032731,R0002_55035727,0.925
R0002_55032731,R0002_55032858,0.925
R0002_55032731,R0002_55029026,0.875
R0002_55032731,R0002_55039889,0.925
R0002_55032731,R0002_55041025,0.925
R0002_55032731,R0002_55041833,0.925
R0002_55032731,R0002_55031084,0.925
R0002_55032731,R0002_55030125,0.925
R0002_55032731,R0002_55011220,1.0
R0002_55032731,R0002_55043779,0.925
R0002_55032731,R0002_55026664,0.925
R0002_55032731,R0002_55037878,1.0
R0002_55032731,R0002_55043901,0.9
R0002_55032731,R0002_55037718,0.925
R0002_55032731,R0002_55042075,0.9
R0002_55032731,R0002_55031358,0.925
R0002_55032731,R0002_55025080,1.0
R0002_55032731,R0002_55037283,0.925
R0002_55032731,R0002_55019387,0.875
R0002_55032731,R0043_55035478,0.7520408163265306
R0002_55032731,R0043_55032756,0.6770408163265306
R0002_55032731,R0043_55039677,0.7770408163265305
R0002_55032731,R0043_55039678,0.7770408163265305
R0002_55032731,R0043_55029067,0.7770408163265305
R0002_55032731,R0043_55036252,0.7770408163265305
R0002_55032731,R0043_55034675,0.7770408163265305
R0002_55032731,R0043_55031083,0.7770408163265305
R0002_55032731,R0043_55036209,0.7770408163265305
R0002_55032731,R0043_55035181,0.7770408163265305
R0002_55032731,R0043_55032758,0.7270408163265306
R0002_55032731,R0043_55039681,0.7770408163265305
R0002_55032731,R0043_55039682,0.7770408163265305
R0002_55032731,R0043_55039683,0.7770408163265305
R0002_55032731,R0043_55039684,0.7770408163265305
R0002_55032731,R0043_55032632,0.7520408163265306
R0002_55032731,R0043_55021537,0.7520408163265306
R0002_55032731,R0043_55041926,0.6770408163265306
R0002_55032731,R0043_55029012,0.7770408163265305
R0002_55032731,R0043_55034882,0.7770408163265305
R0002_55032731,R0043_55039679,0.7770408163265305
R0002_55032731,R0043_55032862,0.7770408163265305
R0002_55032731,R0043_55032759,0.7770408163265305
R0002_55032731,R0043_55037980,0.7770408163265305
R0002_55032731,R0043_55037979,0.7770408163265305
R0002_55032731,R0043_55027552,0.7770408163265305
R0002_55032731,R0043_55034879,0.7770408163265305
R0002_55032731,R0043_55032908,0.7770408163265305
R0002_55032731,R0043_55039686,0.6770408163265306
R0002_55032731,R0043_55032863,0.7770408163265305
R0002_55032731,R0043_55009127,0.6770408163265306
R0002_55032731,R0043_55036250,0.7770408163265305
R0002_55032731,R0043_55034880,0.7270408163265306
R0002_55032731,R0043_55032860,0.7770408163265305
R0002_55032731,R0043_55029506,0.7520408163265306
R0002_55032731,R0043_55031288,0.7270408163265306
R0002_55032731,R0043_55036124,0.7770408163265305
R0002_55032731,R0043_55039830,0.7770408163265305
R0002_55032731,R0043_55034325,0.7270408163265306
R0002_55032731,R0043_55039829,0.7770408163265305
R0002_55032731,R0043_55031080,0.8520408163265306
R0002_55032731,R0043_55031077,0.7770408163265305
R0002_55032731,R0043_55017366,0.7520408163265306
R0002_55032731,R0043_55034335,0.7770408163265305
R0002_55032731,R0043_55031005,0.6770408163265306
R0002_55032731,R0055_55007584,0.6974489795918367
R0002_55032731,R0055_55007583,0.7474489795918366
R0002_55032731,R0204_55005925,0.8076530612244898
R0002_55032731,R0204_55032685,0.7826530612244897
R0002_55032731,R0204_55035156,0.7576530612244898
R0002_55032731,R0204_55022352,0.7826530612244897
R0002_55032731,R0204_55004131,0.8076530612244898
R0002_55032731,R0207_55036375,0.7923469387755102
R0002_55032731,R0207_55032672,0.7673469387755102
R0002_55032731,R0207_55032673,0.7673469387755102
R0002_55032731,R0290_55038074,0.6923469387755101
R0002_55032731,R0290_55041439,0.7673469387755102
R0002_55032731,R0290_55041442,0.7673469387755102
R0002_55032731,R0290_55041438,0.7673469387755102
R0002_55032731,R0290_55041440,0.7673469387755102
R0002_55032731,R0290_55041441,0.7673469387755102
R0002_55032731,R0290_55030423,0.7673469387755102
R0002_55032731,R0290_55039755,0.7673469387755102
R0002_55032731,R0290_55026840,0.7673469387755102
R0002_55032731,R0290_55038681,0.7673469387755102
R0002_55032731,R0290_55033209,0.7673469387755102
R0002_55032731,R0290_55043722,0.7923469387755102
R0002_55032731,R0377_55039577,0.7877551020408163
R0002_55032731,R0377_55032663,0.7877551020408163
R0002_55032731,R0377_55036003,0.8127551020408164
R0002_55032731,R0377_55036004,0.8127551020408164
R0002_55032731,R0377_55036006,0.8127551020408164
R0002_55032731,R0377_55036007,0.8127551020408164
R0002_55032731,R0377_55036008,0.8127551020408164
R0002_55032731,R0377_55036009,0.8127551020408164
R0002_55032731,R0377_55043375,0.8127551020408164
R0002_55032731,R0377_55032655,0.7627551020408163
R0002_55032731,R0377_55034860,0.7877551020408163
R0002_55032731,R0377_55042881,0.7877551020408163
R0002_55032731,R0377_55033035,0.7627551020408163
R0002_55032731,R0377_55044076,0.8127551020408164
R0002_55032731,R0377_55036698,0.7877551020408163
R0002_55032731,R0377_55032664,0.7127551020408163
R0002_55032731,R0377_55038331,0.8127551020408164
R0002_55032731,R0377_55041814,0.8127551020408164
R0002_55032731,R0377_55041025,0.8127551020408164
R0002_55032731,R0377_55039651,0.8127551020408164
R0002_55032731,R0377_55044100,0.7127551020408163
R0002_55032731,R0377_55026719,0.7127551020408163
R0002_55025944,R0002_55043311,0.75
R0002_55025944,R0002_55036002,0.775
R0002_55025944,R0002_55015378,0.775
R0002_55025944,R0002_55032731,0.75
R0002_55025944,R0002_55024341,1.0
R0002_55025944,R0002_55041509,1.0
R0002_55025944,R0002_55036059,0.775
R0002_55025944,R0002_55037787,0.775
R0002_55025944,R0002_55039851,0.75
R0002_55025944,R0002_55032782,0.775
R0002_55025944,R0002_55036171,1.0
R0002_55025944,R0002_55035505,1.0
R0002_55025944,R0002_55011002,0.775
R0002_55025944,R0002_55031467,1.0
R0002_55025944,R0002_55028991,0.775
R0002_55025944,R0002_55027831,1.0
R0002_55025944,R0002_55038839,1.0
R0002_55025944,R0002_55019960,0.775
R0002_55025944,R0002_55033035,0.775
R0002_55025944,R0002_55006197,0.775
R0002_55025944,R0002_55036505,0.75
R0002_55025944,R0002_55044076,0.775
R0002_55025944,R0002_55036050,0.75
R0002_55025944,R0002_55037530,1.0
R0002_55025944,R0002_55040793,0.775
R0002_55025944,R0002_55043136,0.775
R0002_55025944,R0002_55014421,0.775
R0002_55025944,R0002_55003518,0.75
R0002_55025944,R0002_55027319,0.75
R0002_55025944,R0002_55035727,0.775
R0002_55025944,R0002_55032858,0.775
R0002_55025944,R0002_55029026,0.925
R0002_55025944,R0002_55039889,0.775
R0002_55025944,R0002_55041025,0.775
R0002_55025944,R0002_55041833,0.775
R0002_55025944,R0002_55031084,0.775
R0002_55025944,R0002_55030125,0.775
R0002_55025944,R0002_55011220,0.75
R0002_55025944,R0002_55043779,0.775
R0002_55025944,R0002_55026664,0.775
R0002_55025944,R0002_55037878,0.75
R0002_55025944,R0002_55043901,1.0
R0002_55025944,R0002_55037718,0.775
R0002_55025944,R0002_55042075,1.0
R0002_55025944,R0002_55031358,0.775
R0002_55025944,R0002_55025080,0.75
R0002_55025944,R0002_55037283,0.775
R0002_55025944,R0002_55019387,0.925
R0002_55025944,R0043_55035478,0.8520408163265306
R0002_55025944,R0043_55032756,0.7270408163265306
R0002_55025944,R0043_55039677,0.6270408163265306
R0002_55025944,R0043_55039678,0.6270408163265306
R0002_55025944,R0043_55029067,0.6270408163265306
R0002_55025944,R0043_55036252,0.6270408163265306
R0002_55025944,R0043_55034675,0.6270408163265306
R0002_55025944,R0043_55031083,0.6270408163265306
R0002_55025944,R0043_55036209,0.6270408163265306
R0002_55025944,R0043_55035181,0.6270408163265306
R0002_55025944,R0043_55032758,0.7770408163265305
R0002_55025944,R0043_55039681,0.6270408163265306
R0002_55025944,R0043_55039682,0.6270408163265306
R0002_55025944,R0043_55039683,0.6270408163265306
R0002_55025944,R0043_55039684,0.6270408163265306
R0002_55025944,R0043_55032632,0.8520408163265306
R0002_55025944,R0043_55021537,0.8520408163265306
R0002_55025944,R0043_55041926,0.7270408163265306
R0002_55025944,R0043_55029012,0.6270408163265306
R0002_55025944,R0043_55034882,0.6270408163265306
R0002_55025944,R0043_55039679,0.6270408163265306
R0002_55025944,R0043_55032862,0.6270408163265306
R0002_55025944,R0043_55032759,0.6270408163265306
R0002_55025944,R0043_55037980,0.6270408163265306
R0002_55025944,R0043_55037979,0.6270408163265306
R0002_55025944,R0043_55027552,0.6270408163265306
R0002_55025944,R0043_55034879,0.6270408163265306
R0002_55025944,R0043_55032908,0.6270408163265306
R0002_55025944,R0043_55039686,0.7270408163265306
R0002_55025944,R0043_55032863,0.6270408163265306
R0002_55025944,R0043_55009127,0.7270408163265306
R0002_55025944,R0043_55036250,0.6270408163265306
R0002_55025944,R0043_55034880,0.7770408163265305
R0002_55025944,R0043_55032860,0.6270408163265306
R0002_55025944,R0043_55029506,0.8520408163265306
R0002_55025944,R0043_55031288,0.7770408163265305
R0002_55025944,R0043_55036124,0.6270408163265306
R0002_55025944,R0043_55039830,0.6270408163265306
R0002_55025944,R0043_55034325,0.7770408163265305
R0002_55025944,R0043_55039829,0.6270408163265306
R0002_55025944,R0043_55031080,0.6020408163265306
R0002_55025944,R0043_55031077,0.6270408163265306
R0002_55025944,R0043_55017366,0.8520408163265306
R0002_55025944,R0043_55034335,0.6270408163265306
R0002_55025944,R0043_55031005,0.7270408163265306
R0002_55025944,R0055_55007584,0.7474489795918366
R0002_55025944,R0055_55007583,0.7974489795918367
R0002_55025944,R0204_55005925,0.6576530612244897
R0002_55025944,R0204_55032685,0.8826530612244898
R0002_55025944,R0204_55035156,0.8076530612244898
R0002_55025944,R0204_55022352,0.8826530612244898
R0002_55025944,R0204_55004131,0.6576530612244897
R0002_55025944,R0207_55036375,0.6423469387755102
R0002_55025944,R0207_55032672,0.8673469387755102
R0002_55025944,R0207_55032673,0.8673469387755102
R0002_55025944,R0290_55038074,0.7423469387755102
R0002_55025944,R0290_55041439,0.8673469387755102
R0002_55025944,R0290_55041442,0.8673469387755102
R0002_55025944,R0290_55041438,0.8673469387755102
R0002_55025944,R0290_55041440,0.8673469387755102
R0002_55025944,R0290_55041441,0.8673469387755102
R0002_55025944,R0290_55030423,0.8673469387755102
R0002_55025944,R0290_55039755,0.8673469387755102
R0002_55025944,R0290_55026840,0.8673469387755102
R0002_55025944,R0290_55038681,0.8673469387755102
R0002_55025944,R0290_55033209,0.8673469387755102
R0002_55025944,R0290_55043722,0.6423469387755102
R0002_55025944,R0377_55039577,0.8877551020408163
R0002_55025944,R0377_55032663,0.8877551020408163
R0002_55025944,R0377_55036003,0.6627551020408163
R0002_55025944,R0377_55036004,0.6627551020408163
R0002_55025944,R0377_55036006,0.6627551020408163
R0002_55025944,R0377_55036007,0.6627551020408163
R0002_55025944,R0377_55036008,0.6627551020408163
R0002_55025944,R0377_55036009,0.6627551020408163
R0002_55025944,R0377_55043375,0.6627551020408163
R0002_55025944,R0377_55032655,0.8127551020408164
R0002_55025944,R0377_55034860,0.8877551020408163
R0002_55025944,R0377_55042881,0.8877551020408163
R0002_55025944,R0377_55033035,0.8127551020408164
R0002_55025944,R0377_55044076,0.6627551020408163
R0002_55025944,R0377_55036698,0.8877551020408163
R0002_55025944,R0377_55032664,0.7627551020408163
R0002_55025944,R0377_55038331,0.6627551020408163
R0002_55025944,R0377_55041814,0.6627551020408163
R0002_55025944,R0377_55041025,0.6627551020408163
R0002_55025944,R0377_55039651,0.6627551020408163
R0002_55025944,R0377_55044100,0.7627551020408163
R0002_55025944,R0377_55026719,0.7627551020408163
R0002_55024341,R0002_55043311,0.75
R0002_55024341,R0002_55036002,0.775
R0002_55024341,R0002_55015378,0.775
R0002_55024341,R0002_55032731,0.75
R0002_55024341,R0002_55025944,1.0
R0002_55024341,R0002_55041509,1.0
R0002_55024341,R0002_55036059,0.775
R0002_55024341,R0002_55037787,0.775
R0002_55024341,R0002_55039851,0.75
R0002_55024341,R0002_55032782,0.775
R0002_55024341,R0002_55036171,1.0
R0002_55024341,R0002_55035505,1.0
R0002_55024341,R0002_55011002,0.775
R0002_55024341,R0002_55031467,1.0
R0002_55024341,R0002_55028991,0.775
R0002_55024341,R0002_55027831,1.0
R0002_55024341,R0002_55038839,1.0
R0002_55024341,R0002_55019960,0.775
R0002_55024341,R0002_55033035,0.775
R0002_55024341,R0002_55006197,0.775
R0002_55024341,R0002_55036505,0.75
R0002_55024341,R0002_55044076,0.775
R0002_55024341,R0002_55036050,0.75
R0002_55024341,R0002_55037530,1.0
R0002_55024341,R0002_55040793,0.775
R0002_55024341,R0002_55043136,0.775
R0002_55024341,R0002_55014421,0.775
R0002_55024341,R0002_55003518,0.75
R0002_55024341,R0002_55027319,0.75
R0002_55024341,R0002_55035727,0.775
R0002_55024341,R0002_55032858,0.775
R0002_55024341,R0002_55029026,0.925
R0002_55024341,R0002_55039889,0.775
R0002_55024341,R0002_55041025,0.775
R0002_55024341,R0002_55041833,0.775
R0002_55024341,R0002_55031084,0.775
R0002_55024341,R0002_55030125,0.775
R0002_55024341,R0002_55011220,0.75
R0002_55024341,R0002_55043779,0.775
R0002_55024341,R0002_55026664,0.775
R0002_55024341,R0002_55037878,0.75
R0002_55024341,R0002_55043901,1.0
R0002_55024341,R0002_55037718,0.775
R0002_55024341,R0002_55042075,1.0
R0002_55024341,R0002_55031358,0.775
R0002_55024341,R0002_55025080,0.75
R0002_55024341,R0002_55037283,0.775
R0002_55024341,R0002_55019387,0.925
R0002_55024341,R0043_55035478,0.8520408163265306
R0002_55024341,R0043_55032756,0.7270408163265306
R0002_55024341,R0043_55039677,0.6270408163265306
R0002_55024341,R0043_55039678,0.6270408163265306
R0002_55024341,R0043_55029067,0.6270408163265306
R0002_55024341,R0043_55036252,0.6270408163265306
R0002_55024341,R0043_55034675,0.6270408163265306
R0002_55024341,R0043_55031083,0.6270408163265306
R0002_55024341,R0043_55036209,0.6270408163265306
R0002_55024341,R0043_55035181,0.6270408163265306
R0002_55024341,R0043_55032758,0.7770408163265305
R0002_55024341,R0043_55039681,0.6270408163265306
R0002_55024341,R0043_55039682,0.6270408163265306
R0002_55024341,R0043_55039683,0.6270408163265306
R0002_55024341,R0043_55039684,0.6270408163265306
R0002_55024341,R0043_55032632,0.8520408163265306
R0002_55024341,R0043_55021537,0.8520408163265306
R0002_55024341,R0043_55041926,0.7270408163265306
R0002_55024341,R0043_55029012,0.6270408163265306
R0002_55024341,R0043_55034882,0.6270408163265306
R0002_55024341,R0043_55039679,0.6270408163265306
R0002_55024341,R0043_55032862,0.6270408163265306
R0002_55024341,R0043_55032759,0.6270408163265306
R0002_55024341,R0043_55037980,0.6270408163265306
R0002_55024341,R0043_55037979,0.6270408163265306
R0002_55024341,R0043_55027552,0.6270408163265306
R0002_55024341,R0043_55034879,0.6270408163265306
R0002_55024341,R0043_55032908,0.6270408163265306
R0002_55024341,R0043_55039686,0.7270408163265306
R0002_55024341,R0043_55032863,0.6270408163265306
R0002_55024341,R0043_55009127,0.7270408163265306
R0002_55024341,R0043_55036250,0.6270408163265306
R0002_55024341,R0043_55034880,0.7770408163265305
R0002_55024341,R0043_55032860,0.6270408163265306
R0002_55024341,R0043_55029506,0.8520408163265306
R0002_55024341,R0043_55031288,0.7770408163265305
R0002_55024341,R0043_55036124,0.6270408163265306
R0002_55024341,R0043_55039830,0.6270408163265306
R0002_55024341,R0043_55034325,0.7770408163265305
R0002_55024341,R0043_55039829,0.6270408163265306
R0002_55024341,R0043_55031080,0.6020408163265306
R0002_55024341,R0043_55031077,0.6270408163265306
R0002_55024341,R0043_55017366,0.8520408163265306
R0002_55024341,R0043_55034335,0.6270408163265306
R0002_55024341,R0043_55031005,0.7270408163265306
R0002_55024341,R0055_55007584,0.7474489795918366
R0002_55024341,R0055_55007583,0.7974489795918367
R0002_55024341,R0204_55005925,0.6576530612244897
R0002_55024341,R0204_55032685,0.8826530612244898
R0002_55024341,R0204_55035156,0.8076530612244898
R0002_55024341,R0204_55022352,0.8826530612244898
R0002_55024341,R0204_55004131,0.6576530612244897
R0002_55024341,R0207_55036375,0.6423469387755102
R0002_55024341,R0207_55032672,0.8673469387755102
R0002_55024341,R0207_55032673,0.8673469387755102
R0002_55024341,R0290_55038074,0.7423469387755102
R0002_55024341,R0290_55041439,0.8673469387755102
R0002_55024341,R0290_55041442,0.8673469387755102
R0002_55024341,R0290_55041438,0.8673469387755102
R0002_55024341,R0290_55041440,0.8673469387755102
R0002_55024341,R0290_55041441,0.8673469387755102
R0002_55024341,R0290_55030423,0.8673469387755102
R0002_55024341,R0290_55039755,0.8673469387755102
R0002_55024341,R0290_55026840,0.8673469387755102
R0002_55024341,R0290_55038681,0.8673469387755102
R0002_55024341,R0290_55033209,0.8673469387755102
R0002_55024341,R0290_55043722,0.6423469387755102
R0002_55024341,R0377_55039577,0.8877551020408163
R0002_55024341,R0377_55032663,0.8877551020408163
R0002_55024341,R0377_55036003,0.6627551020408163
R0002_55024341,R0377_55036004,0.6627551020408163
R0002_55024341,R0377_55036006,0.6627551020408163
R0002_55024341,R0377_55036007,0.6627551020408163
R0002_55024341,R0377_55036008,0.6627551020408163
R0002_55024341,R0377_55036009,0.6627551020408163
R0002_55024341,R0377_55043375,0.6627551020408163
R0002_55024341,R0377_55032655,0.8127551020408164
R0002_55024341,R0377_55034860,0.8877551020408163
R0002_55024341,R0377_55042881,0.8877551020408163
R0002_55024341,R0377_55033035,0.8127551020408164
R0002_55024341,R0377_55044076,0.6627551020408163
R0002_55024341,R0377_55036698,0.8877551020408163
R0002_55024341,R0377_55032664,0.7627551020408163
R0002_55024341,R0377_55038331,0.6627551020408163
R0002_55024341,R0377_55041814,0.6627551020408163
R0002_55024341,R0377_55041025,0.6627551020408163
R0002_55024341,R0377_55039651,0.6627551020408163
R0002_55024341,R0377_55044100,0.7627551020408163
R0002_55024341,R0377_55026719,0.7627551020408163
R0002_55041509,R0002_55043311,0.75
R0002_55041509,R0002_55036002,0.775
R0002_55041509,R0002_55015378,0.775
R0002_55041509,R0002_55032731,0.75
R0002_55041509,R0002_55025944,1.0
R0002_55041509,R0002_55024341,1.0
R0002_55041509,R0002_55036059,0.775
R0002_55041509,R0002_55037787,0.775
R0002_55041509,R0002_55039851,0.75
R0002_55041509,R0002_55032782,0.775
R0002_55041509,R0002_55036171,1.0
R0002_55041509,R0002_55035505,1.0
R0002_55041509,R0002_55011002,0.775
R0002_55041509,R0002_55031467,1.0
R0002_55041509,R0002_55028991,0.775
R0002_55041509,R0002_55027831,1.0
R0002_55041509,R0002_55038839,1.0
R0002_55041509,R0002_55019960,0.775
R0002_55041509,R0002_55033035,0.775
R0002_55041509,R0002_55006197,0.775
R0002_55041509,R0002_55036505,0.75
R0002_55041509,R0002_55044076,0.775
R0002_55041509,R0002_55036050,0.75
R0002_55041509,R0002_55037530,1.0
R0002_55041509,R0002_55040793,0.775
R0002_55041509,R0002_55043136,0.775
R0002_55041509,R0002_55014421,0.775
R0002_55041509,R0002_55003518,0.75
R0002_55041509,R0002_55027319,0.75
R0002_55041509,R0002_55035727,0.775
R0002_55041509,R0002_55032858,0.775
R0002_55041509,R0002_55029026,0.925
R0002_55041509,R0002_55039889,0.775
R0002_55041509,R0002_55041025,0.775
R0002_55041509,R0002_55041833,0.775
R0002_55041509,R0002_55031084,0.775
R0002_55041509,R0002_55030125,0.775
R0002_55041509,R0002_55011220,0.75
R0002_55041509,R0002_55043779,0.775
R0002_55041509,R0002_55026664,0.775
R0002_55041509,R0002_55037878,0.75
R0002_55041509,R0002_55043901,1.0
R0002_55041509,R0002_55037718,0.775
R0002_55041509,R0002_55042075,1.0
R0002_55041509,R0002_55031358,0.775
R0002_55041509,R0002_55025080,0.75
R0002_55041509,R0002_55037283,0.775
R0002_55041509,R0002_55019387,0.925
R0002_55041509,R0043_55035478,0.8520408163265306
R0002_55041509,R0043_55032756,0.7270408163265306
R0002_55041509,R0043_55039677,0.6270408163265306
R0002_55041509,R0043_55039678,0.6270408163265306
R0002_55041509,R0043_55029067,0.6270408163265306
R0002_55041509,R0043_55036252,0.6270408163265306
R0002_55041509,R0043_55034675,0.6270408163265306
R0002_55041509,R0043_55031083,0.6270408163265306
R0002_55041509,R0043_55036209,0.6270408163265306
R0002_55041509,R0043_55035181,0.6270408163265306
R0002_55041509,R0043_55032758,0.7770408163265305
R0002_55041509,R0043_55039681,0.6270408163265306
R0002_55041509,R0043_55039682,0.6270408163265306
R0002_55041509,R0043_55039683,0.6270408163265306
R0002_55041509,R0043_55039684,0.6270408163265306
R0002_55041509,R0043_55032632,0.8520408163265306
R0002_55041509,R0043_55021537,0.8520408163265306
R0002_55041509,R0043_55041926,0.7270408163265306
R0002_55041509,R0043_55029012,0.6270408163265306
R0002_55041509,R0043_55034882,0.6270408163265306
R0002_55041509,R0043_55039679,0.6270408163265306
R0002_55041509,R0043_55032862,0.6270408163265306
R0002_55041509,R0043_55032759,0.6270408163265306
R0002_55041509,R0043_55037980,0.6270408163265306
R0002_55041509,R0043_55037979,0.6270408163265306
R0002_55041509,R0043_55027552,0.6270408163265306
R0002_55041509,R0043_55034879,0.6270408163265306
R0002_55041509,R0043_55032908,0.6270408163265306
R0002_55041509,R0043_55039686,0.7270408163265306
R0002_55041509,R0043_55032863,0.6270408163265306
R0002_55041509,R0043_55009127,0.7270408163265306
R0002_55041509,R0043_55036250,0.6270408163265306
R0002_55041509,R0043_55034880,0.7770408163265305
R0002_55041509,R0043_55032860,0.6270408163265306
R0002_55041509,R0043_55029506,0.8520408163265306
R0002_55041509,R0043_55031288,0.7770408163265305
R0002_55041509,R0043_55036124,0.6270408163265306
R0002_55041509,R0043_55039830,0.6270408163265306
R0002_55041509,R0043_55034325,0.7770408163265305
R0002_55041509,R0043_55039829,0.6270408163265306
R0002_55041509,R0043_55031080,0.6020408163265306
R0002_55041509,R0043_55031077,0.6270408163265306
R0002_55041509,R0043_55017366,0.8520408163265306
R0002_55041509,R0043_55034335,0.6270408163265306
R0002_55041509,R0043_55031005,0.7270408163265306
R0002_55041509,R0055_55007584,0.7474489795918366
R0002_55041509,R0055_55007583,0.7974489795918367
R0002_55041509,R0204_55005925,0.6576530612244897
R0002_55041509,R0204_55032685,0.8826530612244898
R0002_55041509,R0204_55035156,0.8076530612244898
R0002_55041509,R0204_55022352,0.8826530612244898
R0002_55041509,R0204_55004131,0.6576530612244897
R0002_55041509,R0207_55036375,0.6423469387755102
R0002_55041509,R0207_55032672,0.8673469387755102
R0002_55041509,R0207_55032673,0.8673469387755102
R0002_55041509,R0290_55038074,0.7423469387755102
R0002_55041509,R0290_55041439,0.8673469387755102
R0002_55041509,R0290_55041442,0.8673469387755102
R0002_55041509,R0290_55041438,0.8673469387755102
R0002_55041509,R0290_55041440,0.8673469387755102
R0002_55041509,R0290_55041441,0.8673469387755102
R0002_55041509,R0290_55030423,0.8673469387755102
R0002_55041509,R0290_55039755,0.8673469387755102
R0002_55041509,R0290_55026840,0.8673469387755102
R0002_55041509,R0290_55038681,0.8673469387755102
R0002_55041509,R0290_55033209,0.8673469387755102
R0002_55041509,R0290_55043722,0.6423469387755102
R0002_55041509,R0377_55039577,0.8877551020408163
R0002_55041509,R0377_55032663,0.8877551020408163
R0002_55041509,R0377_55036003,0.6627551020408163
R0002_55041509,R0377_55036004,0.6627551020408163
R0002_55041509,R0377_55036006,0.6627551020408163
R0002_55041509,R0377_55036007,0.6627551020408163
R0002_55041509,R0377_55036008,0.6627551020408163
R0002_55041509,R0377_55036009,0.6627551020408163
R0002_55041509,R0377_55043375,0.6627551020408163
R0002_55041509,R0377_55032655,0.8127551020408164
R0002_55041509,R0377_55034860,0.8877551020408163
R0002_55041509,R0377_55042881,0.8877551020408163
R0002_55041509,R0377_55033035,0.8127551020408164
R0002_55041509,R0377_55044076,0.6627551020408163
R0002_55041509,R0377_55036698,0.8877551020408163
R0002_55041509,R0377_55032664,0.7627551020408163
R0002_55041509,R0377_55038331,0.6627551020408163
R0002_55041509,R0377_55041814,0.6627551020408163
R0002_55041509,R0377_55041025,0.6627551020408163
R0002_55041509,R0377_55039651,0.6627551020408163
R0002_55041509,R0377_55044100,0.7627551020408163
R0002_55041509,R0377_55026719,0.7627551020408163
R0002_55036059,R0002_55043311,0.775
R0002_55036059,R0002_55036002,1.0
R0002_55036059,R0002_55015378,1.0
R0002_55036059,R0002_55032731,0.775
R0002_55036059,R0002_55025944,0.925
R0002_55036059,R0002_55024341,0.925
R0002_55036059,R0002_55041509,0.925
R0002_55036059,R0002_55037787,1.0
R0002_55036059,R0002_55039851,0.775
R0002_55036059,R0002_55032782,1.0
R0002_55036059,R0002_55036171,0.925
R0002_55036059,R0002_55035505,0.925
R0002_55036059,R0002_55011002,1.0
R0002_55036059,R0002_55031467,0.925
R0002_55036059,R0002_55028991,1.0
R0002_55036059,R0002_55027831,0.925
R0002_55036059,R0002_55038839,0.925
R0002_55036059,R0002_55019960,1.0
R0002_55036059,R0002_55033035,1.0
R0002_55036059,R0002_55006197,1.0
R0002_55036059,R0002_55036505,0.775
R0002_55036059,R0002_55044076,1.0
R0002_55036059,R0002_55036050,0.775
R0002_55036059,R0002_55037530,0.925
R0002_55036059,R0002_55040793,1.0
R0002_55036059,R0002_55043136,1.0
R0002_55036059,R0002_55014421,1.0
R0002_55036059,R0002_55003518,0.775
R0002_55036059,R0002_55027319,0.775
R0002_55036059,R0002_55035727,1.0
R0002_55036059,R0002_55032858,1.0
R0002_55036059,R0002_55029026,0.9
R0002_55036059,R0002_55039889,1.0
R0002_55036059,R0002_55041025,1.0
R0002_55036059,R0002_55041833,1.0
R0002_55036059,R0002_55031084,1.0
R0002_55036059,R0002_55030125,1.0
R0002_55036059,R0002_55011220,0.775
R0002_55036059,R0002_55043779,1.0
R0002_55036059,R0002_55026664,1.0
R0002_55036059,R0002_55037878,0.775
R0002_55036059,R0002_55043901,0.925
R0002_55036059,R0002_55037718,1.0
R0002_55036059,R0002_55042075,0.925
R0002_55036059,R0002_55031358,1.0
R0002_55036059,R0002_55025080,0.775
R0002_55036059,R0002_55037283,1.0
R0002_55036059,R0002_55019387,0.9
R0002_55036059,R0043_55035478,0.7770408163265305
R0002_55036059,R0043_55032756,0.7020408163265306
R0002_55036059,R0043_55039677,0.8520408163265306
R0002_55036059,R0043_55039678,0.8520408163265306
R0002_55036059,R0043_55029067,0.8520408163265306
R0002_55036059,R0043_55036252,0.8520408163265306
R0002_55036059,R0043_55034675,0.8520408163265306
R0002_55036059,R0043_55031083,0.8520408163265306
R0002_55036059,R0043_55036209,0.8520408163265306
R0002_55036059,R0043_55035181,0.8520408163265306
R0002_55036059,R0043_55032758,0.7520408163265306
R0002_55036059,R0043_55039681,0.8520408163265306
R0002_55036059,R0043_55039682,0.8520408163265306
R0002_55036059,R0043_55039683,0.8520408163265306
R0002_55036059,R0043_55039684,0.8520408163265306
R0002_55036059,R0043_55032632,0.7770408163265305
R0002_55036059,R0043_55021537,0.7770408163265305
R0002_55036059,R0043_55041926,0.7020408163265306
R0002_55036059,R0043_55029012,0.8520408163265306
R0002_55036059,R0043_55034882,0.8520408163265306
R0002_55036059,R0043_55039679,0.8520408163265306
R0002_55036059,R0043_55032862,0.8520408163265306
R0002_55036059,R0043_55032759,0.8520408163265306
R0002_55036059,R0043_55037980,0.8520408163265306
R0002_55036059,R0043_55037979,0.8520408163265306
R0002_55036059,R0043_55027552,0.8520408163265306
R0002_55036059,R0043_55034879,0.8520408163265306
R0002_55036059,R0043_55032908,0.8520408163265306
R0002_55036059,R0043_55039686,0.7020408163265306
R0002_55036059,R0043_55032863,0.8520408163265306
R0002_55036059,R0043_55009127,0.7020408163265306
R0002_55036059,R0043_55036250,0.8520408163265306
R0002_55036059,R0043_55034880,0.7520408163265306
R0002_55036059,R0043_55032860,0.8520408163265306
R0002_55036059,R0043_55029506,0.7770408163265305
R0002_55036059,R0043_55031288,0.7520408163265306
R0002_55036059,R0043_55036124,0.8520408163265306
R0002_55036059,R0043_55039830,0.8520408163265306
R0002_55036059,R0043_55034325,0.7520408163265306
R0002_55036059,R0043_55039829,0.8520408163265306
R0002_55036059,R0043_55031080,0.6270408163265306
R0002_55036059,R0043_55031077,0.8520408163265306
R0002_55036059,R0043_55017366,0.7770408163265305
R0002_55036059,R0043_55034335,0.8520408163265306
R0002_55036059,R0043_55031005,0.7020408163265306
R0002_55036059,R0055_55007584,0.7224489795918367
R0002_55036059,R0055_55007583,0.7724489795918368
R0002_55036059,R0204_55005925,0.8826530612244898
R0002_55036059,R0204_55032685,0.8076530612244898
R0002_55036059,R0204_55035156,0.7826530612244897
R0002_55036059,R0204_55022352,0.8076530612244898
R0002_55036059,R0204_55004131,0.8826530612244898
R0002_55036059,R0207_55036375,0.8673469387755102
R0002_55036059,R0207_55032672,0.7923469387755102
R0002_55036059,R0207_55032673,0.7923469387755102
R0002_55036059,R0290_55038074,0.7173469387755103
R0002_55036059,R0290_55041439,0.7923469387755102
R0002_55036059,R0290_55041442,0.7923469387755102
R0002_55036059,R0290_55041438,0.7923469387755102
R0002_55036059,R0290_55041440,0.7923469387755102
R0002_55036059,R0290_55041441,0.7923469387755102
R0002_55036059,R0290_55030423,0.7923469387755102
R0002_55036059,R0290_55039755,0.7923469387755102
R0002_55036059,R0290_55026840,0.7923469387755102
R0002_55036059,R0290_55038681,0.7923469387755102
R0002_55036059,R0290_55033209,0.7923469387755102
R0002_55036059,R0290_55043722,0.8673469387755102
R0002_55036059,R0377_55039577,0.8127551020408164
R0002_55036059,R0377_55032663,0.8127551020408164
R0002_55036059,R0377_55036003,0.8877551020408163
R0002_55036059,R0377_55036004,0.8877551020408163
R0002_55036059,R0377_55036006,0.8877551020408163
R0002_55036059,R0377_55036007,0.8877551020408163
R0002_55036059,R0377_55036008,0.8877551020408163
R0002_55036059,R0377_55036009,0.8877551020408163
R0002_55036059,R0377_55043375,0.8877551020408163
R0002_55036059,R0377_55032655,0.7877551020408163
R0002_55036059,R0377_55034860,0.8127551020408164
R0002_55036059,R0377_55042881,0.8127551020408164
R0002_55036059,R0377_55033035,0.7877551020408163
R0002_55036059,R0377_55044076,0.8877551020408163
R0002_55036059,R0377_55036698,0.8127551020408164
R0002_55036059,R0377_55032664,0.7377551020408163
R0002_55036059,R0377_55038331,0.8877551020408163
R0002_55036059,R0377_55041814,0.8877551020408163
R0002_55036059,R0377_55041025,0.8877551020408163
R0002_55036059,R0377_55039651,0.8877551020408163
R0002_55036059,R0377_55044100,0.7377551020408163
R0002_55036059,R0377_55026719,0.7377551020408163
R0002_55037787,R0002_55043311,0.775
R0002_55037787,R0002_55036002,1.0
R0002_55037787,R0002_55015378,1.0
R0002_55037787,R0002_55032731,0.775
R0002_55037787,R0002_55025944,0.925
R0002_55037787,R0002_55024341,0.925
R0002_55037787,R0002_55041509,0.925
R0002_55037787,R0002_55036059,1.0
R0002_55037787,R0002_55039851,0.775
R0002_55037787,R0002_55032782,1.0
R0002_55037787,R0002_55036171,0.925
R0002_55037787,R0002_55035505,0.925
R0002_55037787,R0002_55011002,1.0
R0002_55037787,R0002_55031467,0.925
R0002_55037787,R0002_55028991,1.0
R0002_55037787,R0002_55027831,0.925
R0002_55037787,R0002_55038839,0.925
R0002_55037787,R0002_55019960,1.0
R0002_55037787,R0002_55033035,1.0
R0002_55037787,R0002_55006197,1.0
R0002_55037787,R0002_55036505,0.775
R0002_55037787,R0002_55044076,1.0
R0002_55037787,R0002_55036050,0.775
R0002_55037787,R0002_55037530,0.925
R0002_55037787,R0002_55040793,1.0
R0002_55037787,R0002_55043136,1.0
R0002_55037787,R0002_55014421,1.0
R0002_55037787,R0002_55003518,0.775
R0002_55037787,R0002_55027319,0.775
R0002_55037787,R0002_55035727,1.0
R0002_55037787,R0002_55032858,1.0
R0002_55037787,R0002_55029026,0.9
R0002_55037787,R0002_55039889,1.0
R0002_55037787,R0002_55041025,1.0
R0002_55037787,R0002_55041833,1.0
R0002_55037787,R0002_55031084,1.0
R0002_55037787,R0002_55030125,1.0
R0002_55037787,R0002_55011220,0.775
R0002_55037787,R0002_55043779,1.0
R0002_55037787,R0002_55026664,1.0
R0002_55037787,R0002_55037878,0.775
R0002_55037787,R0002_55043901,0.925
R0002_55037787,R0002_55037718,1.0
R0002_55037787,R0002_55042075,0.925
R0002_55037787,R0002_55031358,1.0
R0002_55037787,R0002_55025080,0.775
R0002_55037787,R0002_55037283,1.0
R0002_55037787,R0002_55019387,0.9
R0002_55037787,R0043_55035478,0.7770408163265305
R0002_55037787,R0043_55032756,0.7020408163265306
R0002_55037787,R0043_55039677,0.8520408163265306
R0002_55037787,R0043_55039678,0.8520408163265306
R0002_55037787,R0043_55029067,0.8520408163265306
R0002_55037787,R0043_55036252,0.8520408163265306
R0002_55037787,R0043_55034675,0.8520408163265306
R0002_55037787,R0043_55031083,0.8520408163265306
R0002_55037787,R0043_55036209,0.8520408163265306
R0002_55037787,R0043_55035181,0.8520408163265306
R0002_55037787,R0043_55032758,0.7520408163265306
R0002_55037787,R0043_55039681,0.8520408163265306
R0002_55037787,R0043_55039682,0.8520408163265306
R0002_55037787,R0043_55039683,0.8520408163265306
R0002_55037787,R0043_55039684,0.8520408163265306
R0002_55037787,R0043_55032632,0.7770408163265305
R0002_55037787,R0043_55021537,0.7770408163265305
R0002_55037787,R0043_55041926,0.7020408163265306
R0002_55037787,R0043_55029012,0.8520408163265306
R0002_55037787,R0043_55034882,0.8520408163265306
R0002_55037787,R0043_55039679,0.8520408163265306
R0002_55037787,R0043_55032862,0.8520408163265306
R0002_55037787,R0043_55032759,0.8520408163265306
R0002_55037787,R0043_55037980,0.8520408163265306
R0002_55037787,R0043_55037979,0.8520408163265306
R0002_55037787,R0043_55027552,0.8520408163265306
R0002_55037787,R0043_55034879,0.8520408163265306
R0002_55037787,R0043_55032908,0.8520408163265306
R0002_55037787,R0043_55039686,0.7020408163265306
R0002_55037787,R0043_55032863,0.8520408163265306
R0002_55037787,R0043_55009127,0.7020408163265306
R0002_55037787,R0043_55036250,0.8520408163265306
R0002_55037787,R0043_55034880,0.7520408163265306
R0002_55037787,R0043_55032860,0.8520408163265306
R0002_55037787,R0043_55029506,0.7770408163265305
R0002_55037787,R0043_55031288,0.7520408163265306
R0002_55037787,R0043_55036124,0.8520408163265306
R0002_55037787,R0043_55039830,0.8520408163265306
R0002_55037787,R0043_55034325,0.7520408163265306
R0002_55037787,R0043_55039829,0.8520408163265306
R0002_55037787,R0043_55031080,0.6270408163265306
R0002_55037787,R0043_55031077,0.8520408163265306
R0002_55037787,R0043_55017366,0.7770408163265305
R0002_55037787,R0043_55034335,0.8520408163265306
R0002_55037787,R0043_55031005,0.7020408163265306
R0002_55037787,R0055_55007584,0.7224489795918367
R0002_55037787,R0055_55007583,0.7724489795918368
R0002_55037787,R0204_55005925,0.8826530612244898
R0002_55037787,R0204_55032685,0.8076530612244898
R0002_55037787,R0204_55035156,0.7826530612244897
R0002_55037787,R0204_55022352,0.8076530612244898
R0002_55037787,R0204_55004131,0.8826530612244898
R0002_55037787,R0207_55036375,0.8673469387755102
R0002_55037787,R0207_55032672,0.7923469387755102
R0002_55037787,R0207_55032673,0.7923469387755102
R0002_55037787,R0290_55038074,0.7173469387755103
R0002_55037787,R0290_55041439,0.7923469387755102
R0002_55037787,R0290_55041442,0.7923469387755102
R0002_55037787,R0290_55041438,0.7923469387755102
R0002_55037787,R0290_55041440,0.7923469387755102
R0002_55037787,R0290_55041441,0.7923469387755102
R0002_55037787,R0290_55030423,0.7923469387755102
R0002_55037787,R0290_55039755,0.7923469387755102
R0002_55037787,R0290_55026840,0.7923469387755102
R0002_55037787,R0290_55038681,0.7923469387755102
R0002_55037787,R0290_55033209,0.7923469387755102
R0002_55037787,R0290_55043722,0.8673469387755102
R0002_55037787,R0377_55039577,0.8127551020408164
R0002_55037787,R0377_55032663,0.8127551020408164
R0002_55037787,R0377_55036003,0.8877551020408163
R0002_55037787,R0377_55036004,0.8877551020408163
R0002_55037787,R0377_55036006,0.8877551020408163
R0002_55037787,R0377_55036007,0.8877551020408163
R0002_55037787,R0377_55036008,0.8877551020408163
R0002_55037787,R0377_55036009,0.8877551020408163
R0002_55037787,R0377_55043375,0.8877551020408163
R0002_55037787,R0377_55032655,0.7877551020408163
R0002_55037787,R0377_55034860,0.8127551020408164
R0002_55037787,R0377_55042881,0.8127551020408164
R0002_55037787,R0377_55033035,0.7877551020408163
R0002_55037787,R0377_55044076,0.8877551020408163
R0002_55037787,R0377_55036698,0.8127551020408164
R0002_55037787,R0377_55032664,0.7377551020408163
R0002_55037787,R0377_55038331,0.8877551020408163
R0002_55037787,R0377_55041814,0.8877551020408163
R0002_55037787,R0377_55041025,0.8877551020408163
R0002_55037787,R0377_55039651,0.8877551020408163
R0002_55037787,R0377_55044100,0.7377551020408163
R0002_55037787,R0377_55026719,0.7377551020408163
R0002_55039851,R0002_55043311,1.0
R0002_55039851,R0002_55036002,0.925
R0002_55039851,R0002_55015378,0.925
R0002_55039851,R0002_55032731,1.0
R0002_55039851,R0002_55025944,0.9
R0002_55039851,R0002_55024341,0.9
R0002_55039851,R0002_55041509,0.9
R0002_55039851,R0002_55036059,0.925
R0002_55039851,R0002_55037787,0.925
R0002_55039851,R0002_55032782,0.925
R0002_55039851,R0002_55036171,0.9
R0002_55039851,R0002_55035505,0.9
R0002_55039851,R0002_55011002,0.925
R0002_55039851,R0002_55031467,0.9
R0002_55039851,R0002_55028991,0.925
R0002_55039851,R0002_55027831,0.9
R0002_55039851,R0002_55038839,0.9
R0002_55039851,R0002_55019960,0.925
R0002_55039851,R0002_55033035,0.925
R0002_55039851,R0002_55006197,0.925
R0002_55039851,R0002_55036505,1.0
R0002_55039851,R0002_55044076,0.925
R0002_55039851,R0002_55036050,1.0
R0002_55039851,R0002_55037530,0.9
R0002_55039851,R0002_55040793,0.925
R0002_55039851,R0002_55043136,0.925
R0002_55039851,R0002_55014421,0.925
R0002_55039851,R0002_55003518,1.0
R0002_55039851,R0002_55027319,1.0
R0002_55039851,R0002_55035727,0.925
R0002_55039851,R0002_55032858,0.925
R0002_55039851,R0002_55029026,0.875
R0002_55039851,R0002_55039889,0.925
R0002_55039851,R0002_55041025,0.925
R0002_55039851,R0002_55041833,0.925
R0002_55039851,R0002_55031084,0.925
R0002_55039851,R0002_55030125,0.925
R0002_55039851,R0002_55011220,1.0
R0002_55039851,R0002_55043779,0.925
R0002_55039851,R0002_55026664,0.925
R0002_55039851,R0002_55037878,1.0
R0002_55039851,R0002_55043901,0.9
R0002_55039851,R0002_55037718,0.925
R0002_55039851,R0002_55042075,0.9
R0002_55039851,R0002_55031358,0.925
R0002_55039851,R0002_55025080,1.0
R0002_55039851,R0002_55037283,0.925
R0002_55039851,R0002_55019387,0.875
R0002_55039851,R0043_55035478,0.7520408163265306
R0002_55039851,R0043_55032756,0.6770408163265306
R0002_55039851,R0043_55039677,0.7770408163265305
R0002_55039851,R0043_55039678,0.7770408163265305
R0002_55039851,R0043_55029067,0.7770408163265305
R0002_55039851,R0043_55036252,0.7770408163265305
R0002_55039851,R0043_55034675,0.7770408163265305
R0002_55039851,R0043_55031083,0.7770408163265305
R0002_55039851,R0043_55036209,0.7770408163265305
R0002_55039851,R0043_55035181,0.7770408163265305
R0002_55039851,R0043_55032758,0.7270408163265306
R0002_55039851,R0043_55039681,0.7770408163265305
R0002_55039851,R0043_55039682,0.7770408163265305
R0002_55039851,R0043_55039683,0.7770408163265305
R0002_55039851,R0043_55039684,0.7770408163265305
R0002_55039851,R0043_55032632,0.7520408163265306
R0002_55039851,R0043_55021537,0.7520408163265306
R0002_55039851,R0043_55041926,0.6770408163265306
R0002_55039851,R0043_55029012,0.7770408163265305
R0002_55039851,R0043_55034882,0.7770408163265305
R0002_55039851,R0043_55039679,0.7770408163265305
R0002_55039851,R0043_55032862,0.7770408163265305
R0002_55039851,R0043_55032759,0.7770408163265305
R0002_55039851,R0043_55037980,0.7770408163265305
R0002_55039851,R0043_55037979,0.7770408163265305
R0002_55039851,R0043_55027552,0.7770408163265305
R0002_55039851,R0043_55034879,0.7770408163265305
R0002_55039851,R0043_55032908,0.7770408163265305
R0002_55039851,R0043_55039686,0.6770408163265306
R0002_55039851,R0043_55032863,0.7770408163265305
R0002_55039851,R0043_55009127,0.6770408163265306
R0002_55039851,R0043_55036250,0.7770408163265305
R0002_55039851,R0043_55034880,0.7270408163265306
R0002_55039851,R0043_55032860,0.7770408163265305
R0002_55039851,R0043_55029506,0.7520408163265306
R0002_55039851,R0043_55031288,0.7270408163265306
R0002_55039851,R0043_55036124,0.7770408163265305
R0002_55039851,R0043_55039830,0.7770408163265305
R0002_55039851,R0043_55034325,0.7270408163265306
R0002_55039851,R0043_55039829,0.7770408163265305
R0002_55039851,R0043_55031080,0.8520408163265306
R0002_55039851,R0043_55031077,0.7770408163265305
R0002_55039851,R0043_55017366,0.7520408163265306
R0002_55039851,R0043_55034335,0.7770408163265305
R0002_55039851,R0043_55031005,0.6770408163265306
R0002_55039851,R0055_55007584,0.6974489795918367
R0002_55039851,R0055_55007583,0.7474489795918366
R0002_55039851,R0204_55005925,0.8076530612244898
R0002_55039851,R0204_55032685,0.7826530612244897
R0002_55039851,R0204_55035156,0.7576530612244898
R0002_55039851,R0204_55022352,0.7826530612244897
R0002_55039851,R0204_55004131,0.8076530612244898
R0002_55039851,R0207_55036375,0.7923469387755102
R0002_55039851,R0207_55032672,0.7673469387755102
R0002_55039851,R0207_55032673,0.7673469387755102
R0002_55039851,R0290_55038074,0.6923469387755101
R0002_55039851,R0290_55041439,0.7673469387755102
R0002_55039851,R0290_55041442,0.7673469387755102
R0002_55039851,R0290_55041438,0.7673469387755102
R0002_55039851,R0290_55041440,0.7673469387755102
R0002_55039851,R0290_55041441,0.7673469387755102
R0002_55039851,R0290_55030423,0.7673469387755102
R0002_55039851,R0290_55039755,0.7673469387755102
R0002_55039851,R0290_55026840,0.7673469387755102
R0002_55039851,R0290_55038681,0.7673469387755102
R0002_55039851,R0290_55033209,0.7673469387755102
R0002_55039851,R0290_55043722,0.7923469387755102
R0002_55039851,R0377_55039577,0.7877551020408163
R0002_55039851,R0377_55032663,0.7877551020408163
R0002_55039851,R0377_55036003,0.8127551020408164
R0002_55039851,R0377_55036004,0.8127551020408164
R0002_55039851,R0377_55036006,0.8127551020408164
R0002_55039851,R0377_55036007,0.8127551020408164
R0002_55039851,R0377_55036008,0.8127551020408164
R0002_55039851,R0377_55036009,0.8127551020408164
R0002_55039851,R0377_55043375,0.8127551020408164
R0002_55039851,R0377_55032655,0.7627551020408163
R0002_55039851,R0377_55034860,0.7877551020408163
R0002_55039851,R0377_55042881,0.7877551020408163
R0002_55039851,R0377_55033035,0.7627551020408163
R0002_55039851,R0377_55044076,0.8127551020408164
R0002_55039851,R0377_55036698,0.7877551020408163
R0002_55039851,R0377_55032664,0.7127551020408163
R0002_55039851,R0377_55038331,0.8127551020408164
R0002_55039851,R0377_55041814,0.8127551020408164
R0002_55039851,R0377_55041025,0.8127551020408164
R0002_55039851,R0377_55039651,0.8127551020408164
R0002_55039851,R0377_55044100,0.7127551020408163
R0002_55039851,R0377_55026719,0.7127551020408163
R0002_55032782,R0002_55043311,0.775
R0002_55032782,R0002_55036002,1.0
R0002_55032782,R0002_55015378,1.0
R0002_55032782,R0002_55032731,0.775
R0002_55032782,R0002_55025944,0.925
R0002_55032782,R0002_55024341,0.925
R0002_55032782,R0002_55041509,0.925
R0002_55032782,R0002_55036059,1.0
R0002_55032782,R0002_55037787,1.0
R0002_55032782,R0002_55039851,0.775
R0002_55032782,R0002_55036171,0.925
R0002_55032782,R0002_55035505,0.925
R0002_55032782,R0002_55011002,1.0
R0002_55032782,R0002_55031467,0.925
R0002_55032782,R0002_55028991,1.0
R0002_55032782,R0002_55027831,0.925
R0002_55032782,R0002_55038839,0.925
R0002_55032782,R0002_55019960,1.0
R0002_55032782,R0002_55033035,1.0
R0002_55032782,R0002_55006197,1.0
R0002_55032782,R0002_55036505,0.775
R0002_55032782,R0002_55044076,1.0
R0002_55032782,R0002_55036050,0.775
R0002_55032782,R0002_55037530,0.925
R0002_55032782,R0002_55040793,1.0
R0002_55032782,R0002_55043136,1.0
R0002_55032782,R0002_55014421,1.0
R0002_55032782,R0002_55003518,0.775
R0002_55032782,R0002_55027319,0.775
R0002_55032782,R0002_55035727,1.0
R0002_55032782,R0002_55032858,1.0
R0002_55032782,R0002_55029026,0.9
R0002_55032782,R0002_55039889,1.0
R0002_55032782,R0002_55041025,1.0
R0002_55032782,R0002_55041833,1.0
R0002_55032782,R0002_55031084,1.0
R0002_55032782,R0002_55030125,1.0
R0002_55032782,R0002_55011220,0.775
R0002_55032782,R0002_55043779,1.0
R0002_55032782,R0002_55026664,1.0
R0002_55032782,R0002_55037878,0.775
R0002_55032782,R0002_55043901,0.925
R0002_55032782,R0002_55037718,1.0
R0002_55032782,R0002_55042075,0.925
R0002_55032782,R0002_55031358,1.0
R0002_55032782,R0002_55025080,0.775
R0002_55032782,R0002_55037283,1.0
R0002_55032782,R0002_55019387,0.9
R0002_55032782,R0043_55035478,0.7770408163265305
R0002_55032782,R0043_55032756,0.7020408163265306
R0002_55032782,R0043_55039677,0.8520408163265306
R0002_55032782,R0043_55039678,0.8520408163265306
R0002_55032782,R0043_55029067,0.8520408163265306
R0002_55032782,R0043_55036252,0.8520408163265306
R0002_55032782,R0043_55034675,0.8520408163265306
R0002_55032782,R0043_55031083,0.8520408163265306
R0002_55032782,R0043_55036209,0.8520408163265306
R0002_55032782,R0043_55035181,0.8520408163265306
R0002_55032782,R0043_55032758,0.7520408163265306
R0002_55032782,R0043_55039681,0.8520408163265306
R0002_55032782,R0043_55039682,0.8520408163265306
R0002_55032782,R0043_55039683,0.8520408163265306
R0002_55032782,R0043_55039684,0.8520408163265306
R0002_55032782,R0043_55032632,0.7770408163265305
R0002_55032782,R0043_55021537,0.7770408163265305
R0002_55032782,R0043_55041926,0.7020408163265306
R0002_55032782,R0043_55029012,0.8520408163265306
R0002_55032782,R0043_55034882,0.8520408163265306
R0002_55032782,R0043_55039679,0.8520408163265306
R0002_55032782,R0043_55032862,0.8520408163265306
R0002_55032782,R0043_55032759,0.8520408163265306
R0002_55032782,R0043_55037980,0.8520408163265306
R0002_55032782,R0043_55037979,0.8520408163265306
R0002_55032782,R0043_55027552,0.8520408163265306
R0002_55032782,R0043_55034879,0.8520408163265306
R0002_55032782,R0043_55032908,0.8520408163265306
R0002_55032782,R0043_55039686,0.7020408163265306
R0002_55032782,R0043_55032863,0.8520408163265306
R0002_55032782,R0043_55009127,0.7020408163265306
R0002_55032782,R0043_55036250,0.8520408163265306
R0002_55032782,R0043_55034880,0.7520408163265306
R0002_55032782,R0043_55032860,0.8520408163265306
R0002_55032782,R0043_55029506,0.7770408163265305
R0002_55032782,R0043_55031288,0.7520408163265306
R0002_55032782,R0043_55036124,0.8520408163265306
R0002_55032782,R0043_55039830,0.8520408163265306
R0002_55032782,R0043_55034325,0.7520408163265306
R0002_55032782,R0043_55039829,0.8520408163265306
R0002_55032782,R0043_55031080,0.6270408163265306
R0002_55032782,R0043_55031077,0.8520408163265306
R0002_55032782,R0043_55017366,0.7770408163265305
R0002_55032782,R0043_55034335,0.8520408163265306
R0002_55032782,R0043_55031005,0.7020408163265306
R0002_55032782,R0055_55007584,0.7224489795918367
R0002_55032782,R0055_55007583,0.7724489795918368
R0002_55032782,R0204_55005925,0.8826530612244898
R0002_55032782,R0204_55032685,0.8076530612244898
R0002_55032782,R0204_55035156,0.7826530612244897
R0002_55032782,R0204_55022352,0.8076530612244898
R0002_55032782,R0204_55004131,0.8826530612244898
R0002_55032782,R0207_55036375,0.8673469387755102
R0002_55032782,R0207_55032672,0.7923469387755102
R0002_55032782,R0207_55032673,0.7923469387755102
R0002_55032782,R0290_55038074,0.7173469387755103
R0002_55032782,R0290_55041439,0.7923469387755102
R0002_55032782,R0290_55041442,0.7923469387755102
R0002_55032782,R0290_55041438,0.7923469387755102
R0002_55032782,R0290_55041440,0.7923469387755102
R0002_55032782,R0290_55041441,0.7923469387755102
R0002_55032782,R0290_55030423,0.7923469387755102
R0002_55032782,R0290_55039755,0.7923469387755102
R0002_55032782,R0290_55026840,0.7923469387755102
R0002_55032782,R0290_55038681,0.7923469387755102
R0002_55032782,R0290_55033209,0.7923469387755102
R0002_55032782,R0290_55043722,0.8673469387755102
R0002_55032782,R0377_55039577,0.8127551020408164
R0002_55032782,R0377_55032663,0.8127551020408164
R0002_55032782,R0377_55036003,0.8877551020408163
R0002_55032782,R0377_55036004,0.8877551020408163
R0002_55032782,R0377_55036006,0.8877551020408163
R0002_55032782,R0377_55036007,0.8877551020408163
R0002_55032782,R0377_55036008,0.8877551020408163
R0002_55032782,R0377_55036009,0.8877551020408163
R0002_55032782,R0377_55043375,0.8877551020408163
R0002_55032782,R0377_55032655,0.7877551020408163
R0002_55032782,R0377_55034860,0.8127551020408164
R0002_55032782,R0377_55042881,0.8127551020408164
R0002_55032782,R0377_55033035,0.7877551020408163
R0002_55032782,R0377_55044076,0.8877551020408163
R0002_55032782,R0377_55036698,0.8127551020408164
R0002_55032782,R0377_55032664,0.7377551020408163
R0002_55032782,R0377_55038331,0.8877551020408163
R0002_55032782,R0377_55041814,0.8877551020408163
R0002_55032782,R0377_55041025,0.8877551020408163
R0002_55032782,R0377_55039651,0.8877551020408163
R0002_55032782,R0377_55044100,0.7377551020408163
R0002_55032782,R0377_55026719,0.7377551020408163
R0002_55036171,R0002_55043311,0.75
R0002_55036171,R0002_55036002,0.775
R0002_55036171,R0002_55015378,0.775
R0002_55036171,R0002_55032731,0.75
R0002_55036171,R0002_55025944,1.0
R0002_55036171,R0002_55024341,1.0
R0002_55036171,R0002_55041509,1.0
R0002_55036171,R0002_55036059,0.775
R0002_55036171,R0002_55037787,0.775
R0002_55036171,R0002_55039851,0.75
R0002_55036171,R0002_55032782,0.775
R0002_55036171,R0002_55035505,1.0
R0002_55036171,R0002_55011002,0.775
R0002_55036171,R0002_55031467,1.0
R0002_55036171,R0002_55028991,0.775
R0002_55036171,R0002_55027831,1.0
R0002_55036171,R0002_55038839,1.0
R0002_55036171,R0002_55019960,0.775
R0002_55036171,R0002_55033035,0.775
R0002_55036171,R0002_55006197,0.775
R0002_55036171,R0002_55036505,0.75
R0002_55036171,R0002_55044076,0.775
R0002_55036171,R0002_55036050,0.75
R0002_55036171,R0002_55037530,1.0
R0002_55036171,R0002_55040793,0.775
R0002_55036171,R0002_55043136,0.775
R0002_55036171,R0002_55014421,0.775
R0002_55036171,R0002_55003518,0.75
R0002_55036171,R0002_55027319,0.75
R0002_55036171,R0002_55035727,0.775
R0002_55036171,R0002_55032858,0.775
R0002_55036171,R0002_55029026,0.925
R0002_55036171,R0002_55039889,0.775
R0002_55036171,R0002_55041025,0.775
R0002_55036171,R0002_55041833,0.775
R0002_55036171,R0002_55031084,0.775
R0002_55036171,R0002_55030125,0.775
R0002_55036171,R0002_55011220,0.75
R0002_55036171,R0002_55043779,0.775
R0002_55036171,R0002_55026664,0.775
R0002_55036171,R0002_55037878,0.75
R0002_55036171,R0002_55043901,1.0
R0002_55036171,R0002_55037718,0.775
R0002_55036171,R0002_55042075,1.0
R0002_55036171,R0002_55031358,0.775
R0002_55036171,R0002_55025080,0.75
R0002_55036171,R0002_55037283,0.775
R0002_55036171,R0002_55019387,0.925
R0002_55036171,R0043_55035478,0.8520408163265306
R0002_55036171,R0043_55032756,0.7270408163265306
R0002_55036171,R0043_55039677,0.6270408163265306
R0002_55036171,R0043_55039678,0.6270408163265306
R0002_55036171,R0043_55029067,0.6270408163265306
R0002_55036171,R0043_55036252,0.6270408163265306
R0002_55036171,R0043_55034675,0.6270408163265306
R0002_55036171,R0043_55031083,0.6270408163265306
R0002_55036171,R0043_55036209,0.6270408163265306
R0002_55036171,R0043_55035181,0.6270408163265306
R0002_55036171,R0043_55032758,0.7770408163265305
R0002_55036171,R0043_55039681,0.6270408163265306
R0002_55036171,R0043_55039682,0.6270408163265306
R0002_55036171,R0043_55039683,0.6270408163265306
R0002_55036171,R0043_55039684,0.6270408163265306
R0002_55036171,R0043_55032632,0.8520408163265306
R0002_55036171,R0043_55021537,0.8520408163265306
R0002_55036171,R0043_55041926,0.7270408163265306
R0002_55036171,R0043_55029012,0.6270408163265306
R0002_55036171,R0043_55034882,0.6270408163265306
R0002_55036171,R0043_55039679,0.6270408163265306
R0002_55036171,R0043_55032862,0.6270408163265306
R0002_55036171,R0043_55032759,0.6270408163265306
R0002_55036171,R0043_55037980,0.6270408163265306
R0002_55036171,R0043_55037979,0.6270408163265306
R0002_55036171,R0043_55027552,0.6270408163265306
R0002_55036171,R0043_55034879,0.6270408163265306
R0002_55036171,R0043_55032908,0.6270408163265306
R0002_55036171,R0043_55039686,0.7270408163265306
R0002_55036171,R0043_55032863,0.6270408163265306
R0002_55036171,R0043_55009127,0.7270408163265306
R0002_55036171,R0043_55036250,0.6270408163265306
R0002_55036171,R0043_55034880,0.7770408163265305
R0002_55036171,R0043_55032860,0.6270408163265306
R0002_55036171,R0043_55029506,0.8520408163265306
R0002_55036171,R0043_55031288,0.7770408163265305
R0002_55036171,R0043_55036124,0.6270408163265306
R0002_55036171,R0043_55039830,0.6270408163265306
R0002_55036171,R0043_55034325,0.7770408163265305
R0002_55036171,R0043_55039829,0.6270408163265306
R0002_55036171,R0043_55031080,0.6020408163265306
R0002_55036171,R0043_55031077,0.6270408163265306
R0002_55036171,R0043_55017366,0.8520408163265306
R0002_55036171,R0043_55034335,0.6270408163265306
R0002_55036171,R0043_55031005,0.7270408163265306
R0002_55036171,R0055_55007584,0.7474489795918366
R0002_55036171,R0055_55007583,0.7974489795918367
R0002_55036171,R0204_55005925,0.6576530612244897
R0002_55036171,R0204_55032685,0.8826530612244898
R0002_55036171,R0204_55035156,0.8076530612244898
R0002_55036171,R0204_55022352,0.8826530612244898
R0002_55036171,R0204_55004131,0.6576530612244897
R0002_55036171,R0207_55036375,0.6423469387755102
R0002_55036171,R0207_55032672,0.8673469387755102
R0002_55036171,R0207_55032673,0.8673469387755102
R0002_55036171,R0290_55038074,0.7423469387755102
R0002_55036171,R0290_55041439,0.8673469387755102
R0002_55036171,R0290_55041442,0.8673469387755102
R0002_55036171,R0290_55041438,0.8673469387755102
R0002_55036171,R0290_55041440,0.8673469387755102
R0002_55036171,R0290_55041441,0.8673469387755102
R0002_55036171,R0290_55030423,0.8673469387755102
R0002_55036171,R0290_55039755,0.8673469387755102
R0002_55036171,R0290_55026840,0.8673469387755102
R0002_55036171,R0290_55038681,0.8673469387755102
R0002_55036171,R0290_55033209,0.8673469387755102
R0002_55036171,R0290_55043722,0.6423469387755102
R0002_55036171,R0377_55039577,0.8877551020408163
R0002_55036171,R0377_55032663,0.8877551020408163
R0002_55036171,R0377_55036003,0.6627551020408163
R0002_55036171,R0377_55036004,0.6627551020408163
R0002_55036171,R0377_55036006,0.6627551020408163
R0002_55036171,R0377_55036007,0.6627551020408163
R0002_55036171,R0377_55036008,0.6627551020408163
R0002_55036171,R0377_55036009,0.6627551020408163
R0002_55036171,R0377_55043375,0.6627551020408163
R0002_55036171,R0377_55032655,0.8127551020408164
R0002_55036171,R0377_55034860,0.8877551020408163
R0002_55036171,R0377_55042881,0.8877551020408163
R0002_55036171,R0377_55033035,0.8127551020408164
R0002_55036171,R0377_55044076,0.6627551020408163
R0002_55036171,R0377_55036698,0.8877551020408163
R0002_55036171,R0377_55032664,0.7627551020408163
R0002_55036171,R0377_55038331,0.6627551020408163
R0002_55036171,R0377_55041814,0.6627551020408163
R0002_55036171,R0377_55041025,0.6627551020408163
R0002_55036171,R0377_55039651,0.6627551020408163
R0002_55036171,R0377_55044100,0.7627551020408163
R0002_55036171,R0377_55026719,0.7627551020408163
R0002_55035505,R0002_55043311,0.75
R0002_55035505,R0002_55036002,0.775
R0002_55035505,R0002_55015378,0.775
R0002_55035505,R0002_55032731,0.75
R0002_55035505,R0002_55025944,1.0
R0002_55035505,R0002_55024341,1.0
R0002_55035505,R0002_55041509,1.0
R0002_55035505,R0002_55036059,0.775
R0002_55035505,R0002_55037787,0.775
R0002_55035505,R0002_55039851,0.75
R0002_55035505,R0002_55032782,0.775
R0002_55035505,R0002_55036171,1.0
R0002_55035505,R0002_55011002,0.775
R0002_55035505,R0002_55031467,1.0
R0002_55035505,R0002_55028991,0.775
R0002_55035505,R0002_55027831,1.0
R0002_55035505,R0002_55038839,1.0
R0002_55035505,R0002_55019960,0.775
R0002_55035505,R0002_55033035,0.775
R0002_55035505,R0002_55006197,0.775
R0002_55035505,R0002_55036505,0.75
R0002_55035505,R0002_55044076,0.775
R0002_55035505,R0002_55036050,0.75
R0002_55035505,R0002_55037530,1.0
R0002_55035505,R0002_55040793,0.775
R0002_55035505,R0002_55043136,0.775
R0002_55035505,R0002_55014421,0.775
R0002_55035505,R0002_55003518,0.75
R0002_55035505,R0002_55027319,0.75
R0002_55035505,R0002_55035727,0.775
R0002_55035505,R0002_55032858,0.775
R0002_55035505,R0002_55029026,0.925
R0002_55035505,R0002_55039889,0.775
R0002_55035505,R0002_55041025,0.775
R0002_55035505,R0002_55041833,0.775
R0002_55035505,R0002_55031084,0.775
R0002_55035505,R0002_55030125,0.775
R0002_55035505,R0002_55011220,0.75
R0002_55035505,R0002_55043779,0.775
R0002_55035505,R0002_55026664,0.775
R0002_55035505,R0002_55037878,0.75
R0002_55035505,R0002_55043901,1.0
R0002_55035505,R0002_55037718,0.775
R0002_55035505,R0002_55042075,1.0
R0002_55035505,R0002_55031358,0.775
R0002_55035505,R0002_55025080,0.75
R0002_55035505,R0002_55037283,0.775
R0002_55035505,R0002_55019387,0.925
R0002_55035505,R0043_55035478,0.8520408163265306
R0002_55035505,R0043_55032756,0.7270408163265306
R0002_55035505,R0043_55039677,0.6270408163265306
R0002_55035505,R0043_55039678,0.6270408163265306
R0002_55035505,R0043_55029067,0.6270408163265306
R0002_55035505,R0043_55036252,0.6270408163265306
R0002_55035505,R0043_55034675,0.6270408163265306
R0002_55035505,R0043_55031083,0.6270408163265306
R0002_55035505,R0043_55036209,0.6270408163265306
R0002_55035505,R0043_55035181,0.6270408163265306
R0002_55035505,R0043_55032758,0.7770408163265305
R0002_55035505,R0043_55039681,0.6270408163265306
R0002_55035505,R0043_55039682,0.6270408163265306
R0002_55035505,R0043_55039683,0.6270408163265306
R0002_55035505,R0043_55039684,0.6270408163265306
R0002_55035505,R0043_55032632,0.8520408163265306
R0002_55035505,R0043_55021537,0.8520408163265306
R0002_55035505,R0043_55041926,0.7270408163265306
R0002_55035505,R0043_55029012,0.6270408163265306
R0002_55035505,R0043_55034882,0.6270408163265306
R0002_55035505,R0043_55039679,0.6270408163265306
R0002_55035505,R0043_55032862,0.6270408163265306
R0002_55035505,R0043_55032759,0.6270408163265306
R0002_55035505,R0043_55037980,0.6270408163265306
R0002_55035505,R0043_55037979,0.6270408163265306
R0002_55035505,R0043_55027552,0.6270408163265306
R0002_55035505,R0043_55034879,0.6270408163265306
R0002_55035505,R0043_55032908,0.6270408163265306
R0002_55035505,R0043_55039686,0.7270408163265306
R0002_55035505,R0043_55032863,0.6270408163265306
R0002_55035505,R0043_55009127,0.7270408163265306
R0002_55035505,R0043_55036250,0.6270408163265306
R0002_55035505,R0043_55034880,0.7770408163265305
R0002_55035505,R0043_55032860,0.6270408163265306
R0002_55035505,R0043_55029506,0.8520408163265306
R0002_55035505,R0043_55031288,0.7770408163265305
R0002_55035505,R0043_55036124,0.6270408163265306
R0002_55035505,R0043_55039830,0.6270408163265306
R0002_55035505,R0043_55034325,0.7770408163265305
R0002_55035505,R0043_55039829,0.6270408163265306
R0002_55035505,R0043_55031080,0.6020408163265306
R0002_55035505,R0043_55031077,0.6270408163265306
R0002_55035505,R0043_55017366,0.8520408163265306
R0002_55035505,R0043_55034335,0.6270408163265306
R0002_55035505,R0043_55031005,0.7270408163265306
R0002_55035505,R0055_55007584,0.7474489795918366
R0002_55035505,R0055_55007583,0.7974489795918367
R0002_55035505,R0204_55005925,0.6576530612244897
R0002_55035505,R0204_55032685,0.8826530612244898
R0002_55035505,R0204_55035156,0.8076530612244898
R0002_55035505,R0204_55022352,0.8826530612244898
R0002_55035505,R0204_55004131,0.6576530612244897
R0002_55035505,R0207_55036375,0.6423469387755102
R0002_55035505,R0207_55032672,0.8673469387755102
R0002_55035505,R0207_55032673,0.8673469387755102
R0002_55035505,R0290_55038074,0.7423469387755102
R0002_55035505,R0290_55041439,0.8673469387755102
R0002_55035505,R0290_55041442,0.8673469387755102
R0002_55035505,R0290_55041438,0.8673469387755102
R0002_55035505,R0290_55041440,0.8673469387755102
R0002_55035505,R0290_55041441,0.8673469387755102
R0002_55035505,R0290_55030423,0.8673469387755102
R0002_55035505,R0290_55039755,0.8673469387755102
R0002_55035505,R0290_55026840,0.8673469387755102
R0002_55035505,R0290_55038681,0.8673469387755102
R0002_55035505,R0290_55033209,0.8673469387755102
R0002_55035505,R0290_55043722,0.6423469387755102
R0002_55035505,R0377_55039577,0.8877551020408163
R0002_55035505,R0377_55032663,0.8877551020408163
R0002_55035505,R0377_55036003,0.6627551020408163
R0002_55035505,R0377_55036004,0.6627551020408163
R0002_55035505,R0377_55036006,0.6627551020408163
R0002_55035505,R0377_55036007,0.6627551020408163
R0002_55035505,R0377_55036008,0.6627551020408163
R0002_55035505,R0377_55036009,0.6627551020408163
R0002_55035505,R0377_55043375,0.6627551020408163
R0002_55035505,R0377_55032655,0.8127551020408164
R0002_55035505,R0377_55034860,0.8877551020408163
R0002_55035505,R0377_55042881,0.8877551020408163
R0002_55035505,R0377_55033035,0.8127551020408164
R0002_55035505,R0377_55044076,0.6627551020408163
R0002_55035505,R0377_55036698,0.8877551020408163
R0002_55035505,R0377_55032664,0.7627551020408163
R0002_55035505,R0377_55038331,0.6627551020408163
R0002_55035505,R0377_55041814,0.6627551020408163
R0002_55035505,R0377_55041025,0.6627551020408163
R0002_55035505,R0377_55039651,0.6627551020408163
R0002_55035505,R0377_55044100,0.7627551020408163
R0002_55035505,R0377_55026719,0.7627551020408163
R0002_55011002,R0002_55043311,0.775
R0002_55011002,R0002_55036002,1.0
R0002_55011002,R0002_55015378,1.0
R0002_55011002,R0002_55032731,0.775
R0002_55011002,R0002_55025944,0.925
R0002_55011002,R0002_55024341,0.925
R0002_55011002,R0002_55041509,0.925
R0002_55011002,R0002_55036059,1.0
R0002_55011002,R0002_55037787,1.0
R0002_55011002,R0002_55039851,0.775
R0002_55011002,R0002_55032782,1.0
R0002_55011002,R0002_55036171,0.925
R0002_55011002,R0002_55035505,0.925
R0002_55011002,R0002_55031467,0.925
R0002_55011002,R0002_55028991,1.0
R0002_55011002,R0002_55027831,0.925
R0002_55011002,R0002_55038839,0.925
R0002_55011002,R0002_55019960,1.0
R0002_55011002,R0002_55033035,1.0
R0002_55011002,R0002_55006197,1.0
R0002_55011002,R0002_55036505,0.775
R0002_55011002,R0002_55044076,1.0
R0002_55011002,R0002_55036050,0.775
R0002_55011002,R0002_55037530,0.925
R0002_55011002,R0002_55040793,1.0
R0002_55011002,R0002_55043136,1.0
R0002_55011002,R0002_55014421,1.0
R0002_55011002,R0002_55003518,0.775
R0002_55011002,R0002_55027319,0.775
R0002_55011002,R0002_55035727,1.0
R0002_55011002,R0002_55032858,1.0
R0002_55011002,R0002_55029026,0.9
R0002_55011002,R0002_55039889,1.0
R0002_55011002,R0002_55041025,1.0
R0002_55011002,R0002_55041833,1.0
R0002_55011002,R0002_55031084,1.0
R0002_55011002,R0002_55030125,1.0
R0002_55011002,R0002_55011220,0.775
R0002_55011002,R0002_55043779,1.0
R0002_55011002,R0002_55026664,1.0
R0002_55011002,R0002_55037878,0.775
R0002_55011002,R0002_55043901,0.925
R0002_55011002,R0002_55037718,1.0
R0002_55011002,R0002_55042075,0.925
R0002_55011002,R0002_55031358,1.0
R0002_55011002,R0002_55025080,0.775
R0002_55011002,R0002_55037283,1.0
R0002_55011002,R0002_55019387,0.9
R0002_55011002,R0043_55035478,0.7770408163265305
R0002_55011002,R0043_55032756,0.7020408163265306
R0002_55011002,R0043_55039677,0.8520408163265306
R0002_55011002,R0043_55039678,0.8520408163265306
R0002_55011002,R0043_55029067,0.8520408163265306
R0002_55011002,R0043_55036252,0.8520408163265306
R0002_55011002,R0043_55034675,0.8520408163265306
R0002_55011002,R0043_55031083,0.8520408163265306
R0002_55011002,R0043_55036209,0.8520408163265306
R0002_55011002,R0043_55035181,0.8520408163265306
R0002_55011002,R0043_55032758,0.7520408163265306
R0002_55011002,R0043_55039681,0.8520408163265306
R0002_55011002,R0043_55039682,0.8520408163265306
R0002_55011002,R0043_55039683,0.8520408163265306
R0002_55011002,R0043_55039684,0.8520408163265306
R0002_55011002,R0043_55032632,0.7770408163265305
R0002_55011002,R0043_55021537,0.7770408163265305
R0002_55011002,R0043_55041926,0.7020408163265306
R0002_55011002,R0043_55029012,0.8520408163265306
R0002_55011002,R0043_55034882,0.8520408163265306
R0002_55011002,R0043_55039679,0.8520408163265306
R0002_55011002,R0043_55032862,0.8520408163265306
R0002_55011002,R0043_55032759,0.8520408163265306
R0002_55011002,R0043_55037980,0.8520408163265306
R0002_55011002,R0043_55037979,0.8520408163265306
R0002_55011002,R0043_55027552,0.8520408163265306
R0002_55011002,R0043_55034879,0.8520408163265306
R0002_55011002,R0043_55032908,0.8520408163265306
R0002_55011002,R0043_55039686,0.7020408163265306
R0002_55011002,R0043_55032863,0.8520408163265306
R0002_55011002,R0043_55009127,0.7020408163265306
R0002_55011002,R0043_55036250,0.8520408163265306
R0002_55011002,R0043_55034880,0.7520408163265306
R0002_55011002,R0043_55032860,0.8520408163265306
R0002_55011002,R0043_55029506,0.7770408163265305
R0002_55011002,R0043_55031288,0.7520408163265306
R0002_55011002,R0043_55036124,0.8520408163265306
R0002_55011002,R0043_55039830,0.8520408163265306
R0002_55011002,R0043_55034325,0.7520408163265306
R0002_55011002,R0043_55039829,0.8520408163265306
R0002_55011002,R0043_55031080,0.6270408163265306
R0002_55011002,R0043_55031077,0.8520408163265306
R0002_55011002,R0043_55017366,0.7770408163265305
R0002_55011002,R0043_55034335,0.8520408163265306
R0002_55011002,R0043_55031005,0.7020408163265306
R0002_55011002,R0055_55007584,0.7224489795918367
R0002_55011002,R0055_55007583,0.7724489795918368
R0002_55011002,R0204_55005925,0.8826530612244898
R0002_55011002,R0204_55032685,0.8076530612244898
R0002_55011002,R0204_55035156,0.7826530612244897
R0002_55011002,R0204_55022352,0.8076530612244898
R0002_55011002,R0204_55004131,0.8826530612244898
R0002_55011002,R0207_55036375,0.8673469387755102
R0002_55011002,R0207_55032672,0.7923469387755102
R0002_55011002,R0207_55032673,0.7923469387755102
R0002_55011002,R0290_55038074,0.7173469387755103
R0002_55011002,R0290_55041439,0.7923469387755102
R0002_55011002,R0290_55041442,0.7923469387755102
R0002_55011002,R0290_55041438,0.7923469387755102
R0002_55011002,R0290_55041440,0.7923469387755102
R0002_55011002,R0290_55041441,0.7923469387755102
R0002_55011002,R0290_55030423,0.7923469387755102
R0002_55011002,R0290_55039755,0.7923469387755102
R0002_55011002,R0290_55026840,0.7923469387755102
R0002_55011002,R0290_55038681,0.7923469387755102
R0002_55011002,R0290_55033209,0.7923469387755102
R0002_55011002,R0290_55043722,0.8673469387755102
R0002_55011002,R0377_55039577,0.8127551020408164
R0002_55011002,R0377_55032663,0.8127551020408164
R0002_55011002,R0377_55036003,0.8877551020408163
R0002_55011002,R0377_55036004,0.8877551020408163
R0002_55011002,R0377_55036006,0.8877551020408163
R0002_55011002,R0377_55036007,0.8877551020408163
R0002_55011002,R0377_55036008,0.8877551020408163
R0002_55011002,R0377_55036009,0.8877551020408163
R0002_55011002,R0377_55043375,0.8877551020408163
R0002_55011002,R0377_55032655,0.7877551020408163
R0002_55011002,R0377_55034860,0.8127551020408164
R0002_55011002,R0377_55042881,0.8127551020408164
R0002_55011002,R0377_55033035,0.7877551020408163
R0002_55011002,R0377_55044076,0.8877551020408163
R0002_55011002,R0377_55036698,0.8127551020408164
R0002_55011002,R0377_55032664,0.7377551020408163
R0002_55011002,R0377_55038331,0.8877551020408163
R0002_55011002,R0377_55041814,0.8877551020408163
R0002_55011002,R0377_55041025,0.8877551020408163
R0002_55011002,R0377_55039651,0.8877551020408163
R0002_55011002,R0377_55044100,0.7377551020408163
R0002_55011002,R0377_55026719,0.7377551020408163
R0002_55031467,R0002_55043311,0.75
R0002_55031467,R0002_55036002,0.775
R0002_55031467,R0002_55015378,0.775
R0002_55031467,R0002_55032731,0.75
R0002_55031467,R0002_55025944,1.0
R0002_55031467,R0002_55024341,1.0
R0002_55031467,R0002_55041509,1.0
R0002_55031467,R0002_55036059,0.775
R0002_55031467,R0002_55037787,0.775
R0002_55031467,R0002_55039851,0.75
R0002_55031467,R0002_55032782,0.775
R0002_55031467,R0002_55036171,1.0
R0002_55031467,R0002_55035505,1.0
R0002_55031467,R0002_55011002,0.775
R0002_55031467,R0002_55028991,0.775
R0002_55031467,R0002_55027831,1.0
R0002_55031467,R0002_55038839,1.0
R0002_55031467,R0002_55019960,0.775
R0002_55031467,R0002_55033035,0.775
R0002_55031467,R0002_55006197,0.775
R0002_55031467,R0002_55036505,0.75
R0002_55031467,R0002_55044076,0.775
R0002_55031467,R0002_55036050,0.75
R0002_55031467,R0002_55037530,1.0
R0002_55031467,R0002_55040793,0.775
R0002_55031467,R0002_55043136,0.775
R0002_55031467,R0002_55014421,0.775
R0002_55031467,R0002_55003518,0.75
R0002_55031467,R0002_55027319,0.75
R0002_55031467,R0002_55035727,0.775
R0002_55031467,R0002_55032858,0.775
R0002_55031467,R0002_55029026,0.925
R0002_55031467,R0002_55039889,0.775
R0002_55031467,R0002_55041025,0.775
R0002_55031467,R0002_55041833,0.775
R0002_55031467,R0002_55031084,0.775
R0002_55031467,R0002_55030125,0.775
R0002_55031467,R0002_55011220,0.75
R0002_55031467,R0002_55043779,0.775
R0002_55031467,R0002_55026664,0.775
R0002_55031467,R0002_55037878,0.75
R0002_55031467,R0002_55043901,1.0
R0002_55031467,R0002_55037718,0.775
R0002_55031467,R0002_55042075,1.0
R0002_55031467,R0002_55031358,0.775
R0002_55031467,R0002_55025080,0.75
R0002_55031467,R0002_55037283,0.775
R0002_55031467,R0002_55019387,0.925
R0002_55031467,R0043_55035478,0.8520408163265306
R0002_55031467,R0043_55032756,0.7270408163265306
R0002_55031467,R0043_55039677,0.6270408163265306
R0002_55031467,R0043_55039678,0.6270408163265306
R0002_55031467,R0043_55029067,0.6270408163265306
R0002_55031467,R0043_55036252,0.6270408163265306
R0002_55031467,R0043_55034675,0.6270408163265306
R0002_55031467,R0043_55031083,0.6270408163265306
R0002_55031467,R0043_55036209,0.6270408163265306
R0002_55031467,R0043_55035181,0.6270408163265306
R0002_55031467,R0043_55032758,0.7770408163265305
R0002_55031467,R0043_55039681,0.6270408163265306
R0002_55031467,R0043_55039682,0.6270408163265306
R0002_55031467,R0043_55039683,0.6270408163265306
R0002_55031467,R0043_55039684,0.6270408163265306
R0002_55031467,R0043_55032632,0.8520408163265306
R0002_55031467,R0043_55021537,0.8520408163265306
R0002_55031467,R0043_55041926,0.7270408163265306
R0002_55031467,R0043_55029012,0.6270408163265306
R0002_55031467,R0043_55034882,0.6270408163265306
R0002_55031467,R0043_55039679,0.6270408163265306
R0002_55031467,R0043_55032862,0.6270408163265306
R0002_55031467,R0043_55032759,0.6270408163265306
R0002_55031467,R0043_55037980,0.6270408163265306
R0002_55031467,R0043_55037979,0.6270408163265306
R0002_55031467,R0043_55027552,0.6270408163265306
R0002_55031467,R0043_55034879,0.6270408163265306
R0002_55031467,R0043_55032908,0.6270408163265306
R0002_55031467,R0043_55039686,0.7270408163265306
R0002_55031467,R0043_55032863,0.6270408163265306
R0002_55031467,R0043_55009127,0.7270408163265306
R0002_55031467,R0043_55036250,0.6270408163265306
R0002_55031467,R0043_55034880,0.7770408163265305
R0002_55031467,R0043_55032860,0.6270408163265306
R0002_55031467,R0043_55029506,0.8520408163265306
R0002_55031467,R0043_55031288,0.7770408163265305
R0002_55031467,R0043_55036124,0.6270408163265306
R0002_55031467,R0043_55039830,0.6270408163265306
R0002_55031467,R0043_55034325,0.7770408163265305
R0002_55031467,R0043_55039829,0.6270408163265306
R0002_55031467,R0043_55031080,0.6020408163265306
R0002_55031467,R0043_55031077,0.6270408163265306
R0002_55031467,R0043_55017366,0.8520408163265306
R0002_55031467,R0043_55034335,0.6270408163265306
R0002_55031467,R0043_55031005,0.7270408163265306
R0002_55031467,R0055_55007584,0.7474489795918366
R0002_55031467,R0055_55007583,0.7974489795918367
R0002_55031467,R0204_55005925,0.6576530612244897
R0002_55031467,R0204_55032685,0.8826530612244898
R0002_55031467,R0204_55035156,0.8076530612244898
R0002_55031467,R0204_55022352,0.8826530612244898
R0002_55031467,R0204_55004131,0.6576530612244897
R0002_55031467,R0207_55036375,0.6423469387755102
R0002_55031467,R0207_55032672,0.8673469387755102
R0002_55031467,R0207_55032673,0.8673469387755102
R0002_55031467,R0290_55038074,0.7423469387755102
R0002_55031467,R0290_55041439,0.8673469387755102
R0002_55031467,R0290_55041442,0.8673469387755102
R0002_55031467,R0290_55041438,0.8673469387755102
R0002_55031467,R0290_55041440,0.8673469387755102
R0002_55031467,R0290_55041441,0.8673469387755102
R0002_55031467,R0290_55030423,0.8673469387755102
R0002_55031467,R0290_55039755,0.8673469387755102
R0002_55031467,R0290_55026840,0.8673469387755102
R0002_55031467,R0290_55038681,0.8673469387755102
R0002_55031467,R0290_55033209,0.8673469387755102
R0002_55031467,R0290_55043722,0.6423469387755102
R0002_55031467,R0377_55039577,0.8877551020408163
R0002_55031467,R0377_55032663,0.8877551020408163
R0002_55031467,R0377_55036003,0.6627551020408163
R0002_55031467,R0377_55036004,0.6627551020408163
R0002_55031467,R0377_55036006,0.6627551020408163
R0002_55031467,R0377_55036007,0.6627551020408163
R0002_55031467,R0377_55036008,0.6627551020408163
R0002_55031467,R0377_55036009,0.6627551020408163
R0002_55031467,R0377_55043375,0.6627551020408163
R0002_55031467,R0377_55032655,0.8127551020408164
R0002_55031467,R0377_55034860,0.8877551020408163
R0002_55031467,R0377_55042881,0.8877551020408163
R0002_55031467,R0377_55033035,0.8127551020408164
R0002_55031467,R0377_55044076,0.6627551020408163
R0002_55031467,R0377_55036698,0.8877551020408163
R0002_55031467,R0377_55032664,0.7627551020408163
R0002_55031467,R0377_55038331,0.6627551020408163
R0002_55031467,R0377_55041814,0.6627551020408163
R0002_55031467,R0377_55041025,0.6627551020408163
R0002_55031467,R0377_55039651,0.6627551020408163
R0002_55031467,R0377_55044100,0.7627551020408163
R0002_55031467,R0377_55026719,0.7627551020408163
R0002_55028991,R0002_55043311,0.775
R0002_55028991,R0002_55036002,1.0
R0002_55028991,R0002_55015378,1.0
R0002_55028991,R0002_55032731,0.775
R0002_55028991,R0002_55025944,0.925
R0002_55028991,R0002_55024341,0.925
R0002_55028991,R0002_55041509,0.925
R0002_55028991,R0002_55036059,1.0
R0002_55028991,R0002_55037787,1.0
R0002_55028991,R0002_55039851,0.775
R0002_55028991,R0002_55032782,1.0
R0002_55028991,R0002_55036171,0.925
R0002_55028991,R0002_55035505,0.925
R0002_55028991,R0002_55011002,1.0
R0002_55028991,R0002_55031467,0.925
R0002_55028991,R0002_55027831,0.925
R0002_55028991,R0002_55038839,0.925
R0002_55028991,R0002_55019960,1.0
R0002_55028991,R0002_55033035,1.0
R0002_55028991,R0002_55006197,1.0
R0002_55028991,R0002_55036505,0.775
R0002_55028991,R0002_55044076,1.0
R0002_55028991,R0002_55036050,0.775
R0002_55028991,R0002_55037530,0.925
R0002_55028991,R0002_55040793,1.0
R0002_55028991,R0002_55043136,1.0
R0002_55028991,R0002_55014421,1.0
R0002_55028991,R0002_55003518,0.775
R0002_55028991,R0002_55027319,0.775
R0002_55028991,R0002_55035727,1.0
R0002_55028991,R0002_55032858,1.0
R0002_55028991,R0002_55029026,0.9
R0002_55028991,R0002_55039889,1.0
R0002_55028991,R0002_55041025,1.0
R0002_55028991,R0002_55041833,1.0
R0002_55028991,R0002_55031084,1.0
R0002_55028991,R0002_55030125,1.0
R0002_55028991,R0002_55011220,0.775
R0002_55028991,R0002_55043779,1.0
R0002_55028991,R0002_55026664,1.0
R0002_55028991,R0002_55037878,0.775
R0002_55028991,R0002_55043901,0.925
R0002_55028991,R0002_55037718,1.0
R0002_55028991,R0002_55042075,0.925
R0002_55028991,R0002_55031358,1.0
R0002_55028991,R0002_55025080,0.775
R0002_55028991,R0002_55037283,1.0
R0002_55028991,R0002_55019387,0.9
R0002_55028991,R0043_55035478,0.7770408163265305
R0002_55028991,R0043_55032756,0.7020408163265306
R0002_55028991,R0043_55039677,0.8520408163265306
R0002_55028991,R0043_55039678,0.8520408163265306
R0002_55028991,R0043_55029067,0.8520408163265306
R0002_55028991,R0043_55036252,0.8520408163265306
R0002_55028991,R0043_55034675,0.8520408163265306
R0002_55028991,R0043_55031083,0.8520408163265306
R0002_55028991,R0043_55036209,0.8520408163265306
R0002_55028991,R0043_55035181,0.8520408163265306
R0002_55028991,R0043_55032758,0.7520408163265306
R0002_55028991,R0043_55039681,0.8520408163265306
R0002_55028991,R0043_55039682,0.8520408163265306
R0002_55028991,R0043_55039683,0.8520408163265306
R0002_55028991,R0043_55039684,0.8520408163265306
R0002_55028991,R0043_55032632,0.7770408163265305
R0002_55028991,R0043_55021537,0.7770408163265305
R0002_55028991,R0043_55041926,0.7020408163265306
R0002_55028991,R0043_55029012,0.8520408163265306
R0002_55028991,R0043_55034882,0.8520408163265306
R0002_55028991,R0043_55039679,0.8520408163265306
R0002_55028991,R0043_55032862,0.8520408163265306
R0002_55028991,R0043_55032759,0.8520408163265306
R0002_55028991,R0043_55037980,0.8520408163265306
R0002_55028991,R0043_55037979,0.8520408163265306
R0002_55028991,R0043_55027552,0.8520408163265306
R0002_55028991,R0043_55034879,0.8520408163265306
R0002_55028991,R0043_55032908,0.8520408163265306
R0002_55028991,R0043_55039686,0.7020408163265306
R0002_55028991,R0043_55032863,0.8520408163265306
R0002_55028991,R0043_55009127,0.7020408163265306
R0002_55028991,R0043_55036250,0.8520408163265306
R0002_55028991,R0043_55034880,0.7520408163265306
R0002_55028991,R0043_55032860,0.8520408163265306
R0002_55028991,R0043_55029506,0.7770408163265305
R0002_55028991,R0043_55031288,0.7520408163265306
R0002_55028991,R0043_55036124,0.8520408163265306
R0002_55028991,R0043_55039830,0.8520408163265306
R0002_55028991,R0043_55034325,0.7520408163265306
R0002_55028991,R0043_55039829,0.8520408163265306
R0002_55028991,R0043_55031080,0.6270408163265306
R0002_55028991,R0043_55031077,0.8520408163265306
R0002_55028991,R0043_55017366,0.7770408163265305
R0002_55028991,R0043_55034335,0.8520408163265306
R0002_55028991,R0043_55031005,0.7020408163265306
R0002_55028991,R0055_55007584,0.7224489795918367
R0002_55028991,R0055_55007583,0.7724489795918368
R0002_55028991,R0204_55005925,0.8826530612244898
R0002_55028991,R0204_55032685,0.8076530612244898
R0002_55028991,R0204_55035156,0.7826530612244897
R0002_55028991,R0204_55022352,0.8076530612244898
R0002_55028991,R0204_55004131,0.8826530612244898
R0002_55028991,R0207_55036375,0.8673469387755102
R0002_55028991,R0207_55032672,0.7923469387755102
R0002_55028991,R0207_55032673,0.7923469387755102
R0002_55028991,R0290_55038074,0.7173469387755103
R0002_55028991,R0290_55041439,0.7923469387755102
R0002_55028991,R0290_55041442,0.7923469387755102
R0002_55028991,R0290_55041438,0.7923469387755102
R0002_55028991,R0290_55041440,0.7923469387755102
R0002_55028991,R0290_55041441,0.7923469387755102
R0002_55028991,R0290_55030423,0.7923469387755102
R0002_55028991,R0290_55039755,0.7923469387755102
R0002_55028991,R0290_55026840,0.7923469387755102
R0002_55028991,R0290_55038681,0.7923469387755102
R0002_55028991,R0290_55033209,0.7923469387755102
R0002_55028991,R0290_55043722,0.8673469387755102
R0002_55028991,R0377_55039577,0.8127551020408164
R0002_55028991,R0377_55032663,0.8127551020408164
R0002_55028991,R0377_55036003,0.8877551020408163
R0002_55028991,R0377_55036004,0.8877551020408163
R0002_55028991,R0377_55036006,0.8877551020408163
R0002_55028991,R0377_55036007,0.8877551020408163
R0002_55028991,R0377_55036008,0.8877551020408163
R0002_55028991,R0377_55036009,0.8877551020408163
R0002_55028991,R0377_55043375,0.8877551020408163
R0002_55028991,R0377_55032655,0.7877551020408163
R0002_55028991,R0377_55034860,0.8127551020408164
R0002_55028991,R0377_55042881,0.8127551020408164
R0002_55028991,R0377_55033035,0.7877551020408163
R0002_55028991,R0377_55044076,0.8877551020408163
R0002_55028991,R0377_55036698,0.8127551020408164
R0002_55028991,R0377_55032664,0.7377551020408163
R0002_55028991,R0377_55038331,0.8877551020408163
R0002_55028991,R0377_55041814,0.8877551020408163
R0002_55028991,R0377_55041025,0.8877551020408163
R0002_55028991,R0377_55039651,0.8877551020408163
R0002_55028991,R0377_55044100,0.7377551020408163
R0002_55028991,R0377_55026719,0.7377551020408163
R0002_55027831,R0002_55043311,0.75
R0002_55027831,R0002_55036002,0.775
R0002_55027831,R0002_55015378,0.775
R0002_55027831,R0002_55032731,0.75
R0002_55027831,R0002_55025944,1.0
R0002_55027831,R0002_55024341,1.0
R0002_55027831,R0002_55041509,1.0
R0002_55027831,R0002_55036059,0.775
R0002_55027831,R0002_55037787,0.775
R0002_55027831,R0002_55039851,0.75
R0002_55027831,R0002_55032782,0.775
R0002_55027831,R0002_55036171,1.0
R0002_55027831,R0002_55035505,1.0
R0002_55027831,R0002_55011002,0.775
R0002_55027831,R0002_55031467,1.0
R0002_55027831,R0002_55028991,0.775
R0002_55027831,R0002_55038839,1.0
R0002_55027831,R0002_55019960,0.775
R0002_55027831,R0002_55033035,0.775
R0002_55027831,R0002_55006197,0.775
R0002_55027831,R0002_55036505,0.75
R0002_55027831,R0002_55044076,0.775
R0002_55027831,R0002_55036050,0.75
R0002_55027831,R0002_55037530,1.0
R0002_55027831,R0002_55040793,0.775
R0002_55027831,R0002_55043136,0.775
R0002_55027831,R0002_55014421,0.775
R0002_55027831,R0002_55003518,0.75
R0002_55027831,R0002_55027319,0.75
R0002_55027831,R0002_55035727,0.775
R0002_55027831,R0002_55032858,0.775
R0002_55027831,R0002_55029026,0.925
R0002_55027831,R0002_55039889,0.775
R0002_55027831,R0002_55041025,0.775
R0002_55027831,R0002_55041833,0.775
R0002_55027831,R0002_55031084,0.775
R0002_55027831,R0002_55030125,0.775
R0002_55027831,R0002_55011220,0.75
R0002_55027831,R0002_55043779,0.775
R0002_55027831,R0002_55026664,0.775
R0002_55027831,R0002_55037878,0.75
R0002_55027831,R0002_55043901,1.0
R0002_55027831,R0002_55037718,0.775
R0002_55027831,R0002_55042075,1.0
R0002_55027831,R0002_55031358,0.775
R0002_55027831,R0002_55025080,0.75
R0002_55027831,R0002_55037283,0.775
R0002_55027831,R0002_55019387,0.925
R0002_55027831,R0043_55035478,0.8520408163265306
R0002_55027831,R0043_55032756,0.7270408163265306
R0002_55027831,R0043_55039677,0.6270408163265306
R0002_55027831,R0043_55039678,0.6270408163265306
R0002_55027831,R0043_55029067,0.6270408163265306
R0002_55027831,R0043_55036252,0.6270408163265306
R0002_55027831,R0043_55034675,0.6270408163265306
R0002_55027831,R0043_55031083,0.6270408163265306
R0002_55027831,R0043_55036209,0.6270408163265306
R0002_55027831,R0043_55035181,0.6270408163265306
R0002_55027831,R0043_55032758,0.7770408163265305
R0002_55027831,R0043_55039681,0.6270408163265306
R0002_55027831,R0043_55039682,0.6270408163265306
R0002_55027831,R0043_55039683,0.6270408163265306
R0002_55027831,R0043_55039684,0.6270408163265306
R0002_55027831,R0043_55032632,0.8520408163265306
R0002_55027831,R0043_55021537,0.8520408163265306
R0002_55027831,R0043_55041926,0.7270408163265306
R0002_55027831,R0043_55029012,0.6270408163265306
R0002_55027831,R0043_55034882,0.6270408163265306
R0002_55027831,R0043_55039679,0.6270408163265306
R0002_55027831,R0043_55032862,0.6270408163265306
R0002_55027831,R0043_55032759,0.6270408163265306
R0002_55027831,R0043_55037980,0.6270408163265306
R0002_55027831,R0043_55037979,0.6270408163265306
R0002_55027831,R0043_55027552,0.6270408163265306
R0002_55027831,R0043_55034879,0.6270408163265306
R0002_55027831,R0043_55032908,0.6270408163265306
R0002_55027831,R0043_55039686,0.7270408163265306
R0002_55027831,R0043_55032863,0.6270408163265306
R0002_55027831,R0043_55009127,0.7270408163265306
R0002_55027831,R0043_55036250,0.6270408163265306
R0002_55027831,R0043_55034880,0.7770408163265305
R0002_55027831,R0043_55032860,0.6270408163265306
R0002_55027831,R0043_55029506,0.8520408163265306
R0002_55027831,R0043_55031288,0.7770408163265305
R0002_55027831,R0043_55036124,0.6270408163265306
R0002_55027831,R0043_55039830,0.6270408163265306
R0002_55027831,R0043_55034325,0.7770408163265305
R0002_55027831,R0043_55039829,0.6270408163265306
R0002_55027831,R0043_55031080,0.6020408163265306
R0002_55027831,R0043_55031077,0.6270408163265306
R0002_55027831,R0043_55017366,0.8520408163265306
R0002_55027831,R0043_55034335,0.6270408163265306
R0002_55027831,R0043_55031005,0.7270408163265306
R0002_55027831,R0055_55007584,0.7474489795918366
R0002_55027831,R0055_55007583,0.7974489795918367
R0002_55027831,R0204_55005925,0.6576530612244897
R0002_55027831,R0204_55032685,0.8826530612244898
R0002_55027831,R0204_55035156,0.8076530612244898
R0002_55027831,R0204_55022352,0.8826530612244898
R0002_55027831,R0204_55004131,0.6576530612244897
R0002_55027831,R0207_55036375,0.6423469387755102
R0002_55027831,R0207_55032672,0.8673469387755102
R0002_55027831,R0207_55032673,0.8673469387755102
R0002_55027831,R0290_55038074,0.7423469387755102
R0002_55027831,R0290_55041439,0.8673469387755102
R0002_55027831,R0290_55041442,0.8673469387755102
R0002_55027831,R0290_55041438,0.8673469387755102
R0002_55027831,R0290_55041440,0.8673469387755102
R0002_55027831,R0290_55041441,0.8673469387755102
R0002_55027831,R0290_55030423,0.8673469387755102
R0002_55027831,R0290_55039755,0.8673469387755102
R0002_55027831,R0290_55026840,0.8673469387755102
R0002_55027831,R0290_55038681,0.8673469387755102
R0002_55027831,R0290_55033209,0.8673469387755102
R0002_55027831,R0290_55043722,0.6423469387755102
R0002_55027831,R0377_55039577,0.8877551020408163
R0002_55027831,R0377_55032663,0.8877551020408163
R0002_55027831,R0377_55036003,0.6627551020408163
R0002_55027831,R0377_55036004,0.6627551020408163
R0002_55027831,R0377_55036006,0.6627551020408163
R0002_55027831,R0377_55036007,0.6627551020408163
R0002_55027831,R0377_55036008,0.6627551020408163
R0002_55027831,R0377_55036009,0.6627551020408163
R0002_55027831,R0377_55043375,0.6627551020408163
R0002_55027831,R0377_55032655,0.8127551020408164
R0002_55027831,R0377_55034860,0.8877551020408163
R0002_55027831,R0377_55042881,0.8877551020408163
R0002_55027831,R0377_55033035,0.8127551020408164
R0002_55027831,R0377_55044076,0.6627551020408163
R0002_55027831,R0377_55036698,0.8877551020408163
R0002_55027831,R0377_55032664,0.7627551020408163
R0002_55027831,R0377_55038331,0.6627551020408163
R0002_55027831,R0377_55041814,0.6627551020408163
R0002_55027831,R0377_55041025,0.6627551020408163
R0002_55027831,R0377_55039651,0.6627551020408163
R0002_55027831,R0377_55044100,0.7627551020408163
R0002_55027831,R0377_55026719,0.7627551020408163
R0002_55038839,R0002_55043311,0.75
R0002_55038839,R0002_55036002,0.775
R0002_55038839,R0002_55015378,0.775
R0002_55038839,R0002_55032731,0.75
R0002_55038839,R0002_55025944,1.0
R0002_55038839,R0002_55024341,1.0
R0002_55038839,R0002_55041509,1.0
R0002_55038839,R0002_55036059,0.775
R0002_55038839,R0002_55037787,0.775
R0002_55038839,R0002_55039851,0.75
R0002_55038839,R0002_55032782,0.775
R0002_55038839,R0002_55036171,1.0
R0002_55038839,R0002_55035505,1.0
R0002_55038839,R0002_55011002,0.775
R0002_55038839,R0002_55031467,1.0
R0002_55038839,R0002_55028991,0.775
R0002_55038839,R0002_55027831,1.0
R0002_55038839,R0002_55019960,0.775
R0002_55038839,R0002_55033035,0.775
R0002_55038839,R0002_55006197,0.775
R0002_55038839,R0002_55036505,0.75
R0002_55038839,R0002_55044076,0.775
R0002_55038839,R0002_55036050,0.75
R0002_55038839,R0002_55037530,1.0
R0002_55038839,R0002_55040793,0.775
R0002_55038839,R0002_55043136,0.775
R0002_55038839,R0002_55014421,0.775
R0002_55038839,R0002_55003518,0.75
R0002_55038839,R0002_55027319,0.75
R0002_55038839,R0002_55035727,0.775
R0002_55038839,R0002_55032858,0.775
R0002_55038839,R0002_55029026,0.925
R0002_55038839,R0002_55039889,0.775
R0002_55038839,R0002_55041025,0.775
R0002_55038839,R0002_55041833,0.775
R0002_55038839,R0002_55031084,0.775
R0002_55038839,R0002_55030125,0.775
R0002_55038839,R0002_55011220,0.75
R0002_55038839,R0002_55043779,0.775
R0002_55038839,R0002_55026664,0.775
R0002_55038839,R0002_55037878,0.75
R0002_55038839,R0002_55043901,1.0
R0002_55038839,R0002_55037718,0.775
R0002_55038839,R0002_55042075,1.0
R0002_55038839,R0002_55031358,0.775
R0002_55038839,R0002_55025080,0.75
R0002_55038839,R0002_55037283,0.775
R0002_55038839,R0002_55019387,0.925
R0002_55038839,R0043_55035478,0.8520408163265306
R0002_55038839,R0043_55032756,0.7270408163265306
R0002_55038839,R0043_55039677,0.6270408163265306
R0002_55038839,R0043_55039678,0.6270408163265306
R0002_55038839,R0043_55029067,0.6270408163265306
R0002_55038839,R0043_55036252,0.6270408163265306
R0002_55038839,R0043_55034675,0.6270408163265306
R0002_55038839,R0043_55031083,0.6270408163265306
R0002_55038839,R0043_55036209,0.6270408163265306
R0002_55038839,R0043_55035181,0.6270408163265306
R0002_55038839,R0043_55032758,0.7770408163265305
R0002_55038839,R0043_55039681,0.6270408163265306
R0002_55038839,R0043_55039682,0.6270408163265306
R0002_55038839,R0043_55039683,0.6270408163265306
R0002_55038839,R0043_55039684,0.6270408163265306
R0002_55038839,R0043_55032632,0.8520408163265306
R0002_55038839,R0043_55021537,0.8520408163265306
R0002_55038839,R0043_55041926,0.7270408163265306
R0002_55038839,R0043_55029012,0.6270408163265306
R0002_55038839,R0043_55034882,0.6270408163265306
R0002_55038839,R0043_55039679,0.6270408163265306
R0002_55038839,R0043_55032862,0.6270408163265306
R0002_55038839,R0043_55032759,0.6270408163265306
R0002_55038839,R0043_55037980,0.6270408163265306
R0002_55038839,R0043_55037979,0.6270408163265306
R0002_55038839,R0043_55027552,0.6270408163265306
R0002_55038839,R0043_55034879,0.6270408163265306
R0002_55038839,R0043_55032908,0.6270408163265306
R0002_55038839,R0043_55039686,0.7270408163265306
R0002_55038839,R0043_55032863,0.6270408163265306
R0002_55038839,R0043_55009127,0.7270408163265306
R0002_55038839,R0043_55036250,0.6270408163265306
R0002_55038839,R0043_55034880,0.7770408163265305
R0002_55038839,R0043_55032860,0.6270408163265306
R0002_55038839,R0043_55029506,0.8520408163265306
R0002_55038839,R0043_55031288,0.7770408163265305
R0002_55038839,R0043_55036124,0.6270408163265306
R0002_55038839,R0043_55039830,0.6270408163265306
R0002_55038839,R0043_55034325,0.7770408163265305
R0002_55038839,R0043_55039829,0.6270408163265306
R0002_55038839,R0043_55031080,0.6020408163265306
R0002_55038839,R0043_55031077,0.6270408163265306
R0002_55038839,R0043_55017366,0.8520408163265306
R0002_55038839,R0043_55034335,0.6270408163265306
R0002_55038839,R0043_55031005,0.7270408163265306
R0002_55038839,R0055_55007584,0.7474489795918366
R0002_55038839,R0055_55007583,0.7974489795918367
R0002_55038839,R0204_55005925,0.6576530612244897
R0002_55038839,R0204_55032685,0.8826530612244898
R0002_55038839,R0204_55035156,0.8076530612244898
R0002_55038839,R0204_55022352,0.8826530612244898
R0002_55038839,R0204_55004131,0.6576530612244897
R0002_55038839,R0207_55036375,0.6423469387755102
R0002_55038839,R0207_55032672,0.8673469387755102
R0002_55038839,R0207_55032673,0.8673469387755102
R0002_55038839,R0290_55038074,0.7423469387755102
R0002_55038839,R0290_55041439,0.8673469387755102
R0002_55038839,R0290_55041442,0.8673469387755102
R0002_55038839,R0290_55041438,0.8673469387755102
R0002_55038839,R0290_55041440,0.8673469387755102
R0002_55038839,R0290_55041441,0.8673469387755102
R0002_55038839,R0290_55030423,0.8673469387755102
R0002_55038839,R0290_55039755,0.8673469387755102
R0002_55038839,R0290_55026840,0.8673469387755102
R0002_55038839,R0290_55038681,0.8673469387755102
R0002_55038839,R0290_55033209,0.8673469387755102
R0002_55038839,R0290_55043722,0.6423469387755102
R0002_55038839,R0377_55039577,0.8877551020408163
R0002_55038839,R0377_55032663,0.8877551020408163
R0002_55038839,R0377_55036003,0.6627551020408163
R0002_55038839,R0377_55036004,0.6627551020408163
R0002_55038839,R0377_55036006,0.6627551020408163
R0002_55038839,R0377_55036007,0.6627551020408163
R0002_55038839,R0377_55036008,0.6627551020408163
R0002_55038839,R0377_55036009,0.6627551020408163
R0002_55038839,R0377_55043375,0.6627551020408163
R0002_55038839,R0377_55032655,0.8127551020408164
R0002_55038839,R0377_55034860,0.8877551020408163
R0002_55038839,R0377_55042881,0.8877551020408163
R0002_55038839,R0377_55033035,0.8127551020408164
R0002_55038839,R0377_55044076,0.6627551020408163
R0002_55038839,R0377_55036698,0.8877551020408163
R0002_55038839,R0377_55032664,0.7627551020408163
R0002_55038839,R0377_55038331,0.6627551020408163
R0002_55038839,R0377_55041814,0.6627551020408163
R0002_55038839,R0377_55041025,0.6627551020408163
R0002_55038839,R0377_55039651,0.6627551020408163
R0002_55038839,R0377_55044100,0.7627551020408163
R0002_55038839,R0377_55026719,0.7627551020408163
R0002_55019960,R0002_55043311,0.775
R0002_55019960,R0002_55036002,1.0
R0002_55019960,R0002_55015378,1.0
R0002_55019960,R0002_55032731,0.775
R0002_55019960,R0002_55025944,0.925
R0002_55019960,R0002_55024341,0.925
R0002_55019960,R0002_55041509,0.925
R0002_55019960,R0002_55036059,1.0
R0002_55019960,R0002_55037787,1.0
R0002_55019960,R0002_55039851,0.775
R0002_55019960,R0002_55032782,1.0
R0002_55019960,R0002_55036171,0.925
R0002_55019960,R0002_55035505,0.925
R0002_55019960,R0002_55011002,1.0
R0002_55019960,R0002_55031467,0.925
R0002_55019960,R0002_55028991,1.0
R0002_55019960,R0002_55027831,0.925
R0002_55019960,R0002_55038839,0.925
R0002_55019960,R0002_55033035,1.0
R0002_55019960,R0002_55006197,1.0
R0002_55019960,R0002_55036505,0.775
R0002_55019960,R0002_55044076,1.0
R0002_55019960,R0002_55036050,0.775
R0002_55019960,R0002_55037530,0.925
R0002_55019960,R0002_55040793,1.0
R0002_55019960,R0002_55043136,1.0
R0002_55019960,R0002_55014421,1.0
R0002_55019960,R0002_55003518,0.775
R0002_55019960,R0002_55027319,0.775
R0002_55019960,R0002_55035727,1.0
R0002_55019960,R0002_55032858,1.0
R0002_55019960,R0002_55029026,0.9
R0002_55019960,R0002_55039889,1.0
R0002_55019960,R0002_55041025,1.0
R0002_55019960,R0002_55041833,1.0
R0002_55019960,R0002_55031084,1.0
R0002_55019960,R0002_55030125,1.0
R0002_55019960,R0002_55011220,0.775
R0002_55019960,R0002_55043779,1.0
R0002_55019960,R0002_55026664,1.0
R0002_55019960,R0002_55037878,0.775
R0002_55019960,R0002_55043901,0.925
R0002_55019960,R0002_55037718,1.0
R0002_55019960,R0002_55042075,0.925
R0002_55019960,R0002_55031358,1.0
R0002_55019960,R0002_55025080,0.775
R0002_55019960,R0002_55037283,1.0
R0002_55019960,R0002_55019387,0.9
R0002_55019960,R0043_55035478,0.7770408163265305
R0002_55019960,R0043_55032756,0.7020408163265306
R0002_55019960,R0043_55039677,0.8520408163265306
R0002_55019960,R0043_55039678,0.8520408163265306
R0002_55019960,R0043_55029067,0.8520408163265306
R0002_55019960,R0043_55036252,0.8520408163265306
R0002_55019960,R0043_55034675,0.8520408163265306
R0002_55019960,R0043_55031083,0.8520408163265306
R0002_55019960,R0043_55036209,0.8520408163265306
R0002_55019960,R0043_55035181,0.8520408163265306
R0002_55019960,R0043_55032758,0.7520408163265306
R0002_55019960,R0043_55039681,0.8520408163265306
R0002_55019960,R0043_55039682,0.8520408163265306
R0002_55019960,R0043_55039683,0.8520408163265306
R0002_55019960,R0043_55039684,0.8520408163265306
R0002_55019960,R0043_55032632,0.7770408163265305
R0002_55019960,R0043_55021537,0.7770408163265305
R0002_55019960,R0043_55041926,0.7020408163265306
R0002_55019960,R0043_55029012,0.8520408163265306
R0002_55019960,R0043_55034882,0.8520408163265306
R0002_55019960,R0043_55039679,0.8520408163265306
R0002_55019960,R0043_55032862,0.8520408163265306
R0002_55019960,R0043_55032759,0.8520408163265306
R0002_55019960,R0043_55037980,0.8520408163265306
R0002_55019960,R0043_55037979,0.8520408163265306
R0002_55019960,R0043_55027552,0.8520408163265306
R0002_55019960,R0043_55034879,0.8520408163265306
R0002_55019960,R0043_55032908,0.8520408163265306
R0002_55019960,R0043_55039686,0.7020408163265306
R0002_55019960,R0043_55032863,0.8520408163265306
R0002_55019960,R0043_55009127,0.7020408163265306
R0002_55019960,R0043_55036250,0.8520408163265306
R0002_55019960,R0043_55034880,0.7520408163265306
R0002_55019960,R0043_55032860,0.8520408163265306
R0002_55019960,R0043_55029506,0.7770408163265305
R0002_55019960,R0043_55031288,0.7520408163265306
R0002_55019960,R0043_55036124,0.8520408163265306
R0002_55019960,R0043_55039830,0.8520408163265306
R0002_55019960,R0043_55034325,0.7520408163265306
R0002_55019960,R0043_55039829,0.8520408163265306
R0002_55019960,R0043_55031080,0.6270408163265306
R0002_55019960,R0043_55031077,0.8520408163265306
R0002_55019960,R0043_55017366,0.7770408163265305
R0002_55019960,R0043_55034335,0.8520408163265306
R0002_55019960,R0043_55031005,0.7020408163265306
R0002_55019960,R0055_55007584,0.7224489795918367
R0002_55019960,R0055_55007583,0.7724489795918368
R0002_55019960,R0204_55005925,0.8826530612244898
R0002_55019960,R0204_55032685,0.8076530612244898
R0002_55019960,R0204_55035156,0.7826530612244897
R0002_55019960,R0204_55022352,0.8076530612244898
R0002_55019960,R0204_55004131,0.8826530612244898
R0002_55019960,R0207_55036375,0.8673469387755102
R0002_55019960,R0207_55032672,0.7923469387755102
R0002_55019960,R0207_55032673,0.7923469387755102
R0002_55019960,R0290_55038074,0.7173469387755103
R0002_55019960,R0290_55041439,0.7923469387755102
R0002_55019960,R0290_55041442,0.7923469387755102
R0002_55019960,R0290_55041438,0.7923469387755102
R0002_55019960,R0290_55041440,0.7923469387755102
R0002_55019960,R0290_55041441,0.7923469387755102
R0002_55019960,R0290_55030423,0.7923469387755102
R0002_55019960,R0290_55039755,0.7923469387755102
R0002_55019960,R0290_55026840,0.7923469387755102
R0002_55019960,R0290_55038681,0.7923469387755102
R0002_55019960,R0290_55033209,0.7923469387755102
R0002_55019960,R0290_55043722,0.8673469387755102
R0002_55019960,R0377_55039577,0.8127551020408164
R0002_55019960,R0377_55032663,0.8127551020408164
R0002_55019960,R0377_55036003,0.8877551020408163
R0002_55019960,R0377_55036004,0.8877551020408163
R0002_55019960,R0377_55036006,0.8877551020408163
R0002_55019960,R0377_55036007,0.8877551020408163
R0002_55019960,R0377_55036008,0.8877551020408163
R0002_55019960,R0377_55036009,0.8877551020408163
R0002_55019960,R0377_55043375,0.8877551020408163
R0002_55019960,R0377_55032655,0.7877551020408163
R0002_55019960,R0377_55034860,0.8127551020408164
R0002_55019960,R0377_55042881,0.8127551020408164
R0002_55019960,R0377_55033035,0.7877551020408163
R0002_55019960,R0377_55044076,0.8877551020408163
R0002_55019960,R0377_55036698,0.8127551020408164
R0002_55019960,R0377_55032664,0.7377551020408163
R0002_55019960,R0377_55038331,0.8877551020408163
R0002_55019960,R0377_55041814,0.8877551020408163
R0002_55019960,R0377_55041025,0.8877551020408163
R0002_55019960,R0377_55039651,0.8877551020408163
R0002_55019960,R0377_55044100,0.7377551020408163
R0002_55019960,R0377_55026719,0.7377551020408163
R0002_55033035,R0002_55043311,0.775
R0002_55033035,R0002_55036002,1.0
R0002_55033035,R0002_55015378,1.0
R0002_55033035,R0002_55032731,0.775
R0002_55033035,R0002_55025944,0.925
R0002_55033035,R0002_55024341,0.925
R0002_55033035,R0002_55041509,0.925
R0002_55033035,R0002_55036059,1.0
R0002_55033035,R0002_55037787,1.0
R0002_55033035,R0002_55039851,0.775
R0002_55033035,R0002_55032782,1.0
R0002_55033035,R0002_55036171,0.925
R0002_55033035,R0002_55035505,0.925
R0002_55033035,R0002_55011002,1.0
R0002_55033035,R0002_55031467,0.925
R0002_55033035,R0002_55028991,1.0
R0002_55033035,R0002_55027831,0.925
R0002_55033035,R0002_55038839,0.925
R0002_55033035,R0002_55019960,1.0
R0002_55033035,R0002_55006197,1.0
R0002_55033035,R0002_55036505,0.775
R0002_55033035,R0002_55044076,1.0
R0002_55033035,R0002_55036050,0.775
R0002_55033035,R0002_55037530,0.925
R0002_55033035,R0002_55040793,1.0
R0002_55033035,R0002_55043136,1.0
R0002_55033035,R0002_55014421,1.0
R0002_55033035,R0002_55003518,0.775
R0002_55033035,R0002_55027319,0.775
R0002_55033035,R0002_55035727,1.0
R0002_55033035,R0002_55032858,1.0
R0002_55033035,R0002_55029026,0.9
R0002_55033035,R0002_55039889,1.0
R0002_55033035,R0002_55041025,1.0
R0002_55033035,R0002_55041833,1.0
R0002_55033035,R0002_55031084,1.0
R0002_55033035,R0002_55030125,1.0
R0002_55033035,R0002_55011220,0.775
R0002_55033035,R0002_55043779,1.0
R0002_55033035,R0002_55026664,1.0
R0002_55033035,R0002_55037878,0.775
R0002_55033035,R0002_55043901,0.925
R0002_55033035,R0002_55037718,1.0
R0002_55033035,R0002_55042075,0.925
R0002_55033035,R0002_55031358,1.0
R0002_55033035,R0002_55025080,0.775
R0002_55033035,R0002_55037283,1.0
R0002_55033035,R0002_55019387,0.9
R0002_55033035,R0043_55035478,0.7770408163265305
R0002_55033035,R0043_55032756,0.7020408163265306
R0002_55033035,R0043_55039677,0.8520408163265306
R0002_55033035,R0043_55039678,0.8520408163265306
R0002_55033035,R0043_55029067,0.8520408163265306
R0002_55033035,R0043_55036252,0.8520408163265306
R0002_55033035,R0043_55034675,0.8520408163265306
R0002_55033035,R0043_55031083,0.8520408163265306
R0002_55033035,R0043_55036209,0.8520408163265306
R0002_55033035,R0043_55035181,0.8520408163265306
R0002_55033035,R0043_55032758,0.7520408163265306
R0002_55033035,R0043_55039681,0.8520408163265306
R0002_55033035,R0043_55039682,0.8520408163265306
R0002_55033035,R0043_55039683,0.8520408163265306
R0002_55033035,R0043_55039684,0.8520408163265306
R0002_55033035,R0043_55032632,0.7770408163265305
R0002_55033035,R0043_55021537,0.7770408163265305
R0002_55033035,R0043_55041926,0.7020408163265306
R0002_55033035,R0043_55029012,0.8520408163265306
R0002_55033035,R0043_55034882,0.8520408163265306
R0002_55033035,R0043_55039679,0.8520408163265306
R0002_55033035,R0043_55032862,0.8520408163265306
R0002_55033035,R0043_55032759,0.8520408163265306
R0002_55033035,R0043_55037980,0.8520408163265306
R0002_55033035,R0043_55037979,0.8520408163265306
R0002_55033035,R0043_55027552,0.8520408163265306
R0002_55033035,R0043_55034879,0.8520408163265306
R0002_55033035,R0043_55032908,0.8520408163265306
R0002_55033035,R0043_55039686,0.7020408163265306
R0002_55033035,R0043_55032863,0.8520408163265306
R0002_55033035,R0043_55009127,0.7020408163265306
R0002_55033035,R0043_55036250,0.8520408163265306
R0002_55033035,R0043_55034880,0.7520408163265306
R0002_55033035,R0043_55032860,0.8520408163265306
R0002_55033035,R0043_55029506,0.7770408163265305
R0002_55033035,R0043_55031288,0.7520408163265306
R0002_55033035,R0043_55036124,0.8520408163265306
R0002_55033035,R0043_55039830,0.8520408163265306
R0002_55033035,R0043_55034325,0.7520408163265306
R0002_55033035,R0043_55039829,0.8520408163265306
R0002_55033035,R0043_55031080,0.6270408163265306
R0002_55033035,R0043_55031077,0.8520408163265306
R0002_55033035,R0043_55017366,0.7770408163265305
R0002_55033035,R0043_55034335,0.8520408163265306
R0002_55033035,R0043_55031005,0.7020408163265306
R0002_55033035,R0055_55007584,0.7224489795918367
R0002_55033035,R0055_55007583,0.7724489795918368
R0002_55033035,R0204_55005925,0.8826530612244898
R0002_55033035,R0204_55032685,0.8076530612244898
R0002_55033035,R0204_55035156,0.7826530612244897
R0002_55033035,R0204_55022352,0.8076530612244898
R0002_55033035,R0204_55004131,0.8826530612244898
R0002_55033035,R0207_55036375,0.8673469387755102
R0002_55033035,R0207_55032672,0.7923469387755102
R0002_55033035,R0207_55032673,0.7923469387755102
R0002_55033035,R0290_55038074,0.7173469387755103
R0002_55033035,R0290_55041439,0.7923469387755102
R0002_55033035,R0290_55041442,0.7923469387755102
R0002_55033035,R0290_55041438,0.7923469387755102
R0002_55033035,R0290_55041440,0.7923469387755102
R0002_55033035,R0290_55041441,0.7923469387755102
R0002_55033035,R0290_55030423,0.7923469387755102
R0002_55033035,R0290_55039755,0.7923469387755102
R0002_55033035,R0290_55026840,0.7923469387755102
R0002_55033035,R0290_55038681,0.7923469387755102
R0002_55033035,R0290_55033209,0.7923469387755102
R0002_55033035,R0290_55043722,0.8673469387755102
R0002_55033035,R0377_55039577,0.8127551020408164
R0002_55033035,R0377_55032663,0.8127551020408164
R0002_55033035,R0377_55036003,0.8877551020408163
R0002_55033035,R0377_55036004,0.8877551020408163
R0002_55033035,R0377_55036006,0.8877551020408163
R0002_55033035,R0377_55036007,0.8877551020408163
R0002_55033035,R0377_55036008,0.8877551020408163
R0002_55033035,R0377_55036009,0.8877551020408163
R0002_55033035,R0377_55043375,0.8877551020408163
R0002_55033035,R0377_55032655,0.7877551020408163
R0002_55033035,R0377_55034860,0.8127551020408164
R0002_55033035,R0377_55042881,0.8127551020408164
R0002_55033035,R0377_55033035,0.7877551020408163
R0002_55033035,R0377_55044076,0.8877551020408163
R0002_55033035,R0377_55036698,0.8127551020408164
R0002_55033035,R0377_55032664,0.7377551020408163
R0002_55033035,R0377_55038331,0.8877551020408163
R0002_55033035,R0377_55041814,0.8877551020408163
R0002_55033035,R0377_55041025,0.8877551020408163
R0002_55033035,R0377_55039651,0.8877551020408163
R0002_55033035,R0377_55044100,0.7377551020408163
R0002_55033035,R0377_55026719,0.7377551020408163
R0002_55006197,R0002_55043311,0.775
R0002_55006197,R0002_55036002,1.0
R0002_55006197,R0002_55015378,1.0
R0002_55006197,R0002_55032731,0.775
R0002_55006197,R0002_55025944,0.925
R0002_55006197,R0002_55024341,0.925
R0002_55006197,R0002_55041509,0.925
R0002_55006197,R0002_55036059,1.0
R0002_55006197,R0002_55037787,1.0
R0002_55006197,R0002_55039851,0.775
R0002_55006197,R0002_55032782,1.0
R0002_55006197,R0002_55036171,0.925
R0002_55006197,R0002_55035505,0.925
R0002_55006197,R0002_55011002,1.0
R0002_55006197,R0002_55031467,0.925
R0002_55006197,R0002_55028991,1.0
R0002_55006197,R0002_55027831,0.925
R0002_55006197,R0002_55038839,0.925
R0002_55006197,R0002_55019960,1.0
R0002_55006197,R0002_55033035,1.0
R0002_55006197,R0002_55036505,0.775
R0002_55006197,R0002_55044076,1.0
R0002_55006197,R0002_55036050,0.775
R0002_55006197,R0002_55037530,0.925
R0002_55006197,R0002_55040793,1.0
R0002_55006197,R0002_55043136,1.0
R0002_55006197,R0002_55014421,1.0
R0002_55006197,R0002_55003518,0.775
R0002_55006197,R0002_55027319,0.775
R0002_55006197,R0002_55035727,1.0
R0002_55006197,R0002_55032858,1.0
R0002_55006197,R0002_55029026,0.9
R0002_55006197,R0002_55039889,1.0
R0002_55006197,R0002_55041025,1.0
R0002_55006197,R0002_55041833,1.0
R0002_55006197,R0002_55031084,1.0
R0002_55006197,R0002_55030125,1.0
R0002_55006197,R0002_55011220,0.775
R0002_55006197,R0002_55043779,1.0
R0002_55006197,R0002_55026664,1.0
R0002_55006197,R0002_55037878,0.775
R0002_55006197,R0002_55043901,0.925
R0002_55006197,R0002_55037718,1.0
R0002_55006197,R0002_55042075,0.925
R0002_55006197,R0002_55031358,1.0
R0002_55006197,R0002_55025080,0.775
R0002_55006197,R0002_55037283,1.0
R0002_55006197,R0002_55019387,0.9
R0002_55006197,R0043_55035478,0.7770408163265305
R0002_55006197,R0043_55032756,0.7020408163265306
R0002_55006197,R0043_55039677,0.8520408163265306
R0002_55006197,R0043_55039678,0.8520408163265306
R0002_55006197,R0043_55029067,0.8520408163265306
R0002_55006197,R0043_55036252,0.8520408163265306
R0002_55006197,R0043_55034675,0.8520408163265306
R0002_55006197,R0043_55031083,0.8520408163265306
R0002_55006197,R0043_55036209,0.8520408163265306
R0002_55006197,R0043_55035181,0.8520408163265306
R0002_55006197,R0043_55032758,0.7520408163265306
R0002_55006197,R0043_55039681,0.8520408163265306
R0002_55006197,R0043_55039682,0.8520408163265306
R0002_55006197,R0043_55039683,0.8520408163265306
R0002_55006197,R0043_55039684,0.8520408163265306
R0002_55006197,R0043_55032632,0.7770408163265305
R0002_55006197,R0043_55021537,0.7770408163265305
R0002_55006197,R0043_55041926,0.7020408163265306
R0002_55006197,R0043_55029012,0.8520408163265306
R0002_55006197,R0043_55034882,0.8520408163265306
R0002_55006197,R0043_55039679,0.8520408163265306
R0002_55006197,R0043_55032862,0.8520408163265306
R0002_55006197,R0043_55032759,0.8520408163265306
R0002_55006197,R0043_55037980,0.8520408163265306
R0002_55006197,R0043_55037979,0.8520408163265306
R0002_55006197,R0043_55027552,0.8520408163265306
R0002_55006197,R0043_55034879,0.8520408163265306
R0002_55006197,R0043_55032908,0.8520408163265306
R0002_55006197,R0043_55039686,0.7020408163265306
R0002_55006197,R0043_55032863,0.8520408163265306
R0002_55006197,R0043_55009127,0.7020408163265306
R0002_55006197,R0043_55036250,0.8520408163265306
R0002_55006197,R0043_55034880,0.7520408163265306
R0002_55006197,R0043_55032860,0.8520408163265306
R0002_55006197,R0043_55029506,0.7770408163265305
R0002_55006197,R0043_55031288,0.7520408163265306
R0002_55006197,R0043_55036124,0.8520408163265306
R0002_55006197,R0043_55039830,0.8520408163265306
R0002_55006197,R0043_55034325,0.7520408163265306
R0002_55006197,R0043_55039829,0.8520408163265306
R0002_55006197,R0043_55031080,0.6270408163265306
R0002_55006197,R0043_55031077,0.8520408163265306
R0002_55006197,R0043_55017366,0.7770408163265305
R0002_55006197,R0043_55034335,0.8520408163265306
R0002_55006197,R0043_55031005,0.7020408163265306
R0002_55006197,R0055_55007584,0.7224489795918367
R0002_55006197,R0055_55007583,0.7724489795918368
R0002_55006197,R0204_55005925,0.8826530612244898
R0002_55006197,R0204_55032685,0.8076530612244898
R0002_55006197,R0204_55035156,0.7826530612244897
R0002_55006197,R0204_55022352,0.8076530612244898
R0002_55006197,R0204_55004131,0.8826530612244898
R0002_55006197,R0207_55036375,0.8673469387755102
R0002_55006197,R0207_55032672,0.7923469387755102
R0002_55006197,R0207_55032673,0.7923469387755102
R0002_55006197,R0290_55038074,0.7173469387755103
R0002_55006197,R0290_55041439,0.7923469387755102
R0002_55006197,R0290_55041442,0.7923469387755102
R0002_55006197,R0290_55041438,0.7923469387755102
R0002_55006197,R0290_55041440,0.7923469387755102
R0002_55006197,R0290_55041441,0.7923469387755102
R0002_55006197,R0290_55030423,0.7923469387755102
R0002_55006197,R0290_55039755,0.7923469387755102
R0002_55006197,R0290_55026840,0.7923469387755102
R0002_55006197,R0290_55038681,0.7923469387755102
R0002_55006197,R0290_55033209,0.7923469387755102
R0002_55006197,R0290_55043722,0.8673469387755102
R0002_55006197,R0377_55039577,0.8127551020408164
R0002_55006197,R0377_55032663,0.8127551020408164
R0002_55006197,R0377_55036003,0.8877551020408163
R0002_55006197,R0377_55036004,0.8877551020408163
R0002_55006197,R0377_55036006,0.8877551020408163
R0002_55006197,R0377_55036007,0.8877551020408163
R0002_55006197,R0377_55036008,0.8877551020408163
R0002_55006197,R0377_55036009,0.8877551020408163
R0002_55006197,R0377_55043375,0.8877551020408163
R0002_55006197,R0377_55032655,0.7877551020408163
R0002_55006197,R0377_55034860,0.8127551020408164
R0002_55006197,R0377_55042881,0.8127551020408164
R0002_55006197,R0377_55033035,0.7877551020408163
R0002_55006197,R0377_55044076,0.8877551020408163
R0002_55006197,R0377_55036698,0.8127551020408164
R0002_55006197,R0377_55032664,0.7377551020408163
R0002_55006197,R0377_55038331,0.8877551020408163
R0002_55006197,R0377_55041814,0.8877551020408163
R0002_55006197,R0377_55041025,0.8877551020408163
R0002_55006197,R0377_55039651,0.8877551020408163
R0002_55006197,R0377_55044100,0.7377551020408163
R0002_55006197,R0377_55026719,0.7377551020408163
R0002_55036505,R0002_55043311,1.0
R0002_55036505,R0002_55036002,0.925
R0002_55036505,R0002_55015378,0.925
R0002_55036505,R0002_55032731,1.0
R0002_55036505,R0002_55025944,0.9
R0002_55036505,R0002_55024341,0.9
R0002_55036505,R0002_55041509,0.9
R0002_55036505,R0002_55036059,0.925
R0002_55036505,R0002_55037787,0.925
R0002_55036505,R0002_55039851,1.0
R0002_55036505,R0002_55032782,0.925
R0002_55036505,R0002_55036171,0.9
R0002_55036505,R0002_55035505,0.9
R0002_55036505,R0002_55011002,0.925
R0002_55036505,R0002_55031467,0.9
R0002_55036505,R0002_55028991,0.925
R0002_55036505,R0002_55027831,0.9
R0002_55036505,R0002_55038839,0.9
R0002_55036505,R0002_55019960,0.925
R0002_55036505,R0002_55033035,0.925
R0002_55036505,R0002_55006197,0.925
R0002_55036505,R0002_55044076,0.925
R0002_55036505,R0002_55036050,1.0
R0002_55036505,R0002_55037530,0.9
R0002_55036505,R0002_55040793,0.925
R0002_55036505,R0002_55043136,0.925
R0002_55036505,R0002_55014421,0.925
R0002_55036505,R0002_55003518,1.0
R0002_55036505,R0002_55027319,1.0
R0002_55036505,R0002_55035727,0.925
R0002_55036505,R0002_55032858,0.925
R0002_55036505,R0002_55029026,0.875
R0002_55036505,R0002_55039889,0.925
R0002_55036505,R0002_55041025,0.925
R0002_55036505,R0002_55041833,0.925
R0002_55036505,R0002_55031084,0.925
R0002_55036505,R0002_55030125,0.925
R0002_55036505,R0002_55011220,1.0
R0002_55036505,R0002_55043779,0.925
R0002_55036505,R0002_55026664,0.925
R0002_55036505,R0002_55037878,1.0
R0002_55036505,R0002_55043901,0.9
R0002_55036505,R0002_55037718,0.925
R0002_55036505,R0002_55042075,0.9
R0002_55036505,R0002_55031358,0.925
R0002_55036505,R0002_55025080,1.0
R0002_55036505,R0002_55037283,0.925
R0002_55036505,R0002_55019387,0.875
R0002_55036505,R0043_55035478,0.7520408163265306
R0002_55036505,R0043_55032756,0.6770408163265306
R0002_55036505,R0043_55039677,0.7770408163265305
R0002_55036505,R0043_55039678,0.7770408163265305
R0002_55036505,R0043_55029067,0.7770408163265305
R0002_55036505,R0043_55036252,0.7770408163265305
R0002_55036505,R0043_55034675,0.7770408163265305
R0002_55036505,R0043_55031083,0.7770408163265305
R0002_55036505,R0043_55036209,0.7770408163265305
R0002_55036505,R0043_55035181,0.7770408163265305
R0002_55036505,R0043_55032758,0.7270408163265306
R0002_55036505,R0043_55039681,0.7770408163265305
R0002_55036505,R0043_55039682,0.7770408163265305
R0002_55036505,R0043_55039683,0.7770408163265305
R0002_55036505,R0043_55039684,0.7770408163265305
R0002_55036505,R0043_55032632,0.7520408163265306
R0002_55036505,R0043_55021537,0.7520408163265306
R0002_55036505,R0043_55041926,0.6770408163265306
R0002_55036505,R0043_55029012,0.7770408163265305
R0002_55036505,R0043_55034882,0.7770408163265305
R0002_55036505,R0043_55039679,0.7770408163265305
R0002_55036505,R0043_55032862,0.7770408163265305
R0002_55036505,R0043_55032759,0.7770408163265305
R0002_55036505,R0043_55037980,0.7770408163265305
R0002_55036505,R0043_55037979,0.7770408163265305
R0002_55036505,R0043_55027552,0.7770408163265305
R0002_55036505,R0043_55034879,0.7770408163265305
R0002_55036505,R0043_55032908,0.7770408163265305
R0002_55036505,R0043_55039686,0.6770408163265306
R0002_55036505,R0043_55032863,0.7770408163265305
R0002_55036505,R0043_55009127,0.6770408163265306
R0002_55036505,R0043_55036250,0.7770408163265305
R0002_55036505,R0043_55034880,0.7270408163265306
R0002_55036505,R0043_55032860,0.7770408163265305
R0002_55036505,R0043_55029506,0.7520408163265306
R0002_55036505,R0043_55031288,0.7270408163265306
R0002_55036505,R0043_55036124,0.7770408163265305
R0002_55036505,R0043_55039830,0.7770408163265305
R0002_55036505,R0043_55034325,0.7270408163265306
R0002_55036505,R0043_55039829,0.7770408163265305
R0002_55036505,R0043_55031080,0.8520408163265306
R0002_55036505,R0043_55031077,0.7770408163265305
R0002_55036505,R0043_55017366,0.7520408163265306
R0002_55036505,R0043_55034335,0.7770408163265305
R0002_55036505,R0043_55031005,0.6770408163265306
R0002_55036505,R0055_55007584,0.6974489795918367
R0002_55036505,R0055_55007583,0.7474489795918366
R0002_55036505,R0204_55005925,0.8076530612244898
R0002_55036505,R0204_55032685,0.7826530612244897
R0002_55036505,R0204_55035156,0.7576530612244898
R0002_55036505,R0204_55022352,0.7826530612244897
R0002_55036505,R0204_55004131,0.8076530612244898
R0002_55036505,R0207_55036375,0.7923469387755102
R0002_55036505,R0207_55032672,0.7673469387755102
R0002_55036505,R0207_55032673,0.7673469387755102
R0002_55036505,R0290_55038074,0.6923469387755101
R0002_55036505,R0290_55041439,0.7673469387755102
R0002_55036505,R0290_55041442,0.7673469387755102
R0002_55036505,R0290_55041438,0.7673469387755102
R0002_55036505,R0290_55041440,0.7673469387755102
R0002_55036505,R0290_55041441,0.7673469387755102
R0002_55036505,R0290_55030423,0.7673469387755102
R0002_55036505,R0290_55039755,0.7673469387755102
R0002_55036505,R0290_55026840,0.7673469387755102
R0002_55036505,R0290_55038681,0.7673469387755102
R0002_55036505,R0290_55033209,0.7673469387755102
R0002_55036505,R0290_55043722,0.7923469387755102
R0002_55036505,R0377_55039577,0.7877551020408163
R0002_55036505,R0377_55032663,0.7877551020408163
R0002_55036505,R0377_55036003,0.8127551020408164
R0002_55036505,R0377_55036004,0.8127551020408164
R0002_55036505,R0377_55036006,0.8127551020408164
R0002_55036505,R0377_55036007,0.8127551020408164
R0002_55036505,R0377_55036008,0.8127551020408164
R0002_55036505,R0377_55036009,0.8127551020408164
R0002_55036505,R0377_55043375,0.8127551020408164
R0002_55036505,R0377_55032655,0.7627551020408163
R0002_55036505,R0377_55034860,0.7877551020408163
R0002_55036505,R0377_55042881,0.7877551020408163
R0002_55036505,R0377_55033035,0.7627551020408163
R0002_55036505,R0377_55044076,0.8127551020408164
R0002_55036505,R0377_55036698,0.7877551020408163
R0002_55036505,R0377_55032664,0.7127551020408163
R0002_55036505,R0377_55038331,0.8127551020408164
R0002_55036505,R0377_55041814,0.8127551020408164
R0002_55036505,R0377_55041025,0.8127551020408164
R0002_55036505,R0377_55039651,0.8127551020408164
R0002_55036505,R0377_55044100,0.7127551020408163
R0002_55036505,R0377_55026719,0.7127551020408163
R0002_55044076,R0002_55043311,0.775
R0002_55044076,R0002_55036002,1.0
R0002_55044076,R0002_55015378,1.0
R0002_55044076,R0002_55032731,0.775
R0002_55044076,R0002_55025944,0.925
R0002_55044076,R0002_55024341,0.925
R0002_55044076,R0002_55041509,0.925
R0002_55044076,R0002_55036059,1.0
R0002_55044076,R0002_55037787,1.0
R0002_55044076,R0002_55039851,0.775
R0002_55044076,R0002_55032782,1.0
R0002_55044076,R0002_55036171,0.925
R0002_55044076,R0002_55035505,0.925
R0002_55044076,R0002_55011002,1.0
R0002_55044076,R0002_55031467,0.925
R0002_55044076,R0002_55028991,1.0
R0002_55044076,R0002_55027831,0.925
R0002_55044076,R0002_55038839,0.925
R0002_55044076,R0002_55019960,1.0
R0002_55044076,R0002_55033035,1.0
R0002_55044076,R0002_55006197,1.0
R0002_55044076,R0002_55036505,0.775
R0002_55044076,R0002_55036050,0.775
R0002_55044076,R0002_55037530,0.925
R0002_55044076,R0002_55040793,1.0
R0002_55044076,R0002_55043136,1.0
R0002_55044076,R0002_55014421,1.0
R0002_55044076,R0002_55003518,0.775
R0002_55044076,R0002_55027319,0.775
R0002_55044076,R0002_55035727,1.0
R0002_55044076,R0002_55032858,1.0
R0002_55044076,R0002_55029026,0.9
R0002_55044076,R0002_55039889,1.0
R0002_55044076,R0002_55041025,1.0
R0002_55044076,R0002_55041833,1.0
R0002_55044076,R0002_55031084,1.0
R0002_55044076,R0002_55030125,1.0
R0002_55044076,R0002_55011220,0.775
R0002_55044076,R0002_55043779,1.0
R0002_55044076,R0002_55026664,1.0
R0002_55044076,R0002_55037878,0.775
R0002_55044076,R0002_55043901,0.925
R0002_55044076,R0002_55037718,1.0
R0002_55044076,R0002_55042075,0.925
R0002_55044076,R0002_55031358,1.0
R0002_55044076,R0002_55025080,0.775
R0002_55044076,R0002_55037283,1.0
R0002_55044076,R0002_55019387,0.9
R0002_55044076,R0043_55035478,0.7770408163265305
R0002_55044076,R0043_55032756,0.7020408163265306
R0002_55044076,R0043_55039677,0.8520408163265306
R0002_55044076,R0043_55039678,0.8520408163265306
R0002_55044076,R0043_55029067,0.8520408163265306
R0002_55044076,R0043_55036252,0.8520408163265306
R0002_55044076,R0043_55034675,0.8520408163265306
R0002_55044076,R0043_55031083,0.8520408163265306
R0002_55044076,R0043_55036209,0.8520408163265306
R0002_55044076,R0043_55035181,0.8520408163265306
R0002_55044076,R0043_55032758,0.7520408163265306
R0002_55044076,R0043_55039681,0.8520408163265306
R0002_55044076,R0043_55039682,0.8520408163265306
R0002_55044076,R0043_55039683,0.8520408163265306
R0002_55044076,R0043_55039684,0.8520408163265306
R0002_55044076,R0043_55032632,0.7770408163265305
R0002_55044076,R0043_55021537,0.7770408163265305
R0002_55044076,R0043_55041926,0.7020408163265306
R0002_55044076,R0043_55029012,0.8520408163265306
R0002_55044076,R0043_55034882,0.8520408163265306
R0002_55044076,R0043_55039679,0.8520408163265306
R0002_55044076,R0043_55032862,0.8520408163265306
R0002_55044076,R0043_55032759,0.8520408163265306
R0002_55044076,R0043_55037980,0.8520408163265306
R0002_55044076,R0043_55037979,0.8520408163265306
R0002_55044076,R0043_55027552,0.8520408163265306
R0002_55044076,R0043_55034879,0.8520408163265306
R0002_55044076,R0043_55032908,0.8520408163265306
R0002_55044076,R0043_55039686,0.7020408163265306
R0002_55044076,R0043_55032863,0.8520408163265306
R0002_55044076,R0043_55009127,0.7020408163265306
R0002_55044076,R0043_55036250,0.8520408163265306
R0002_55044076,R0043_55034880,0.7520408163265306
R0002_55044076,R0043_55032860,0.8520408163265306
R0002_55044076,R0043_55029506,0.7770408163265305
R0002_55044076,R0043_55031288,0.7520408163265306
R0002_55044076,R0043_55036124,0.8520408163265306
R0002_55044076,R0043_55039830,0.8520408163265306
R0002_55044076,R0043_55034325,0.7520408163265306
R0002_55044076,R0043_55039829,0.8520408163265306
R0002_55044076,R0043_55031080,0.6270408163265306
R0002_55044076,R0043_55031077,0.8520408163265306
R0002_55044076,R0043_55017366,0.7770408163265305
R0002_55044076,R0043_55034335,0.8520408163265306
R0002_55044076,R0043_55031005,0.7020408163265306
R0002_55044076,R0055_55007584,0.7224489795918367
R0002_55044076,R0055_55007583,0.7724489795918368
R0002_55044076,R0204_55005925,0.8826530612244898
R0002_55044076,R0204_55032685,0.8076530612244898
R0002_55044076,R0204_55035156,0.7826530612244897
R0002_55044076,R0204_55022352,0.8076530612244898
R0002_55044076,R0204_55004131,0.8826530612244898
R0002_55044076,R0207_55036375,0.8673469387755102
R0002_55044076,R0207_55032672,0.7923469387755102
R0002_55044076,R0207_55032673,0.7923469387755102
R0002_55044076,R0290_55038074,0.7173469387755103
R0002_55044076,R0290_55041439,0.7923469387755102
R0002_55044076,R0290_55041442,0.7923469387755102
R0002_55044076,R0290_55041438,0.7923469387755102
R0002_55044076,R0290_55041440,0.7923469387755102
R0002_55044076,R0290_55041441,0.7923469387755102
R0002_55044076,R0290_55030423,0.7923469387755102
R0002_55044076,R0290_55039755,0.7923469387755102
R0002_55044076,R0290_55026840,0.7923469387755102
R0002_55044076,R0290_55038681,0.7923469387755102
R0002_55044076,R0290_55033209,0.7923469387755102
R0002_55044076,R0290_55043722,0.8673469387755102
R0002_55044076,R0377_55039577,0.8127551020408164
R0002_55044076,R0377_55032663,0.8127551020408164
R0002_55044076,R0377_55036003,0.8877551020408163
R0002_55044076,R0377_55036004,0.8877551020408163
R0002_55044076,R0377_55036006,0.8877551020408163
R0002_55044076,R0377_55036007,0.8877551020408163
R0002_55044076,R0377_55036008,0.8877551020408163
R0002_55044076,R0377_55036009,0.8877551020408163
R0002_55044076,R0377_55043375,0.8877551020408163
R0002_55044076,R0377_55032655,0.7877551020408163
R0002_55044076,R0377_55034860,0.8127551020408164
R0002_55044076,R0377_55042881,0.8127551020408164
R0002_55044076,R0377_55033035,0.7877551020408163
R0002_55044076,R0377_55044076,0.8877551020408163
R0002_55044076,R0377_55036698,0.8127551020408164
R0002_55044076,R0377_55032664,0.7377551020408163
R0002_55044076,R0377_55038331,0.8877551020408163
R0002_55044076,R0377_55041814,0.8877551020408163
R0002_55044076,R0377_55041025,0.8877551020408163
R0002_55044076,R0377_55039651,0.8877551020408163
R0002_55044076,R0377_55044100,0.7377551020408163
R0002_55044076,R0377_55026719,0.7377551020408163
R0002_55036050,R0002_55043311,1.0
R0002_55036050,R0002_55036002,0.925
R0002_55036050,R0002_55015378,0.925
R0002_55036050,R0002_55032731,1.0
R0002_55036050,R0002_55025944,0.9
R0002_55036050,R0002_55024341,0.9
R0002_55036050,R0002_55041509,0.9
R0002_55036050,R0002_55036059,0.925
R0002_55036050,R0002_55037787,0.925
R0002_55036050,R0002_55039851,1.0
R0002_55036050,R0002_55032782,0.925
R0002_55036050,R0002_55036171,0.9
R0002_55036050,R0002_55035505,0.9
R0002_55036050,R0002_55011002,0.925
R0002_55036050,R0002_55031467,0.9
R0002_55036050,R0002_55028991,0.925
R0002_55036050,R0002_55027831,0.9
R0002_55036050,R0002_55038839,0.9
R0002_55036050,R0002_55019960,0.925
R0002_55036050,R0002_55033035,0.925
R0002_55036050,R0002_55006197,0.925
R0002_55036050,R0002_55036505,1.0
R0002_55036050,R0002_55044076,0.925
R0002_55036050,R0002_55037530,0.9
R0002_55036050,R0002_55040793,0.925
R0002_55036050,R0002_55043136,0.925
R0002_55036050,R0002_55014421,0.925
R0002_55036050,R0002_55003518,1.0
R0002_55036050,R0002_55027319,1.0
R0002_55036050,R0002_55035727,0.925
R0002_55036050,R0002_55032858,0.925
R0002_55036050,R0002_55029026,0.875
R0002_55036050,R0002_55039889,0.925
R0002_55036050,R0002_55041025,0.925
R0002_55036050,R0002_55041833,0.925
R0002_55036050,R0002_55031084,0.925
R0002_55036050,R0002_55030125,0.925
R0002_55036050,R0002_55011220,1.0
R0002_55036050,R0002_55043779,0.925
R0002_55036050,R0002_55026664,0.925
R0002_55036050,R0002_55037878,1.0
R0002_55036050,R0002_55043901,0.9
R0002_55036050,R0002_55037718,0.925
R0002_55036050,R0002_55042075,0.9
R0002_55036050,R0002_55031358,0.925
R0002_55036050,R0002_55025080,1.0
R0002_55036050,R0002_55037283,0.925
R0002_55036050,R0002_55019387,0.875
R0002_55036050,R0043_55035478,0.7520408163265306
R0002_55036050,R0043_55032756,0.6770408163265306
R0002_55036050,R0043_55039677,0.7770408163265305
R0002_55036050,R0043_55039678,0.7770408163265305
R0002_55036050,R0043_55029067,0.7770408163265305
R0002_55036050,R0043_55036252,0.7770408163265305
R0002_55036050,R0043_55034675,0.7770408163265305
R0002_55036050,R0043_55031083,0.7770408163265305
R0002_55036050,R0043_55036209,0.7770408163265305
R0002_55036050,R0043_55035181,0.7770408163265305
R0002_55036050,R0043_55032758,0.7270408163265306
R0002_55036050,R0043_55039681,0.7770408163265305
R0002_55036050,R0043_55039682,0.7770408163265305
R0002_55036050,R0043_55039683,0.7770408163265305
R0002_55036050,R0043_55039684,0.7770408163265305
R0002_55036050,R0043_55032632,0.7520408163265306
R0002_55036050,R0043_55021537,0.7520408163265306
R0002_55036050,R0043_55041926,0.6770408163265306
R0002_55036050,R0043_55029012,0.7770408163265305
R0002_55036050,R0043_55034882,0.7770408163265305
R0002_55036050,R0043_55039679,0.7770408163265305
R0002_55036050,R0043_55032862,0.7770408163265305
R0002_55036050,R0043_55032759,0.7770408163265305
R0002_55036050,R0043_55037980,0.7770408163265305
R0002_55036050,R0043_55037979,0.7770408163265305
R0002_55036050,R0043_55027552,0.7770408163265305
R0002_55036050,R0043_55034879,0.7770408163265305
R0002_55036050,R0043_55032908,0.7770408163265305
R0002_55036050,R0043_55039686,0.6770408163265306
R0002_55036050,R0043_55032863,0.7770408163265305
R0002_55036050,R0043_55009127,0.6770408163265306
R0002_55036050,R0043_55036250,0.7770408163265305
R0002_55036050,R0043_55034880,0.7270408163265306
R0002_55036050,R0043_55032860,0.7770408163265305
R0002_55036050,R0043_55029506,0.7520408163265306
R0002_55036050,R0043_55031288,0.7270408163265306
R0002_55036050,R0043_55036124,0.7770408163265305
R0002_55036050,R0043_55039830,0.7770408163265305
R0002_55036050,R0043_55034325,0.7270408163265306
R0002_55036050,R0043_55039829,0.7770408163265305
R0002_55036050,R0043_55031080,0.8520408163265306
R0002_55036050,R0043_55031077,0.7770408163265305
R0002_55036050,R0043_55017366,0.7520408163265306
R0002_55036050,R0043_55034335,0.7770408163265305
R0002_55036050,R0043_55031005,0.6770408163265306
R0002_55036050,R0055_55007584,0.6974489795918367
R0002_55036050,R0055_55007583,0.7474489795918366
R0002_55036050,R0204_55005925,0.8076530612244898
R0002_55036050,R0204_55032685,0.7826530612244897
R0002_55036050,R0204_55035156,0.7576530612244898
R0002_55036050,R0204_55022352,0.7826530612244897
R0002_55036050,R0204_55004131,0.8076530612244898
R0002_55036050,R0207_55036375,0.7923469387755102
R0002_55036050,R0207_55032672,0.7673469387755102
R0002_55036050,R0207_55032673,0.7673469387755102
R0002_55036050,R0290_55038074,0.6923469387755101
R0002_55036050,R0290_55041439,0.7673469387755102
R0002_55036050,R0290_55041442,0.7673469387755102
R0002_55036050,R0290_55041438,0.7673469387755102
R0002_55036050,R0290_55041440,0.7673469387755102
R0002_55036050,R0290_55041441,0.7673469387755102
R0002_55036050,R0290_55030423,0.7673469387755102
R0002_55036050,R0290_55039755,0.7673469387755102
R0002_55036050,R0290_55026840,0.7673469387755102
R0002_55036050,R0290_55038681,0.7673469387755102
R0002_55036050,R0290_55033209,0.7673469387755102
R0002_55036050,R0290_55043722,0.7923469387755102
R0002_55036050,R0377_55039577,0.7877551020408163
R0002_55036050,R0377_55032663,0.7877551020408163
R0002_55036050,R0377_55036003,0.8127551020408164
R0002_55036050,R0377_55036004,0.8127551020408164
R0002_55036050,R0377_55036006,0.8127551020408164
R0002_55036050,R0377_55036007,0.8127551020408164
R0002_55036050,R0377_55036008,0.8127551020408164
R0002_55036050,R0377_55036009,0.8127551020408164
R0002_55036050,R0377_55043375,0.8127551020408164
R0002_55036050,R0377_55032655,0.7627551020408163
R0002_55036050,R0377_55034860,0.7877551020408163
R0002_55036050,R0377_55042881,0.7877551020408163
R0002_55036050,R0377_55033035,0.7627551020408163
R0002_55036050,R0377_55044076,0.8127551020408164
R0002_55036050,R0377_55036698,0.7877551020408163
R0002_55036050,R0377_55032664,0.7127551020408163
R0002_55036050,R0377_55038331,0.8127551020408164
R0002_55036050,R0377_55041814,0.8127551020408164
R0002_55036050,R0377_55041025,0.8127551020408164
R0002_55036050,R0377_55039651,0.8127551020408164
R0002_55036050,R0377_55044100,0.7127551020408163
R0002_55036050,R0377_55026719,0.7127551020408163
R0002_55037530,R0002_55043311,0.75
R0002_55037530,R0002_55036002,0.775
R0002_55037530,R0002_55015378,0.775
R0002_55037530,R0002_55032731,0.75
R0002_55037530,R0002_55025944,1.0
R0002_55037530,R0002_55024341,1.0
R0002_55037530,R0002_55041509,1.0
R0002_55037530,R0002_55036059,0.775
R0002_55037530,R0002_55037787,0.775
R0002_55037530,R0002_55039851,0.75
R0002_55037530,R0002_55032782,0.775
R0002_55037530,R0002_55036171,1.0
R0002_55037530,R0002_55035505,1.0
R0002_55037530,R0002_55011002,0.775
R0002_55037530,R0002_55031467,1.0
R0002_55037530,R0002_55028991,0.775
R0002_55037530,R0002_55027831,1.0
R0002_55037530,R0002_55038839,1.0
R0002_55037530,R0002_55019960,0.775
R0002_55037530,R0002_55033035,0.775
R0002_55037530,R0002_55006197,0.775
R0002_55037530,R0002_55036505,0.75
R0002_55037530,R0002_55044076,0.775
R0002_55037530,R0002_55036050,0.75
R0002_55037530,R0002_55040793,0.775
R0002_55037530,R0002_55043136,0.775
R0002_55037530,R0002_55014421,0.775
R0002_55037530,R0002_55003518,0.75
R0002_55037530,R0002_55027319,0.75
R0002_55037530,R0002_55035727,0.775
R0002_55037530,R0002_55032858,0.775
R0002_55037530,R0002_55029026,0.925
R0002_55037530,R0002_55039889,0.775
R0002_55037530,R0002_55041025,0.775
R0002_55037530,R0002_55041833,0.775
R0002_55037530,R0002_55031084,0.775
R0002_55037530,R0002_55030125,0.775
R0002_55037530,R0002_55011220,0.75
R0002_55037530,R0002_55043779,0.775
R0002_55037530,R0002_55026664,0.775
R0002_55037530,R0002_55037878,0.75
R0002_55037530,R0002_55043901,1.0
R0002_55037530,R0002_55037718,0.775
R0002_55037530,R0002_55042075,1.0
R0002_55037530,R0002_55031358,0.775
R0002_55037530,R0002_55025080,0.75
R0002_55037530,R0002_55037283,0.775
R0002_55037530,R0002_55019387,0.925
R0002_55037530,R0043_55035478,0.8520408163265306
R0002_55037530,R0043_55032756,0.7270408163265306
R0002_55037530,R0043_55039677,0.6270408163265306
R0002_55037530,R0043_55039678,0.6270408163265306
R0002_55037530,R0043_55029067,0.6270408163265306
R0002_55037530,R0043_55036252,0.6270408163265306
R0002_55037530,R0043_55034675,0.6270408163265306
R0002_55037530,R0043_55031083,0.6270408163265306
R0002_55037530,R0043_55036209,0.6270408163265306
R0002_55037530,R0043_55035181,0.6270408163265306
R0002_55037530,R0043_55032758,0.7770408163265305
R0002_55037530,R0043_55039681,0.6270408163265306
R0002_55037530,R0043_55039682,0.6270408163265306
R0002_55037530,R0043_55039683,0.6270408163265306
R0002_55037530,R0043_55039684,0.6270408163265306
R0002_55037530,R0043_55032632,0.8520408163265306
R0002_55037530,R0043_55021537,0.8520408163265306
R0002_55037530,R0043_55041926,0.7270408163265306
R0002_55037530,R0043_55029012,0.6270408163265306
R0002_55037530,R0043_55034882,0.6270408163265306
R0002_55037530,R0043_55039679,0.6270408163265306
R0002_55037530,R0043_55032862,0.6270408163265306
R0002_55037530,R0043_55032759,0.6270408163265306
R0002_55037530,R0043_55037980,0.6270408163265306
R0002_55037530,R0043_55037979,0.6270408163265306
R0002_55037530,R0043_55027552,0.6270408163265306
R0002_55037530,R0043_55034879,0.6270408163265306
R0002_55037530,R0043_55032908,0.6270408163265306
R0002_55037530,R0043_55039686,0.7270408163265306
R0002_55037530,R0043_55032863,0.6270408163265306
R0002_55037530,R0043_55009127,0.7270408163265306
R0002_55037530,R0043_55036250,0.6270408163265306
R0002_55037530,R0043_55034880,0.7770408163265305
R0002_55037530,R0043_55032860,0.6270408163265306
R0002_55037530,R0043_55029506,0.8520408163265306
R0002_55037530,R0043_55031288,0.7770408163265305
R0002_55037530,R0043_55036124,0.6270408163265306
R0002_55037530,R0043_55039830,0.6270408163265306
R0002_55037530,R0043_55034325,0.7770408163265305
R0002_55037530,R0043_55039829,0.6270408163265306
R0002_55037530,R0043_55031080,0.6020408163265306
R0002_55037530,R0043_55031077,0.6270408163265306
R0002_55037530,R0043_55017366,0.8520408163265306
R0002_55037530,R0043_55034335,0.6270408163265306
R0002_55037530,R0043_55031005,0.7270408163265306
R0002_55037530,R0055_55007584,0.7474489795918366
R0002_55037530,R0055_55007583,0.7974489795918367
R0002_55037530,R0204_55005925,0.6576530612244897
R0002_55037530,R0204_55032685,0.8826530612244898
R0002_55037530,R0204_55035156,0.8076530612244898
R0002_55037530,R0204_55022352,0.8826530612244898
R0002_55037530,R0204_55004131,0.6576530612244897
R0002_55037530,R0207_55036375,0.6423469387755102
R0002_55037530,R0207_55032672,0.8673469387755102
R0002_55037530,R0207_55032673,0.8673469387755102
R0002_55037530,R0290_55038074,0.7423469387755102
R0002_55037530,R0290_55041439,0.8673469387755102
R0002_55037530,R0290_55041442,0.8673469387755102
R0002_55037530,R0290_55041438,0.8673469387755102
R0002_55037530,R0290_55041440,0.8673469387755102
R0002_55037530,R0290_55041441,0.8673469387755102
R0002_55037530,R0290_55030423,0.8673469387755102
R0002_55037530,R0290_55039755,0.8673469387755102
R0002_55037530,R0290_55026840,0.8673469387755102
R0002_55037530,R0290_55038681,0.8673469387755102
R0002_55037530,R0290_55033209,0.8673469387755102
R0002_55037530,R0290_55043722,0.6423469387755102
R0002_55037530,R0377_55039577,0.8877551020408163
R0002_55037530,R0377_55032663,0.8877551020408163
R0002_55037530,R0377_55036003,0.6627551020408163
R0002_55037530,R0377_55036004,0.6627551020408163
R0002_55037530,R0377_55036006,0.6627551020408163
R0002_55037530,R0377_55036007,0.6627551020408163
R0002_55037530,R0377_55036008,0.6627551020408163
R0002_55037530,R0377_55036009,0.6627551020408163
R0002_55037530,R0377_55043375,0.6627551020408163
R0002_55037530,R0377_55032655,0.8127551020408164
R0002_55037530,R0377_55034860,0.8877551020408163
R0002_55037530,R0377_55042881,0.8877551020408163
R0002_55037530,R0377_55033035,0.8127551020408164
R0002_55037530,R0377_55044076,0.6627551020408163
R0002_55037530,R0377_55036698,0.8877551020408163
R0002_55037530,R0377_55032664,0.7627551020408163
R0002_55037530,R0377_55038331,0.6627551020408163
R0002_55037530,R0377_55041814,0.6627551020408163
R0002_55037530,R0377_55041025,0.6627551020408163
R0002_55037530,R0377_55039651,0.6627551020408163
R0002_55037530,R0377_55044100,0.7627551020408163
R0002_55037530,R0377_55026719,0.7627551020408163
R0002_55040793,R0002_55043311,0.775
R0002_55040793,R0002_55036002,1.0
R0002_55040793,R0002_55015378,1.0
R0002_55040793,R0002_55032731,0.775
R0002_55040793,R0002_55025944,0.925
R0002_55040793,R0002_55024341,0.925
R0002_55040793,R0002_55041509,0.925
R0002_55040793,R0002_55036059,1.0
R0002_55040793,R0002_55037787,1.0
R0002_55040793,R0002_55039851,0.775
R0002_55040793,R0002_55032782,1.0
R0002_55040793,R0002_55036171,0.925
R0002_55040793,R0002_55035505,0.925
R0002_55040793,R0002_55011002,1.0
R0002_55040793,R0002_55031467,0.925
R0002_55040793,R0002_55028991,1.0
R0002_55040793,R0002_55027831,0.925
R0002_55040793,R0002_55038839,0.925
R0002_55040793,R0002_55019960,1.0
R0002_55040793,R0002_55033035,1.0
R0002_55040793,R0002_55006197,1.0
R0002_55040793,R0002_55036505,0.775
R0002_55040793,R0002_55044076,1.0
R0002_55040793,R0002_55036050,0.775
R0002_55040793,R0002_55037530,0.925
R0002_55040793,R0002_55043136,1.0
R0002_55040793,R0002_55014421,1.0
R0002_55040793,R0002_55003518,0.775
R0002_55040793,R0002_55027319,0.775
R0002_55040793,R0002_55035727,1.0
R0002_55040793,R0002_55032858,1.0
R0002_55040793,R0002_55029026,0.9
R0002_55040793,R0002_55039889,1.0
R0002_55040793,R0002_55041025,1.0
R0002_55040793,R0002_55041833,1.0
R0002_55040793,R0002_55031084,1.0
R0002_55040793,R0002_55030125,1.0
R0002_55040793,R0002_55011220,0.775
R0002_55040793,R0002_55043779,1.0
R0002_55040793,R0002_55026664,1.0
R0002_55040793,R0002_55037878,0.775
R0002_55040793,R0002_55043901,0.925
R0002_55040793,R0002_55037718,1.0
R0002_55040793,R0002_55042075,0.925
R0002_55040793,R0002_55031358,1.0
R0002_55040793,R0002_55025080,0.775
R0002_55040793,R0002_55037283,1.0
R0002_55040793,R0002_55019387,0.9
R0002_55040793,R0043_55035478,0.7770408163265305
R0002_55040793,R0043_55032756,0.7020408163265306
R0002_55040793,R0043_55039677,0.8520408163265306
R0002_55040793,R0043_55039678,0.8520408163265306
R0002_55040793,R0043_55029067,0.8520408163265306
R0002_55040793,R0043_55036252,0.8520408163265306
R0002_55040793,R0043_55034675,0.8520408163265306
R0002_55040793,R0043_55031083,0.8520408163265306
R0002_55040793,R0043_55036209,0.8520408163265306
R0002_55040793,R0043_55035181,0.8520408163265306
R0002_55040793,R0043_55032758,0.7520408163265306
R0002_55040793,R0043_55039681,0.8520408163265306
R0002_55040793,R0043_55039682,0.8520408163265306
R0002_55040793,R0043_55039683,0.8520408163265306
R0002_55040793,R0043_55039684,0.8520408163265306
R0002_55040793,R0043_55032632,0.7770408163265305
R0002_55040793,R0043_55021537,0.7770408163265305
R0002_55040793,R0043_55041926,0.7020408163265306
R0002_55040793,R0043_55029012,0.8520408163265306
R0002_55040793,R0043_55034882,0.8520408163265306
R0002_55040793,R0043_55039679,0.8520408163265306
R0002_55040793,R0043_55032862,0.8520408163265306
R0002_55040793,R0043_55032759,0.8520408163265306
R0002_55040793,R0043_55037980,0.8520408163265306
R0002_55040793,R0043_55037979,0.8520408163265306
R0002_55040793,R0043_55027552,0.8520408163265306
R0002_55040793,R0043_55034879,0.8520408163265306
R0002_55040793,R0043_55032908,0.8520408163265306
R0002_55040793,R0043_55039686,0.7020408163265306
R0002_55040793,R0043_55032863,0.8520408163265306
R0002_55040793,R0043_55009127,0.7020408163265306
R0002_55040793,R0043_55036250,0.8520408163265306
R0002_55040793,R0043_55034880,0.7520408163265306
R0002_55040793,R0043_55032860,0.8520408163265306
R0002_55040793,R0043_55029506,0.7770408163265305
R0002_55040793,R0043_55031288,0.7520408163265306
R0002_55040793,R0043_55036124,0.8520408163265306
R0002_55040793,R0043_55039830,0.8520408163265306
R0002_55040793,R0043_55034325,0.7520408163265306
R0002_55040793,R0043_55039829,0.8520408163265306
R0002_55040793,R0043_55031080,0.6270408163265306
R0002_55040793,R0043_55031077,0.8520408163265306
R0002_55040793,R0043_55017366,0.7770408163265305
R0002_55040793,R0043_55034335,0.8520408163265306
R0002_55040793,R0043_55031005,0.7020408163265306
R0002_55040793,R0055_55007584,0.7224489795918367
R0002_55040793,R0055_55007583,0.7724489795918368
R0002_55040793,R0204_55005925,0.8826530612244898
R0002_55040793,R0204_55032685,0.8076530612244898
R0002_55040793,R0204_55035156,0.7826530612244897
R0002_55040793,R0204_55022352,0.8076530612244898
R0002_55040793,R0204_55004131,0.8826530612244898
R0002_55040793,R0207_55036375,0.8673469387755102
R0002_55040793,R0207_55032672,0.7923469387755102
R0002_55040793,R0207_55032673,0.7923469387755102
R0002_55040793,R0290_55038074,0.7173469387755103
R0002_55040793,R0290_55041439,0.7923469387755102
R0002_55040793,R0290_55041442,0.7923469387755102
R0002_55040793,R0290_55041438,0.7923469387755102
R0002_55040793,R0290_55041440,0.7923469387755102
R0002_55040793,R0290_55041441,0.7923469387755102
R0002_55040793,R0290_55030423,0.7923469387755102
R0002_55040793,R0290_55039755,0.7923469387755102
R0002_55040793,R0290_55026840,0.7923469387755102
R0002_55040793,R0290_55038681,0.7923469387755102
R0002_55040793,R0290_55033209,0.7923469387755102
R0002_55040793,R0290_55043722,0.8673469387755102
R0002_55040793,R0377_55039577,0.8127551020408164
R0002_55040793,R0377_55032663,0.8127551020408164
R0002_55040793,R0377_55036003,0.8877551020408163
R0002_55040793,R0377_55036004,0.8877551020408163
R0002_55040793,R0377_55036006,0.8877551020408163
R0002_55040793,R0377_55036007,0.8877551020408163
R0002_55040793,R0377_55036008,0.8877551020408163
R0002_55040793,R0377_55036009,0.8877551020408163
R0002_55040793,R0377_55043375,0.8877551020408163
R0002_55040793,R0377_55032655,0.7877551020408163
R0002_55040793,R0377_55034860,0.8127551020408164
R0002_55040793,R0377_55042881,0.8127551020408164
R0002_55040793,R0377_55033035,0.7877551020408163
R0002_55040793,R0377_55044076,0.8877551020408163
R0002_55040793,R0377_55036698,0.8127551020408164
R0002_55040793,R0377_55032664,0.7377551020408163
R0002_55040793,R0377_55038331,0.8877551020408163
R0002_55040793,R0377_55041814,0.8877551020408163
R0002_55040793,R0377_55041025,0.8877551020408163
R0002_55040793,R0377_55039651,0.8877551020408163
R0002_55040793,R0377_55044100,0.7377551020408163
R0002_55040793,R0377_55026719,0.7377551020408163
R0002_55043136,R0002_55043311,0.775
R0002_55043136,R0002_55036002,1.0
R0002_55043136,R0002_55015378,1.0
R0002_55043136,R0002_55032731,0.775
R0002_55043136,R0002_55025944,0.925
R0002_55043136,R0002_55024341,0.925
R0002_55043136,R0002_55041509,0.925
R0002_55043136,R0002_55036059,1.0
R0002_55043136,R0002_55037787,1.0
R0002_55043136,R0002_55039851,0.775
R0002_55043136,R0002_55032782,1.0
R0002_55043136,R0002_55036171,0.925
R0002_55043136,R0002_55035505,0.925
R0002_55043136,R0002_55011002,1.0
R0002_55043136,R0002_55031467,0.925
R0002_55043136,R0002_55028991,1.0
R0002_55043136,R0002_55027831,0.925
R0002_55043136,R0002_55038839,0.925
R0002_55043136,R0002_55019960,1.0
R0002_55043136,R0002_55033035,1.0
R0002_55043136,R0002_55006197,1.0
R0002_55043136,R0002_55036505,0.775
R0002_55043136,R0002_55044076,1.0
R0002_55043136,R0002_55036050,0.775
R0002_55043136,R0002_55037530,0.925
R0002_55043136,R0002_55040793,1.0
R0002_55043136,R0002_55014421,1.0
R0002_55043136,R0002_55003518,0.775
R0002_55043136,R0002_55027319,0.775
R0002_55043136,R0002_55035727,1.0
R0002_55043136,R0002_55032858,1.0
R0002_55043136,R0002_55029026,0.9
R0002_55043136,R0002_55039889,1.0
R0002_55043136,R0002_55041025,1.0
R0002_55043136,R0002_55041833,1.0
R0002_55043136,R0002_55031084,1.0
R0002_55043136,R0002_55030125,1.0
R0002_55043136,R0002_55011220,0.775
R0002_55043136,R0002_55043779,1.0
R0002_55043136,R0002_55026664,1.0
R0002_55043136,R0002_55037878,0.775
R0002_55043136,R0002_55043901,0.925
R0002_55043136,R0002_55037718,1.0
R0002_55043136,R0002_55042075,0.925
R0002_55043136,R0002_55031358,1.0
R0002_55043136,R0002_55025080,0.775
R0002_55043136,R0002_55037283,1.0
R0002_55043136,R0002_55019387,0.9
R0002_55043136,R0043_55035478,0.7770408163265305
R0002_55043136,R0043_55032756,0.7020408163265306
R0002_55043136,R0043_55039677,0.8520408163265306
R0002_55043136,R0043_55039678,0.8520408163265306
R0002_55043136,R0043_55029067,0.8520408163265306
R0002_55043136,R0043_55036252,0.8520408163265306
R0002_55043136,R0043_55034675,0.8520408163265306
R0002_55043136,R0043_55031083,0.8520408163265306
R0002_55043136,R0043_55036209,0.8520408163265306
R0002_55043136,R0043_55035181,0.8520408163265306
R0002_55043136,R0043_55032758,0.7520408163265306
R0002_55043136,R0043_55039681,0.8520408163265306
R0002_55043136,R0043_55039682,0.8520408163265306
R0002_55043136,R0043_55039683,0.8520408163265306
R0002_55043136,R0043_55039684,0.8520408163265306
R0002_55043136,R0043_55032632,0.7770408163265305
R0002_55043136,R0043_55021537,0.7770408163265305
R0002_55043136,R0043_55041926,0.7020408163265306
R0002_55043136,R0043_55029012,0.8520408163265306
R0002_55043136,R0043_55034882,0.8520408163265306
R0002_55043136,R0043_55039679,0.8520408163265306
R0002_55043136,R0043_55032862,0.8520408163265306
R0002_55043136,R0043_55032759,0.8520408163265306
R0002_55043136,R0043_55037980,0.8520408163265306
R0002_55043136,R0043_55037979,0.8520408163265306
R0002_55043136,R0043_55027552,0.8520408163265306
R0002_55043136,R0043_55034879,0.8520408163265306
R0002_55043136,R0043_55032908,0.8520408163265306
R0002_55043136,R0043_55039686,0.7020408163265306
R0002_55043136,R0043_55032863,0.8520408163265306
R0002_55043136,R0043_55009127,0.7020408163265306
R0002_55043136,R0043_55036250,0.8520408163265306
R0002_55043136,R0043_55034880,0.7520408163265306
R0002_55043136,R0043_55032860,0.8520408163265306
R0002_55043136,R0043_55029506,0.7770408163265305
R0002_55043136,R0043_55031288,0.7520408163265306
R0002_55043136,R0043_55036124,0.8520408163265306
R0002_55043136,R0043_55039830,0.8520408163265306
R0002_55043136,R0043_55034325,0.7520408163265306
R0002_55043136,R0043_55039829,0.8520408163265306
R0002_55043136,R0043_55031080,0.6270408163265306
R0002_55043136,R0043_55031077,0.8520408163265306
R0002_55043136,R0043_55017366,0.7770408163265305
R0002_55043136,R0043_55034335,0.8520408163265306
R0002_55043136,R0043_55031005,0.7020408163265306
R0002_55043136,R0055_55007584,0.7224489795918367
R0002_55043136,R0055_55007583,0.7724489795918368
R0002_55043136,R0204_55005925,0.8826530612244898
R0002_55043136,R0204_55032685,0.8076530612244898
R0002_55043136,R0204_55035156,0.7826530612244897
R0002_55043136,R0204_55022352,0.8076530612244898
R0002_55043136,R0204_55004131,0.8826530612244898
R0002_55043136,R0207_55036375,0.8673469387755102
R0002_55043136,R0207_55032672,0.7923469387755102
R0002_55043136,R0207_55032673,0.7923469387755102
R0002_55043136,R0290_55038074,0.7173469387755103
R0002_55043136,R0290_55041439,0.7923469387755102
R0002_55043136,R0290_55041442,0.7923469387755102
R0002_55043136,R0290_55041438,0.7923469387755102
R0002_55043136,R0290_55041440,0.7923469387755102
R0002_55043136,R0290_55041441,0.7923469387755102
R0002_55043136,R0290_55030423,0.7923469387755102
R0002_55043136,R0290_55039755,0.7923469387755102
R0002_55043136,R0290_55026840,0.7923469387755102
R0002_55043136,R0290_55038681,0.7923469387755102
R0002_55043136,R0290_55033209,0.7923469387755102
R0002_55043136,R0290_55043722,0.8673469387755102
R0002_55043136,R0377_55039577,0.8127551020408164
R0002_55043136,R0377_55032663,0.8127551020408164
R0002_55043136,R0377_55036003,0.8877551020408163
R0002_55043136,R0377_55036004,0.8877551020408163
R0002_55043136,R0377_55036006,0.8877551020408163
R0002_55043136,R0377_55036007,0.8877551020408163
R0002_55043136,R0377_55036008,0.8877551020408163
R0002_55043136,R0377_55036009,0.8877551020408163
R0002_55043136,R0377_55043375,0.8877551020408163
R0002_55043136,R0377_55032655,0.7877551020408163
R0002_55043136,R0377_55034860,0.8127551020408164
R0002_55043136,R0377_55042881,0.8127551020408164
R0002_55043136,R0377_55033035,0.7877551020408163
R0002_55043136,R0377_55044076,0.8877551020408163
R0002_55043136,R0377_55036698,0.8127551020408164
R0002_55043136,R0377_55032664,0.7377551020408163
R0002_55043136,R0377_55038331,0.8877551020408163
R0002_55043136,R0377_55041814,0.8877551020408163
R0002_55043136,R0377_55041025,0.8877551020408163
R0002_55043136,R0377_55039651,0.8877551020408163
R0002_55043136,R0377_55044100,0.7377551020408163
R0002_55043136,R0377_55026719,0.7377551020408163
R0002_55014421,R0002_55043311,0.775
R0002_55014421,R0002_55036002,1.0
R0002_55014421,R0002_55015378,1.0
R0002_55014421,R0002_55032731,0.775
R0002_55014421,R0002_55025944,0.925
R0002_55014421,R0002_55024341,0.925
R0002_55014421,R0002_55041509,0.925
R0002_55014421,R0002_55036059,1.0
R0002_55014421,R0002_55037787,1.0
R0002_55014421,R0002_55039851,0.775
R0002_55014421,R0002_55032782,1.0
R0002_55014421,R0002_55036171,0.925
R0002_55014421,R0002_55035505,0.925
R0002_55014421,R0002_55011002,1.0
R0002_55014421,R0002_55031467,0.925
R0002_55014421,R0002_55028991,1.0
R0002_55014421,R0002_55027831,0.925
R0002_55014421,R0002_55038839,0.925
R0002_55014421,R0002_55019960,1.0
R0002_55014421,R0002_55033035,1.0
R0002_55014421,R0002_55006197,1.0
R0002_55014421,R0002_55036505,0.775
R0002_55014421,R0002_55044076,1.0
R0002_55014421,R0002_55036050,0.775
R0002_55014421,R0002_55037530,0.925
R0002_55014421,R0002_55040793,1.0
R0002_55014421,R0002_55043136,1.0
R0002_55014421,R0002_55003518,0.775
R0002_55014421,R0002_55027319,0.775
R0002_55014421,R0002_55035727,1.0
R0002_55014421,R0002_55032858,1.0
R0002_55014421,R0002_55029026,0.9
R0002_55014421,R0002_55039889,1.0
R0002_55014421,R0002_55041025,1.0
R0002_55014421,R0002_55041833,1.0
R0002_55014421,R0002_55031084,1.0
R0002_55014421,R0002_55030125,1.0
R0002_55014421,R0002_55011220,0.775
R0002_55014421,R0002_55043779,1.0
R0002_55014421,R0002_55026664,1.0
R0002_55014421,R0002_55037878,0.775
R0002_55014421,R0002_55043901,0.925
R0002_55014421,R0002_55037718,1.0
R0002_55014421,R0002_55042075,0.925
R0002_55014421,R0002_55031358,1.0
R0002_55014421,R0002_55025080,0.775
R0002_55014421,R0002_55037283,1.0
R0002_55014421,R0002_55019387,0.9
R0002_55014421,R0043_55035478,0.7770408163265305
R0002_55014421,R0043_55032756,0.7020408163265306
R0002_55014421,R0043_55039677,0.8520408163265306
R0002_55014421,R0043_55039678,0.8520408163265306
R0002_55014421,R0043_55029067,0.8520408163265306
R0002_55014421,R0043_55036252,0.8520408163265306
R0002_55014421,R0043_55034675,0.8520408163265306
R0002_55014421,R0043_55031083,0.8520408163265306
R0002_55014421,R0043_55036209,0.8520408163265306
R0002_55014421,R0043_55035181,0.8520408163265306
R0002_55014421,R0043_55032758,0.7520408163265306
R0002_55014421,R0043_55039681,0.8520408163265306
R0002_55014421,R0043_55039682,0.8520408163265306
R0002_55014421,R0043_55039683,0.8520408163265306
R0002_55014421,R0043_55039684,0.8520408163265306
R0002_55014421,R0043_55032632,0.7770408163265305
R0002_55014421,R0043_55021537,0.7770408163265305
R0002_55014421,R0043_55041926,0.7020408163265306
R0002_55014421,R0043_55029012,0.8520408163265306
R0002_55014421,R0043_55034882,0.8520408163265306
R0002_55014421,R0043_55039679,0.8520408163265306
R0002_55014421,R0043_55032862,0.8520408163265306
R0002_55014421,R0043_55032759,0.8520408163265306
R0002_55014421,R0043_55037980,0.8520408163265306
R0002_55014421,R0043_55037979,0.8520408163265306
R0002_55014421,R0043_55027552,0.8520408163265306
R0002_55014421,R0043_55034879,0.8520408163265306
R0002_55014421,R0043_55032908,0.8520408163265306
R0002_55014421,R0043_55039686,0.7020408163265306
R0002_55014421,R0043_55032863,0.8520408163265306
R0002_55014421,R0043_55009127,0.7020408163265306
R0002_55014421,R0043_55036250,0.8520408163265306
R0002_55014421,R0043_55034880,0.7520408163265306
R0002_55014421,R0043_55032860,0.8520408163265306
R0002_55014421,R0043_55029506,0.7770408163265305
R0002_55014421,R0043_55031288,0.7520408163265306
R0002_55014421,R0043_55036124,0.8520408163265306
R0002_55014421,R0043_55039830,0.8520408163265306
R0002_55014421,R0043_55034325,0.7520408163265306
R0002_55014421,R0043_55039829,0.8520408163265306
R0002_55014421,R0043_55031080,0.6270408163265306
R0002_55014421,R0043_55031077,0.8520408163265306
R0002_55014421,R0043_55017366,0.7770408163265305
R0002_55014421,R0043_55034335,0.8520408163265306
R0002_55014421,R0043_55031005,0.7020408163265306
R0002_55014421,R0055_55007584,0.7224489795918367
R0002_55014421,R0055_55007583,0.7724489795918368
R0002_55014421,R0204_55005925,0.8826530612244898
R0002_55014421,R0204_55032685,0.8076530612244898
R0002_55014421,R0204_55035156,0.7826530612244897
R0002_55014421,R0204_55022352,0.8076530612244898
R0002_55014421,R0204_55004131,0.8826530612244898
R0002_55014421,R0207_55036375,0.8673469387755102
R0002_55014421,R0207_55032672,0.7923469387755102
R0002_55014421,R0207_55032673,0.7923469387755102
R0002_55014421,R0290_55038074,0.7173469387755103
R0002_55014421,R0290_55041439,0.7923469387755102
R0002_55014421,R0290_55041442,0.7923469387755102
R0002_55014421,R0290_55041438,0.7923469387755102
R0002_55014421,R0290_55041440,0.7923469387755102
R0002_55014421,R0290_55041441,0.7923469387755102
R0002_55014421,R0290_55030423,0.7923469387755102
R0002_55014421,R0290_55039755,0.7923469387755102
R0002_55014421,R0290_55026840,0.7923469387755102
R0002_55014421,R0290_55038681,0.7923469387755102
R0002_55014421,R0290_55033209,0.7923469387755102
R0002_55014421,R0290_55043722,0.8673469387755102
R0002_55014421,R0377_55039577,0.8127551020408164
R0002_55014421,R0377_55032663,0.8127551020408164
R0002_55014421,R0377_55036003,0.8877551020408163
R0002_55014421,R0377_55036004,0.8877551020408163
R0002_55014421,R0377_55036006,0.8877551020408163
R0002_55014421,R0377_55036007,0.8877551020408163
R0002_55014421,R0377_55036008,0.8877551020408163
R0002_55014421,R0377_55036009,0.8877551020408163
R0002_55014421,R0377_55043375,0.8877551020408163
R0002_55014421,R0377_55032655,0.7877551020408163
R0002_55014421,R0377_55034860,0.8127551020408164
R0002_55014421,R0377_55042881,0.8127551020408164
R0002_55014421,R0377_55033035,0.7877551020408163
R0002_55014421,R0377_55044076,0.8877551020408163
R0002_55014421,R0377_55036698,0.8127551020408164
R0002_55014421,R0377_55032664,0.7377551020408163
R0002_55014421,R0377_55038331,0.8877551020408163
R0002_55014421,R0377_55041814,0.8877551020408163
R0002_55014421,R0377_55041025,0.8877551020408163
R0002_55014421,R0377_55039651,0.8877551020408163
R0002_55014421,R0377_55044100,0.7377551020408163
R0002_55014421,R0377_55026719,0.7377551020408163
R0002_55003518,R0002_55043311,1.0
R0002_55003518,R0002_55036002,0.925
R0002_55003518,R0002_55015378,0.925
R0002_55003518,R0002_55032731,1.0
R0002_55003518,R0002_55025944,0.9
R0002_55003518,R0002_55024341,0.9
R0002_55003518,R0002_55041509,0.9
R0002_55003518,R0002_55036059,0.925
R0002_55003518,R0002_55037787,0.925
R0002_55003518,R0002_55039851,1.0
R0002_55003518,R0002_55032782,0.925
R0002_55003518,R0002_55036171,0.9
R0002_55003518,R0002_55035505,0.9
R0002_55003518,R0002_55011002,0.925
R0002_55003518,R0002_55031467,0.9
R0002_55003518,R0002_55028991,0.925
R0002_55003518,R0002_55027831,0.9
R0002_55003518,R0002_55038839,0.9
R0002_55003518,R0002_55019960,0.925
R0002_55003518,R0002_55033035,0.925
R0002_55003518,R0002_55006197,0.925
R0002_55003518,R0002_55036505,1.0
R0002_55003518,R0002_55044076,0.925
R0002_55003518,R0002_55036050,1.0
R0002_55003518,R0002_55037530,0.9
R0002_55003518,R0002_55040793,0.925
R0002_55003518,R0002_55043136,0.925
R0002_55003518,R0002_55014421,0.925
R0002_55003518,R0002_55027319,1.0
R0002_55003518,R0002_55035727,0.925
R0002_55003518,R0002_55032858,0.925
R0002_55003518,R0002_55029026,0.875
R0002_55003518,R0002_55039889,0.925
R0002_55003518,R0002_55041025,0.925
R0002_55003518,R0002_55041833,0.925
R0002_55003518,R0002_55031084,0.925
R0002_55003518,R0002_55030125,0.925
R0002_55003518,R0002_55011220,1.0
R0002_55003518,R0002_55043779,0.925
R0002_55003518,R0002_55026664,0.925
R0002_55003518,R0002_55037878,1.0
R0002_55003518,R0002_55043901,0.9
R0002_55003518,R0002_55037718,0.925
R0002_55003518,R0002_55042075,0.9
R0002_55003518,R0002_55031358,0.925
R0002_55003518,R0002_55025080,1.0
R0002_55003518,R0002_55037283,0.925
R0002_55003518,R0002_55019387,0.875
R0002_55003518,R0043_55035478,0.7520408163265306
R0002_55003518,R0043_55032756,0.6770408163265306
R0002_55003518,R0043_55039677,0.7770408163265305
R0002_55003518,R0043_55039678,0.7770408163265305
R0002_55003518,R0043_55029067,0.7770408163265305
R0002_55003518,R0043_55036252,0.7770408163265305
R0002_55003518,R0043_55034675,0.7770408163265305
R0002_55003518,R0043_55031083,0.7770408163265305
R0002_55003518,R0043_55036209,0.7770408163265305
R0002_55003518,R0043_55035181,0.7770408163265305
R0002_55003518,R0043_55032758,0.7270408163265306
R0002_55003518,R0043_55039681,0.7770408163265305
R0002_55003518,R0043_55039682,0.7770408163265305
R0002_55003518,R0043_55039683,0.7770408163265305
R0002_55003518,R0043_55039684,0.7770408163265305
R0002_55003518,R0043_55032632,0.7520408163265306
R0002_55003518,R0043_55021537,0.7520408163265306
R0002_55003518,R0043_55041926,0.6770408163265306
R0002_55003518,R0043_55029012,0.7770408163265305
R0002_55003518,R0043_55034882,0.7770408163265305
R0002_55003518,R0043_55039679,0.7770408163265305
R0002_55003518,R0043_55032862,0.7770408163265305
R0002_55003518,R0043_55032759,0.7770408163265305
R0002_55003518,R0043_55037980,0.7770408163265305
R0002_55003518,R0043_55037979,0.7770408163265305
R0002_55003518,R0043_55027552,0.7770408163265305
R0002_55003518,R0043_55034879,0.7770408163265305
R0002_55003518,R0043_55032908,0.7770408163265305
R0002_55003518,R0043_55039686,0.6770408163265306
R0002_55003518,R0043_55032863,0.7770408163265305
R0002_55003518,R0043_55009127,0.6770408163265306
R0002_55003518,R0043_55036250,0.7770408163265305
R0002_55003518,R0043_55034880,0.7270408163265306
R0002_55003518,R0043_55032860,0.7770408163265305
R0002_55003518,R0043_55029506,0.7520408163265306
R0002_55003518,R0043_55031288,0.7270408163265306
R0002_55003518,R0043_55036124,0.7770408163265305
R0002_55003518,R0043_55039830,0.7770408163265305
R0002_55003518,R0043_55034325,0.7270408163265306
R0002_55003518,R0043_55039829,0.7770408163265305
R0002_55003518,R0043_55031080,0.8520408163265306
R0002_55003518,R0043_55031077,0.7770408163265305
R0002_55003518,R0043_55017366,0.7520408163265306
R0002_55003518,R0043_55034335,0.7770408163265305
R0002_55003518,R0043_55031005,0.6770408163265306
R0002_55003518,R0055_55007584,0.6974489795918367
R0002_55003518,R0055_55007583,0.7474489795918366
R0002_55003518,R0204_55005925,0.8076530612244898
R0002_55003518,R0204_55032685,0.7826530612244897
R0002_55003518,R0204_55035156,0.7576530612244898
R0002_55003518,R0204_55022352,0.7826530612244897
R0002_55003518,R0204_55004131,0.8076530612244898
R0002_55003518,R0207_55036375,0.7923469387755102
R0002_55003518,R0207_55032672,0.7673469387755102
R0002_55003518,R0207_55032673,0.7673469387755102
R0002_55003518,R0290_55038074,0.6923469387755101
R0002_55003518,R0290_55041439,0.7673469387755102
R0002_55003518,R0290_55041442,0.7673469387755102
R0002_55003518,R0290_55041438,0.7673469387755102
R0002_55003518,R0290_55041440,0.7673469387755102
R0002_55003518,R0290_55041441,0.7673469387755102
R0002_55003518,R0290_55030423,0.7673469387755102
R0002_55003518,R0290_55039755,0.7673469387755102
R0002_55003518,R0290_55026840,0.7673469387755102
R0002_55003518,R0290_55038681,0.7673469387755102
R0002_55003518,R0290_55033209,0.7673469387755102
R0002_55003518,R0290_55043722,0.7923469387755102
R0002_55003518,R0377_55039577,0.7877551020408163
R0002_55003518,R0377_55032663,0.7877551020408163
R0002_55003518,R0377_55036003,0.8127551020408164
R0002_55003518,R0377_55036004,0.8127551020408164
R0002_55003518,R0377_55036006,0.8127551020408164
R0002_55003518,R0377_55036007,0.8127551020408164
R0002_55003518,R0377_55036008,0.8127551020408164
R0002_55003518,R0377_55036009,0.8127551020408164
R0002_55003518,R0377_55043375,0.8127551020408164
R0002_55003518,R0377_55032655,0.7627551020408163
R0002_55003518,R0377_55034860,0.7877551020408163
R0002_55003518,R0377_55042881,0.7877551020408163
R0002_55003518,R0377_55033035,0.7627551020408163
R0002_55003518,R0377_55044076,0.8127551020408164
R0002_55003518,R0377_55036698,0.7877551020408163
R0002_55003518,R0377_55032664,0.7127551020408163
R0002_55003518,R0377_55038331,0.8127551020408164
R0002_55003518,R0377_55041814,0.8127551020408164
R0002_55003518,R0377_55041025,0.8127551020408164
R0002_55003518,R0377_55039651,0.8127551020408164
R0002_55003518,R0377_55044100,0.7127551020408163
R0002_55003518,R0377_55026719,0.7127551020408163
R0002_55027319,R0002_55043311,1.0
R0002_55027319,R0002_55036002,0.925
R0002_55027319,R0002_55015378,0.925
R0002_55027319,R0002_55032731,1.0
R0002_55027319,R0002_55025944,0.9
R0002_55027319,R0002_55024341,0.9
R0002_55027319,R0002_55041509,0.9
R0002_55027319,R0002_55036059,0.925
R0002_55027319,R0002_55037787,0.925
R0002_55027319,R0002_55039851,1.0
R0002_55027319,R0002_55032782,0.925
R0002_55027319,R0002_55036171,0.9
R0002_55027319,R0002_55035505,0.9
R0002_55027319,R0002_55011002,0.925
R0002_55027319,R0002_55031467,0.9
R0002_55027319,R0002_55028991,0.925
R0002_55027319,R0002_55027831,0.9
R0002_55027319,R0002_55038839,0.9
R0002_55027319,R0002_55019960,0.925
R0002_55027319,R0002_55033035,0.925
R0002_55027319,R0002_55006197,0.925
R0002_55027319,R0002_55036505,1.0
R0002_55027319,R0002_55044076,0.925
R0002_55027319,R0002_55036050,1.0
R0002_55027319,R0002_55037530,0.9
R0002_55027319,R0002_55040793,0.925
R0002_55027319,R0002_55043136,0.925
R0002_55027319,R0002_55014421,0.925
R0002_55027319,R0002_55003518,1.0
R0002_55027319,R0002_55035727,0.925
R0002_55027319,R0002_55032858,0.925
R0002_55027319,R0002_55029026,0.875
R0002_55027319,R0002_55039889,0.925
R0002_55027319,R0002_55041025,0.925
R0002_55027319,R0002_55041833,0.925
R0002_55027319,R0002_55031084,0.925
R0002_55027319,R0002_55030125,0.925
R0002_55027319,R0002_55011220,1.0
R0002_55027319,R0002_55043779,0.925
R0002_55027319,R0002_55026664,0.925
R0002_55027319,R0002_55037878,1.0
R0002_55027319,R0002_55043901,0.9
R0002_55027319,R0002_55037718,0.925
R0002_55027319,R0002_55042075,0.9
R0002_55027319,R0002_55031358,0.925
R0002_55027319,R0002_55025080,1.0
R0002_55027319,R0002_55037283,0.925
R0002_55027319,R0002_55019387,0.875
R0002_55027319,R0043_55035478,0.7520408163265306
R0002_55027319,R0043_55032756,0.6770408163265306
R0002_55027319,R0043_55039677,0.7770408163265305
R0002_55027319,R0043_55039678,0.7770408163265305
R0002_55027319,R0043_55029067,0.7770408163265305
R0002_55027319,R0043_55036252,0.7770408163265305
R0002_55027319,R0043_55034675,0.7770408163265305
R0002_55027319,R0043_55031083,0.7770408163265305
R0002_55027319,R0043_55036209,0.7770408163265305
R0002_55027319,R0043_55035181,0.7770408163265305
R0002_55027319,R0043_55032758,0.7270408163265306
R0002_55027319,R0043_55039681,0.7770408163265305
R0002_55027319,R0043_55039682,0.7770408163265305
R0002_55027319,R0043_55039683,0.7770408163265305
R0002_55027319,R0043_55039684,0.7770408163265305
R0002_55027319,R0043_55032632,0.7520408163265306
R0002_55027319,R0043_55021537,0.7520408163265306
R0002_55027319,R0043_55041926,0.6770408163265306
R0002_55027319,R0043_55029012,0.7770408163265305
R0002_55027319,R0043_55034882,0.7770408163265305
R0002_55027319,R0043_55039679,0.7770408163265305
R0002_55027319,R0043_55032862,0.7770408163265305
R0002_55027319,R0043_55032759,0.7770408163265305
R0002_55027319,R0043_55037980,0.7770408163265305
R0002_55027319,R0043_55037979,0.7770408163265305
R0002_55027319,R0043_55027552,0.7770408163265305
R0002_55027319,R0043_55034879,0.7770408163265305
R0002_55027319,R0043_55032908,0.7770408163265305
R0002_55027319,R0043_55039686,0.6770408163265306
R0002_55027319,R0043_55032863,0.7770408163265305
R0002_55027319,R0043_55009127,0.6770408163265306
R0002_55027319,R0043_55036250,0.7770408163265305
R0002_55027319,R0043_55034880,0.7270408163265306
R0002_55027319,R0043_55032860,0.7770408163265305
R0002_55027319,R0043_55029506,0.7520408163265306
R0002_55027319,R0043_55031288,0.7270408163265306
R0002_55027319,R0043_55036124,0.7770408163265305
R0002_55027319,R0043_55039830,0.7770408163265305
R0002_55027319,R0043_55034325,0.7270408163265306
R0002_55027319,R0043_55039829,0.7770408163265305
R0002_55027319,R0043_55031080,0.8520408163265306
R0002_55027319,R0043_55031077,0.7770408163265305
R0002_55027319,R0043_55017366,0.7520408163265306
R0002_55027319,R0043_55034335,0.7770408163265305
R0002_55027319,R0043_55031005,0.6770408163265306
R0002_55027319,R0055_55007584,0.6974489795918367
R0002_55027319,R0055_55007583,0.7474489795918366
R0002_55027319,R0204_55005925,0.8076530612244898
R0002_55027319,R0204_55032685,0.7826530612244897
R0002_55027319,R0204_55035156,0.7576530612244898
R0002_55027319,R0204_55022352,0.7826530612244897
R0002_55027319,R0204_55004131,0.8076530612244898
R0002_55027319,R0207_55036375,0.7923469387755102
R0002_55027319,R0207_55032672,0.7673469387755102
R0002_55027319,R0207_55032673,0.7673469387755102
R0002_55027319,R0290_55038074,0.6923469387755101
R0002_55027319,R0290_55041439,0.7673469387755102
R0002_55027319,R0290_55041442,0.7673469387755102
R0002_55027319,R0290_55041438,0.7673469387755102
R0002_55027319,R0290_55041440,0.7673469387755102
R0002_55027319,R0290_55041441,0.7673469387755102
R0002_55027319,R0290_55030423,0.7673469387755102
R0002_55027319,R0290_55039755,0.7673469387755102
R0002_55027319,R0290_55026840,0.7673469387755102
R0002_55027319,R0290_55038681,0.7673469387755102
R0002_55027319,R0290_55033209,0.7673469387755102
R0002_55027319,R0290_55043722,0.7923469387755102
R0002_55027319,R0377_55039577,0.7877551020408163
R0002_55027319,R0377_55032663,0.7877551020408163
R0002_55027319,R0377_55036003,0.8127551020408164
R0002_55027319,R0377_55036004,0.8127551020408164
R0002_55027319,R0377_55036006,0.8127551020408164
R0002_55027319,R0377_55036007,0.8127551020408164
R0002_55027319,R0377_55036008,0.8127551020408164
R0002_55027319,R0377_55036009,0.8127551020408164
R0002_55027319,R0377_55043375,0.8127551020408164
R0002_55027319,R0377_55032655,0.7627551020408163
R0002_55027319,R0377_55034860,0.7877551020408163
R0002_55027319,R0377_55042881,0.7877551020408163
R0002_55027319,R0377_55033035,0.7627551020408163
R0002_55027319,R0377_55044076,0.8127551020408164
R0002_55027319,R0377_55036698,0.7877551020408163
R0002_55027319,R0377_55032664,0.7127551020408163
R0002_55027319,R0377_55038331,0.8127551020408164
R0002_55027319,R0377_55041814,0.8127551020408164
R0002_55027319,R0377_55041025,0.8127551020408164
R0002_55027319,R0377_55039651,0.8127551020408164
R0002_55027319,R0377_55044100,0.7127551020408163
R0002_55027319,R0377_55026719,0.7127551020408163
R0002_55035727,R0002_55043311,0.775
R0002_55035727,R0002_55036002,1.0
R0002_55035727,R0002_55015378,1.0
R0002_55035727,R0002_55032731,0.775
R0002_55035727,R0002_55025944,0.925
R0002_55035727,R0002_55024341,0.925
R0002_55035727,R0002_55041509,0.925
R0002_55035727,R0002_55036059,1.0
R0002_55035727,R0002_55037787,1.0
R0002_55035727,R0002_55039851,0.775
R0002_55035727,R0002_55032782,1.0
R0002_55035727,R0002_55036171,0.925
R0002_55035727,R0002_55035505,0.925
R0002_55035727,R0002_55011002,1.0
R0002_55035727,R0002_55031467,0.925
R0002_55035727,R0002_55028991,1.0
R0002_55035727,R0002_55027831,0.925
R0002_55035727,R0002_55038839,0.925
R0002_55035727,R0002_55019960,1.0
R0002_55035727,R0002_55033035,1.0
R0002_55035727,R0002_55006197,1.0
R0002_55035727,R0002_55036505,0.775
R0002_55035727,R0002_55044076,1.0
R0002_55035727,R0002_55036050,0.775
R0002_55035727,R0002_55037530,0.925
R0002_55035727,R0002_55040793,1.0
R0002_55035727,R0002_55043136,1.0
R0002_55035727,R0002_55014421,1.0
R0002_55035727,R0002_55003518,0.775
R0002_55035727,R0002_55027319,0.775
R0002_55035727,R0002_55032858,1.0
R0002_55035727,R0002_55029026,0.9
R0002_55035727,R0002_55039889,1.0
R0002_55035727,R0002_55041025,1.0
R0002_55035727,R0002_55041833,1.0
R0002_55035727,R0002_55031084,1.0
R0002_55035727,R0002_55030125,1.0
R0002_55035727,R0002_55011220,0.775
R0002_55035727,R0002_55043779,1.0
R0002_55035727,R0002_55026664,1.0
R0002_55035727,R0002_55037878,0.775
R0002_55035727,R0002_55043901,0.925
R0002_55035727,R0002_55037718,1.0
R0002_55035727,R0002_55042075,0.925
R0002_55035727,R0002_55031358,1.0
R0002_55035727,R0002_55025080,0.775
R0002_55035727,R0002_55037283,1.0
R0002_55035727,R0002_55019387,0.9
R0002_55035727,R0043_55035478,0.7770408163265305
R0002_55035727,R0043_55032756,0.7020408163265306
R0002_55035727,R0043_55039677,0.8520408163265306
R0002_55035727,R0043_55039678,0.8520408163265306
R0002_55035727,R0043_55029067,0.8520408163265306
R0002_55035727,R0043_55036252,0.8520408163265306
R0002_55035727,R0043_55034675,0.8520408163265306
R0002_55035727,R0043_55031083,0.8520408163265306
R0002_55035727,R0043_55036209,0.8520408163265306
R0002_55035727,R0043_55035181,0.8520408163265306
R0002_55035727,R0043_55032758,0.7520408163265306
R0002_55035727,R0043_55039681,0.8520408163265306
R0002_55035727,R0043_55039682,0.8520408163265306
R0002_55035727,R0043_55039683,0.8520408163265306
R0002_55035727,R0043_55039684,0.8520408163265306
R0002_55035727,R0043_55032632,0.7770408163265305
R0002_55035727,R0043_55021537,0.7770408163265305
R0002_55035727,R0043_55041926,0.7020408163265306
R0002_55035727,R0043_55029012,0.8520408163265306
R0002_55035727,R0043_55034882,0.8520408163265306
R0002_55035727,R0043_55039679,0.8520408163265306
R0002_55035727,R0043_55032862,0.8520408163265306
R0002_55035727,R0043_55032759,0.8520408163265306
R0002_55035727,R0043_55037980,0.8520408163265306
R0002_55035727,R0043_55037979,0.8520408163265306
R0002_55035727,R0043_55027552,0.8520408163265306
R0002_55035727,R0043_55034879,0.8520408163265306
R0002_55035727,R0043_55032908,0.8520408163265306
R0002_55035727,R0043_55039686,0.7020408163265306
R0002_55035727,R0043_55032863,0.8520408163265306
R0002_55035727,R0043_55009127,0.7020408163265306
R0002_55035727,R0043_55036250,0.8520408163265306
R0002_55035727,R0043_55034880,0.7520408163265306
R0002_55035727,R0043_55032860,0.8520408163265306
R0002_55035727,R0043_55029506,0.7770408163265305
R0002_55035727,R0043_55031288,0.7520408163265306
R0002_55035727,R0043_55036124,0.8520408163265306
R0002_55035727,R0043_55039830,0.8520408163265306
R0002_55035727,R0043_55034325,0.7520408163265306
R0002_55035727,R0043_55039829,0.8520408163265306
R0002_55035727,R0043_55031080,0.6270408163265306
R0002_55035727,R0043_55031077,0.8520408163265306
R0002_55035727,R0043_55017366,0.7770408163265305
R0002_55035727,R0043_55034335,0.8520408163265306
R0002_55035727,R0043_55031005,0.7020408163265306
R0002_55035727,R0055_55007584,0.7224489795918367
R0002_55035727,R0055_55007583,0.7724489795918368
R0002_55035727,R0204_55005925,0.8826530612244898
R0002_55035727,R0204_55032685,0.8076530612244898
R0002_55035727,R0204_55035156,0.7826530612244897
R0002_55035727,R0204_55022352,0.8076530612244898
R0002_55035727,R0204_55004131,0.8826530612244898
R0002_55035727,R0207_55036375,0.8673469387755102
R0002_55035727,R0207_55032672,0.7923469387755102
R0002_55035727,R0207_55032673,0.7923469387755102
R0002_55035727,R0290_55038074,0.7173469387755103
R0002_55035727,R0290_55041439,0.7923469387755102
R0002_55035727,R0290_55041442,0.7923469387755102
R0002_55035727,R0290_55041438,0.7923469387755102
R0002_55035727,R0290_55041440,0.7923469387755102
R0002_55035727,R0290_55041441,0.7923469387755102
R0002_55035727,R0290_55030423,0.7923469387755102
R0002_55035727,R0290_55039755,0.7923469387755102
R0002_55035727,R0290_55026840,0.7923469387755102
R0002_55035727,R0290_55038681,0.7923469387755102
R0002_55035727,R0290_55033209,0.7923469387755102
R0002_55035727,R0290_55043722,0.8673469387755102
R0002_55035727,R0377_55039577,0.8127551020408164
R0002_55035727,R0377_55032663,0.8127551020408164
R0002_55035727,R0377_55036003,0.8877551020408163
R0002_55035727,R0377_55036004,0.8877551020408163
R0002_55035727,R0377_55036006,0.8877551020408163
R0002_55035727,R0377_55036007,0.8877551020408163
R0002_55035727,R0377_55036008,0.8877551020408163
R0002_55035727,R0377_55036009,0.8877551020408163
R0002_55035727,R0377_55043375,0.8877551020408163
R0002_55035727,R0377_55032655,0.7877551020408163
R0002_55035727,R0377_55034860,0.8127551020408164
R0002_55035727,R0377_55042881,0.8127551020408164
R0002_55035727,R0377_55033035,0.7877551020408163
R0002_55035727,R0377_55044076,0.8877551020408163
R0002_55035727,R0377_55036698,0.8127551020408164
R0002_55035727,R0377_55032664,0.7377551020408163
R0002_55035727,R0377_55038331,0.8877551020408163
R0002_55035727,R0377_55041814,0.8877551020408163
R0002_55035727,R0377_55041025,0.8877551020408163
R0002_55035727,R0377_55039651,0.8877551020408163
R0002_55035727,R0377_55044100,0.7377551020408163
R0002_55035727,R0377_55026719,0.7377551020408163
R0002_55032858,R0002_55043311,0.775
R0002_55032858,R0002_55036002,1.0
R0002_55032858,R0002_55015378,1.0
R0002_55032858,R0002_55032731,0.775
R0002_55032858,R0002_55025944,0.925
R0002_55032858,R0002_55024341,0.925
R0002_55032858,R0002_55041509,0.925
R0002_55032858,R0002_55036059,1.0
R0002_55032858,R0002_55037787,1.0
R0002_55032858,R0002_55039851,0.775
R0002_55032858,R0002_55032782,1.0
R0002_55032858,R0002_55036171,0.925
R0002_55032858,R0002_55035505,0.925
R0002_55032858,R0002_55011002,1.0
R0002_55032858,R0002_55031467,0.925
R0002_55032858,R0002_55028991,1.0
R0002_55032858,R0002_55027831,0.925
R0002_55032858,R0002_55038839,0.925
R0002_55032858,R0002_55019960,1.0
R0002_55032858,R0002_55033035,1.0
R0002_55032858,R0002_55006197,1.0
R0002_55032858,R0002_55036505,0.775
R0002_55032858,R0002_55044076,1.0
R0002_55032858,R0002_55036050,0.775
R0002_55032858,R0002_55037530,0.925
R0002_55032858,R0002_55040793,1.0
R0002_55032858,R0002_55043136,1.0
R0002_55032858,R0002_55014421,1.0
R0002_55032858,R0002_55003518,0.775
R0002_55032858,R0002_55027319,0.775
R0002_55032858,R0002_55035727,1.0
R0002_55032858,R0002_55029026,0.9
R0002_55032858,R0002_55039889,1.0
R0002_55032858,R0002_55041025,1.0
R0002_55032858,R0002_55041833,1.0
R0002_55032858,R0002_55031084,1.0
R0002_55032858,R0002_55030125,1.0
R0002_55032858,R0002_55011220,0.775
R0002_55032858,R0002_55043779,1.0
R0002_55032858,R0002_55026664,1.0
R0002_55032858,R0002_55037878,0.775
R0002_55032858,R0002_55043901,0.925
R0002_55032858,R0002_55037718,1.0
R0002_55032858,R0002_55042075,0.925
R0002_55032858,R0002_55031358,1.0
R0002_55032858,R0002_55025080,0.775
R0002_55032858,R0002_55037283,1.0
R0002_55032858,R0002_55019387,0.9
R0002_55032858,R0043_55035478,0.7770408163265305
R0002_55032858,R0043_55032756,0.7020408163265306
R0002_55032858,R0043_55039677,0.8520408163265306
R0002_55032858,R0043_55039678,0.8520408163265306
R0002_55032858,R0043_55029067,0.8520408163265306
R0002_55032858,R0043_55036252,0.8520408163265306
R0002_55032858,R0043_55034675,0.8520408163265306
R0002_55032858,R0043_55031083,0.8520408163265306
R0002_55032858,R0043_55036209,0.8520408163265306
R0002_55032858,R0043_55035181,0.8520408163265306
R0002_55032858,R0043_55032758,0.7520408163265306
R0002_55032858,R0043_55039681,0.8520408163265306
R0002_55032858,R0043_55039682,0.8520408163265306
R0002_55032858,R0043_55039683,0.8520408163265306
R0002_55032858,R0043_55039684,0.8520408163265306
R0002_55032858,R0043_55032632,0.7770408163265305
R0002_55032858,R0043_55021537,0.7770408163265305
R0002_55032858,R0043_55041926,0.7020408163265306
R0002_55032858,R0043_55029012,0.8520408163265306
R0002_55032858,R0043_55034882,0.8520408163265306
R0002_55032858,R0043_55039679,0.8520408163265306
R0002_55032858,R0043_55032862,0.8520408163265306
R0002_55032858,R0043_55032759,0.8520408163265306
R0002_55032858,R0043_55037980,0.8520408163265306
R0002_55032858,R0043_55037979,0.8520408163265306
R0002_55032858,R0043_55027552,0.8520408163265306
R0002_55032858,R0043_55034879,0.8520408163265306
R0002_55032858,R0043_55032908,0.8520408163265306
R0002_55032858,R0043_55039686,0.7020408163265306
R0002_55032858,R0043_55032863,0.8520408163265306
R0002_55032858,R0043_55009127,0.7020408163265306
R0002_55032858,R0043_55036250,0.8520408163265306
R0002_55032858,R0043_55034880,0.7520408163265306
R0002_55032858,R0043_55032860,0.8520408163265306
R0002_55032858,R0043_55029506,0.7770408163265305
R0002_55032858,R0043_55031288,0.7520408163265306
R0002_55032858,R0043_55036124,0.8520408163265306
R0002_55032858,R0043_55039830,0.8520408163265306
R0002_55032858,R0043_55034325,0.7520408163265306
R0002_55032858,R0043_55039829,0.8520408163265306
R0002_55032858,R0043_55031080,0.6270408163265306
R0002_55032858,R0043_55031077,0.8520408163265306
R0002_55032858,R0043_55017366,0.7770408163265305
R0002_55032858,R0043_55034335,0.8520408163265306
R0002_55032858,R0043_55031005,0.7020408163265306
R0002_55032858,R0055_55007584,0.7224489795918367
R0002_55032858,R0055_55007583,0.7724489795918368
R0002_55032858,R0204_55005925,0.8826530612244898
R0002_55032858,R0204_55032685,0.8076530612244898
R0002_55032858,R0204_55035156,0.7826530612244897
R0002_55032858,R0204_55022352,0.8076530612244898
R0002_55032858,R0204_55004131,0.8826530612244898
R0002_55032858,R0207_55036375,0.8673469387755102
R0002_55032858,R0207_55032672,0.7923469387755102
R0002_55032858,R0207_55032673,0.7923469387755102
R0002_55032858,R0290_55038074,0.7173469387755103
R0002_55032858,R0290_55041439,0.7923469387755102
R0002_55032858,R0290_55041442,0.7923469387755102
R0002_55032858,R0290_55041438,0.7923469387755102
R0002_55032858,R0290_55041440,0.7923469387755102
R0002_55032858,R0290_55041441,0.7923469387755102
R0002_55032858,R0290_55030423,0.7923469387755102
R0002_55032858,R0290_55039755,0.7923469387755102
R0002_55032858,R0290_55026840,0.7923469387755102
R0002_55032858,R0290_55038681,0.7923469387755102
R0002_55032858,R0290_55033209,0.7923469387755102
R0002_55032858,R0290_55043722,0.8673469387755102
R0002_55032858,R0377_55039577,0.8127551020408164
R0002_55032858,R0377_55032663,0.8127551020408164
R0002_55032858,R0377_55036003,0.8877551020408163
R0002_55032858,R0377_55036004,0.8877551020408163
R0002_55032858,R0377_55036006,0.8877551020408163
R0002_55032858,R0377_55036007,0.8877551020408163
R0002_55032858,R0377_55036008,0.8877551020408163
R0002_55032858,R0377_55036009,0.8877551020408163
R0002_55032858,R0377_55043375,0.8877551020408163
R0002_55032858,R0377_55032655,0.7877551020408163
R0002_55032858,R0377_55034860,0.8127551020408164
R0002_55032858,R0377_55042881,0.8127551020408164
R0002_55032858,R0377_55033035,0.7877551020408163
R0002_55032858,R0377_55044076,0.8877551020408163
R0002_55032858,R0377_55036698,0.8127551020408164
R0002_55032858,R0377_55032664,0.7377551020408163
R0002_55032858,R0377_55038331,0.8877551020408163
R0002_55032858,R0377_55041814,0.8877551020408163
R0002_55032858,R0377_55041025,0.8877551020408163
R0002_55032858,R0377_55039651,0.8877551020408163
R0002_55032858,R0377_55044100,0.7377551020408163
R0002_55032858,R0377_55026719,0.7377551020408163
R0002_55029026,R0002_55043311,0.75
R0002_55029026,R0002_55036002,0.75
R0002_55029026,R0002_55015378,0.75
R0002_55029026,R0002_55032731,0.75
R0002_55029026,R0002_55025944,0.775
R0002_55029026,R0002_55024341,0.775
R0002_55029026,R0002_55041509,0.775
R0002_55029026,R0002_55036059,0.75
R0002_55029026,R0002_55037787,0.75
R0002_55029026,R0002_55039851,0.75
R0002_55029026,R0002_55032782,0.75
R0002_55029026,R0002_55036171,0.775
R0002_55029026,R0002_55035505,0.775
R0002_55029026,R0002_55011002,0.75
R0002_55029026,R0002_55031467,0.775
R0002_55029026,R0002_55028991,0.75
R0002_55029026,R0002_55027831,0.775
R0002_55029026,R0002_55038839,0.775
R0002_55029026,R0002_55019960,0.75
R0002_55029026,R0002_55033035,0.75
R0002_55029026,R0002_55006197,0.75
R0002_55029026,R0002_55036505,0.75
R0002_55029026,R0002_55044076,0.75
R0002_55029026,R0002_55036050,0.75
R0002_55029026,R0002_55037530,0.775
R0002_55029026,R0002_55040793,0.75
R0002_55029026,R0002_55043136,0.75
R0002_55029026,R0002_55014421,0.75
R0002_55029026,R0002_55003518,0.75
R0002_55029026,R0002_55027319,0.75
R0002_55029026,R0002_55035727,0.75
R0002_55029026,R0002_55032858,0.75
R0002_55029026,R0002_55039889,0.75
R0002_55029026,R0002_55041025,0.75
R0002_55029026,R0002_55041833,0.75
R0002_55029026,R0002_55031084,0.75
R0002_55029026,R0002_55030125,0.75
R0002_55029026,R0002_55011220,0.75
R0002_55029026,R0002_55043779,0.75
R0002_55029026,R0002_55026664,0.75
R0002_55029026,R0002_55037878,0.75
R0002_55029026,R0002_55043901,0.775
R0002_55029026,R0002_55037718,0.75
R0002_55029026,R0002_55042075,0.775
R0002_55029026,R0002_55031358,0.75
R0002_55029026,R0002_55025080,0.75
R0002_55029026,R0002_55037283,0.75
R0002_55029026,R0002_55019387,1.0
R0002_55029026,R0043_55035478,0.6270408163265306
R0002_55029026,R0043_55032756,0.7520408163265306
R0002_55029026,R0043_55039677,0.6020408163265306
R0002_55029026,R0043_55039678,0.6020408163265306
R0002_55029026,R0043_55029067,0.6020408163265306
R0002_55029026,R0043_55036252,0.6020408163265306
R0002_55029026,R0043_55034675,0.6020408163265306
R0002_55029026,R0043_55031083,0.6020408163265306
R0002_55029026,R0043_55036209,0.6020408163265306
R0002_55029026,R0043_55035181,0.6020408163265306
R0002_55029026,R0043_55032758,0.8520408163265306
R0002_55029026,R0043_55039681,0.6020408163265306
R0002_55029026,R0043_55039682,0.6020408163265306
R0002_55029026,R0043_55039683,0.6020408163265306
R0002_55029026,R0043_55039684,0.6020408163265306
R0002_55029026,R0043_55032632,0.6270408163265306
R0002_55029026,R0043_55021537,0.6270408163265306
R0002_55029026,R0043_55041926,0.7520408163265306
R0002_55029026,R0043_55029012,0.6020408163265306
R0002_55029026,R0043_55034882,0.6020408163265306
R0002_55029026,R0043_55039679,0.6020408163265306
R0002_55029026,R0043_55032862,0.6020408163265306
R0002_55029026,R0043_55032759,0.6020408163265306
R0002_55029026,R0043_55037980,0.6020408163265306
R0002_55029026,R0043_55037979,0.6020408163265306
R0002_55029026,R0043_55027552,0.6020408163265306
R0002_55029026,R0043_55034879,0.6020408163265306
R0002_55029026,R0043_55032908,0.6020408163265306
R0002_55029026,R0043_55039686,0.7520408163265306
R0002_55029026,R0043_55032863,0.6020408163265306
R0002_55029026,R0043_55009127,0.7520408163265306
R0002_55029026,R0043_55036250,0.6020408163265306
R0002_55029026,R0043_55034880,0.8520408163265306
R0002_55029026,R0043_55032860,0.6020408163265306
R0002_55029026,R0043_55029506,0.6270408163265306
R0002_55029026,R0043_55031288,0.8520408163265306
R0002_55029026,R0043_55036124,0.6020408163265306
R0002_55029026,R0043_55039830,0.6020408163265306
R0002_55029026,R0043_55034325,0.8520408163265306
R0002_55029026,R0043_55039829,0.6020408163265306
R0002_55029026,R0043_55031080,0.6020408163265306
R0002_55029026,R0043_55031077,0.6020408163265306
R0002_55029026,R0043_55017366,0.6270408163265306
R0002_55029026,R0043_55034335,0.6020408163265306
R0002_55029026,R0043_55031005,0.7520408163265306
R0002_55029026,R0055_55007584,0.7724489795918368
R0002_55029026,R0055_55007583,0.8724489795918368
R0002_55029026,R0204_55005925,0.6326530612244898
R0002_55029026,R0204_55032685,0.6576530612244897
R0002_55029026,R0204_55035156,0.8826530612244898
R0002_55029026,R0204_55022352,0.6576530612244897
R0002_55029026,R0204_55004131,0.6326530612244898
R0002_55029026,R0207_55036375,0.6173469387755102
R0002_55029026,R0207_55032672,0.6423469387755102
R0002_55029026,R0207_55032673,0.6423469387755102
R0002_55029026,R0290_55038074,0.7673469387755102
R0002_55029026,R0290_55041439,0.6423469387755102
R0002_55029026,R0290_55041442,0.6423469387755102
R0002_55029026,R0290_55041438,0.6423469387755102
R0002_55029026,R0290_55041440,0.6423469387755102
R0002_55029026,R0290_55041441,0.6423469387755102
R0002_55029026,R0290_55030423,0.6423469387755102
R0002_55029026,R0290_55039755,0.6423469387755102
R0002_55029026,R0290_55026840,0.6423469387755102
R0002_55029026,R0290_55038681,0.6423469387755102
R0002_55029026,R0290_55033209,0.6423469387755102
R0002_55029026,R0290_55043722,0.6173469387755102
R0002_55029026,R0377_55039577,0.6627551020408163
R0002_55029026,R0377_55032663,0.6627551020408163
R0002_55029026,R0377_55036003,0.6377551020408163
R0002_55029026,R0377_55036004,0.6377551020408163
R0002_55029026,R0377_55036006,0.6377551020408163
R0002_55029026,R0377_55036007,0.6377551020408163
R0002_55029026,R0377_55036008,0.6377551020408163
R0002_55029026,R0377_55036009,0.6377551020408163
R0002_55029026,R0377_55043375,0.6377551020408163
R0002_55029026,R0377_55032655,0.8877551020408163
R0002_55029026,R0377_55034860,0.6627551020408163
R0002_55029026,R0377_55042881,0.6627551020408163
R0002_55029026,R0377_55033035,0.8877551020408163
R0002_55029026,R0377_55044076,0.6377551020408163
R0002_55029026,R0377_55036698,0.6627551020408163
R0002_55029026,R0377_55032664,0.7877551020408163
R0002_55029026,R0377_55038331,0.6377551020408163
R0002_55029026,R0377_55041814,0.6377551020408163
R0002_55029026,R0377_55041025,0.6377551020408163
R0002_55029026,R0377_55039651,0.6377551020408163
R0002_55029026,R0377_55044100,0.7877551020408163
R0002_55029026,R0377_55026719,0.7877551020408163
R0002_55039889,R0002_55043311,0.775
R0002_55039889,R0002_55036002,1.0
R0002_55039889,R0002_55015378,1.0
R0002_55039889,R0002_55032731,0.775
R0002_55039889,R0002_55025944,0.925
R0002_55039889,R0002_55024341,0.925
R0002_55039889,R0002_55041509,0.925
R0002_55039889,R0002_55036059,1.0
R0002_55039889,R0002_55037787,1.0
R0002_55039889,R0002_55039851,0.775
R0002_55039889,R0002_55032782,1.0
R0002_55039889,R0002_55036171,0.925
R0002_55039889,R0002_55035505,0.925
R0002_55039889,R0002_55011002,1.0
R0002_55039889,R0002_55031467,0.925
R0002_55039889,R0002_55028991,1.0
R0002_55039889,R0002_55027831,0.925
R0002_55039889,R0002_55038839,0.925
R0002_55039889,R0002_55019960,1.0
R0002_55039889,R0002_55033035,1.0
R0002_55039889,R0002_55006197,1.0
R0002_55039889,R0002_55036505,0.775
R0002_55039889,R0002_55044076,1.0
R0002_55039889,R0002_55036050,0.775
R0002_55039889,R0002_55037530,0.925
R0002_55039889,R0002_55040793,1.0
R0002_55039889,R0002_55043136,1.0
R0002_55039889,R0002_55014421,1.0
R0002_55039889,R0002_55003518,0.775
R0002_55039889,R0002_55027319,0.775
R0002_55039889,R0002_55035727,1.0
R0002_55039889,R0002_55032858,1.0
R0002_55039889,R0002_55029026,0.9
R0002_55039889,R0002_55041025,1.0
R0002_55039889,R0002_55041833,1.0
R0002_55039889,R0002_55031084,1.0
R0002_55039889,R0002_55030125,1.0
R0002_55039889,R0002_55011220,0.775
R0002_55039889,R0002_55043779,1.0
R0002_55039889,R0002_55026664,1.0
R0002_55039889,R0002_55037878,0.775
R0002_55039889,R0002_55043901,0.925
R0002_55039889,R0002_55037718,1.0
R0002_55039889,R0002_55042075,0.925
R0002_55039889,R0002_55031358,1.0
R0002_55039889,R0002_55025080,0.775
R0002_55039889,R0002_55037283,1.0
R0002_55039889,R0002_55019387,0.9
R0002_55039889,R0043_55035478,0.7770408163265305
R0002_55039889,R0043_55032756,0.7020408163265306
R0002_55039889,R0043_55039677,0.8520408163265306
R0002_55039889,R0043_55039678,0.8520408163265306
R0002_55039889,R0043_55029067,0.8520408163265306
R0002_55039889,R0043_55036252,0.8520408163265306
R0002_55039889,R0043_55034675,0.8520408163265306
R0002_55039889,R0043_55031083,0.8520408163265306
R0002_55039889,R0043_55036209,0.8520408163265306
R0002_55039889,R0043_55035181,0.8520408163265306
R0002_55039889,R0043_55032758,0.7520408163265306
R0002_55039889,R0043_55039681,0.8520408163265306
R0002_55039889,R0043_55039682,0.8520408163265306
R0002_55039889,R0043_55039683,0.8520408163265306
R0002_55039889,R0043_55039684,0.8520408163265306
R0002_55039889,R0043_55032632,0.7770408163265305
R0002_55039889,R0043_55021537,0.7770408163265305
R0002_55039889,R0043_55041926,0.7020408163265306
R0002_55039889,R0043_55029012,0.8520408163265306
R0002_55039889,R0043_55034882,0.8520408163265306
R0002_55039889,R0043_55039679,0.8520408163265306
R0002_55039889,R0043_55032862,0.8520408163265306
R0002_55039889,R0043_55032759,0.8520408163265306
R0002_55039889,R0043_55037980,0.8520408163265306
R0002_55039889,R0043_55037979,0.8520408163265306
R0002_55039889,R0043_55027552,0.8520408163265306
R0002_55039889,R0043_55034879,0.8520408163265306
R0002_55039889,R0043_55032908,0.8520408163265306
R0002_55039889,R0043_55039686,0.7020408163265306
R0002_55039889,R0043_55032863,0.8520408163265306
R0002_55039889,R0043_55009127,0.7020408163265306
R0002_55039889,R0043_55036250,0.8520408163265306
R0002_55039889,R0043_55034880,0.7520408163265306
R0002_55039889,R0043_55032860,0.8520408163265306
R0002_55039889,R0043_55029506,0.7770408163265305
R0002_55039889,R0043_55031288,0.7520408163265306
R0002_55039889,R0043_55036124,0.8520408163265306
R0002_55039889,R0043_55039830,0.8520408163265306
R0002_55039889,R0043_55034325,0.7520408163265306
R0002_55039889,R0043_55039829,0.8520408163265306
R0002_55039889,R0043_55031080,0.6270408163265306
R0002_55039889,R0043_55031077,0.8520408163265306
R0002_55039889,R0043_55017366,0.7770408163265305
R0002_55039889,R0043_55034335,0.8520408163265306
R0002_55039889,R0043_55031005,0.7020408163265306
R0002_55039889,R0055_55007584,0.7224489795918367
R0002_55039889,R0055_55007583,0.7724489795918368
R0002_55039889,R0204_55005925,0.8826530612244898
R0002_55039889,R0204_55032685,0.8076530612244898
R0002_55039889,R0204_55035156,0.7826530612244897
R0002_55039889,R0204_55022352,0.8076530612244898
R0002_55039889,R0204_55004131,0.8826530612244898
R0002_55039889,R0207_55036375,0.8673469387755102
R0002_55039889,R0207_55032672,0.7923469387755102
R0002_55039889,R0207_55032673,0.7923469387755102
R0002_55039889,R0290_55038074,0.7173469387755103
R0002_55039889,R0290_55041439,0.7923469387755102
R0002_55039889,R0290_55041442,0.7923469387755102
R0002_55039889,R0290_55041438,0.7923469387755102
R0002_55039889,R0290_55041440,0.7923469387755102
R0002_55039889,R0290_55041441,0.7923469387755102
R0002_55039889,R0290_55030423,0.7923469387755102
R0002_55039889,R0290_55039755,0.7923469387755102
R0002_55039889,R0290_55026840,0.7923469387755102
R0002_55039889,R0290_55038681,0.7923469387755102
R0002_55039889,R0290_55033209,0.7923469387755102
R0002_55039889,R0290_55043722,0.8673469387755102
R0002_55039889,R0377_55039577,0.8127551020408164
R0002_55039889,R0377_55032663,0.8127551020408164
R0002_55039889,R0377_55036003,0.8877551020408163
R0002_55039889,R0377_55036004,0.8877551020408163
R0002_55039889,R0377_55036006,0.8877551020408163
R0002_55039889,R0377_55036007,0.8877551020408163
R0002_55039889,R0377_55036008,0.8877551020408163
R0002_55039889,R0377_55036009,0.8877551020408163
R0002_55039889,R0377_55043375,0.8877551020408163
R0002_55039889,R0377_55032655,0.7877551020408163
R0002_55039889,R0377_55034860,0.8127551020408164
R0002_55039889,R0377_55042881,0.8127551020408164
R0002_55039889,R0377_55033035,0.7877551020408163
R0002_55039889,R0377_55044076,0.8877551020408163
R0002_55039889,R0377_55036698,0.8127551020408164
R0002_55039889,R0377_55032664,0.7377551020408163
R0002_55039889,R0377_55038331,0.8877551020408163
R0002_55039889,R0377_55041814,0.8877551020408163
R0002_55039889,R0377_55041025,0.8877551020408163
R0002_55039889,R0377_55039651,0.8877551020408163
R0002_55039889,R0377_55044100,0.7377551020408163
R0002_55039889,R0377_55026719,0.7377551020408163
R0002_55041025,R0002_55043311,0.775
R0002_55041025,R0002_55036002,1.0
R0002_55041025,R0002_55015378,1.0
R0002_55041025,R0002_55032731,0.775
R0002_55041025,R0002_55025944,0.925
R0002_55041025,R0002_55024341,0.925
R0002_55041025,R0002_55041509,0.925
R0002_55041025,R0002_55036059,1.0
R0002_55041025,R0002_55037787,1.0
R0002_55041025,R0002_55039851,0.775
R0002_55041025,R0002_55032782,1.0
R0002_55041025,R0002_55036171,0.925
R0002_55041025,R0002_55035505,0.925
R0002_55041025,R0002_55011002,1.0
R0002_55041025,R0002_55031467,0.925
R0002_55041025,R0002_55028991,1.0
R0002_55041025,R0002_55027831,0.925
R0002_55041025,R0002_55038839,0.925
R0002_55041025,R0002_55019960,1.0
R0002_55041025,R0002_55033035,1.0
R0002_55041025,R0002_55006197,1.0
R0002_55041025,R0002_55036505,0.775
R0002_55041025,R0002_55044076,1.0
R0002_55041025,R0002_55036050,0.775
R0002_55041025,R0002_55037530,0.925
R0002_55041025,R0002_55040793,1.0
R0002_55041025,R0002_55043136,1.0
R0002_55041025,R0002_55014421,1.0
R0002_55041025,R0002_55003518,0.775
R0002_55041025,R0002_55027319,0.775
R0002_55041025,R0002_55035727,1.0
R0002_55041025,R0002_55032858,1.0
R0002_55041025,R0002_55029026,0.9
R0002_55041025,R0002_55039889,1.0
R0002_55041025,R0002_55041833,1.0
R0002_55041025,R0002_55031084,1.0
R0002_55041025,R0002_55030125,1.0
R0002_55041025,R0002_55011220,0.775
R0002_55041025,R0002_55043779,1.0
R0002_55041025,R0002_55026664,1.0
R0002_55041025,R0002_55037878,0.775
R0002_55041025,R0002_55043901,0.925
R0002_55041025,R0002_55037718,1.0
R0002_55041025,R0002_55042075,0.925
R0002_55041025,R0002_55031358,1.0
R0002_55041025,R0002_55025080,0.775
R0002_55041025,R0002_55037283,1.0
R0002_55041025,R0002_55019387,0.9
R0002_55041025,R0043_55035478,0.7770408163265305
R0002_55041025,R0043_55032756,0.7020408163265306
R0002_55041025,R0043_55039677,0.8520408163265306
R0002_55041025,R0043_55039678,0.8520408163265306
R0002_55041025,R0043_55029067,0.8520408163265306
R0002_55041025,R0043_55036252,0.8520408163265306
R0002_55041025,R0043_55034675,0.8520408163265306
R0002_55041025,R0043_55031083,0.8520408163265306
R0002_55041025,R0043_55036209,0.8520408163265306
R0002_55041025,R0043_55035181,0.8520408163265306
R0002_55041025,R0043_55032758,0.7520408163265306
R0002_55041025,R0043_55039681,0.8520408163265306
R0002_55041025,R0043_55039682,0.8520408163265306
R0002_55041025,R0043_55039683,0.8520408163265306
R0002_55041025,R0043_55039684,0.8520408163265306
R0002_55041025,R0043_55032632,0.7770408163265305
R0002_55041025,R0043_55021537,0.7770408163265305
R0002_55041025,R0043_55041926,0.7020408163265306
R0002_55041025,R0043_55029012,0.8520408163265306
R0002_55041025,R0043_55034882,0.8520408163265306
R0002_55041025,R0043_55039679,0.8520408163265306
R0002_55041025,R0043_55032862,0.8520408163265306
R0002_55041025,R0043_55032759,0.8520408163265306
R0002_55041025,R0043_55037980,0.8520408163265306
R0002_55041025,R0043_55037979,0.8520408163265306
R0002_55041025,R0043_55027552,0.8520408163265306
R0002_55041025,R0043_55034879,0.8520408163265306
R0002_55041025,R0043_55032908,0.8520408163265306
R0002_55041025,R0043_55039686,0.7020408163265306
R0002_55041025,R0043_55032863,0.8520408163265306
R0002_55041025,R0043_55009127,0.7020408163265306
R0002_55041025,R0043_55036250,0.8520408163265306
R0002_55041025,R0043_55034880,0.7520408163265306
R0002_55041025,R0043_55032860,0.8520408163265306
R0002_55041025,R0043_55029506,0.7770408163265305
R0002_55041025,R0043_55031288,0.7520408163265306
R0002_55041025,R0043_55036124,0.8520408163265306
R0002_55041025,R0043_55039830,0.8520408163265306
R0002_55041025,R0043_55034325,0.7520408163265306
R0002_55041025,R0043_55039829,0.8520408163265306
R0002_55041025,R0043_55031080,0.6270408163265306
R0002_55041025,R0043_55031077,0.8520408163265306
R0002_55041025,R0043_55017366,0.7770408163265305
R0002_55041025,R0043_55034335,0.8520408163265306
R0002_55041025,R0043_55031005,0.7020408163265306
R0002_55041025,R0055_55007584,0.7224489795918367
R0002_55041025,R0055_55007583,0.7724489795918368
R0002_55041025,R0204_55005925,0.8826530612244898
R0002_55041025,R0204_55032685,0.8076530612244898
R0002_55041025,R0204_55035156,0.7826530612244897
R0002_55041025,R0204_55022352,0.8076530612244898
R0002_55041025,R0204_55004131,0.8826530612244898
R0002_55041025,R0207_55036375,0.8673469387755102
R0002_55041025,R0207_55032672,0.7923469387755102
R0002_55041025,R0207_55032673,0.7923469387755102
R0002_55041025,R0290_55038074,0.7173469387755103
R0002_55041025,R0290_55041439,0.7923469387755102
R0002_55041025,R0290_55041442,0.7923469387755102
R0002_55041025,R0290_55041438,0.7923469387755102
R0002_55041025,R0290_55041440,0.7923469387755102
R0002_55041025,R0290_55041441,0.7923469387755102
R0002_55041025,R0290_55030423,0.7923469387755102
R0002_55041025,R0290_55039755,0.7923469387755102
R0002_55041025,R0290_55026840,0.7923469387755102
R0002_55041025,R0290_55038681,0.7923469387755102
R0002_55041025,R0290_55033209,0.7923469387755102
R0002_55041025,R0290_55043722,0.8673469387755102
R0002_55041025,R0377_55039577,0.8127551020408164
R0002_55041025,R0377_55032663,0.8127551020408164
R0002_55041025,R0377_55036003,0.8877551020408163
R0002_55041025,R0377_55036004,0.8877551020408163
R0002_55041025,R0377_55036006,0.8877551020408163
R0002_55041025,R0377_55036007,0.8877551020408163
R0002_55041025,R0377_55036008,0.8877551020408163
R0002_55041025,R0377_55036009,0.8877551020408163
R0002_55041025,R0377_55043375,0.8877551020408163
R0002_55041025,R0377_55032655,0.7877551020408163
R0002_55041025,R0377_55034860,0.8127551020408164
R0002_55041025,R0377_55042881,0.8127551020408164
R0002_55041025,R0377_55033035,0.7877551020408163
R0002_55041025,R0377_55044076,0.8877551020408163
R0002_55041025,R0377_55036698,0.8127551020408164
R0002_55041025,R0377_55032664,0.7377551020408163
R0002_55041025,R0377_55038331,0.8877551020408163
R0002_55041025,R0377_55041814,0.8877551020408163
R0002_55041025,R0377_55041025,0.8877551020408163
R0002_55041025,R0377_55039651,0.8877551020408163
R0002_55041025,R0377_55044100,0.7377551020408163
R0002_55041025,R0377_55026719,0.7377551020408163
R0002_55041833,R0002_55043311,0.775
R0002_55041833,R0002_55036002,1.0
R0002_55041833,R0002_55015378,1.0
R0002_55041833,R0002_55032731,0.775
R0002_55041833,R0002_55025944,0.925
R0002_55041833,R0002_55024341,0.925
R0002_55041833,R0002_55041509,0.925
R0002_55041833,R0002_55036059,1.0
R0002_55041833,R0002_55037787,1.0
R0002_55041833,R0002_55039851,0.775
R0002_55041833,R0002_55032782,1.0
R0002_55041833,R0002_55036171,0.925
R0002_55041833,R0002_55035505,0.925
R0002_55041833,R0002_55011002,1.0
R0002_55041833,R0002_55031467,0.925
R0002_55041833,R0002_55028991,1.0
R0002_55041833,R0002_55027831,0.925
R0002_55041833,R0002_55038839,0.925
R0002_55041833,R0002_55019960,1.0
R0002_55041833,R0002_55033035,1.0
R0002_55041833,R0002_55006197,1.0
R0002_55041833,R0002_55036505,0.775
R0002_55041833,R0002_55044076,1.0
R0002_55041833,R0002_55036050,0.775
R0002_55041833,R0002_55037530,0.925
R0002_55041833,R0002_55040793,1.0
R0002_55041833,R0002_55043136,1.0
R0002_55041833,R0002_55014421,1.0
R0002_55041833,R0002_55003518,0.775
R0002_55041833,R0002_55027319,0.775
R0002_55041833,R0002_55035727,1.0
R0002_55041833,R0002_55032858,1.0
R0002_55041833,R0002_55029026,0.9
R0002_55041833,R0002_55039889,1.0
R0002_55041833,R0002_55041025,1.0
R0002_55041833,R0002_55031084,1.0
R0002_55041833,R0002_55030125,1.0
R0002_55041833,R0002_55011220,0.775
R0002_55041833,R0002_55043779,1.0
R0002_55041833,R0002_55026664,1.0
R0002_55041833,R0002_55037878,0.775
R0002_55041833,R0002_55043901,0.925
R0002_55041833,R0002_55037718,1.0
R0002_55041833,R0002_55042075,0.925
R0002_55041833,R0002_55031358,1.0
R0002_55041833,R0002_55025080,0.775
R0002_55041833,R0002_55037283,1.0
R0002_55041833,R0002_55019387,0.9
R0002_55041833,R0043_55035478,0.7770408163265305
R0002_55041833,R0043_55032756,0.7020408163265306
R0002_55041833,R0043_55039677,0.8520408163265306
R0002_55041833,R0043_55039678,0.8520408163265306
R0002_55041833,R0043_55029067,0.8520408163265306
R0002_55041833,R0043_55036252,0.8520408163265306
R0002_55041833,R0043_55034675,0.8520408163265306
R0002_55041833,R0043_55031083,0.8520408163265306
R0002_55041833,R0043_55036209,0.8520408163265306
R0002_55041833,R0043_55035181,0.8520408163265306
R0002_55041833,R0043_55032758,0.7520408163265306
R0002_55041833,R0043_55039681,0.8520408163265306
R0002_55041833,R0043_55039682,0.8520408163265306
R0002_55041833,R0043_55039683,0.8520408163265306
R0002_55041833,R0043_55039684,0.8520408163265306
R0002_55041833,R0043_55032632,0.7770408163265305
R0002_55041833,R0043_55021537,0.7770408163265305
R0002_55041833,R0043_55041926,0.7020408163265306
R0002_55041833,R0043_55029012,0.8520408163265306
R0002_55041833,R0043_55034882,0.8520408163265306
R0002_55041833,R0043_55039679,0.8520408163265306
R0002_55041833,R0043_55032862,0.8520408163265306
R0002_55041833,R0043_55032759,0.8520408163265306
R0002_55041833,R0043_55037980,0.8520408163265306
R0002_55041833,R0043_55037979,0.8520408163265306
R0002_55041833,R0043_55027552,0.8520408163265306
R0002_55041833,R0043_55034879,0.8520408163265306
R0002_55041833,R0043_55032908,0.8520408163265306
R0002_55041833,R0043_55039686,0.7020408163265306
R0002_55041833,R0043_55032863,0.8520408163265306
R0002_55041833,R0043_55009127,0.7020408163265306
R0002_55041833,R0043_55036250,0.8520408163265306
R0002_55041833,R0043_55034880,0.7520408163265306
R0002_55041833,R0043_55032860,0.8520408163265306
R0002_55041833,R0043_55029506,0.7770408163265305
R0002_55041833,R0043_55031288,0.7520408163265306
R0002_55041833,R0043_55036124,0.8520408163265306
R0002_55041833,R0043_55039830,0.8520408163265306
R0002_55041833,R0043_55034325,0.7520408163265306
R0002_55041833,R0043_55039829,0.8520408163265306
R0002_55041833,R0043_55031080,0.6270408163265306
R0002_55041833,R0043_55031077,0.8520408163265306
R0002_55041833,R0043_55017366,0.7770408163265305
R0002_55041833,R0043_55034335,0.8520408163265306
R0002_55041833,R0043_55031005,0.7020408163265306
R0002_55041833,R0055_55007584,0.7224489795918367
R0002_55041833,R0055_55007583,0.7724489795918368
R0002_55041833,R0204_55005925,0.8826530612244898
R0002_55041833,R0204_55032685,0.8076530612244898
R0002_55041833,R0204_55035156,0.7826530612244897
R0002_55041833,R0204_55022352,0.8076530612244898
R0002_55041833,R0204_55004131,0.8826530612244898
R0002_55041833,R0207_55036375,0.8673469387755102
R0002_55041833,R0207_55032672,0.7923469387755102
R0002_55041833,R0207_55032673,0.7923469387755102
R0002_55041833,R0290_55038074,0.7173469387755103
R0002_55041833,R0290_55041439,0.7923469387755102
R0002_55041833,R0290_55041442,0.7923469387755102
R0002_55041833,R0290_55041438,0.7923469387755102
R0002_55041833,R0290_55041440,0.7923469387755102
R0002_55041833,R0290_55041441,0.7923469387755102
R0002_55041833,R0290_55030423,0.7923469387755102
R0002_55041833,R0290_55039755,0.7923469387755102
R0002_55041833,R0290_55026840,0.7923469387755102
R0002_55041833,R0290_55038681,0.7923469387755102
R0002_55041833,R0290_55033209,0.7923469387755102
R0002_55041833,R0290_55043722,0.8673469387755102
R0002_55041833,R0377_55039577,0.8127551020408164
R0002_55041833,R0377_55032663,0.8127551020408164
R0002_55041833,R0377_55036003,0.8877551020408163
R0002_55041833,R0377_55036004,0.8877551020408163
R0002_55041833,R0377_55036006,0.8877551020408163
R0002_55041833,R0377_55036007,0.8877551020408163
R0002_55041833,R0377_55036008,0.8877551020408163
R0002_55041833,R0377_55036009,0.8877551020408163
R0002_55041833,R0377_55043375,0.8877551020408163
R0002_55041833,R0377_55032655,0.7877551020408163
R0002_55041833,R0377_55034860,0.8127551020408164
R0002_55041833,R0377_55042881,0.8127551020408164
R0002_55041833,R0377_55033035,0.7877551020408163
R0002_55041833,R0377_55044076,0.8877551020408163
R0002_55041833,R0377_55036698,0.8127551020408164
R0002_55041833,R0377_55032664,0.7377551020408163
R0002_55041833,R0377_55038331,0.8877551020408163
R0002_55041833,R0377_55041814,0.8877551020408163
R0002_55041833,R0377_55041025,0.8877551020408163
R0002_55041833,R0377_55039651,0.8877551020408163
R0002_55041833,R0377_55044100,0.7377551020408163
R0002_55041833,R0377_55026719,0.7377551020408163
R0002_55031084,R0002_55043311,0.775
R0002_55031084,R0002_55036002,1.0
R0002_55031084,R0002_55015378,1.0
R0002_55031084,R0002_55032731,0.775
R0002_55031084,R0002_55025944,0.925
R0002_55031084,R0002_55024341,0.925
R0002_55031084,R0002_55041509,0.925
R0002_55031084,R0002_55036059,1.0
R0002_55031084,R0002_55037787,1.0
R0002_55031084,R0002_55039851,0.775
R0002_55031084,R0002_55032782,1.0
R0002_55031084,R0002_55036171,0.925
R0002_55031084,R0002_55035505,0.925
R0002_55031084,R0002_55011002,1.0
R0002_55031084,R0002_55031467,0.925
R0002_55031084,R0002_55028991,1.0
R0002_55031084,R0002_55027831,0.925
R0002_55031084,R0002_55038839,0.925
R0002_55031084,R0002_55019960,1.0
R0002_55031084,R0002_55033035,1.0
R0002_55031084,R0002_55006197,1.0
R0002_55031084,R0002_55036505,0.775
R0002_55031084,R0002_55044076,1.0
R0002_55031084,R0002_55036050,0.775
R0002_55031084,R0002_55037530,0.925
R0002_55031084,R0002_55040793,1.0
R0002_55031084,R0002_55043136,1.0
R0002_55031084,R0002_55014421,1.0
R0002_55031084,R0002_55003518,0.775
R0002_55031084,R0002_55027319,0.775
R0002_55031084,R0002_55035727,1.0
R0002_55031084,R0002_55032858,1.0
R0002_55031084,R0002_55029026,0.9
R0002_55031084,R0002_55039889,1.0
R0002_55031084,R0002_55041025,1.0
R0002_55031084,R0002_55041833,1.0
R0002_55031084,R0002_55030125,1.0
R0002_55031084,R0002_55011220,0.775
R0002_55031084,R0002_55043779,1.0
R0002_55031084,R0002_55026664,1.0
R0002_55031084,R0002_55037878,0.775
R0002_55031084,R0002_55043901,0.925
R0002_55031084,R0002_55037718,1.0
R0002_55031084,R0002_55042075,0.925
R0002_55031084,R0002_55031358,1.0
R0002_55031084,R0002_55025080,0.775
R0002_55031084,R0002_55037283,1.0
R0002_55031084,R0002_55019387,0.9
R0002_55031084,R0043_55035478,0.7770408163265305
R0002_55031084,R0043_55032756,0.7020408163265306
R0002_55031084,R0043_55039677,0.8520408163265306
R0002_55031084,R0043_55039678,0.8520408163265306
R0002_55031084,R0043_55029067,0.8520408163265306
R0002_55031084,R0043_55036252,0.8520408163265306
R0002_55031084,R0043_55034675,0.8520408163265306
R0002_55031084,R0043_55031083,0.8520408163265306
R0002_55031084,R0043_55036209,0.8520408163265306
R0002_55031084,R0043_55035181,0.8520408163265306
R0002_55031084,R0043_55032758,0.7520408163265306
R0002_55031084,R0043_55039681,0.8520408163265306
R0002_55031084,R0043_55039682,0.8520408163265306
R0002_55031084,R0043_55039683,0.8520408163265306
R0002_55031084,R0043_55039684,0.8520408163265306
R0002_55031084,R0043_55032632,0.7770408163265305
R0002_55031084,R0043_55021537,0.7770408163265305
R0002_55031084,R0043_55041926,0.7020408163265306
R0002_55031084,R0043_55029012,0.8520408163265306
R0002_55031084,R0043_55034882,0.8520408163265306
R0002_55031084,R0043_55039679,0.8520408163265306
R0002_55031084,R0043_55032862,0.8520408163265306
R0002_55031084,R0043_55032759,0.8520408163265306
R0002_55031084,R0043_55037980,0.8520408163265306
R0002_55031084,R0043_55037979,0.8520408163265306
R0002_55031084,R0043_55027552,0.8520408163265306
R0002_55031084,R0043_55034879,0.8520408163265306
R0002_55031084,R0043_55032908,0.8520408163265306
R0002_55031084,R0043_55039686,0.7020408163265306
R0002_55031084,R0043_55032863,0.8520408163265306
R0002_55031084,R0043_55009127,0.7020408163265306
R0002_55031084,R0043_55036250,0.8520408163265306
R0002_55031084,R0043_55034880,0.7520408163265306
R0002_55031084,R0043_55032860,0.8520408163265306
R0002_55031084,R0043_55029506,0.7770408163265305
R0002_55031084,R0043_55031288,0.7520408163265306
R0002_55031084,R0043_55036124,0.8520408163265306
R0002_55031084,R0043_55039830,0.8520408163265306
R0002_55031084,R0043_55034325,0.7520408163265306
R0002_55031084,R0043_55039829,0.8520408163265306
R0002_55031084,R0043_55031080,0.6270408163265306
R0002_55031084,R0043_55031077,0.8520408163265306
R0002_55031084,R0043_55017366,0.7770408163265305
R0002_55031084,R0043_55034335,0.8520408163265306
R0002_55031084,R0043_55031005,0.7020408163265306
R0002_55031084,R0055_55007584,0.7224489795918367
R0002_55031084,R0055_55007583,0.7724489795918368
R0002_55031084,R0204_55005925,0.8826530612244898
R0002_55031084,R0204_55032685,0.8076530612244898
R0002_55031084,R0204_55035156,0.7826530612244897
R0002_55031084,R0204_55022352,0.8076530612244898
R0002_55031084,R0204_55004131,0.8826530612244898
R0002_55031084,R0207_55036375,0.8673469387755102
R0002_55031084,R0207_55032672,0.7923469387755102
R0002_55031084,R0207_55032673,0.7923469387755102
R0002_55031084,R0290_55038074,0.7173469387755103
R0002_55031084,R0290_55041439,0.7923469387755102
R0002_55031084,R0290_55041442,0.7923469387755102
R0002_55031084,R0290_55041438,0.7923469387755102
R0002_55031084,R0290_55041440,0.7923469387755102
R0002_55031084,R0290_55041441,0.7923469387755102
R0002_55031084,R0290_55030423,0.7923469387755102
R0002_55031084,R0290_55039755,0.7923469387755102
R0002_55031084,R0290_55026840,0.7923469387755102
R0002_55031084,R0290_55038681,0.7923469387755102
R0002_55031084,R0290_55033209,0.7923469387755102
R0002_55031084,R0290_55043722,0.8673469387755102
R0002_55031084,R0377_55039577,0.8127551020408164
R0002_55031084,R0377_55032663,0.8127551020408164
R0002_55031084,R0377_55036003,0.8877551020408163
R0002_55031084,R0377_55036004,0.8877551020408163
R0002_55031084,R0377_55036006,0.8877551020408163
R0002_55031084,R0377_55036007,0.8877551020408163
R0002_55031084,R0377_55036008,0.8877551020408163
R0002_55031084,R0377_55036009,0.8877551020408163
R0002_55031084,R0377_55043375,0.8877551020408163
R0002_55031084,R0377_55032655,0.7877551020408163
R0002_55031084,R0377_55034860,0.8127551020408164
R0002_55031084,R0377_55042881,0.8127551020408164
R0002_55031084,R0377_55033035,0.7877551020408163
R0002_55031084,R0377_55044076,0.8877551020408163
R0002_55031084,R0377_55036698,0.8127551020408164
R0002_55031084,R0377_55032664,0.7377551020408163
R0002_55031084,R0377_55038331,0.8877551020408163
R0002_55031084,R0377_55041814,0.8877551020408163
R0002_55031084,R0377_55041025,0.8877551020408163
R0002_55031084,R0377_55039651,0.8877551020408163
R0002_55031084,R0377_55044100,0.7377551020408163
R0002_55031084,R0377_55026719,0.7377551020408163
R0002_55030125,R0002_55043311,0.775
R0002_55030125,R0002_55036002,1.0
R0002_55030125,R0002_55015378,1.0
R0002_55030125,R0002_55032731,0.775
R0002_55030125,R0002_55025944,0.925
R0002_55030125,R0002_55024341,0.925
R0002_55030125,R0002_55041509,0.925
R0002_55030125,R0002_55036059,1.0
R0002_55030125,R0002_55037787,1.0
R0002_55030125,R0002_55039851,0.775
R0002_55030125,R0002_55032782,1.0
R0002_55030125,R0002_55036171,0.925
R0002_55030125,R0002_55035505,0.925
R0002_55030125,R0002_55011002,1.0
R0002_55030125,R0002_55031467,0.925
R0002_55030125,R0002_55028991,1.0
R0002_55030125,R0002_55027831,0.925
R0002_55030125,R0002_55038839,0.925
R0002_55030125,R0002_55019960,1.0
R0002_55030125,R0002_55033035,1.0
R0002_55030125,R0002_55006197,1.0
R0002_55030125,R0002_55036505,0.775
R0002_55030125,R0002_55044076,1.0
R0002_55030125,R0002_55036050,0.775
R0002_55030125,R0002_55037530,0.925
R0002_55030125,R0002_55040793,1.0
R0002_55030125,R0002_55043136,1.0
R0002_55030125,R0002_55014421,1.0
R0002_55030125,R0002_55003518,0.775
R0002_55030125,R0002_55027319,0.775
R0002_55030125,R0002_55035727,1.0
R0002_55030125,R0002_55032858,1.0
R0002_55030125,R0002_55029026,0.9
R0002_55030125,R0002_55039889,1.0
R0002_55030125,R0002_55041025,1.0
R0002_55030125,R0002_55041833,1.0
R0002_55030125,R0002_55031084,1.0
R0002_55030125,R0002_55011220,0.775
R0002_55030125,R0002_55043779,1.0
R0002_55030125,R0002_55026664,1.0
R0002_55030125,R0002_55037878,0.775
R0002_55030125,R0002_55043901,0.925
R0002_55030125,R0002_55037718,1.0
R0002_55030125,R0002_55042075,0.925
R0002_55030125,R0002_55031358,1.0
R0002_55030125,R0002_55025080,0.775
R0002_55030125,R0002_55037283,1.0
R0002_55030125,R0002_55019387,0.9
R0002_55030125,R0043_55035478,0.7770408163265305
R0002_55030125,R0043_55032756,0.7020408163265306
R0002_55030125,R0043_55039677,0.8520408163265306
R0002_55030125,R0043_55039678,0.8520408163265306
R0002_55030125,R0043_55029067,0.8520408163265306
R0002_55030125,R0043_55036252,0.8520408163265306
R0002_55030125,R0043_55034675,0.8520408163265306
R0002_55030125,R0043_55031083,0.8520408163265306
R0002_55030125,R0043_55036209,0.8520408163265306
R0002_55030125,R0043_55035181,0.8520408163265306
R0002_55030125,R0043_55032758,0.7520408163265306
R0002_55030125,R0043_55039681,0.8520408163265306
R0002_55030125,R0043_55039682,0.8520408163265306
R0002_55030125,R0043_55039683,0.8520408163265306
R0002_55030125,R0043_55039684,0.8520408163265306
R0002_55030125,R0043_55032632,0.7770408163265305
R0002_55030125,R0043_55021537,0.7770408163265305
R0002_55030125,R0043_55041926,0.7020408163265306
R0002_55030125,R0043_55029012,0.8520408163265306
R0002_55030125,R0043_55034882,0.8520408163265306
R0002_55030125,R0043_55039679,0.8520408163265306
R0002_55030125,R0043_55032862,0.8520408163265306
R0002_55030125,R0043_55032759,0.8520408163265306
R0002_55030125,R0043_55037980,0.8520408163265306
R0002_55030125,R0043_55037979,0.8520408163265306
R0002_55030125,R0043_55027552,0.8520408163265306
R0002_55030125,R0043_55034879,0.8520408163265306
R0002_55030125,R0043_55032908,0.8520408163265306
R0002_55030125,R0043_55039686,0.7020408163265306
R0002_55030125,R0043_55032863,0.8520408163265306
R0002_55030125,R0043_55009127,0.7020408163265306
R0002_55030125,R0043_55036250,0.8520408163265306
R0002_55030125,R0043_55034880,0.7520408163265306
R0002_55030125,R0043_55032860,0.8520408163265306
R0002_55030125,R0043_55029506,0.7770408163265305
R0002_55030125,R0043_55031288,0.7520408163265306
R0002_55030125,R0043_55036124,0.8520408163265306
R0002_55030125,R0043_55039830,0.8520408163265306
R0002_55030125,R0043_55034325,0.7520408163265306
R0002_55030125,R0043_55039829,0.8520408163265306
R0002_55030125,R0043_55031080,0.6270408163265306
R0002_55030125,R0043_55031077,0.8520408163265306
R0002_55030125,R0043_55017366,0.7770408163265305
R0002_55030125,R0043_55034335,0.8520408163265306
R0002_55030125,R0043_55031005,0.7020408163265306
R0002_55030125,R0055_55007584,0.7224489795918367
R0002_55030125,R0055_55007583,0.7724489795918368
R0002_55030125,R0204_55005925,0.8826530612244898
R0002_55030125,R0204_55032685,0.8076530612244898
R0002_55030125,R0204_55035156,0.7826530612244897
R0002_55030125,R0204_55022352,0.8076530612244898
R0002_55030125,R0204_55004131,0.8826530612244898
R0002_55030125,R0207_55036375,0.8673469387755102
R0002_55030125,R0207_55032672,0.7923469387755102
R0002_55030125,R0207_55032673,0.7923469387755102
R0002_55030125,R0290_55038074,0.7173469387755103
R0002_55030125,R0290_55041439,0.7923469387755102
R0002_55030125,R0290_55041442,0.7923469387755102
R0002_55030125,R0290_55041438,0.7923469387755102
R0002_55030125,R0290_55041440,0.7923469387755102
R0002_55030125,R0290_55041441,0.7923469387755102
R0002_55030125,R0290_55030423,0.7923469387755102
R0002_55030125,R0290_55039755,0.7923469387755102
R0002_55030125,R0290_55026840,0.7923469387755102
R0002_55030125,R0290_55038681,0.7923469387755102
R0002_55030125,R0290_55033209,0.7923469387755102
R0002_55030125,R0290_55043722,0.8673469387755102
R0002_55030125,R0377_55039577,0.8127551020408164
R0002_55030125,R0377_55032663,0.8127551020408164
R0002_55030125,R0377_55036003,0.8877551020408163
R0002_55030125,R0377_55036004,0.8877551020408163
R0002_55030125,R0377_55036006,0.8877551020408163
R0002_55030125,R0377_55036007,0.8877551020408163
R0002_55030125,R0377_55036008,0.8877551020408163
R0002_55030125,R0377_55036009,0.8877551020408163
R0002_55030125,R0377_55043375,0.8877551020408163
R0002_55030125,R0377_55032655,0.7877551020408163
R0002_55030125,R0377_55034860,0.8127551020408164
R0002_55030125,R0377_55042881,0.8127551020408164
R0002_55030125,R0377_55033035,0.7877551020408163
R0002_55030125,R0377_55044076,0.8877551020408163
R0002_55030125,R0377_55036698,0.8127551020408164
R0002_55030125,R0377_55032664,0.7377551020408163
R0002_55030125,R0377_55038331,0.8877551020408163
R0002_55030125,R0377_55041814,0.8877551020408163
R0002_55030125,R0377_55041025,0.8877551020408163
R0002_55030125,R0377_55039651,0.8877551020408163
R0002_55030125,R0377_55044100,0.7377551020408163
R0002_55030125,R0377_55026719,0.7377551020408163
R0002_55011220,R0002_55043311,1.0
R0002_55011220,R0002_55036002,0.925
R0002_55011220,R0002_55015378,0.925
R0002_55011220,R0002_55032731,1.0
R0002_55011220,R0002_55025944,0.9
R0002_55011220,R0002_55024341,0.9
R0002_55011220,R0002_55041509,0.9
R0002_55011220,R0002_55036059,0.925
R0002_55011220,R0002_55037787,0.925
R0002_55011220,R0002_55039851,1.0
R0002_55011220,R0002_55032782,0.925
R0002_55011220,R0002_55036171,0.9
R0002_55011220,R0002_55035505,0.9
R0002_55011220,R0002_55011002,0.925
R0002_55011220,R0002_55031467,0.9
R0002_55011220,R0002_55028991,0.925
R0002_55011220,R0002_55027831,0.9
R0002_55011220,R0002_55038839,0.9
R0002_55011220,R0002_55019960,0.925
R0002_55011220,R0002_55033035,0.925
R0002_55011220,R0002_55006197,0.925
R0002_55011220,R0002_55036505,1.0
R0002_55011220,R0002_55044076,0.925
R0002_55011220,R0002_55036050,1.0
R0002_55011220,R0002_55037530,0.9
R0002_55011220,R0002_55040793,0.925
R0002_55011220,R0002_55043136,0.925
R0002_55011220,R0002_55014421,0.925
R0002_55011220,R0002_55003518,1.0
R0002_55011220,R0002_55027319,1.0
R0002_55011220,R0002_55035727,0.925
R0002_55011220,R0002_55032858,0.925
R0002_55011220,R0002_55029026,0.875
R0002_55011220,R0002_55039889,0.925
R0002_55011220,R0002_55041025,0.925
R0002_55011220,R0002_55041833,0.925
R0002_55011220,R0002_55031084,0.925
R0002_55011220,R0002_55030125,0.925
R0002_55011220,R0002_55043779,0.925
R0002_55011220,R0002_55026664,0.925
R0002_55011220,R0002_55037878,1.0
R0002_55011220,R0002_55043901,0.9
R0002_55011220,R0002_55037718,0.925
R0002_55011220,R0002_55042075,0.9
R0002_55011220,R0002_55031358,0.925
R0002_55011220,R0002_55025080,1.0
R0002_55011220,R0002_55037283,0.925
R0002_55011220,R0002_55019387,0.875
R0002_55011220,R0043_55035478,0.7520408163265306
R0002_55011220,R0043_55032756,0.6770408163265306
R0002_55011220,R0043_55039677,0.7770408163265305
R0002_55011220,R0043_55039678,0.7770408163265305
R0002_55011220,R0043_55029067,0.7770408163265305
R0002_55011220,R0043_55036252,0.7770408163265305
R0002_55011220,R0043_55034675,0.7770408163265305
R0002_55011220,R0043_55031083,0.7770408163265305
R0002_55011220,R0043_55036209,0.7770408163265305
R0002_55011220,R0043_55035181,0.7770408163265305
R0002_55011220,R0043_55032758,0.7270408163265306
R0002_55011220,R0043_55039681,0.7770408163265305
R0002_55011220,R0043_55039682,0.7770408163265305
R0002_55011220,R0043_55039683,0.7770408163265305
R0002_55011220,R0043_55039684,0.7770408163265305
R0002_55011220,R0043_55032632,0.7520408163265306
R0002_55011220,R0043_55021537,0.7520408163265306
R0002_55011220,R0043_55041926,0.6770408163265306
R0002_55011220,R0043_55029012,0.7770408163265305
R0002_55011220,R0043_55034882,0.7770408163265305
R0002_55011220,R0043_55039679,0.7770408163265305
R0002_55011220,R0043_55032862,0.7770408163265305
R0002_55011220,R0043_55032759,0.7770408163265305
R0002_55011220,R0043_55037980,0.7770408163265305
R0002_55011220,R0043_55037979,0.7770408163265305
R0002_55011220,R0043_55027552,0.7770408163265305
R0002_55011220,R0043_55034879,0.7770408163265305
R0002_55011220,R0043_55032908,0.7770408163265305
R0002_55011220,R0043_55039686,0.6770408163265306
R0002_55011220,R0043_55032863,0.7770408163265305
R0002_55011220,R0043_55009127,0.6770408163265306
R0002_55011220,R0043_55036250,0.7770408163265305
R0002_55011220,R0043_55034880,0.7270408163265306
R0002_55011220,R0043_55032860,0.7770408163265305
R0002_55011220,R0043_55029506,0.7520408163265306
R0002_55011220,R0043_55031288,0.7270408163265306
R0002_55011220,R0043_55036124,0.7770408163265305
R0002_55011220,R0043_55039830,0.7770408163265305
R0002_55011220,R0043_55034325,0.7270408163265306
R0002_55011220,R0043_55039829,0.7770408163265305
R0002_55011220,R0043_55031080,0.8520408163265306
R0002_55011220,R0043_55031077,0.7770408163265305
R0002_55011220,R0043_55017366,0.7520408163265306
R0002_55011220,R0043_55034335,0.7770408163265305
R0002_55011220,R0043_55031005,0.6770408163265306
R0002_55011220,R0055_55007584,0.6974489795918367
R0002_55011220,R0055_55007583,0.7474489795918366
R0002_55011220,R0204_55005925,0.8076530612244898
R0002_55011220,R0204_55032685,0.7826530612244897
R0002_55011220,R0204_55035156,0.7576530612244898
R0002_55011220,R0204_55022352,0.7826530612244897
R0002_55011220,R0204_55004131,0.8076530612244898
R0002_55011220,R0207_55036375,0.7923469387755102
R0002_55011220,R0207_55032672,0.7673469387755102
R0002_55011220,R0207_55032673,0.7673469387755102
R0002_55011220,R0290_55038074,0.6923469387755101
R0002_55011220,R0290_55041439,0.7673469387755102
R0002_55011220,R0290_55041442,0.7673469387755102
R0002_55011220,R0290_55041438,0.7673469387755102
R0002_55011220,R0290_55041440,0.7673469387755102
R0002_55011220,R0290_55041441,0.7673469387755102
R0002_55011220,R0290_55030423,0.7673469387755102
R0002_55011220,R0290_55039755,0.7673469387755102
R0002_55011220,R0290_55026840,0.7673469387755102
R0002_55011220,R0290_55038681,0.7673469387755102
R0002_55011220,R0290_55033209,0.7673469387755102
R0002_55011220,R0290_55043722,0.7923469387755102
R0002_55011220,R0377_55039577,0.7877551020408163
R0002_55011220,R0377_55032663,0.7877551020408163
R0002_55011220,R0377_55036003,0.8127551020408164
R0002_55011220,R0377_55036004,0.8127551020408164
R0002_55011220,R0377_55036006,0.8127551020408164
R0002_55011220,R0377_55036007,0.8127551020408164
R0002_55011220,R0377_55036008,0.8127551020408164
R0002_55011220,R0377_55036009,0.8127551020408164
R0002_55011220,R0377_55043375,0.8127551020408164
R0002_55011220,R0377_55032655,0.7627551020408163
R0002_55011220,R0377_55034860,0.7877551020408163
R0002_55011220,R0377_55042881,0.7877551020408163
R0002_55011220,R0377_55033035,0.7627551020408163
R0002_55011220,R0377_55044076,0.8127551020408164
R0002_55011220,R0377_55036698,0.7877551020408163
R0002_55011220,R0377_55032664,0.7127551020408163
R0002_55011220,R0377_55038331,0.8127551020408164
R0002_55011220,R0377_55041814,0.8127551020408164
R0002_55011220,R0377_55041025,0.8127551020408164
R0002_55011220,R0377_55039651,0.8127551020408164
R0002_55011220,R0377_55044100,0.7127551020408163
R0002_55011220,R0377_55026719,0.7127551020408163
R0002_55043779,R0002_55043311,0.775
R0002_55043779,R0002_55036002,1.0
R0002_55043779,R0002_55015378,1.0
R0002_55043779,R0002_55032731,0.775
R0002_55043779,R0002_55025944,0.925
R0002_55043779,R0002_55024341,0.925
R0002_55043779,R0002_55041509,0.925
R0002_55043779,R0002_55036059,1.0
R0002_55043779,R0002_55037787,1.0
R0002_55043779,R0002_55039851,0.775
R0002_55043779,R0002_55032782,1.0
R0002_55043779,R0002_55036171,0.925
R0002_55043779,R0002_55035505,0.925
R0002_55043779,R0002_55011002,1.0
R0002_55043779,R0002_55031467,0.925
R0002_55043779,R0002_55028991,1.0
R0002_55043779,R0002_55027831,0.925
R0002_55043779,R0002_55038839,0.925
R0002_55043779,R0002_55019960,1.0
R0002_55043779,R0002_55033035,1.0
R0002_55043779,R0002_55006197,1.0
R0002_55043779,R0002_55036505,0.775
R0002_55043779,R0002_55044076,1.0
R0002_55043779,R0002_55036050,0.775
R0002_55043779,R0002_55037530,0.925
R0002_55043779,R0002_55040793,1.0
R0002_55043779,R0002_55043136,1.0
R0002_55043779,R0002_55014421,1.0
R0002_55043779,R0002_55003518,0.775
R0002_55043779,R0002_55027319,0.775
R0002_55043779,R0002_55035727,1.0
R0002_55043779,R0002_55032858,1.0
R0002_55043779,R0002_55029026,0.9
R0002_55043779,R0002_55039889,1.0
R0002_55043779,R0002_55041025,1.0
R0002_55043779,R0002_55041833,1.0
R0002_55043779,R0002_55031084,1.0
R0002_55043779,R0002_55030125,1.0
R0002_55043779,R0002_55011220,0.775
R0002_55043779,R0002_55026664,1.0
R0002_55043779,R0002_55037878,0.775
R0002_55043779,R0002_55043901,0.925
R0002_55043779,R0002_55037718,1.0
R0002_55043779,R0002_55042075,0.925
R0002_55043779,R0002_55031358,1.0
R0002_55043779,R0002_55025080,0.775
R0002_55043779,R0002_55037283,1.0
R0002_55043779,R0002_55019387,0.9
R0002_55043779,R0043_55035478,0.7770408163265305
R0002_55043779,R0043_55032756,0.7020408163265306
R0002_55043779,R0043_55039677,0.8520408163265306
R0002_55043779,R0043_55039678,0.8520408163265306
R0002_55043779,R0043_55029067,0.8520408163265306
R0002_55043779,R0043_55036252,0.8520408163265306
R0002_55043779,R0043_55034675,0.8520408163265306
R0002_55043779,R0043_55031083,0.8520408163265306
R0002_55043779,R0043_55036209,0.8520408163265306
R0002_55043779,R0043_55035181,0.8520408163265306
R0002_55043779,R0043_55032758,0.7520408163265306
R0002_55043779,R0043_55039681,0.8520408163265306
R0002_55043779,R0043_55039682,0.8520408163265306
R0002_55043779,R0043_55039683,0.8520408163265306
R0002_55043779,R0043_55039684,0.8520408163265306
R0002_55043779,R0043_55032632,0.7770408163265305
R0002_55043779,R0043_55021537,0.7770408163265305
R0002_55043779,R0043_55041926,0.7020408163265306
R0002_55043779,R0043_55029012,0.8520408163265306
R0002_55043779,R0043_55034882,0.8520408163265306
R0002_55043779,R0043_55039679,0.8520408163265306
R0002_55043779,R0043_55032862,0.8520408163265306
R0002_55043779,R0043_55032759,0.8520408163265306
R0002_55043779,R0043_55037980,0.8520408163265306
R0002_55043779,R0043_55037979,0.8520408163265306
R0002_55043779,R0043_55027552,0.8520408163265306
R0002_55043779,R0043_55034879,0.8520408163265306
R0002_55043779,R0043_55032908,0.8520408163265306
R0002_55043779,R0043_55039686,0.7020408163265306
R0002_55043779,R0043_55032863,0.8520408163265306
R0002_55043779,R0043_55009127,0.7020408163265306
R0002_55043779,R0043_55036250,0.8520408163265306
R0002_55043779,R0043_55034880,0.7520408163265306
R0002_55043779,R0043_55032860,0.8520408163265306
R0002_55043779,R0043_55029506,0.7770408163265305
R0002_55043779,R0043_55031288,0.7520408163265306
R0002_55043779,R0043_55036124,0.8520408163265306
R0002_55043779,R0043_55039830,0.8520408163265306
R0002_55043779,R0043_55034325,0.7520408163265306
R0002_55043779,R0043_55039829,0.8520408163265306
R0002_55043779,R0043_55031080,0.6270408163265306
R0002_55043779,R0043_55031077,0.8520408163265306
R0002_55043779,R0043_55017366,0.7770408163265305
R0002_55043779,R0043_55034335,0.8520408163265306
R0002_55043779,R0043_55031005,0.7020408163265306
R0002_55043779,R0055_55007584,0.7224489795918367
R0002_55043779,R0055_55007583,0.7724489795918368
R0002_55043779,R0204_55005925,0.8826530612244898
R0002_55043779,R0204_55032685,0.8076530612244898
R0002_55043779,R0204_55035156,0.7826530612244897
R0002_55043779,R0204_55022352,0.8076530612244898
R0002_55043779,R0204_55004131,0.8826530612244898
R0002_55043779,R0207_55036375,0.8673469387755102
R0002_55043779,R0207_55032672,0.7923469387755102
R0002_55043779,R0207_55032673,0.7923469387755102
R0002_55043779,R0290_55038074,0.7173469387755103
R0002_55043779,R0290_55041439,0.7923469387755102
R0002_55043779,R0290_55041442,0.7923469387755102
R0002_55043779,R0290_55041438,0.7923469387755102
R0002_55043779,R0290_55041440,0.7923469387755102
R0002_55043779,R0290_55041441,0.7923469387755102
R0002_55043779,R0290_55030423,0.7923469387755102
R0002_55043779,R0290_55039755,0.7923469387755102
R0002_55043779,R0290_55026840,0.7923469387755102
R0002_55043779,R0290_55038681,0.7923469387755102
R0002_55043779,R0290_55033209,0.7923469387755102
R0002_55043779,R0290_55043722,0.8673469387755102
R0002_55043779,R0377_55039577,0.8127551020408164
R0002_55043779,R0377_55032663,0.8127551020408164
R0002_55043779,R0377_55036003,0.8877551020408163
R0002_55043779,R0377_55036004,0.8877551020408163
R0002_55043779,R0377_55036006,0.8877551020408163
R0002_55043779,R0377_55036007,0.8877551020408163
R0002_55043779,R0377_55036008,0.8877551020408163
R0002_55043779,R0377_55036009,0.8877551020408163
R0002_55043779,R0377_55043375,0.8877551020408163
R0002_55043779,R0377_55032655,0.7877551020408163
R0002_55043779,R0377_55034860,0.8127551020408164
R0002_55043779,R0377_55042881,0.8127551020408164
R0002_55043779,R0377_55033035,0.7877551020408163
R0002_55043779,R0377_55044076,0.8877551020408163
R0002_55043779,R0377_55036698,0.8127551020408164
R0002_55043779,R0377_55032664,0.7377551020408163
R0002_55043779,R0377_55038331,0.8877551020408163
R0002_55043779,R0377_55041814,0.8877551020408163
R0002_55043779,R0377_55041025,0.8877551020408163
R0002_55043779,R0377_55039651,0.8877551020408163
R0002_55043779,R0377_55044100,0.7377551020408163
R0002_55043779,R0377_55026719,0.7377551020408163
R0002_55026664,R0002_55043311,0.775
R0002_55026664,R0002_55036002,1.0
R0002_55026664,R0002_55015378,1.0
R0002_55026664,R0002_55032731,0.775
R0002_55026664,R0002_55025944,0.925
R0002_55026664,R0002_55024341,0.925
R0002_55026664,R0002_55041509,0.925
R0002_55026664,R0002_55036059,1.0
R0002_55026664,R0002_55037787,1.0
R0002_55026664,R0002_55039851,0.775
R0002_55026664,R0002_55032782,1.0
R0002_55026664,R0002_55036171,0.925
R0002_55026664,R0002_55035505,0.925
R0002_55026664,R0002_55011002,1.0
R0002_55026664,R0002_55031467,0.925
R0002_55026664,R0002_55028991,1.0
R0002_55026664,R0002_55027831,0.925
R0002_55026664,R0002_55038839,0.925
R0002_55026664,R0002_55019960,1.0
R0002_55026664,R0002_55033035,1.0
R0002_55026664,R0002_55006197,1.0
R0002_55026664,R0002_55036505,0.775
R0002_55026664,R0002_55044076,1.0
R0002_55026664,R0002_55036050,0.775
R0002_55026664,R0002_55037530,0.925
R0002_55026664,R0002_55040793,1.0
R0002_55026664,R0002_55043136,1.0
R0002_55026664,R0002_55014421,1.0
R0002_55026664,R0002_55003518,0.775
R0002_55026664,R0002_55027319,0.775
R0002_55026664,R0002_55035727,1.0
R0002_55026664,R0002_55032858,1.0
R0002_55026664,R0002_55029026,0.9
R0002_55026664,R0002_55039889,1.0
R0002_55026664,R0002_55041025,1.0
R0002_55026664,R0002_55041833,1.0
R0002_55026664,R0002_55031084,1.0
R0002_55026664,R0002_55030125,1.0
R0002_55026664,R0002_55011220,0.775
R0002_55026664,R0002_55043779,1.0
R0002_55026664,R0002_55037878,0.775
R0002_55026664,R0002_55043901,0.925
R0002_55026664,R0002_55037718,1.0
R0002_55026664,R0002_55042075,0.925
R0002_55026664,R0002_55031358,1.0
R0002_55026664,R0002_55025080,0.775
R0002_55026664,R0002_55037283,1.0
R0002_55026664,R0002_55019387,0.9
R0002_55026664,R0043_55035478,0.7770408163265305
R0002_55026664,R0043_55032756,0.7020408163265306
R0002_55026664,R0043_55039677,0.8520408163265306
R0002_55026664,R0043_55039678,0.8520408163265306
R0002_55026664,R0043_55029067,0.8520408163265306
R0002_55026664,R0043_55036252,0.8520408163265306
R0002_55026664,R0043_55034675,0.8520408163265306
R0002_55026664,R0043_55031083,0.8520408163265306
R0002_55026664,R0043_55036209,0.8520408163265306
R0002_55026664,R0043_55035181,0.8520408163265306
R0002_55026664,R0043_55032758,0.7520408163265306
R0002_55026664,R0043_55039681,0.8520408163265306
R0002_55026664,R0043_55039682,0.8520408163265306
R0002_55026664,R0043_55039683,0.8520408163265306
R0002_55026664,R0043_55039684,0.8520408163265306
R0002_55026664,R0043_55032632,0.7770408163265305
R0002_55026664,R0043_55021537,0.7770408163265305
R0002_55026664,R0043_55041926,0.7020408163265306
R0002_55026664,R0043_55029012,0.8520408163265306
R0002_55026664,R0043_55034882,0.8520408163265306
R0002_55026664,R0043_55039679,0.8520408163265306
R0002_55026664,R0043_55032862,0.8520408163265306
R0002_55026664,R0043_55032759,0.8520408163265306
R0002_55026664,R0043_55037980,0.8520408163265306
R0002_55026664,R0043_55037979,0.8520408163265306
R0002_55026664,R0043_55027552,0.8520408163265306
R0002_55026664,R0043_55034879,0.8520408163265306
R0002_55026664,R0043_55032908,0.8520408163265306
R0002_55026664,R0043_55039686,0.7020408163265306
R0002_55026664,R0043_55032863,0.8520408163265306
R0002_55026664,R0043_55009127,0.7020408163265306
R0002_55026664,R0043_55036250,0.8520408163265306
R0002_55026664,R0043_55034880,0.7520408163265306
R0002_55026664,R0043_55032860,0.8520408163265306
R0002_55026664,R0043_55029506,0.7770408163265305
R0002_55026664,R0043_55031288,0.7520408163265306
R0002_55026664,R0043_55036124,0.8520408163265306
R0002_55026664,R0043_55039830,0.8520408163265306
R0002_55026664,R0043_55034325,0.7520408163265306
R0002_55026664,R0043_55039829,0.8520408163265306
R0002_55026664,R0043_55031080,0.6270408163265306
R0002_55026664,R0043_55031077,0.8520408163265306
R0002_55026664,R0043_55017366,0.7770408163265305
R0002_55026664,R0043_55034335,0.8520408163265306
R0002_55026664,R0043_55031005,0.7020408163265306
R0002_55026664,R0055_55007584,0.7224489795918367
R0002_55026664,R0055_55007583,0.7724489795918368
R0002_55026664,R0204_55005925,0.8826530612244898
R0002_55026664,R0204_55032685,0.8076530612244898
R0002_55026664,R0204_55035156,0.7826530612244897
R0002_55026664,R0204_55022352,0.8076530612244898
R0002_55026664,R0204_55004131,0.8826530612244898
R0002_55026664,R0207_55036375,0.8673469387755102
R0002_55026664,R0207_55032672,0.7923469387755102
R0002_55026664,R0207_55032673,0.7923469387755102
R0002_55026664,R0290_55038074,0.7173469387755103
R0002_55026664,R0290_55041439,0.7923469387755102
R0002_55026664,R0290_55041442,0.7923469387755102
R0002_55026664,R0290_55041438,0.7923469387755102
R0002_55026664,R0290_55041440,0.7923469387755102
R0002_55026664,R0290_55041441,0.7923469387755102
R0002_55026664,R0290_55030423,0.7923469387755102
R0002_55026664,R0290_55039755,0.7923469387755102
R0002_55026664,R0290_55026840,0.7923469387755102
R0002_55026664,R0290_55038681,0.7923469387755102
R0002_55026664,R0290_55033209,0.7923469387755102
R0002_55026664,R0290_55043722,0.8673469387755102
R0002_55026664,R0377_55039577,0.8127551020408164
R0002_55026664,R0377_55032663,0.8127551020408164
R0002_55026664,R0377_55036003,0.8877551020408163
R0002_55026664,R0377_55036004,0.8877551020408163
R0002_55026664,R0377_55036006,0.8877551020408163
R0002_55026664,R0377_55036007,0.8877551020408163
R0002_55026664,R0377_55036008,0.8877551020408163
R0002_55026664,R0377_55036009,0.8877551020408163
R0002_55026664,R0377_55043375,0.8877551020408163
R0002_55026664,R0377_55032655,0.7877551020408163
R0002_55026664,R0377_55034860,0.8127551020408164
R0002_55026664,R0377_55042881,0.8127551020408164
R0002_55026664,R0377_55033035,0.7877551020408163
R0002_55026664,R0377_55044076,0.8877551020408163
R0002_55026664,R0377_55036698,0.8127551020408164
R0002_55026664,R0377_55032664,0.7377551020408163
R0002_55026664,R0377_55038331,0.8877551020408163
R0002_55026664,R0377_55041814,0.8877551020408163
R0002_55026664,R0377_55041025,0.8877551020408163
R0002_55026664,R0377_55039651,0.8877551020408163
R0002_55026664,R0377_55044100,0.7377551020408163
R0002_55026664,R0377_55026719,0.7377551020408163
R0002_55037878,R0002_55043311,1.0
R0002_55037878,R0002_55036002,0.925
R0002_55037878,R0002_55015378,0.925
R0002_55037878,R0002_55032731,1.0
R0002_55037878,R0002_55025944,0.9
R0002_55037878,R0002_55024341,0.9
R0002_55037878,R0002_55041509,0.9
R0002_55037878,R0002_55036059,0.925
R0002_55037878,R0002_55037787,0.925
R0002_55037878,R0002_55039851,1.0
R0002_55037878,R0002_55032782,0.925
R0002_55037878,R0002_55036171,0.9
R0002_55037878,R0002_55035505,0.9
R0002_55037878,R0002_55011002,0.925
R0002_55037878,R0002_55031467,0.9
R0002_55037878,R0002_55028991,0.925
R0002_55037878,R0002_55027831,0.9
R0002_55037878,R0002_55038839,0.9
R0002_55037878,R0002_55019960,0.925
R0002_55037878,R0002_55033035,0.925
R0002_55037878,R0002_55006197,0.925
R0002_55037878,R0002_55036505,1.0
R0002_55037878,R0002_55044076,0.925
R0002_55037878,R0002_55036050,1.0
R0002_55037878,R0002_55037530,0.9
R0002_55037878,R0002_55040793,0.925
R0002_55037878,R0002_55043136,0.925
R0002_55037878,R0002_55014421,0.925
R0002_55037878,R0002_55003518,1.0
R0002_55037878,R0002_55027319,1.0
R0002_55037878,R0002_55035727,0.925
R0002_55037878,R0002_55032858,0.925
R0002_55037878,R0002_55029026,0.875
R0002_55037878,R0002_55039889,0.925
R0002_55037878,R0002_55041025,0.925
R0002_55037878,R0002_55041833,0.925
R0002_55037878,R0002_55031084,0.925
R0002_55037878,R0002_55030125,0.925
R0002_55037878,R0002_55011220,1.0
R0002_55037878,R0002_55043779,0.925
R0002_55037878,R0002_55026664,0.925
R0002_55037878,R0002_55043901,0.9
R0002_55037878,R0002_55037718,0.925
R0002_55037878,R0002_55042075,0.9
R0002_55037878,R0002_55031358,0.925
R0002_55037878,R0002_55025080,1.0
R0002_55037878,R0002_55037283,0.925
R0002_55037878,R0002_55019387,0.875
R0002_55037878,R0043_55035478,0.7520408163265306
R0002_55037878,R0043_55032756,0.6770408163265306
R0002_55037878,R0043_55039677,0.7770408163265305
R0002_55037878,R0043_55039678,0.7770408163265305
R0002_55037878,R0043_55029067,0.7770408163265305
R0002_55037878,R0043_55036252,0.7770408163265305
R0002_55037878,R0043_55034675,0.7770408163265305
R0002_55037878,R0043_55031083,0.7770408163265305
R0002_55037878,R0043_55036209,0.7770408163265305
R0002_55037878,R0043_55035181,0.7770408163265305
R0002_55037878,R0043_55032758,0.7270408163265306
R0002_55037878,R0043_55039681,0.7770408163265305
R0002_55037878,R0043_55039682,0.7770408163265305
R0002_55037878,R0043_55039683,0.7770408163265305
R0002_55037878,R0043_55039684,0.7770408163265305
R0002_55037878,R0043_55032632,0.7520408163265306
R0002_55037878,R0043_55021537,0.7520408163265306
R0002_55037878,R0043_55041926,0.6770408163265306
R0002_55037878,R0043_55029012,0.7770408163265305
R0002_55037878,R0043_55034882,0.7770408163265305
R0002_55037878,R0043_55039679,0.7770408163265305
R0002_55037878,R0043_55032862,0.7770408163265305
R0002_55037878,R0043_55032759,0.7770408163265305
R0002_55037878,R0043_55037980,0.7770408163265305
R0002_55037878,R0043_55037979,0.7770408163265305
R0002_55037878,R0043_55027552,0.7770408163265305
R0002_55037878,R0043_55034879,0.7770408163265305
R0002_55037878,R0043_55032908,0.7770408163265305
R0002_55037878,R0043_55039686,0.6770408163265306
R0002_55037878,R0043_55032863,0.7770408163265305
R0002_55037878,R0043_55009127,0.6770408163265306
R0002_55037878,R0043_55036250,0.7770408163265305
R0002_55037878,R0043_55034880,0.7270408163265306
R0002_55037878,R0043_55032860,0.7770408163265305
R0002_55037878,R0043_55029506,0.7520408163265306
R0002_55037878,R0043_55031288,0.7270408163265306
R0002_55037878,R0043_55036124,0.7770408163265305
R0002_55037878,R0043_55039830,0.7770408163265305
R0002_55037878,R0043_55034325,0.7270408163265306
R0002_55037878,R0043_55039829,0.7770408163265305
R0002_55037878,R0043_55031080,0.8520408163265306
R0002_55037878,R0043_55031077,0.7770408163265305
R0002_55037878,R0043_55017366,0.7520408163265306
R0002_55037878,R0043_55034335,0.7770408163265305
R0002_55037878,R0043_55031005,0.6770408163265306
R0002_55037878,R0055_55007584,0.6974489795918367
R0002_55037878,R0055_55007583,0.7474489795918366
R0002_55037878,R0204_55005925,0.8076530612244898
R0002_55037878,R0204_55032685,0.7826530612244897
R0002_55037878,R0204_55035156,0.7576530612244898
R0002_55037878,R0204_55022352,0.7826530612244897
R0002_55037878,R0204_55004131,0.8076530612244898
R0002_55037878,R0207_55036375,0.7923469387755102
R0002_55037878,R0207_55032672,0.7673469387755102
R0002_55037878,R0207_55032673,0.7673469387755102
R0002_55037878,R0290_55038074,0.6923469387755101
R0002_55037878,R0290_55041439,0.7673469387755102
R0002_55037878,R0290_55041442,0.7673469387755102
R0002_55037878,R0290_55041438,0.7673469387755102
R0002_55037878,R0290_55041440,0.7673469387755102
R0002_55037878,R0290_55041441,0.7673469387755102
R0002_55037878,R0290_55030423,0.7673469387755102
R0002_55037878,R0290_55039755,0.7673469387755102
R0002_55037878,R0290_55026840,0.7673469387755102
R0002_55037878,R0290_55038681,0.7673469387755102
R0002_55037878,R0290_55033209,0.7673469387755102
R0002_55037878,R0290_55043722,0.7923469387755102
R0002_55037878,R0377_55039577,0.7877551020408163
R0002_55037878,R0377_55032663,0.7877551020408163
R0002_55037878,R0377_55036003,0.8127551020408164
R0002_55037878,R0377_55036004,0.8127551020408164
R0002_55037878,R0377_55036006,0.8127551020408164
R0002_55037878,R0377_55036007,0.8127551020408164
R0002_55037878,R0377_55036008,0.8127551020408164
R0002_55037878,R0377_55036009,0.8127551020408164
R0002_55037878,R0377_55043375,0.8127551020408164
R0002_55037878,R0377_55032655,0.7627551020408163
R0002_55037878,R0377_55034860,0.7877551020408163
R0002_55037878,R0377_55042881,0.7877551020408163
R0002_55037878,R0377_55033035,0.7627551020408163
R0002_55037878,R0377_55044076,0.8127551020408164
R0002_55037878,R0377_55036698,0.7877551020408163
R0002_55037878,R0377_55032664,0.7127551020408163
R0002_55037878,R0377_55038331,0.8127551020408164
R0002_55037878,R0377_55041814,0.8127551020408164
R0002_55037878,R0377_55041025,0.8127551020408164
R0002_55037878,R0377_55039651,0.8127551020408164
R0002_55037878,R0377_55044100,0.7127551020408163
R0002_55037878,R0377_55026719,0.7127551020408163
R0002_55043901,R0002_55043311,0.75
R0002_55043901,R0002_55036002,0.775
R0002_55043901,R0002_55015378,0.775
R0002_55043901,R0002_55032731,0.75
R0002_55043901,R0002_55025944,1.0
R0002_55043901,R0002_55024341,1.0
R0002_55043901,R0002_55041509,1.0
R0002_55043901,R0002_55036059,0.775
R0002_55043901,R0002_55037787,0.775
R0002_55043901,R0002_55039851,0.75
R0002_55043901,R0002_55032782,0.775
R0002_55043901,R0002_55036171,1.0
R0002_55043901,R0002_55035505,1.0
R0002_55043901,R0002_55011002,0.775
R0002_55043901,R0002_55031467,1.0
R0002_55043901,R0002_55028991,0.775
R0002_55043901,R0002_55027831,1.0
R0002_55043901,R0002_55038839,1.0
R0002_55043901,R0002_55019960,0.775
R0002_55043901,R0002_55033035,0.775
R0002_55043901,R0002_55006197,0.775
R0002_55043901,R0002_55036505,0.75
R0002_55043901,R0002_55044076,0.775
R0002_55043901,R0002_55036050,0.75
R0002_55043901,R0002_55037530,1.0
R0002_55043901,R0002_55040793,0.775
R0002_55043901,R0002_55043136,0.775
R0002_55043901,R0002_55014421,0.775
R0002_55043901,R0002_55003518,0.75
R0002_55043901,R0002_55027319,0.75
R0002_55043901,R0002_55035727,0.775
R0002_55043901,R0002_55032858,0.775
R0002_55043901,R0002_55029026,0.925
R0002_55043901,R0002_55039889,0.775
R0002_55043901,R0002_55041025,0.775
R0002_55043901,R0002_55041833,0.775
R0002_55043901,R0002_55031084,0.775
R0002_55043901,R0002_55030125,0.775
R0002_55043901,R0002_55011220,0.75
R0002_55043901,R0002_55043779,0.775
R0002_55043901,R0002_55026664,0.775
R0002_55043901,R0002_55037878,0.75
R0002_55043901,R0002_55037718,0.775
R0002_55043901,R0002_55042075,1.0
R0002_55043901,R0002_55031358,0.775
R0002_55043901,R0002_55025080,0.75
R0002_55043901,R0002_55037283,0.775
R0002_55043901,R0002_55019387,0.925
R0002_55043901,R0043_55035478,0.8520408163265306
R0002_55043901,R0043_55032756,0.7270408163265306
R0002_55043901,R0043_55039677,0.6270408163265306
R0002_55043901,R0043_55039678,0.6270408163265306
R0002_55043901,R0043_55029067,0.6270408163265306
R0002_55043901,R0043_55036252,0.6270408163265306
R0002_55043901,R0043_55034675,0.6270408163265306
R0002_55043901,R0043_55031083,0.6270408163265306
R0002_55043901,R0043_55036209,0.6270408163265306
R0002_55043901,R0043_55035181,0.6270408163265306
R0002_55043901,R0043_55032758,0.7770408163265305
R0002_55043901,R0043_55039681,0.6270408163265306
R0002_55043901,R0043_55039682,0.6270408163265306
R0002_55043901,R0043_55039683,0.6270408163265306
R0002_55043901,R0043_55039684,0.6270408163265306
R0002_55043901,R0043_55032632,0.8520408163265306
R0002_55043901,R0043_55021537,0.8520408163265306
R0002_55043901,R0043_55041926,0.7270408163265306
R0002_55043901,R0043_55029012,0.6270408163265306
R0002_55043901,R0043_55034882,0.6270408163265306
R0002_55043901,R0043_55039679,0.6270408163265306
R0002_55043901,R0043_55032862,0.6270408163265306
R0002_55043901,R0043_55032759,0.6270408163265306
R0002_55043901,R0043_55037980,0.6270408163265306
R0002_55043901,R0043_55037979,0.6270408163265306
R0002_55043901,R0043_55027552,0.6270408163265306
R0002_55043901,R0043_55034879,0.6270408163265306
R0002_55043901,R0043_55032908,0.6270408163265306
R0002_55043901,R0043_55039686,0.7270408163265306
R0002_55043901,R0043_55032863,0.6270408163265306
R0002_55043901,R0043_55009127,0.7270408163265306
R0002_55043901,R0043_55036250,0.6270408163265306
R0002_55043901,R0043_55034880,0.7770408163265305
R0002_55043901,R0043_55032860,0.6270408163265306
R0002_55043901,R0043_55029506,0.8520408163265306
R0002_55043901,R0043_55031288,0.7770408163265305
R0002_55043901,R0043_55036124,0.6270408163265306
R0002_55043901,R0043_55039830,0.6270408163265306
R0002_55043901,R0043_55034325,0.7770408163265305
R0002_55043901,R0043_55039829,0.6270408163265306
R0002_55043901,R0043_55031080,0.6020408163265306
R0002_55043901,R0043_55031077,0.6270408163265306
R0002_55043901,R0043_55017366,0.8520408163265306
R0002_55043901,R0043_55034335,0.6270408163265306
R0002_55043901,R0043_55031005,0.7270408163265306
R0002_55043901,R0055_55007584,0.7474489795918366
R0002_55043901,R0055_55007583,0.7974489795918367
R0002_55043901,R0204_55005925,0.6576530612244897
R0002_55043901,R0204_55032685,0.8826530612244898
R0002_55043901,R0204_55035156,0.8076530612244898
R0002_55043901,R0204_55022352,0.8826530612244898
R0002_55043901,R0204_55004131,0.6576530612244897
R0002_55043901,R0207_55036375,0.6423469387755102
R0002_55043901,R0207_55032672,0.8673469387755102
R0002_55043901,R0207_55032673,0.8673469387755102
R0002_55043901,R0290_55038074,0.7423469387755102
R0002_55043901,R0290_55041439,0.8673469387755102
R0002_55043901,R0290_55041442,0.8673469387755102
R0002_55043901,R0290_55041438,0.8673469387755102
R0002_55043901,R0290_55041440,0.8673469387755102
R0002_55043901,R0290_55041441,0.8673469387755102
R0002_55043901,R0290_55030423,0.8673469387755102
R0002_55043901,R0290_55039755,0.8673469387755102
R0002_55043901,R0290_55026840,0.8673469387755102
R0002_55043901,R0290_55038681,0.8673469387755102
R0002_55043901,R0290_55033209,0.8673469387755102
R0002_55043901,R0290_55043722,0.6423469387755102
R0002_55043901,R0377_55039577,0.8877551020408163
R0002_55043901,R0377_55032663,0.8877551020408163
R0002_55043901,R0377_55036003,0.6627551020408163
R0002_55043901,R0377_55036004,0.6627551020408163
R0002_55043901,R0377_55036006,0.6627551020408163
R0002_55043901,R0377_55036007,0.6627551020408163
R0002_55043901,R0377_55036008,0.6627551020408163
R0002_55043901,R0377_55036009,0.6627551020408163
R0002_55043901,R0377_55043375,0.6627551020408163
R0002_55043901,R0377_55032655,0.8127551020408164
R0002_55043901,R0377_55034860,0.8877551020408163
R0002_55043901,R0377_55042881,0.8877551020408163
R0002_55043901,R0377_55033035,0.8127551020408164
R0002_55043901,R0377_55044076,0.6627551020408163
R0002_55043901,R0377_55036698,0.8877551020408163
R0002_55043901,R0377_55032664,0.7627551020408163
R0002_55043901,R0377_55038331,0.6627551020408163
R0002_55043901,R0377_55041814,0.6627551020408163
R0002_55043901,R0377_55041025,0.6627551020408163
R0002_55043901,R0377_55039651,0.6627551020408163
R0002_55043901,R0377_55044100,0.7627551020408163
R0002_55043901,R0377_55026719,0.7627551020408163
R0002_55037718,R0002_55043311,0.775
R0002_55037718,R0002_55036002,1.0
R0002_55037718,R0002_55015378,1.0
R0002_55037718,R0002_55032731,0.775
R0002_55037718,R0002_55025944,0.925
R0002_55037718,R0002_55024341,0.925
R0002_55037718,R0002_55041509,0.925
R0002_55037718,R0002_55036059,1.0
R0002_55037718,R0002_55037787,1.0
R0002_55037718,R0002_55039851,0.775
R0002_55037718,R0002_55032782,1.0
R0002_55037718,R0002_55036171,0.925
R0002_55037718,R0002_55035505,0.925
R0002_55037718,R0002_55011002,1.0
R0002_55037718,R0002_55031467,0.925
R0002_55037718,R0002_55028991,1.0
R0002_55037718,R0002_55027831,0.925
R0002_55037718,R0002_55038839,0.925
R0002_55037718,R0002_55019960,1.0
R0002_55037718,R0002_55033035,1.0
R0002_55037718,R0002_55006197,1.0
R0002_55037718,R0002_55036505,0.775
R0002_55037718,R0002_55044076,1.0
R0002_55037718,R0002_55036050,0.775
R0002_55037718,R0002_55037530,0.925
R0002_55037718,R0002_55040793,1.0
R0002_55037718,R0002_55043136,1.0
R0002_55037718,R0002_55014421,1.0
R0002_55037718,R0002_55003518,0.775
R0002_55037718,R0002_55027319,0.775
R0002_55037718,R0002_55035727,1.0
R0002_55037718,R0002_55032858,1.0
R0002_55037718,R0002_55029026,0.9
R0002_55037718,R0002_55039889,1.0
R0002_55037718,R0002_55041025,1.0
R0002_55037718,R0002_55041833,1.0
R0002_55037718,R0002_55031084,1.0
R0002_55037718,R0002_55030125,1.0
R0002_55037718,R0002_55011220,0.775
R0002_55037718,R0002_55043779,1.0
R0002_55037718,R0002_55026664,1.0
R0002_55037718,R0002_55037878,0.775
R0002_55037718,R0002_55043901,0.925
R0002_55037718,R0002_55042075,0.925
R0002_55037718,R0002_55031358,1.0
R0002_55037718,R0002_55025080,0.775
R0002_55037718,R0002_55037283,1.0
R0002_55037718,R0002_55019387,0.9
R0002_55037718,R0043_55035478,0.7770408163265305
R0002_55037718,R0043_55032756,0.7020408163265306
R0002_55037718,R0043_55039677,0.8520408163265306
R0002_55037718,R0043_55039678,0.8520408163265306
R0002_55037718,R0043_55029067,0.8520408163265306
R0002_55037718,R0043_55036252,0.8520408163265306
R0002_55037718,R0043_55034675,0.8520408163265306
R0002_55037718,R0043_55031083,0.8520408163265306
R0002_55037718,R0043_55036209,0.8520408163265306
R0002_55037718,R0043_55035181,0.8520408163265306
R0002_55037718,R0043_55032758,0.7520408163265306
R0002_55037718,R0043_55039681,0.8520408163265306
R0002_55037718,R0043_55039682,0.8520408163265306
R0002_55037718,R0043_55039683,0.8520408163265306
R0002_55037718,R0043_55039684,0.8520408163265306
R0002_55037718,R0043_55032632,0.7770408163265305
R0002_55037718,R0043_55021537,0.7770408163265305
R0002_55037718,R0043_55041926,0.7020408163265306
R0002_55037718,R0043_55029012,0.8520408163265306
R0002_55037718,R0043_55034882,0.8520408163265306
R0002_55037718,R0043_55039679,0.8520408163265306
R0002_55037718,R0043_55032862,0.8520408163265306
R0002_55037718,R0043_55032759,0.8520408163265306
R0002_55037718,R0043_55037980,0.8520408163265306
R0002_55037718,R0043_55037979,0.8520408163265306
R0002_55037718,R0043_55027552,0.8520408163265306
R0002_55037718,R0043_55034879,0.8520408163265306
R0002_55037718,R0043_55032908,0.8520408163265306
R0002_55037718,R0043_55039686,0.7020408163265306
R0002_55037718,R0043_55032863,0.8520408163265306
R0002_55037718,R0043_55009127,0.7020408163265306
R0002_55037718,R0043_55036250,0.8520408163265306
R0002_55037718,R0043_55034880,0.7520408163265306
R0002_55037718,R0043_55032860,0.8520408163265306
R0002_55037718,R0043_55029506,0.7770408163265305
R0002_55037718,R0043_55031288,0.7520408163265306
R0002_55037718,R0043_55036124,0.8520408163265306
R0002_55037718,R0043_55039830,0.8520408163265306
R0002_55037718,R0043_55034325,0.7520408163265306
R0002_55037718,R0043_55039829,0.8520408163265306
R0002_55037718,R0043_55031080,0.6270408163265306
R0002_55037718,R0043_55031077,0.8520408163265306
R0002_55037718,R0043_55017366,0.7770408163265305
R0002_55037718,R0043_55034335,0.8520408163265306
R0002_55037718,R0043_55031005,0.7020408163265306
R0002_55037718,R0055_55007584,0.7224489795918367
R0002_55037718,R0055_55007583,0.7724489795918368
R0002_55037718,R0204_55005925,0.8826530612244898
R0002_55037718,R0204_55032685,0.8076530612244898
R0002_55037718,R0204_55035156,0.7826530612244897
R0002_55037718,R0204_55022352,0.8076530612244898
R0002_55037718,R0204_55004131,0.8826530612244898
R0002_55037718,R0207_55036375,0.8673469387755102
R0002_55037718,R0207_55032672,0.7923469387755102
R0002_55037718,R0207_55032673,0.7923469387755102
R0002_55037718,R0290_55038074,0.7173469387755103
R0002_55037718,R0290_55041439,0.7923469387755102
R0002_55037718,R0290_55041442,0.7923469387755102
R0002_55037718,R0290_55041438,0.7923469387755102
R0002_55037718,R0290_55041440,0.7923469387755102
R0002_55037718,R0290_55041441,0.7923469387755102
R0002_55037718,R0290_55030423,0.7923469387755102
R0002_55037718,R0290_55039755,0.7923469387755102
R0002_55037718,R0290_55026840,0.7923469387755102
R0002_55037718,R0290_55038681,0.7923469387755102
R0002_55037718,R0290_55033209,0.7923469387755102
R0002_55037718,R0290_55043722,0.8673469387755102
R0002_55037718,R0377_55039577,0.8127551020408164
R0002_55037718,R0377_55032663,0.8127551020408164
R0002_55037718,R0377_55036003,0.8877551020408163
R0002_55037718,R0377_55036004,0.8877551020408163
R0002_55037718,R0377_55036006,0.8877551020408163
R0002_55037718,R0377_55036007,0.8877551020408163
R0002_55037718,R0377_55036008,0.8877551020408163
R0002_55037718,R0377_55036009,0.8877551020408163
R0002_55037718,R0377_55043375,0.8877551020408163
R0002_55037718,R0377_55032655,0.7877551020408163
R0002_55037718,R0377_55034860,0.8127551020408164
R0002_55037718,R0377_55042881,0.8127551020408164
R0002_55037718,R0377_55033035,0.7877551020408163
R0002_55037718,R0377_55044076,0.8877551020408163
R0002_55037718,R0377_55036698,0.8127551020408164
R0002_55037718,R0377_55032664,0.7377551020408163
R0002_55037718,R0377_55038331,0.8877551020408163
R0002_55037718,R0377_55041814,0.8877551020408163
R0002_55037718,R0377_55041025,0.8877551020408163
R0002_55037718,R0377_55039651,0.8877551020408163
R0002_55037718,R0377_55044100,0.7377551020408163
R0002_55037718,R0377_55026719,0.7377551020408163
R0002_55042075,R0002_55043311,0.75
R0002_55042075,R0002_55036002,0.775
R0002_55042075,R0002_55015378,0.775
R0002_55042075,R0002_55032731,0.75
R0002_55042075,R0002_55025944,1.0
R0002_55042075,R0002_55024341,1.0
R0002_55042075,R0002_55041509,1.0
R0002_55042075,R0002_55036059,0.775
R0002_55042075,R0002_55037787,0.775
R0002_55042075,R0002_55039851,0.75
R0002_55042075,R0002_55032782,0.775
R0002_55042075,R0002_55036171,1.0
R0002_55042075,R0002_55035505,1.0
R0002_55042075,R0002_55011002,0.775
R0002_55042075,R0002_55031467,1.0
R0002_55042075,R0002_55028991,0.775
R0002_55042075,R0002_55027831,1.0
R0002_55042075,R0002_55038839,1.0
R0002_55042075,R0002_55019960,0.775
R0002_55042075,R0002_55033035,0.775
R0002_55042075,R0002_55006197,0.775
R0002_55042075,R0002_55036505,0.75
R0002_55042075,R0002_55044076,0.775
R0002_55042075,R0002_55036050,0.75
R0002_55042075,R0002_55037530,1.0
R0002_55042075,R0002_55040793,0.775
R0002_55042075,R0002_55043136,0.775
R0002_55042075,R0002_55014421,0.775
R0002_55042075,R0002_55003518,0.75
R0002_55042075,R0002_55027319,0.75
R0002_55042075,R0002_55035727,0.775
R0002_55042075,R0002_55032858,0.775
R0002_55042075,R0002_55029026,0.925
R0002_55042075,R0002_55039889,0.775
R0002_55042075,R0002_55041025,0.775
R0002_55042075,R0002_55041833,0.775
R0002_55042075,R0002_55031084,0.775
R0002_55042075,R0002_55030125,0.775
R0002_55042075,R0002_55011220,0.75
R0002_55042075,R0002_55043779,0.775
R0002_55042075,R0002_55026664,0.775
R0002_55042075,R0002_55037878,0.75
R0002_55042075,R0002_55043901,1.0
R0002_55042075,R0002_55037718,0.775
R0002_55042075,R0002_55031358,0.775
R0002_55042075,R0002_55025080,0.75
R0002_55042075,R0002_55037283,0.775
R0002_55042075,R0002_55019387,0.925
R0002_55042075,R0043_55035478,0.8520408163265306
R0002_55042075,R0043_55032756,0.7270408163265306
R0002_55042075,R0043_55039677,0.6270408163265306
R0002_55042075,R0043_55039678,0.6270408163265306
R0002_55042075,R0043_55029067,0.6270408163265306
R0002_55042075,R0043_55036252,0.6270408163265306
R0002_55042075,R0043_55034675,0.6270408163265306
R0002_55042075,R0043_55031083,0.6270408163265306
R0002_55042075,R0043_55036209,0.6270408163265306
R0002_55042075,R0043_55035181,0.6270408163265306
R0002_55042075,R0043_55032758,0.7770408163265305
R0002_55042075,R0043_55039681,0.6270408163265306
R0002_55042075,R0043_55039682,0.6270408163265306
R0002_55042075,R0043_55039683,0.6270408163265306
R0002_55042075,R0043_55039684,0.6270408163265306
R0002_55042075,R0043_55032632,0.8520408163265306
R0002_55042075,R0043_55021537,0.8520408163265306
R0002_55042075,R0043_55041926,0.7270408163265306
R0002_55042075,R0043_55029012,0.6270408163265306
R0002_55042075,R0043_55034882,0.6270408163265306
R0002_55042075,R0043_55039679,0.6270408163265306
R0002_55042075,R0043_55032862,0.6270408163265306
R0002_55042075,R0043_55032759,0.6270408163265306
R0002_55042075,R0043_55037980,0.6270408163265306
R0002_55042075,R0043_55037979,0.6270408163265306
R0002_55042075,R0043_55027552,0.6270408163265306
R0002_55042075,R0043_55034879,0.6270408163265306
R0002_55042075,R0043_55032908,0.6270408163265306
R0002_55042075,R0043_55039686,0.7270408163265306
R0002_55042075,R0043_55032863,0.6270408163265306
R0002_55042075,R0043_55009127,0.7270408163265306
R0002_55042075,R0043_55036250,0.6270408163265306
R0002_55042075,R0043_55034880,0.7770408163265305
R0002_55042075,R0043_55032860,0.6270408163265306
R0002_55042075,R0043_55029506,0.8520408163265306
R0002_55042075,R0043_55031288,0.7770408163265305
R0002_55042075,R0043_55036124,0.6270408163265306
R0002_55042075,R0043_55039830,0.6270408163265306
R0002_55042075,R0043_55034325,0.7770408163265305
R0002_55042075,R0043_55039829,0.6270408163265306
R0002_55042075,R0043_55031080,0.6020408163265306
R0002_55042075,R0043_55031077,0.6270408163265306
R0002_55042075,R0043_55017366,0.8520408163265306
R0002_55042075,R0043_55034335,0.6270408163265306
R0002_55042075,R0043_55031005,0.7270408163265306
R0002_55042075,R0055_55007584,0.7474489795918366
R0002_55042075,R0055_55007583,0.7974489795918367
R0002_55042075,R0204_55005925,0.6576530612244897
R0002_55042075,R0204_55032685,0.8826530612244898
R0002_55042075,R0204_55035156,0.8076530612244898
R0002_55042075,R0204_55022352,0.8826530612244898
R0002_55042075,R0204_55004131,0.6576530612244897
R0002_55042075,R0207_55036375,0.6423469387755102
R0002_55042075,R0207_55032672,0.8673469387755102
R0002_55042075,R0207_55032673,0.8673469387755102
R0002_55042075,R0290_55038074,0.7423469387755102
R0002_55042075,R0290_55041439,0.8673469387755102
R0002_55042075,R0290_55041442,0.8673469387755102
R0002_55042075,R0290_55041438,0.8673469387755102
R0002_55042075,R0290_55041440,0.8673469387755102
R0002_55042075,R0290_55041441,0.8673469387755102
R0002_55042075,R0290_55030423,0.8673469387755102
R0002_55042075,R0290_55039755,0.8673469387755102
R0002_55042075,R0290_55026840,0.8673469387755102
R0002_55042075,R0290_55038681,0.8673469387755102
R0002_55042075,R0290_55033209,0.8673469387755102
R0002_55042075,R0290_55043722,0.6423469387755102
R0002_55042075,R0377_55039577,0.8877551020408163
R0002_55042075,R0377_55032663,0.8877551020408163
R0002_55042075,R0377_55036003,0.6627551020408163
R0002_55042075,R0377_55036004,0.6627551020408163
R0002_55042075,R0377_55036006,0.6627551020408163
R0002_55042075,R0377_55036007,0.6627551020408163
R0002_55042075,R0377_55036008,0.6627551020408163
R0002_55042075,R0377_55036009,0.6627551020408163
R0002_55042075,R0377_55043375,0.6627551020408163
R0002_55042075,R0377_55032655,0.8127551020408164
R0002_55042075,R0377_55034860,0.8877551020408163
R0002_55042075,R0377_55042881,0.8877551020408163
R0002_55042075,R0377_55033035,0.8127551020408164
R0002_55042075,R0377_55044076,0.6627551020408163
R0002_55042075,R0377_55036698,0.8877551020408163
R0002_55042075,R0377_55032664,0.7627551020408163
R0002_55042075,R0377_55038331,0.6627551020408163
R0002_55042075,R0377_55041814,0.6627551020408163
R0002_55042075,R0377_55041025,0.6627551020408163
R0002_55042075,R0377_55039651,0.6627551020408163
R0002_55042075,R0377_55044100,0.7627551020408163
R0002_55042075,R0377_55026719,0.7627551020408163
R0002_55031358,R0002_55043311,0.775
R0002_55031358,R0002_55036002,1.0
R0002_55031358,R0002_55015378,1.0
R0002_55031358,R0002_55032731,0.775
R0002_55031358,R0002_55025944,0.925
R0002_55031358,R0002_55024341,0.925
R0002_55031358,R0002_55041509,0.925
R0002_55031358,R0002_55036059,1.0
R0002_55031358,R0002_55037787,1.0
R0002_55031358,R0002_55039851,0.775
R0002_55031358,R0002_55032782,1.0
R0002_55031358,R0002_55036171,0.925
R0002_55031358,R0002_55035505,0.925
R0002_55031358,R0002_55011002,1.0
R0002_55031358,R0002_55031467,0.925
R0002_55031358,R0002_55028991,1.0
R0002_55031358,R0002_55027831,0.925
R0002_55031358,R0002_55038839,0.925
R0002_55031358,R0002_55019960,1.0
R0002_55031358,R0002_55033035,1.0
R0002_55031358,R0002_55006197,1.0
R0002_55031358,R0002_55036505,0.775
R0002_55031358,R0002_55044076,1.0
R0002_55031358,R0002_55036050,0.775
R0002_55031358,R0002_55037530,0.925
R0002_55031358,R0002_55040793,1.0
R0002_55031358,R0002_55043136,1.0
R0002_55031358,R0002_55014421,1.0
R0002_55031358,R0002_55003518,0.775
R0002_55031358,R0002_55027319,0.775
R0002_55031358,R0002_55035727,1.0
R0002_55031358,R0002_55032858,1.0
R0002_55031358,R0002_55029026,0.9
R0002_55031358,R0002_55039889,1.0
R0002_55031358,R0002_55041025,1.0
R0002_55031358,R0002_55041833,1.0
R0002_55031358,R0002_55031084,1.0
R0002_55031358,R0002_55030125,1.0
R0002_55031358,R0002_55011220,0.775
R0002_55031358,R0002_55043779,1.0
R0002_55031358,R0002_55026664,1.0
R0002_55031358,R0002_55037878,0.775
R0002_55031358,R0002_55043901,0.925
R0002_55031358,R0002_55037718,1.0
R0002_55031358,R0002_55042075,0.925
R0002_55031358,R0002_55025080,0.775
R0002_55031358,R0002_55037283,1.0
R0002_55031358,R0002_55019387,0.9
R0002_55031358,R0043_55035478,0.7770408163265305
R0002_55031358,R0043_55032756,0.7020408163265306
R0002_55031358,R0043_55039677,0.8520408163265306
R0002_55031358,R0043_55039678,0.8520408163265306
R0002_55031358,R0043_55029067,0.8520408163265306
R0002_55031358,R0043_55036252,0.8520408163265306
R0002_55031358,R0043_55034675,0.8520408163265306
R0002_55031358,R0043_55031083,0.8520408163265306
R0002_55031358,R0043_55036209,0.8520408163265306
R0002_55031358,R0043_55035181,0.8520408163265306
R0002_55031358,R0043_55032758,0.7520408163265306
R0002_55031358,R0043_55039681,0.8520408163265306
R0002_55031358,R0043_55039682,0.8520408163265306
R0002_55031358,R0043_55039683,0.8520408163265306
R0002_55031358,R0043_55039684,0.8520408163265306
R0002_55031358,R0043_55032632,0.7770408163265305
R0002_55031358,R0043_55021537,0.7770408163265305
R0002_55031358,R0043_55041926,0.7020408163265306
R0002_55031358,R0043_55029012,0.8520408163265306
R0002_55031358,R0043_55034882,0.8520408163265306
R0002_55031358,R0043_55039679,0.8520408163265306
R0002_55031358,R0043_55032862,0.8520408163265306
R0002_55031358,R0043_55032759,0.8520408163265306
R0002_55031358,R0043_55037980,0.8520408163265306
R0002_55031358,R0043_55037979,0.8520408163265306
R0002_55031358,R0043_55027552,0.8520408163265306
R0002_55031358,R0043_55034879,0.8520408163265306
R0002_55031358,R0043_55032908,0.8520408163265306
R0002_55031358,R0043_55039686,0.7020408163265306
R0002_55031358,R0043_55032863,0.8520408163265306
R0002_55031358,R0043_55009127,0.7020408163265306
R0002_55031358,R0043_55036250,0.8520408163265306
R0002_55031358,R0043_55034880,0.7520408163265306
R0002_55031358,R0043_55032860,0.8520408163265306
R0002_55031358,R0043_55029506,0.7770408163265305
R0002_55031358,R0043_55031288,0.7520408163265306
R0002_55031358,R0043_55036124,0.8520408163265306
R0002_55031358,R0043_55039830,0.8520408163265306
R0002_55031358,R0043_55034325,0.7520408163265306
R0002_55031358,R0043_55039829,0.8520408163265306
R0002_55031358,R0043_55031080,0.6270408163265306
R0002_55031358,R0043_55031077,0.8520408163265306
R0002_55031358,R0043_55017366,0.7770408163265305
R0002_55031358,R0043_55034335,0.8520408163265306
R0002_55031358,R0043_55031005,0.7020408163265306
R0002_55031358,R0055_55007584,0.7224489795918367
R0002_55031358,R0055_55007583,0.7724489795918368
R0002_55031358,R0204_55005925,0.8826530612244898
R0002_55031358,R0204_55032685,0.8076530612244898
R0002_55031358,R0204_55035156,0.7826530612244897
R0002_55031358,R0204_55022352,0.8076530612244898
R0002_55031358,R0204_55004131,0.8826530612244898
R0002_55031358,R0207_55036375,0.8673469387755102
R0002_55031358,R0207_55032672,0.7923469387755102
R0002_55031358,R0207_55032673,0.7923469387755102
R0002_55031358,R0290_55038074,0.7173469387755103
R0002_55031358,R0290_55041439,0.7923469387755102
R0002_55031358,R0290_55041442,0.7923469387755102
R0002_55031358,R0290_55041438,0.7923469387755102
R0002_55031358,R0290_55041440,0.7923469387755102
R0002_55031358,R0290_55041441,0.7923469387755102
R0002_55031358,R0290_55030423,0.7923469387755102
R0002_55031358,R0290_55039755,0.7923469387755102
R0002_55031358,R0290_55026840,0.7923469387755102
R0002_55031358,R0290_55038681,0.7923469387755102
R0002_55031358,R0290_55033209,0.7923469387755102
R0002_55031358,R0290_55043722,0.8673469387755102
R0002_55031358,R0377_55039577,0.8127551020408164
R0002_55031358,R0377_55032663,0.8127551020408164
R0002_55031358,R0377_55036003,0.8877551020408163
R0002_55031358,R0377_55036004,0.8877551020408163
R0002_55031358,R0377_55036006,0.8877551020408163
R0002_55031358,R0377_55036007,0.8877551020408163
R0002_55031358,R0377_55036008,0.8877551020408163
R0002_55031358,R0377_55036009,0.8877551020408163
R0002_55031358,R0377_55043375,0.8877551020408163
R0002_55031358,R0377_55032655,0.7877551020408163
R0002_55031358,R0377_55034860,0.8127551020408164
R0002_55031358,R0377_55042881,0.8127551020408164
R0002_55031358,R0377_55033035,0.7877551020408163
R0002_55031358,R0377_55044076,0.8877551020408163
R0002_55031358,R0377_55036698,0.8127551020408164
R0002_55031358,R0377_55032664,0.7377551020408163
R0002_55031358,R0377_55038331,0.8877551020408163
R0002_55031358,R0377_55041814,0.8877551020408163
R0002_55031358,R0377_55041025,0.8877551020408163
R0002_55031358,R0377_55039651,0.8877551020408163
R0002_55031358,R0377_55044100,0.7377551020408163
R0002_55031358,R0377_55026719,0.7377551020408163
R0002_55025080,R0002_55043311,1.0
R0002_55025080,R0002_55036002,0.925
R0002_55025080,R0002_55015378,0.925
R0002_55025080,R0002_55032731,1.0
R0002_55025080,R0002_55025944,0.9
R0002_55025080,R0002_55024341,0.9
R0002_55025080,R0002_55041509,0.9
R0002_55025080,R0002_55036059,0.925
R0002_55025080,R0002_55037787,0.925
R0002_55025080,R0002_55039851,1.0
R0002_55025080,R0002_55032782,0.925
R0002_55025080,R0002_55036171,0.9
R0002_55025080,R0002_55035505,0.9
R0002_55025080,R0002_55011002,0.925
R0002_55025080,R0002_55031467,0.9
R0002_55025080,R0002_55028991,0.925
R0002_55025080,R0002_55027831,0.9
R0002_55025080,R0002_55038839,0.9
R0002_55025080,R0002_55019960,0.925
R0002_55025080,R0002_55033035,0.925
R0002_55025080,R0002_55006197,0.925
R0002_55025080,R0002_55036505,1.0
R0002_55025080,R0002_55044076,0.925
R0002_55025080,R0002_55036050,1.0
R0002_55025080,R0002_55037530,0.9
R0002_55025080,R0002_55040793,0.925
R0002_55025080,R0002_55043136,0.925
R0002_55025080,R0002_55014421,0.925
R0002_55025080,R0002_55003518,1.0
R0002_55025080,R0002_55027319,1.0
R0002_55025080,R0002_55035727,0.925
R0002_55025080,R0002_55032858,0.925
R0002_55025080,R0002_55029026,0.875
R0002_55025080,R0002_55039889,0.925
R0002_55025080,R0002_55041025,0.925
R0002_55025080,R0002_55041833,0.925
R0002_55025080,R0002_55031084,0.925
R0002_55025080,R0002_55030125,0.925
R0002_55025080,R0002_55011220,1.0
R0002_55025080,R0002_55043779,0.925
R0002_55025080,R0002_55026664,0.925
R0002_55025080,R0002_55037878,1.0
R0002_55025080,R0002_55043901,0.9
R0002_55025080,R0002_55037718,0.925
R0002_55025080,R0002_55042075,0.9
R0002_55025080,R0002_55031358,0.925
R0002_55025080,R0002_55037283,0.925
R0002_55025080,R0002_55019387,0.875
R0002_55025080,R0043_55035478,0.7520408163265306
R0002_55025080,R0043_55032756,0.6770408163265306
R0002_55025080,R0043_55039677,0.7770408163265305
R0002_55025080,R0043_55039678,0.7770408163265305
R0002_55025080,R0043_55029067,0.7770408163265305
R0002_55025080,R0043_55036252,0.7770408163265305
R0002_55025080,R0043_55034675,0.7770408163265305
R0002_55025080,R0043_55031083,0.7770408163265305
R0002_55025080,R0043_55036209,0.7770408163265305
R0002_55025080,R0043_55035181,0.7770408163265305
R0002_55025080,R0043_55032758,0.7270408163265306
R0002_55025080,R0043_55039681,0.7770408163265305
R0002_55025080,R0043_55039682,0.7770408163265305
R0002_55025080,R0043_55039683,0.7770408163265305
R0002_55025080,R0043_55039684,0.7770408163265305
R0002_55025080,R0043_55032632,0.7520408163265306
R0002_55025080,R0043_55021537,0.7520408163265306
R0002_55025080,R0043_55041926,0.6770408163265306
R0002_55025080,R0043_55029012,0.7770408163265305
R0002_55025080,R0043_55034882,0.7770408163265305
R0002_55025080,R0043_55039679,0.7770408163265305
R0002_55025080,R0043_55032862,0.7770408163265305
R0002_55025080,R0043_55032759,0.7770408163265305
R0002_55025080,R0043_55037980,0.7770408163265305
R0002_55025080,R0043_55037979,0.7770408163265305
R0002_55025080,R0043_55027552,0.7770408163265305
R0002_55025080,R0043_55034879,0.7770408163265305
R0002_55025080,R0043_55032908,0.7770408163265305
R0002_55025080,R0043_55039686,0.6770408163265306
R0002_55025080,R0043_55032863,0.7770408163265305
R0002_55025080,R0043_55009127,0.6770408163265306
R0002_55025080,R0043_55036250,0.7770408163265305
R0002_55025080,R0043_55034880,0.7270408163265306
R0002_55025080,R0043_55032860,0.7770408163265305
R0002_55025080,R0043_55029506,0.7520408163265306
R0002_55025080,R0043_55031288,0.7270408163265306
R0002_55025080,R0043_55036124,0.7770408163265305
R0002_55025080,R0043_55039830,0.7770408163265305
R0002_55025080,R0043_55034325,0.7270408163265306
R0002_55025080,R0043_55039829,0.7770408163265305
R0002_55025080,R0043_55031080,0.8520408163265306
R0002_55025080,R0043_55031077,0.7770408163265305
R0002_55025080,R0043_55017366,0.7520408163265306
R0002_55025080,R0043_55034335,0.7770408163265305
R0002_55025080,R0043_55031005,0.6770408163265306
R0002_55025080,R0055_55007584,0.6974489795918367
R0002_55025080,R0055_55007583,0.7474489795918366
R0002_55025080,R0204_55005925,0.8076530612244898
R0002_55025080,R0204_55032685,0.7826530612244897
R0002_55025080,R0204_55035156,0.7576530612244898
R0002_55025080,R0204_55022352,0.7826530612244897
R0002_55025080,R0204_55004131,0.8076530612244898
R0002_55025080,R0207_55036375,0.7923469387755102
R0002_55025080,R0207_55032672,0.7673469387755102
R0002_55025080,R0207_55032673,0.7673469387755102
R0002_55025080,R0290_55038074,0.6923469387755101
R0002_55025080,R0290_55041439,0.7673469387755102
R0002_55025080,R0290_55041442,0.7673469387755102
R0002_55025080,R0290_55041438,0.7673469387755102
R0002_55025080,R0290_55041440,0.7673469387755102
R0002_55025080,R0290_55041441,0.7673469387755102
R0002_55025080,R0290_55030423,0.7673469387755102
R0002_55025080,R0290_55039755,0.7673469387755102
R0002_55025080,R0290_55026840,0.7673469387755102
R0002_55025080,R0290_55038681,0.7673469387755102
R0002_55025080,R0290_55033209,0.7673469387755102
R0002_55025080,R0290_55043722,0.7923469387755102
R0002_55025080,R0377_55039577,0.7877551020408163
R0002_55025080,R0377_55032663,0.7877551020408163
R0002_55025080,R0377_55036003,0.8127551020408164
R0002_55025080,R0377_55036004,0.8127551020408164
R0002_55025080,R0377_55036006,0.8127551020408164
R0002_55025080,R0377_55036007,0.8127551020408164
R0002_55025080,R0377_55036008,0.8127551020408164
R0002_55025080,R0377_55036009,0.8127551020408164
R0002_55025080,R0377_55043375,0.8127551020408164
R0002_55025080,R0377_55032655,0.7627551020408163
R0002_55025080,R0377_55034860,0.7877551020408163
R0002_55025080,R0377_55042881,0.7877551020408163
R0002_55025080,R0377_55033035,0.7627551020408163
R0002_55025080,R0377_55044076,0.8127551020408164
R0002_55025080,R0377_55036698,0.7877551020408163
R0002_55025080,R0377_55032664,0.7127551020408163
R0002_55025080,R0377_55038331,0.8127551020408164
R0002_55025080,R0377_55041814,0.8127551020408164
R0002_55025080,R0377_55041025,0.8127551020408164
R0002_55025080,R0377_55039651,0.8127551020408164
R0002_55025080,R0377_55044100,0.7127551020408163
R0002_55025080,R0377_55026719,0.7127551020408163
R0002_55037283,R0002_55043311,0.775
R0002_55037283,R0002_55036002,1.0
R0002_55037283,R0002_55015378,1.0
R0002_55037283,R0002_55032731,0.775
R0002_55037283,R0002_55025944,0.925
R0002_55037283,R0002_55024341,0.925
R0002_55037283,R0002_55041509,0.925
R0002_55037283,R0002_55036059,1.0
R0002_55037283,R0002_55037787,1.0
R0002_55037283,R0002_55039851,0.775
R0002_55037283,R0002_55032782,1.0
R0002_55037283,R0002_55036171,0.925
R0002_55037283,R0002_55035505,0.925
R0002_55037283,R0002_55011002,1.0
R0002_55037283,R0002_55031467,0.925
R0002_55037283,R0002_55028991,1.0
R0002_55037283,R0002_55027831,0.925
R0002_55037283,R0002_55038839,0.925
R0002_55037283,R0002_55019960,1.0
R0002_55037283,R0002_55033035,1.0
R0002_55037283,R0002_55006197,1.0
R0002_55037283,R0002_55036505,0.775
R0002_55037283,R0002_55044076,1.0
R0002_55037283,R0002_55036050,0.775
R0002_55037283,R0002_55037530,0.925
R0002_55037283,R0002_55040793,1.0
R0002_55037283,R0002_55043136,1.0
R0002_55037283,R0002_55014421,1.0
R0002_55037283,R0002_55003518,0.775
R0002_55037283,R0002_55027319,0.775
R0002_55037283,R0002_55035727,1.0
R0002_55037283,R0002_55032858,1.0
R0002_55037283,R0002_55029026,0.9
R0002_55037283,R0002_55039889,1.0
R0002_55037283,R0002_55041025,1.0
R0002_55037283,R0002_55041833,1.0
R0002_55037283,R0002_55031084,1.0
R0002_55037283,R0002_55030125,1.0
R0002_55037283,R0002_55011220,0.775
R0002_55037283,R0002_55043779,1.0
R0002_55037283,R0002_55026664,1.0
R0002_55037283,R0002_55037878,0.775
R0002_55037283,R0002_55043901,0.925
R0002_55037283,R0002_55037718,1.0
R0002_55037283,R0002_55042075,0.925
R0002_55037283,R0002_55031358,1.0
R0002_55037283,R0002_55025080,0.775
R0002_55037283,R0002_55019387,0.9
R0002_55037283,R0043_55035478,0.7770408163265305
R0002_55037283,R0043_55032756,0.7020408163265306
R0002_55037283,R0043_55039677,0.8520408163265306
R0002_55037283,R0043_55039678,0.8520408163265306
R0002_55037283,R0043_55029067,0.8520408163265306
R0002_55037283,R0043_55036252,0.8520408163265306
R0002_55037283,R0043_55034675,0.8520408163265306
R0002_55037283,R0043_55031083,0.8520408163265306
R0002_55037283,R0043_55036209,0.8520408163265306
R0002_55037283,R0043_55035181,0.8520408163265306
R0002_55037283,R0043_55032758,0.7520408163265306
R0002_55037283,R0043_55039681,0.8520408163265306
R0002_55037283,R0043_55039682,0.8520408163265306
R0002_55037283,R0043_55039683,0.8520408163265306
R0002_55037283,R0043_55039684,0.8520408163265306
R0002_55037283,R0043_55032632,0.7770408163265305
R0002_55037283,R0043_55021537,0.7770408163265305
R0002_55037283,R0043_55041926,0.7020408163265306
R0002_55037283,R0043_55029012,0.8520408163265306
R0002_55037283,R0043_55034882,0.8520408163265306
R0002_55037283,R0043_55039679,0.8520408163265306
R0002_55037283,R0043_55032862,0.8520408163265306
R0002_55037283,R0043_55032759,0.8520408163265306
R0002_55037283,R0043_55037980,0.8520408163265306
R0002_55037283,R0043_55037979,0.8520408163265306
R0002_55037283,R0043_55027552,0.8520408163265306
R0002_55037283,R0043_55034879,0.8520408163265306
R0002_55037283,R0043_55032908,0.8520408163265306
R0002_55037283,R0043_55039686,0.7020408163265306
R0002_55037283,R0043_55032863,0.8520408163265306
R0002_55037283,R0043_55009127,0.7020408163265306
R0002_55037283,R0043_55036250,0.8520408163265306
R0002_55037283,R0043_55034880,0.7520408163265306
R0002_55037283,R0043_55032860,0.8520408163265306
R0002_55037283,R0043_55029506,0.7770408163265305
R0002_55037283,R0043_55031288,0.7520408163265306
R0002_55037283,R0043_55036124,0.8520408163265306
R0002_55037283,R0043_55039830,0.8520408163265306
R0002_55037283,R0043_55034325,0.7520408163265306
R0002_55037283,R0043_55039829,0.8520408163265306
R0002_55037283,R0043_55031080,0.6270408163265306
R0002_55037283,R0043_55031077,0.8520408163265306
R0002_55037283,R0043_55017366,0.7770408163265305
R0002_55037283,R0043_55034335,0.8520408163265306
R0002_55037283,R0043_55031005,0.7020408163265306
R0002_55037283,R0055_55007584,0.7224489795918367
R0002_55037283,R0055_55007583,0.7724489795918368
R0002_55037283,R0204_55005925,0.8826530612244898
R0002_55037283,R0204_55032685,0.8076530612244898
R0002_55037283,R0204_55035156,0.7826530612244897
R0002_55037283,R0204_55022352,0.8076530612244898
R0002_55037283,R0204_55004131,0.8826530612244898
R0002_55037283,R0207_55036375,0.8673469387755102
R0002_55037283,R0207_55032672,0.7923469387755102
R0002_55037283,R0207_55032673,0.7923469387755102
R0002_55037283,R0290_55038074,0.7173469387755103
R0002_55037283,R0290_55041439,0.7923469387755102
R0002_55037283,R0290_55041442,0.7923469387755102
R0002_55037283,R0290_55041438,0.7923469387755102
R0002_55037283,R0290_55041440,0.7923469387755102
R0002_55037283,R0290_55041441,0.7923469387755102
R0002_55037283,R0290_55030423,0.7923469387755102
R0002_55037283,R0290_55039755,0.7923469387755102
R0002_55037283,R0290_55026840,0.7923469387755102
R0002_55037283,R0290_55038681,0.7923469387755102
R0002_55037283,R0290_55033209,0.7923469387755102
R0002_55037283,R0290_55043722,0.8673469387755102
R0002_55037283,R0377_55039577,0.8127551020408164
R0002_55037283,R0377_55032663,0.8127551020408164
R0002_55037283,R0377_55036003,0.8877551020408163
R0002_55037283,R0377_55036004,0.8877551020408163
R0002_55037283,R0377_55036006,0.8877551020408163
R0002_55037283,R0377_55036007,0.8877551020408163
R0002_55037283,R0377_55036008,0.8877551020408163
R0002_55037283,R0377_55036009,0.8877551020408163
R0002_55037283,R0377_55043375,0.8877551020408163
R0002_55037283,R0377_55032655,0.7877551020408163
R0002_55037283,R0377_55034860,0.8127551020408164
R0002_55037283,R0377_55042881,0.8127551020408164
R0002_55037283,R0377_55033035,0.7877551020408163
R0002_55037283,R0377_55044076,0.8877551020408163
R0002_55037283,R0377_55036698,0.8127551020408164
R0002_55037283,R0377_55032664,0.7377551020408163
R0002_55037283,R0377_55038331,0.8877551020408163
R0002_55037283,R0377_55041814,0.8877551020408163
R0002_55037283,R0377_55041025,0.8877551020408163
R0002_55037283,R0377_55039651,0.8877551020408163
R0002_55037283,R0377_55044100,0.7377551020408163
R0002_55037283,R0377_55026719,0.7377551020408163
R0002_55019387,R0002_55043311,0.75
R0002_55019387,R0002_55036002,0.75
R0002_55019387,R0002_55015378,0.75
R0002_55019387,R0002_55032731,0.75
R0002_55019387,R0002_55025944,0.775
R0002_55019387,R0002_55024341,0.775
R0002_55019387,R0002_55041509,0.775
R0002_55019387,R0002_55036059,0.75
R0002_55019387,R0002_55037787,0.75
R0002_55019387,R0002_55039851,0.75
R0002_55019387,R0002_55032782,0.75
R0002_55019387,R0002_55036171,0.775
R0002_55019387,R0002_55035505,0.775
R0002_55019387,R0002_55011002,0.75
R0002_55019387,R0002_55031467,0.775
R0002_55019387,R0002_55028991,0.75
R0002_55019387,R0002_55027831,0.775
R0002_55019387,R0002_55038839,0.775
R0002_55019387,R0002_55019960,0.75
R0002_55019387,R0002_55033035,0.75
R0002_55019387,R0002_55006197,0.75
R0002_55019387,R0002_55036505,0.75
R0002_55019387,R0002_55044076,0.75
R0002_55019387,R0002_55036050,0.75
R0002_55019387,R0002_55037530,0.775
R0002_55019387,R0002_55040793,0.75
R0002_55019387,R0002_55043136,0.75
R0002_55019387,R0002_55014421,0.75
R0002_55019387,R0002_55003518,0.75
R0002_55019387,R0002_55027319,0.75
R0002_55019387,R0002_55035727,0.75
R0002_55019387,R0002_55032858,0.75
R0002_55019387,R0002_55029026,1.0
R0002_55019387,R0002_55039889,0.75
R0002_55019387,R0002_55041025,0.75
R0002_55019387,R0002_55041833,0.75
R0002_55019387,R0002_55031084,0.75
R0002_55019387,R0002_55030125,0.75
R0002_55019387,R0002_55011220,0.75
R0002_55019387,R0002_55043779,0.75
R0002_55019387,R0002_55026664,0.75
R0002_55019387,R0002_55037878,0.75
R0002_55019387,R0002_55043901,0.775
R0002_55019387,R0002_55037718,0.75
R0002_55019387,R0002_55042075,0.775
R0002_55019387,R0002_55031358,0.75
R0002_55019387,R0002_55025080,0.75
R0002_55019387,R0002_55037283,0.75
R0002_55019387,R0043_55035478,0.6270408163265306
R0002_55019387,R0043_55032756,0.7520408163265306
R0002_55019387,R0043_55039677,0.6020408163265306
R0002_55019387,R0043_55039678,0.6020408163265306
R0002_55019387,R0043_55029067,0.6020408163265306
R0002_55019387,R0043_55036252,0.6020408163265306
R0002_55019387,R0043_55034675,0.6020408163265306
R0002_55019387,R0043_55031083,0.6020408163265306
R0002_55019387,R0043_55036209,0.6020408163265306
R0002_55019387,R0043_55035181,0.6020408163265306
R0002_55019387,R0043_55032758,0.8520408163265306
R0002_55019387,R0043_55039681,0.6020408163265306
R0002_55019387,R0043_55039682,0.6020408163265306
R0002_55019387,R0043_55039683,0.6020408163265306
R0002_55019387,R0043_55039684,0.6020408163265306
R0002_55019387,R0043_55032632,0.6270408163265306
R0002_55019387,R0043_55021537,0.6270408163265306
R0002_55019387,R0043_55041926,0.7520408163265306
R0002_55019387,R0043_55029012,0.6020408163265306
R0002_55019387,R0043_55034882,0.6020408163265306
R0002_55019387,R0043_55039679,0.6020408163265306
R0002_55019387,R0043_55032862,0.6020408163265306
R0002_55019387,R0043_55032759,0.6020408163265306
R0002_55019387,R0043_55037980,0.6020408163265306
R0002_55019387,R0043_55037979,0.6020408163265306
R0002_55019387,R0043_55027552,0.6020408163265306
R0002_55019387,R0043_55034879,0.6020408163265306
R0002_55019387,R0043_55032908,0.6020408163265306
R0002_55019387,R0043_55039686,0.7520408163265306
R0002_55019387,R0043_55032863,0.6020408163265306
R0002_55019387,R0043_55009127,0.7520408163265306
R0002_55019387,R0043_55036250,0.6020408163265306
R0002_55019387,R0043_55034880,0.8520408163265306
R0002_55019387,R0043_55032860,0.6020408163265306
R0002_55019387,R0043_55029506,0.6270408163265306
R0002_55019387,R0043_55031288,0.8520408163265306
R0002_55019387,R0043_55036124,0.6020408163265306
R0002_55019387,R0043_55039830,0.6020408163265306
R0002_55019387,R0043_55034325,0.8520408163265306
R0002_55019387,R0043_55039829,0.6020408163265306
R0002_55019387,R0043_55031080,0.6020408163265306
R0002_55019387,R0043_55031077,0.6020408163265306
R0002_55019387,R0043_55017366,0.6270408163265306
R0002_55019387,R0043_55034335,0.6020408163265306
R0002_55019387,R0043_55031005,0.7520408163265306
R0002_55019387,R0055_55007584,0.7724489795918368
R0002_55019387,R0055_55007583,0.8724489795918368
R0002_55019387,R0204_55005925,0.6326530612244898
R0002_55019387,R0204_55032685,0.6576530612244897
R0002_55019387,R0204_55035156,0.8826530612244898
R0002_55019387,R0204_55022352,0.6576530612244897
R0002_55019387,R0204_55004131,0.6326530612244898
R0002_55019387,R0207_55036375,0.6173469387755102
R0002_55019387,R0207_55032672,0.6423469387755102
R0002_55019387,R0207_55032673,0.6423469387755102
R0002_55019387,R0290_55038074,0.7673469387755102
R0002_55019387,R0290_55041439,0.6423469387755102
R0002_55019387,R0290_55041442,0.6423469387755102
R0002_55019387,R0290_55041438,0.6423469387755102
R0002_55019387,R0290_55041440,0.6423469387755102
R0002_55019387,R0290_55041441,0.6423469387755102
R0002_55019387,R0290_55030423,0.6423469387755102
R0002_55019387,R0290_55039755,0.6423469387755102
R0002_55019387,R0290_55026840,0.6423469387755102
R0002_55019387,R0290_55038681,0.6423469387755102
R0002_55019387,R0290_55033209,0.6423469387755102
R0002_55019387,R0290_55043722,0.6173469387755102
R0002_55019387,R0377_55039577,0.6627551020408163
R0002_55019387,R0377_55032663,0.6627551020408163
R0002_55019387,R0377_55036003,0.6377551020408163
R0002_55019387,R0377_55036004,0.6377551020408163
R0002_55019387,R0377_55036006,0.6377551020408163
R0002_55019387,R0377_55036007,0.6377551020408163
R0002_55019387,R0377_55036008,0.6377551020408163
R0002_55019387,R0377_55036009,0.6377551020408163
R0002_55019387,R0377_55043375,0.6377551020408163
R0002_55019387,R0377_55032655,0.8877551020408163
R0002_55019387,R0377_55034860,0.6627551020408163
R0002_55019387,R0377_55042881,0.6627551020408163
R0002_55019387,R0377_55033035,0.8877551020408163
R0002_55019387,R0377_55044076,0.6377551020408163
R0002_55019387,R0377_55036698,0.6627551020408163
R0002_55019387,R0377_55032664,0.7877551020408163
R0002_55019387,R0377_55038331,0.6377551020408163
R0002_55019387,R0377_55041814,0.6377551020408163
R0002_55019387,R0377_55041025,0.6377551020408163
R0002_55019387,R0377_55039651,0.6377551020408163
R0002_55019387,R0377_55044100,0.7877551020408163
R0002_55019387,R0377_55026719,0.7877551020408163
R0043_55035478,R0002_55043311,0.5757575757575757
R0043_55035478,R0002_55036002,0.6007575757575758
R0043_55035478,R0002_55015378,0.6007575757575758
R0043_55035478,R0002_55032731,0.5757575757575757
R0043_55035478,R0002_55025944,0.8257575757575757
R0043_55035478,R0002_55024341,0.8257575757575757
R0043_55035478,R0002_55041509,0.8257575757575757
R0043_55035478,R0002_55036059,0.6007575757575758
R0043_55035478,R0002_55037787,0.6007575757575758
R0043_55035478,R0002_55039851,0.5757575757575757
R0043_55035478,R0002_55032782,0.6007575757575758
R0043_55035478,R0002_55036171,0.8257575757575757
R0043_55035478,R0002_55035505,0.8257575757575757
R0043_55035478,R0002_55011002,0.6007575757575758
R0043_55035478,R0002_55031467,0.8257575757575757
R0043_55035478,R0002_55028991,0.6007575757575758
R0043_55035478,R0002_55027831,0.8257575757575757
R0043_55035478,R0002_55038839,0.8257575757575757
R0043_55035478,R0002_55019960,0.6007575757575758
R0043_55035478,R0002_55033035,0.6007575757575758
R0043_55035478,R0002_55006197,0.6007575757575758
R0043_55035478,R0002_55036505,0.5757575757575757
R0043_55035478,R0002_55044076,0.6007575757575758
R0043_55035478,R0002_55036050,0.5757575757575757
R0043_55035478,R0002_55037530,0.8257575757575757
R0043_55035478,R0002_55040793,0.6007575757575758
R0043_55035478,R0002_55043136,0.6007575757575758
R0043_55035478,R0002_55014421,0.6007575757575758
R0043_55035478,R0002_55003518,0.5757575757575757
R0043_55035478,R0002_55027319,0.5757575757575757
R0043_55035478,R0002_55035727,0.6007575757575758
R0043_55035478,R0002_55032858,0.6007575757575758
R0043_55035478,R0002_55029026,0.7507575757575757
R0043_55035478,R0002_55039889,0.6007575757575758
R0043_55035478,R0002_55041025,0.6007575757575758
R0043_55035478,R0002_55041833,0.6007575757575758
R0043_55035478,R0002_55031084,0.6007575757575758
R0043_55035478,R0002_55030125,0.6007575757575758
R0043_55035478,R0002_55011220,0.5757575757575757
R0043_55035478,R0002_55043779,0.6007575757575758
R0043_55035478,R0002_55026664,0.6007575757575758
R0043_55035478,R0002_55037878,0.5757575757575757
R0043_55035478,R0002_55043901,0.8257575757575757
R0043_55035478,R0002_55037718,0.6007575757575758
R0043_55035478,R0002_55042075,0.8257575757575757
R0043_55035478,R0002_55031358,0.6007575757575758
R0043_55035478,R0002_55025080,0.5757575757575757
R0043_55035478,R0002_55037283,0.6007575757575758
R0043_55035478,R0002_55019387,0.7507575757575757
R0043_55035478,R0043_55032756,0.875
R0043_55035478,R0043_55039677,0.775
R0043_55035478,R0043_55039678,0.775
R0043_55035478,R0043_55029067,0.775
R0043_55035478,R0043_55036252,0.775
R0043_55035478,R0043_55034675,0.775
R0043_55035478,R0043_55031083,0.775
R0043_55035478,R0043_55036209,0.775
R0043_55035478,R0043_55035181,0.775
R0043_55035478,R0043_55032758,0.925
R0043_55035478,R0043_55039681,0.775
R0043_55035478,R0043_55039682,0.775
R0043_55035478,R0043_55039683,0.775
R0043_55035478,R0043_55039684,0.775
R0043_55035478,R0043_55032632,1.0
R0043_55035478,R0043_55021537,1.0
R0043_55035478,R0043_55041926,0.875
R0043_55035478,R0043_55029012,0.775
R0043_55035478,R0043_55034882,0.775
R0043_55035478,R0043_55039679,0.775
R0043_55035478,R0043_55032862,0.775
R0043_55035478,R0043_55032759,0.775
R0043_55035478,R0043_55037980,0.775
R0043_55035478,R0043_55037979,0.775
R0043_55035478,R0043_55027552,0.775
R0043_55035478,R0043_55034879,0.775
R0043_55035478,R0043_55032908,0.775
R0043_55035478,R0043_55039686,0.875
R0043_55035478,R0043_55032863,0.775
R0043_55035478,R0043_55009127,0.875
R0043_55035478,R0043_55036250,0.775
R0043_55035478,R0043_55034880,0.925
R0043_55035478,R0043_55032860,0.775
R0043_55035478,R0043_55029506,1.0
R0043_55035478,R0043_55031288,0.925
R0043_55035478,R0043_55036124,0.775
R0043_55035478,R0043_55039830,0.775
R0043_55035478,R0043_55034325,0.925
R0043_55035478,R0043_55039829,0.775
R0043_55035478,R0043_55031080,0.75
R0043_55035478,R0043_55031077,0.775
R0043_55035478,R0043_55017366,1.0
R0043_55035478,R0043_55034335,0.775
R0043_55035478,R0043_55031005,0.875
R0043_55035478,R0055_55007584,0.7196969696969697
R0043_55035478,R0055_55007583,0.7696969696969697
R0043_55035478,R0204_55005925,0.6272727272727273
R0043_55035478,R0204_55032685,0.8522727272727273
R0043_55035478,R0204_55035156,0.7772727272727273
R0043_55035478,R0204_55022352,0.8522727272727273
R0043_55035478,R0204_55004131,0.6272727272727273
R0043_55035478,R0207_55036375,0.6234848484848485
R0043_55035478,R0207_55032672,0.8484848484848485
R0043_55035478,R0207_55032673,0.8484848484848485
R0043_55035478,R0290_55038074,0.7234848484848484
R0043_55035478,R0290_55041439,0.8484848484848485
R0043_55035478,R0290_55041442,0.8484848484848485
R0043_55035478,R0290_55041438,0.8484848484848485
R0043_55035478,R0290_55041440,0.8484848484848485
R0043_55035478,R0290_55041441,0.8484848484848485
R0043_55035478,R0290_55030423,0.8484848484848485
R0043_55035478,R0290_55039755,0.8484848484848485
R0043_55035478,R0290_55026840,0.8484848484848485
R0043_55035478,R0290_55038681,0.8484848484848485
R0043_55035478,R0290_55033209,0.8484848484848485
R0043_55035478,R0290_55043722,0.6234848484848485
R0043_55035478,R0377_55039577,0.8522727272727273
R0043_55035478,R0377_55032663,0.8522727272727273
R0043_55035478,R0377_55036003,0.6272727272727273
R0043_55035478,R0377_55036004,0.6272727272727273
R0043_55035478,R0377_55036006,0.6272727272727273
R0043_55035478,R0377_55036007,0.6272727272727273
R0043_55035478,R0377_55036008,0.6272727272727273
R0043_55035478,R0377_55036009,0.6272727272727273
R0043_55035478,R0377_55043375,0.6272727272727273
R0043_55035478,R0377_55032655,0.7772727272727273
R0043_55035478,R0377_55034860,0.8522727272727273
R0043_55035478,R0377_55042881,0.8522727272727273
R0043_55035478,R0377_55033035,0.7772727272727273
R0043_55035478,R0377_55044076,0.6272727272727273
R0043_55035478,R0377_55036698,0.8522727272727273
R0043_55035478,R0377_55032664,0.7272727272727273
R0043_55035478,R0377_55038331,0.6272727272727273
R0043_55035478,R0377_55041814,0.6272727272727273
R0043_55035478,R0377_55041025,0.6272727272727273
R0043_55035478,R0377_55039651,0.6272727272727273
R0043_55035478,R0377_55044100,0.7272727272727273
R0043_55035478,R0377_55026719,0.7272727272727273
R0043_55032756,R0002_55043311,0.5757575757575757
R0043_55032756,R0002_55036002,0.5757575757575757
R0043_55032756,R0002_55015378,0.5757575757575757
R0043_55032756,R0002_55032731,0.5757575757575757
R0043_55032756,R0002_55025944,0.5757575757575757
R0043_55032756,R0002_55024341,0.5757575757575757
R0043_55032756,R0002_55041509,0.5757575757575757
R0043_55032756,R0002_55036059,0.5757575757575757
R0043_55032756,R0002_55037787,0.5757575757575757
R0043_55032756,R0002_55039851,0.5757575757575757
R0043_55032756,R0002_55032782,0.5757575757575757
R0043_55032756,R0002_55036171,0.5757575757575757
R0043_55032756,R0002_55035505,0.5757575757575757
R0043_55032756,R0002_55011002,0.5757575757575757
R0043_55032756,R0002_55031467,0.5757575757575757
R0043_55032756,R0002_55028991,0.5757575757575757
R0043_55032756,R0002_55027831,0.5757575757575757
R0043_55032756,R0002_55038839,0.5757575757575757
R0043_55032756,R0002_55019960,0.5757575757575757
R0043_55032756,R0002_55033035,0.5757575757575757
R0043_55032756,R0002_55006197,0.5757575757575757
R0043_55032756,R0002_55036505,0.5757575757575757
R0043_55032756,R0002_55044076,0.5757575757575757
R0043_55032756,R0002_55036050,0.5757575757575757
R0043_55032756,R0002_55037530,0.5757575757575757
R0043_55032756,R0002_55040793,0.5757575757575757
R0043_55032756,R0002_55043136,0.5757575757575757
R0043_55032756,R0002_55014421,0.5757575757575757
R0043_55032756,R0002_55003518,0.5757575757575757
R0043_55032756,R0002_55027319,0.5757575757575757
R0043_55032756,R0002_55035727,0.5757575757575757
R0043_55032756,R0002_55032858,0.5757575757575757
R0043_55032756,R0002_55029026,0.5757575757575757
R0043_55032756,R0002_55039889,0.5757575757575757
R0043_55032756,R0002_55041025,0.5757575757575757
R0043_55032756,R0002_55041833,0.5757575757575757
R0043_55032756,R0002_55031084,0.5757575757575757
R0043_55032756,R0002_55030125,0.5757575757575757
R0043_55032756,R0002_55011220,0.5757575757575757
R0043_55032756,R0002_55043779,0.5757575757575757
R0043_55032756,R0002_55026664,0.5757575757575757
R0043_55032756,R0002_55037878,0.5757575757575757
R0043_55032756,R0002_55043901,0.5757575757575757
R0043_55032756,R0002_55037718,0.5757575757575757
R0043_55032756,R0002_55042075,0.5757575757575757
R0043_55032756,R0002_55031358,0.5757575757575757
R0043_55032756,R0002_55025080,0.5757575757575757
R0043_55032756,R0002_55037283,0.5757575757575757
R0043_55032756,R0002_55019387,0.5757575757575757
R0043_55032756,R0043_55035478,0.75
R0043_55032756,R0043_55039677,0.75
R0043_55032756,R0043_55039678,0.75
R0043_55032756,R0043_55029067,0.75
R0043_55032756,R0043_55036252,0.75
R0043_55032756,R0043_55034675,0.75
R0043_55032756,R0043_55031083,0.75
R0043_55032756,R0043_55036209,0.75
R0043_55032756,R0043_55035181,0.75
R0043_55032756,R0043_55032758,0.75
R0043_55032756,R0043_55039681,0.75
R0043_55032756,R0043_55039682,0.75
R0043_55032756,R0043_55039683,0.75
R0043_55032756,R0043_55039684,0.75
R0043_55032756,R0043_55032632,0.75
R0043_55032756,R0043_55021537,0.75
R0043_55032756,R0043_55041926,1.0
R0043_55032756,R0043_55029012,0.75
R0043_55032756,R0043_55034882,0.75
R0043_55032756,R0043_55039679,0.75
R0043_55032756,R0043_55032862,0.75
R0043_55032756,R0043_55032759,0.75
R0043_55032756,R0043_55037980,0.75
R0043_55032756,R0043_55037979,0.75
R0043_55032756,R0043_55027552,0.75
R0043_55032756,R0043_55034879,0.75
R0043_55032756,R0043_55032908,0.75
R0043_55032756,R0043_55039686,1.0
R0043_55032756,R0043_55032863,0.75
R0043_55032756,R0043_55009127,1.0
R0043_55032756,R0043_55036250,0.75
R0043_55032756,R0043_55034880,0.75
R0043_55032756,R0043_55032860,0.75
R0043_55032756,R0043_55029506,0.75
R0043_55032756,R0043_55031288,0.75
R0043_55032756,R0043_55036124,0.75
R0043_55032756,R0043_55039830,0.75
R0043_55032756,R0043_55034325,0.75
R0043_55032756,R0043_55039829,0.75
R0043_55032756,R0043_55031080,0.75
R0043_55032756,R0043_55031077,0.75
R0043_55032756,R0043_55017366,0.75
R0043_55032756,R0043_55034335,0.75
R0043_55032756,R0043_55031005,1.0
R0043_55032756,R0055_55007584,0.8446969696969697
R0043_55032756,R0055_55007583,0.5946969696969697
R0043_55032756,R0204_55005925,0.6022727272727273
R0043_55032756,R0204_55032685,0.6022727272727273
R0043_55032756,R0204_55035156,0.6022727272727273
R0043_55032756,R0204_55022352,0.6022727272727273
R0043_55032756,R0204_55004131,0.6022727272727273
R0043_55032756,R0207_55036375,0.5984848484848485
R0043_55032756,R0207_55032672,0.5984848484848485
R0043_55032756,R0207_55032673,0.5984848484848485
R0043_55032756,R0290_55038074,0.8484848484848485
R0043_55032756,R0290_55041439,0.5984848484848485
R0043_55032756,R0290_55041442,0.5984848484848485
R0043_55032756,R0290_55041438,0.5984848484848485
R0043_55032756,R0290_55041440,0.5984848484848485
R0043_55032756,R0290_55041441,0.5984848484848485
R0043_55032756,R0290_55030423,0.5984848484848485
R0043_55032756,R0290_55039755,0.5984848484848485
R0043_55032756,R0290_55026840,0.5984848484848485
R0043_55032756,R0290_55038681,0.5984848484848485
R0043_55032756,R0290_55033209,0.5984848484848485
R0043_55032756,R0290_55043722,0.5984848484848485
R0043_55032756,R0377_55039577,0.6022727272727273
R0043_55032756,R0377_55032663,0.6022727272727273
R0043_55032756,R0377_55036003,0.6022727272727273
R0043_55032756,R0377_55036004,0.6022727272727273
R0043_55032756,R0377_55036006,0.6022727272727273
R0043_55032756,R0377_55036007,0.6022727272727273
R0043_55032756,R0377_55036008,0.6022727272727273
R0043_55032756,R0377_55036009,0.6022727272727273
R0043_55032756,R0377_55043375,0.6022727272727273
R0043_55032756,R0377_55032655,0.6022727272727273
R0043_55032756,R0377_55034860,0.6022727272727273
R0043_55032756,R0377_55042881,0.6022727272727273
R0043_55032756,R0377_55033035,0.6022727272727273
R0043_55032756,R0377_55044076,0.6022727272727273
R0043_55032756,R0377_55036698,0.6022727272727273
R0043_55032756,R0377_55032664,0.8522727272727273
R0043_55032756,R0377_55038331,0.6022727272727273
R0043_55032756,R0377_55041814,0.6022727272727273
R0043_55032756,R0377_55041025,0.6022727272727273
R0043_55032756,R0377_55039651,0.6022727272727273
R0043_55032756,R0377_55044100,0.8522727272727273
R0043_55032756,R0377_55026719,0.8522727272727273
R0043_55039677,R0002_55043311,0.6007575757575758
R0043_55039677,R0002_55036002,0.8257575757575757
R0043_55039677,R0002_55015378,0.8257575757575757
R0043_55039677,R0002_55032731,0.6007575757575758
R0043_55039677,R0002_55025944,0.7507575757575757
R0043_55039677,R0002_55024341,0.7507575757575757
R0043_55039677,R0002_55041509,0.7507575757575757
R0043_55039677,R0002_55036059,0.8257575757575757
R0043_55039677,R0002_55037787,0.8257575757575757
R0043_55039677,R0002_55039851,0.6007575757575758
R0043_55039677,R0002_55032782,0.8257575757575757
R0043_55039677,R0002_55036171,0.7507575757575757
R0043_55039677,R0002_55035505,0.7507575757575757
R0043_55039677,R0002_55011002,0.8257575757575757
R0043_55039677,R0002_55031467,0.7507575757575757
R0043_55039677,R0002_55028991,0.8257575757575757
R0043_55039677,R0002_55027831,0.7507575757575757
R0043_55039677,R0002_55038839,0.7507575757575757
R0043_55039677,R0002_55019960,0.8257575757575757
R0043_55039677,R0002_55033035,0.8257575757575757
R0043_55039677,R0002_55006197,0.8257575757575757
R0043_55039677,R0002_55036505,0.6007575757575758
R0043_55039677,R0002_55044076,0.8257575757575757
R0043_55039677,R0002_55036050,0.6007575757575758
R0043_55039677,R0002_55037530,0.7507575757575757
R0043_55039677,R0002_55040793,0.8257575757575757
R0043_55039677,R0002_55043136,0.8257575757575757
R0043_55039677,R0002_55014421,0.8257575757575757
R0043_55039677,R0002_55003518,0.6007575757575758
R0043_55039677,R0002_55027319,0.6007575757575758
R0043_55039677,R0002_55035727,0.8257575757575757
R0043_55039677,R0002_55032858,0.8257575757575757
R0043_55039677,R0002_55029026,0.7257575757575758
R0043_55039677,R0002_55039889,0.8257575757575757
R0043_55039677,R0002_55041025,0.8257575757575757
R0043_55039677,R0002_55041833,0.8257575757575757
R0043_55039677,R0002_55031084,0.8257575757575757
R0043_55039677,R0002_55030125,0.8257575757575757
R0043_55039677,R0002_55011220,0.6007575757575758
R0043_55039677,R0002_55043779,0.8257575757575757
R0043_55039677,R0002_55026664,0.8257575757575757
R0043_55039677,R0002_55037878,0.6007575757575758
R0043_55039677,R0002_55043901,0.7507575757575757
R0043_55039677,R0002_55037718,0.8257575757575757
R0043_55039677,R0002_55042075,0.7507575757575757
R0043_55039677,R0002_55031358,0.8257575757575757
R0043_55039677,R0002_55025080,0.6007575757575758
R0043_55039677,R0002_55037283,0.8257575757575757
R0043_55039677,R0002_55019387,0.7257575757575758
R0043_55039677,R0043_55035478,0.925
R0043_55039677,R0043_55032756,0.85
R0043_55039677,R0043_55039678,1.0
R0043_55039677,R0043_55029067,1.0
R0043_55039677,R0043_55036252,1.0
R0043_55039677,R0043_55034675,1.0
R0043_55039677,R0043_55031083,1.0
R0043_55039677,R0043_55036209,1.0
R0043_55039677,R0043_55035181,1.0
R0043_55039677,R0043_55032758,0.9
R0043_55039677,R0043_55039681,1.0
R0043_55039677,R0043_55039682,1.0
R0043_55039677,R0043_55039683,1.0
R0043_55039677,R0043_55039684,1.0
R0043_55039677,R0043_55032632,0.925
R0043_55039677,R0043_55021537,0.925
R0043_55039677,R0043_55041926,0.85
R0043_55039677,R0043_55029012,1.0
R0043_55039677,R0043_55034882,1.0
R0043_55039677,R0043_55039679,1.0
R0043_55039677,R0043_55032862,1.0
R0043_55039677,R0043_55032759,1.0
R0043_55039677,R0043_55037980,1.0
R0043_55039677,R0043_55037979,1.0
R0043_55039677,R0043_55027552,1.0
R0043_55039677,R0043_55034879,1.0
R0043_55039677,R0043_55032908,1.0
R0043_55039677,R0043_55039686,0.85
R0043_55039677,R0043_55032863,1.0
R0043_55039677,R0043_55009127,0.85
R0043_55039677,R0043_55036250,1.0
R0043_55039677,R0043_55034880,0.9
R0043_55039677,R0043_55032860,1.0
R0043_55039677,R0043_55029506,0.925
R0043_55039677,R0043_55031288,0.9
R0043_55039677,R0043_55036124,1.0
R0043_55039677,R0043_55039830,1.0
R0043_55039677,R0043_55034325,0.9
R0043_55039677,R0043_55039829,1.0
R0043_55039677,R0043_55031080,0.775
R0043_55039677,R0043_55031077,1.0
R0043_55039677,R0043_55017366,0.925
R0043_55039677,R0043_55034335,1.0
R0043_55039677,R0043_55031005,0.85
R0043_55039677,R0055_55007584,0.6946969696969697
R0043_55039677,R0055_55007583,0.7446969696969696
R0043_55039677,R0204_55005925,0.8522727272727273
R0043_55039677,R0204_55032685,0.7772727272727273
R0043_55039677,R0204_55035156,0.7522727272727272
R0043_55039677,R0204_55022352,0.7772727272727273
R0043_55039677,R0204_55004131,0.8522727272727273
R0043_55039677,R0207_55036375,0.8484848484848485
R0043_55039677,R0207_55032672,0.7734848484848484
R0043_55039677,R0207_55032673,0.7734848484848484
R0043_55039677,R0290_55038074,0.6984848484848485
R0043_55039677,R0290_55041439,0.7734848484848484
R0043_55039677,R0290_55041442,0.7734848484848484
R0043_55039677,R0290_55041438,0.7734848484848484
R0043_55039677,R0290_55041440,0.7734848484848484
R0043_55039677,R0290_55041441,0.7734848484848484
R0043_55039677,R0290_55030423,0.7734848484848484
R0043_55039677,R0290_55039755,0.7734848484848484
R0043_55039677,R0290_55026840,0.7734848484848484
R0043_55039677,R0290_55038681,0.7734848484848484
R0043_55039677,R0290_55033209,0.7734848484848484
R0043_55039677,R0290_55043722,0.8484848484848485
R0043_55039677,R0377_55039577,0.7772727272727273
R0043_55039677,R0377_55032663,0.7772727272727273
R0043_55039677,R0377_55036003,0.8522727272727273
R0043_55039677,R0377_55036004,0.8522727272727273
R0043_55039677,R0377_55036006,0.8522727272727273
R0043_55039677,R0377_55036007,0.8522727272727273
R0043_55039677,R0377_55036008,0.8522727272727273
R0043_55039677,R0377_55036009,0.8522727272727273
R0043_55039677,R0377_55043375,0.8522727272727273
R0043_55039677,R0377_55032655,0.7522727272727272
R0043_55039677,R0377_55034860,0.7772727272727273
R0043_55039677,R0377_55042881,0.7772727272727273
R0043_55039677,R0377_55033035,0.7522727272727272
R0043_55039677,R0377_55044076,0.8522727272727273
R0043_55039677,R0377_55036698,0.7772727272727273
R0043_55039677,R0377_55032664,0.7022727272727273
R0043_55039677,R0377_55038331,0.8522727272727273
R0043_55039677,R0377_55041814,0.8522727272727273
R0043_55039677,R0377_55041025,0.8522727272727273
R0043_55039677,R0377_55039651,0.8522727272727273
R0043_55039677,R0377_55044100,0.7022727272727273
R0043_55039677,R0377_55026719,0.7022727272727273
R0043_55039678,R0002_55043311,0.6007575757575758
R0043_55039678,R0002_55036002,0.8257575757575757
R0043_55039678,R0002_55015378,0.8257575757575757
R0043_55039678,R0002_55032731,0.6007575757575758
R0043_55039678,R0002_55025944,0.7507575757575757
R0043_55039678,R0002_55024341,0.7507575757575757
R0043_55039678,R0002_55041509,0.7507575757575757
R0043_55039678,R0002_55036059,0.8257575757575757
R0043_55039678,R0002_55037787,0.8257575757575757
R0043_55039678,R0002_55039851,0.6007575757575758
R0043_55039678,R0002_55032782,0.8257575757575757
R0043_55039678,R0002_55036171,0.7507575757575757
R0043_55039678,R0002_55035505,0.7507575757575757
R0043_55039678,R0002_55011002,0.8257575757575757
R0043_55039678,R0002_55031467,0.7507575757575757
R0043_55039678,R0002_55028991,0.8257575757575757
R0043_55039678,R0002_55027831,0.7507575757575757
R0043_55039678,R0002_55038839,0.7507575757575757
R0043_55039678,R0002_55019960,0.8257575757575757
R0043_55039678,R0002_55033035,0.8257575757575757
R0043_55039678,R0002_55006197,0.8257575757575757
R0043_55039678,R0002_55036505,0.6007575757575758
R0043_55039678,R0002_55044076,0.8257575757575757
R0043_55039678,R0002_55036050,0.6007575757575758
R0043_55039678,R0002_55037530,0.7507575757575757
R0043_55039678,R0002_55040793,0.8257575757575757
R0043_55039678,R0002_55043136,0.8257575757575757
R0043_55039678,R0002_55014421,0.8257575757575757
R0043_55039678,R0002_55003518,0.6007575757575758
R0043_55039678,R0002_55027319,0.6007575757575758
R0043_55039678,R0002_55035727,0.8257575757575757
R0043_55039678,R0002_55032858,0.8257575757575757
R0043_55039678,R0002_55029026,0.7257575757575758
R0043_55039678,R0002_55039889,0.8257575757575757
R0043_55039678,R0002_55041025,0.8257575757575757
R0043_55039678,R0002_55041833,0.8257575757575757
R0043_55039678,R0002_55031084,0.8257575757575757
R0043_55039678,R0002_55030125,0.8257575757575757
R0043_55039678,R0002_55011220,0.6007575757575758
R0043_55039678,R0002_55043779,0.8257575757575757
R0043_55039678,R0002_55026664,0.8257575757575757
R0043_55039678,R0002_55037878,0.6007575757575758
R0043_55039678,R0002_55043901,0.7507575757575757
R0043_55039678,R0002_55037718,0.8257575757575757
R0043_55039678,R0002_55042075,0.7507575757575757
R0043_55039678,R0002_55031358,0.8257575757575757
R0043_55039678,R0002_55025080,0.6007575757575758
R0043_55039678,R0002_55037283,0.8257575757575757
R0043_55039678,R0002_55019387,0.7257575757575758
R0043_55039678,R0043_55035478,0.925
R0043_55039678,R0043_55032756,0.85
R0043_55039678,R0043_55039677,1.0
R0043_55039678,R0043_55029067,1.0
R0043_55039678,R0043_55036252,1.0
R0043_55039678,R0043_55034675,1.0
R0043_55039678,R0043_55031083,1.0
R0043_55039678,R0043_55036209,1.0
R0043_55039678,R0043_55035181,1.0
R0043_55039678,R0043_55032758,0.9
R0043_55039678,R0043_55039681,1.0
R0043_55039678,R0043_55039682,1.0
R0043_55039678,R0043_55039683,1.0
R0043_55039678,R0043_55039684,1.0
R0043_55039678,R0043_55032632,0.925
R0043_55039678,R0043_55021537,0.925
R0043_55039678,R0043_55041926,0.85
R0043_55039678,R0043_55029012,1.0
R0043_55039678,R0043_55034882,1.0
R0043_55039678,R0043_55039679,1.0
R0043_55039678,R0043_55032862,1.0
R0043_55039678,R0043_55032759,1.0
R0043_55039678,R0043_55037980,1.0
R0043_55039678,R0043_55037979,1.0
R0043_55039678,R0043_55027552,1.0
R0043_55039678,R0043_55034879,1.0
R0043_55039678,R0043_55032908,1.0
R0043_55039678,R0043_55039686,0.85
R0043_55039678,R0043_55032863,1.0
R0043_55039678,R0043_55009127,0.85
R0043_55039678,R0043_55036250,1.0
R0043_55039678,R0043_55034880,0.9
R0043_55039678,R0043_55032860,1.0
R0043_55039678,R0043_55029506,0.925
R0043_55039678,R0043_55031288,0.9
R0043_55039678,R0043_55036124,1.0
R0043_55039678,R0043_55039830,1.0
R0043_55039678,R0043_55034325,0.9
R0043_55039678,R0043_55039829,1.0
R0043_55039678,R0043_55031080,0.775
R0043_55039678,R0043_55031077,1.0
R0043_55039678,R0043_55017366,0.925
R0043_55039678,R0043_55034335,1.0
R0043_55039678,R0043_55031005,0.85
R0043_55039678,R0055_55007584,0.6946969696969697
R0043_55039678,R0055_55007583,0.7446969696969696
R0043_55039678,R0204_55005925,0.8522727272727273
R0043_55039678,R0204_55032685,0.7772727272727273
R0043_55039678,R0204_55035156,0.7522727272727272
R0043_55039678,R0204_55022352,0.7772727272727273
R0043_55039678,R0204_55004131,0.8522727272727273
R0043_55039678,R0207_55036375,0.8484848484848485
R0043_55039678,R0207_55032672,0.7734848484848484
R0043_55039678,R0207_55032673,0.7734848484848484
R0043_55039678,R0290_55038074,0.6984848484848485
R0043_55039678,R0290_55041439,0.7734848484848484
R0043_55039678,R0290_55041442,0.7734848484848484
R0043_55039678,R0290_55041438,0.7734848484848484
R0043_55039678,R0290_55041440,0.7734848484848484
R0043_55039678,R0290_55041441,0.7734848484848484
R0043_55039678,R0290_55030423,0.7734848484848484
R0043_55039678,R0290_55039755,0.7734848484848484
R0043_55039678,R0290_55026840,0.7734848484848484
R0043_55039678,R0290_55038681,0.7734848484848484
R0043_55039678,R0290_55033209,0.7734848484848484
R0043_55039678,R0290_55043722,0.8484848484848485
R0043_55039678,R0377_55039577,0.7772727272727273
R0043_55039678,R0377_55032663,0.7772727272727273
R0043_55039678,R0377_55036003,0.8522727272727273
R0043_55039678,R0377_55036004,0.8522727272727273
R0043_55039678,R0377_55036006,0.8522727272727273
R0043_55039678,R0377_55036007,0.8522727272727273
R0043_55039678,R0377_55036008,0.8522727272727273
R0043_55039678,R0377_55036009,0.8522727272727273
R0043_55039678,R0377_55043375,0.8522727272727273
R0043_55039678,R0377_55032655,0.7522727272727272
R0043_55039678,R0377_55034860,0.7772727272727273
R0043_55039678,R0377_55042881,0.7772727272727273
R0043_55039678,R0377_55033035,0.7522727272727272
R0043_55039678,R0377_55044076,0.8522727272727273
R0043_55039678,R0377_55036698,0.7772727272727273
R0043_55039678,R0377_55032664,0.7022727272727273
R0043_55039678,R0377_55038331,0.8522727272727273
R0043_55039678,R0377_55041814,0.8522727272727273
R0043_55039678,R0377_55041025,0.8522727272727273
R0043_55039678,R0377_55039651,0.8522727272727273
R0043_55039678,R0377_55044100,0.7022727272727273
R0043_55039678,R0377_55026719,0.7022727272727273
R0043_55029067,R0002_55043311,0.6007575757575758
R0043_55029067,R0002_55036002,0.8257575757575757
R0043_55029067,R0002_55015378,0.8257575757575757
R0043_55029067,R0002_55032731,0.6007575757575758
R0043_55029067,R0002_55025944,0.7507575757575757
R0043_55029067,R0002_55024341,0.7507575757575757
R0043_55029067,R0002_55041509,0.7507575757575757
R0043_55029067,R0002_55036059,0.8257575757575757
R0043_55029067,R0002_55037787,0.8257575757575757
R0043_55029067,R0002_55039851,0.6007575757575758
R0043_55029067,R0002_55032782,0.8257575757575757
R0043_55029067,R0002_55036171,0.7507575757575757
R0043_55029067,R0002_55035505,0.7507575757575757
R0043_55029067,R0002_55011002,0.8257575757575757
R0043_55029067,R0002_55031467,0.7507575757575757
R0043_55029067,R0002_55028991,0.8257575757575757
R0043_55029067,R0002_55027831,0.7507575757575757
R0043_55029067,R0002_55038839,0.7507575757575757
R0043_55029067,R0002_55019960,0.8257575757575757
R0043_55029067,R0002_55033035,0.8257575757575757
R0043_55029067,R0002_55006197,0.8257575757575757
R0043_55029067,R0002_55036505,0.6007575757575758
R0043_55029067,R0002_55044076,0.8257575757575757
R0043_55029067,R0002_55036050,0.6007575757575758
R0043_55029067,R0002_55037530,0.7507575757575757
R0043_55029067,R0002_55040793,0.8257575757575757
R0043_55029067,R0002_55043136,0.8257575757575757
R0043_55029067,R0002_55014421,0.8257575757575757
R0043_55029067,R0002_55003518,0.6007575757575758
R0043_55029067,R0002_55027319,0.6007575757575758
R0043_55029067,R0002_55035727,0.8257575757575757
R0043_55029067,R0002_55032858,0.8257575757575757
R0043_55029067,R0002_55029026,0.7257575757575758
R0043_55029067,R0002_55039889,0.8257575757575757
R0043_55029067,R0002_55041025,0.8257575757575757
R0043_55029067,R0002_55041833,0.8257575757575757
R0043_55029067,R0002_55031084,0.8257575757575757
R0043_55029067,R0002_55030125,0.8257575757575757
R0043_55029067,R0002_55011220,0.6007575757575758
R0043_55029067,R0002_55043779,0.8257575757575757
R0043_55029067,R0002_55026664,0.8257575757575757
R0043_55029067,R0002_55037878,0.6007575757575758
R0043_55029067,R0002_55043901,0.7507575757575757
R0043_55029067,R0002_55037718,0.8257575757575757
R0043_55029067,R0002_55042075,0.7507575757575757
R0043_55029067,R0002_55031358,0.8257575757575757
R0043_55029067,R0002_55025080,0.6007575757575758
R0043_55029067,R0002_55037283,0.8257575757575757
R0043_55029067,R0002_55019387,0.7257575757575758
R0043_55029067,R0043_55035478,0.925
R0043_55029067,R0043_55032756,0.85
R0043_55029067,R0043_55039677,1.0
R0043_55029067,R0043_55039678,1.0
R0043_55029067,R0043_55036252,1.0
R0043_55029067,R0043_55034675,1.0
R0043_55029067,R0043_55031083,1.0
R0043_55029067,R0043_55036209,1.0
R0043_55029067,R0043_55035181,1.0
R0043_55029067,R0043_55032758,0.9
R0043_55029067,R0043_55039681,1.0
R0043_55029067,R0043_55039682,1.0
R0043_55029067,R0043_55039683,1.0
R0043_55029067,R0043_55039684,1.0
R0043_55029067,R0043_55032632,0.925
R0043_55029067,R0043_55021537,0.925
R0043_55029067,R0043_55041926,0.85
R0043_55029067,R0043_55029012,1.0
R0043_55029067,R0043_55034882,1.0
R0043_55029067,R0043_55039679,1.0
R0043_55029067,R0043_55032862,1.0
R0043_55029067,R0043_55032759,1.0
R0043_55029067,R0043_55037980,1.0
R0043_55029067,R0043_55037979,1.0
R0043_55029067,R0043_55027552,1.0
R0043_55029067,R0043_55034879,1.0
R0043_55029067,R0043_55032908,1.0
R0043_55029067,R0043_55039686,0.85
R0043_55029067,R0043_55032863,1.0
R0043_55029067,R0043_55009127,0.85
R0043_55029067,R0043_55036250,1.0
R0043_55029067,R0043_55034880,0.9
R0043_55029067,R0043_55032860,1.0
R0043_55029067,R0043_55029506,0.925
R0043_55029067,R0043_55031288,0.9
R0043_55029067,R0043_55036124,1.0
R0043_55029067,R0043_55039830,1.0
R0043_55029067,R0043_55034325,0.9
R0043_55029067,R0043_55039829,1.0
R0043_55029067,R0043_55031080,0.775
R0043_55029067,R0043_55031077,1.0
R0043_55029067,R0043_55017366,0.925
R0043_55029067,R0043_55034335,1.0
R0043_55029067,R0043_55031005,0.85
R0043_55029067,R0055_55007584,0.6946969696969697
R0043_55029067,R0055_55007583,0.7446969696969696
R0043_55029067,R0204_55005925,0.8522727272727273
R0043_55029067,R0204_55032685,0.7772727272727273
R0043_55029067,R0204_55035156,0.7522727272727272
R0043_55029067,R0204_55022352,0.7772727272727273
R0043_55029067,R0204_55004131,0.8522727272727273
R0043_55029067,R0207_55036375,0.8484848484848485
R0043_55029067,R0207_55032672,0.7734848484848484
R0043_55029067,R0207_55032673,0.7734848484848484
R0043_55029067,R0290_55038074,0.6984848484848485
R0043_55029067,R0290_55041439,0.7734848484848484
R0043_55029067,R0290_55041442,0.7734848484848484
R0043_55029067,R0290_55041438,0.7734848484848484
R0043_55029067,R0290_55041440,0.7734848484848484
R0043_55029067,R0290_55041441,0.7734848484848484
R0043_55029067,R0290_55030423,0.7734848484848484
R0043_55029067,R0290_55039755,0.7734848484848484
R0043_55029067,R0290_55026840,0.7734848484848484
R0043_55029067,R0290_55038681,0.7734848484848484
R0043_55029067,R0290_55033209,0.7734848484848484
R0043_55029067,R0290_55043722,0.8484848484848485
R0043_55029067,R0377_55039577,0.7772727272727273
R0043_55029067,R0377_55032663,0.7772727272727273
R0043_55029067,R0377_55036003,0.8522727272727273
R0043_55029067,R0377_55036004,0.8522727272727273
R0043_55029067,R0377_55036006,0.8522727272727273
R0043_55029067,R0377_55036007,0.8522727272727273
R0043_55029067,R0377_55036008,0.8522727272727273
R0043_55029067,R0377_55036009,0.8522727272727273
R0043_55029067,R0377_55043375,0.8522727272727273
R0043_55029067,R0377_55032655,0.7522727272727272
R0043_55029067,R0377_55034860,0.7772727272727273
R0043_55029067,R0377_55042881,0.7772727272727273
R0043_55029067,R0377_55033035,0.7522727272727272
R0043_55029067,R0377_55044076,0.8522727272727273
R0043_55029067,R0377_55036698,0.7772727272727273
R0043_55029067,R0377_55032664,0.7022727272727273
R0043_55029067,R0377_55038331,0.8522727272727273
R0043_55029067,R0377_55041814,0.8522727272727273
R0043_55029067,R0377_55041025,0.8522727272727273
R0043_55029067,R0377_55039651,0.8522727272727273
R0043_55029067,R0377_55044100,0.7022727272727273
R0043_55029067,R0377_55026719,0.7022727272727273
R0043_55036252,R0002_55043311,0.6007575757575758
R0043_55036252,R0002_55036002,0.8257575757575757
R0043_55036252,R0002_55015378,0.8257575757575757
R0043_55036252,R0002_55032731,0.6007575757575758
R0043_55036252,R0002_55025944,0.7507575757575757
R0043_55036252,R0002_55024341,0.7507575757575757
R0043_55036252,R0002_55041509,0.7507575757575757
R0043_55036252,R0002_55036059,0.8257575757575757
R0043_55036252,R0002_55037787,0.8257575757575757
R0043_55036252,R0002_55039851,0.6007575757575758
R0043_55036252,R0002_55032782,0.8257575757575757
R0043_55036252,R0002_55036171,0.7507575757575757
R0043_55036252,R0002_55035505,0.7507575757575757
R0043_55036252,R0002_55011002,0.8257575757575757
R0043_55036252,R0002_55031467,0.7507575757575757
R0043_55036252,R0002_55028991,0.8257575757575757
R0043_55036252,R0002_55027831,0.7507575757575757
R0043_55036252,R0002_55038839,0.7507575757575757
R0043_55036252,R0002_55019960,0.8257575757575757
R0043_55036252,R0002_55033035,0.8257575757575757
R0043_55036252,R0002_55006197,0.8257575757575757
R0043_55036252,R0002_55036505,0.6007575757575758
R0043_55036252,R0002_55044076,0.8257575757575757
R0043_55036252,R0002_55036050,0.6007575757575758
R0043_55036252,R0002_55037530,0.7507575757575757
R0043_55036252,R0002_55040793,0.8257575757575757
R0043_55036252,R0002_55043136,0.8257575757575757
R0043_55036252,R0002_55014421,0.8257575757575757
R0043_55036252,R0002_55003518,0.6007575757575758
R0043_55036252,R0002_55027319,0.6007575757575758
R0043_55036252,R0002_55035727,0.8257575757575757
R0043_55036252,R0002_55032858,0.8257575757575757
R0043_55036252,R0002_55029026,0.7257575757575758
R0043_55036252,R0002_55039889,0.8257575757575757
R0043_55036252,R0002_55041025,0.8257575757575757
R0043_55036252,R0002_55041833,0.8257575757575757
R0043_55036252,R0002_55031084,0.8257575757575757
R0043_55036252,R0002_55030125,0.8257575757575757
R0043_55036252,R0002_55011220,0.6007575757575758
R0043_55036252,R0002_55043779,0.8257575757575757
R0043_55036252,R0002_55026664,0.8257575757575757
R0043_55036252,R0002_55037878,0.6007575757575758
R0043_55036252,R0002_55043901,0.7507575757575757
R0043_55036252,R0002_55037718,0.8257575757575757
R0043_55036252,R0002_55042075,0.7507575757575757
R0043_55036252,R0002_55031358,0.8257575757575757
R0043_55036252,R0002_55025080,0.6007575757575758
R0043_55036252,R0002_55037283,0.8257575757575757
R0043_55036252,R0002_55019387,0.7257575757575758
R0043_55036252,R0043_55035478,0.925
R0043_55036252,R0043_55032756,0.85
R0043_55036252,R0043_55039677,1.0
R0043_55036252,R0043_55039678,1.0
R0043_55036252,R0043_55029067,1.0
R0043_55036252,R0043_55034675,1.0
R0043_55036252,R0043_55031083,1.0
R0043_55036252,R0043_55036209,1.0
R0043_55036252,R0043_55035181,1.0
R0043_55036252,R0043_55032758,0.9
R0043_55036252,R0043_55039681,1.0
R0043_55036252,R0043_55039682,1.0
R0043_55036252,R0043_55039683,1.0
R0043_55036252,R0043_55039684,1.0
R0043_55036252,R0043_55032632,0.925
R0043_55036252,R0043_55021537,0.925
R0043_55036252,R0043_55041926,0.85
R0043_55036252,R0043_55029012,1.0
R0043_55036252,R0043_55034882,1.0
R0043_55036252,R0043_55039679,1.0
R0043_55036252,R0043_55032862,1.0
R0043_55036252,R0043_55032759,1.0
R0043_55036252,R0043_55037980,1.0
R0043_55036252,R0043_55037979,1.0
R0043_55036252,R0043_55027552,1.0
R0043_55036252,R0043_55034879,1.0
R0043_55036252,R0043_55032908,1.0
R0043_55036252,R0043_55039686,0.85
R0043_55036252,R0043_55032863,1.0
R0043_55036252,R0043_55009127,0.85
R0043_55036252,R0043_55036250,1.0
R0043_55036252,R0043_55034880,0.9
R0043_55036252,R0043_55032860,1.0
R0043_55036252,R0043_55029506,0.925
R0043_55036252,R0043_55031288,0.9
R0043_55036252,R0043_55036124,1.0
R0043_55036252,R0043_55039830,1.0
R0043_55036252,R0043_55034325,0.9
R0043_55036252,R0043_55039829,1.0
R0043_55036252,R0043_55031080,0.775
R0043_55036252,R0043_55031077,1.0
R0043_55036252,R0043_55017366,0.925
R0043_55036252,R0043_55034335,1.0
R0043_55036252,R0043_55031005,0.85
R0043_55036252,R0055_55007584,0.6946969696969697
R0043_55036252,R0055_55007583,0.7446969696969696
R0043_55036252,R0204_55005925,0.8522727272727273
R0043_55036252,R0204_55032685,0.7772727272727273
R0043_55036252,R0204_55035156,0.7522727272727272
R0043_55036252,R0204_55022352,0.7772727272727273
R0043_55036252,R0204_55004131,0.8522727272727273
R0043_55036252,R0207_55036375,0.8484848484848485
R0043_55036252,R0207_55032672,0.7734848484848484
R0043_55036252,R0207_55032673,0.7734848484848484
R0043_55036252,R0290_55038074,0.6984848484848485
R0043_55036252,R0290_55041439,0.7734848484848484
R0043_55036252,R0290_55041442,0.7734848484848484
R0043_55036252,R0290_55041438,0.7734848484848484
R0043_55036252,R0290_55041440,0.7734848484848484
R0043_55036252,R0290_55041441,0.7734848484848484
R0043_55036252,R0290_55030423,0.7734848484848484
R0043_55036252,R0290_55039755,0.7734848484848484
R0043_55036252,R0290_55026840,0.7734848484848484
R0043_55036252,R0290_55038681,0.7734848484848484
R0043_55036252,R0290_55033209,0.7734848484848484
R0043_55036252,R0290_55043722,0.8484848484848485
R0043_55036252,R0377_55039577,0.7772727272727273
R0043_55036252,R0377_55032663,0.7772727272727273
R0043_55036252,R0377_55036003,0.8522727272727273
R0043_55036252,R0377_55036004,0.8522727272727273
R0043_55036252,R0377_55036006,0.8522727272727273
R0043_55036252,R0377_55036007,0.8522727272727273
R0043_55036252,R0377_55036008,0.8522727272727273
R0043_55036252,R0377_55036009,0.8522727272727273
R0043_55036252,R0377_55043375,0.8522727272727273
R0043_55036252,R0377_55032655,0.7522727272727272
R0043_55036252,R0377_55034860,0.7772727272727273
R0043_55036252,R0377_55042881,0.7772727272727273
R0043_55036252,R0377_55033035,0.7522727272727272
R0043_55036252,R0377_55044076,0.8522727272727273
R0043_55036252,R0377_55036698,0.7772727272727273
R0043_55036252,R0377_55032664,0.7022727272727273
R0043_55036252,R0377_55038331,0.8522727272727273
R0043_55036252,R0377_55041814,0.8522727272727273
R0043_55036252,R0377_55041025,0.8522727272727273
R0043_55036252,R0377_55039651,0.8522727272727273
R0043_55036252,R0377_55044100,0.7022727272727273
R0043_55036252,R0377_55026719,0.7022727272727273
R0043_55034675,R0002_55043311,0.6007575757575758
R0043_55034675,R0002_55036002,0.8257575757575757
R0043_55034675,R0002_55015378,0.8257575757575757
R0043_55034675,R0002_55032731,0.6007575757575758
R0043_55034675,R0002_55025944,0.7507575757575757
R0043_55034675,R0002_55024341,0.7507575757575757
R0043_55034675,R0002_55041509,0.7507575757575757
R0043_55034675,R0002_55036059,0.8257575757575757
R0043_55034675,R0002_55037787,0.8257575757575757
R0043_55034675,R0002_55039851,0.6007575757575758
R0043_55034675,R0002_55032782,0.8257575757575757
R0043_55034675,R0002_55036171,0.7507575757575757
R0043_55034675,R0002_55035505,0.7507575757575757
R0043_55034675,R0002_55011002,0.8257575757575757
R0043_55034675,R0002_55031467,0.7507575757575757
R0043_55034675,R0002_55028991,0.8257575757575757
R0043_55034675,R0002_55027831,0.7507575757575757
R0043_55034675,R0002_55038839,0.7507575757575757
R0043_55034675,R0002_55019960,0.8257575757575757
R0043_55034675,R0002_55033035,0.8257575757575757
R0043_55034675,R0002_55006197,0.8257575757575757
R0043_55034675,R0002_55036505,0.6007575757575758
R0043_55034675,R0002_55044076,0.8257575757575757
R0043_55034675,R0002_55036050,0.6007575757575758
R0043_55034675,R0002_55037530,0.7507575757575757
R0043_55034675,R0002_55040793,0.8257575757575757
R0043_55034675,R0002_55043136,0.8257575757575757
R0043_55034675,R0002_55014421,0.8257575757575757
R0043_55034675,R0002_55003518,0.6007575757575758
R0043_55034675,R0002_55027319,0.6007575757575758
R0043_55034675,R0002_55035727,0.8257575757575757
R0043_55034675,R0002_55032858,0.8257575757575757
R0043_55034675,R0002_55029026,0.7257575757575758
R0043_55034675,R0002_55039889,0.8257575757575757
R0043_55034675,R0002_55041025,0.8257575757575757
R0043_55034675,R0002_55041833,0.8257575757575757
R0043_55034675,R0002_55031084,0.8257575757575757
R0043_55034675,R0002_55030125,0.8257575757575757
R0043_55034675,R0002_55011220,0.6007575757575758
R0043_55034675,R0002_55043779,0.8257575757575757
R0043_55034675,R0002_55026664,0.8257575757575757
R0043_55034675,R0002_55037878,0.6007575757575758
R0043_55034675,R0002_55043901,0.7507575757575757
R0043_55034675,R0002_55037718,0.8257575757575757
R0043_55034675,R0002_55042075,0.7507575757575757
R0043_55034675,R0002_55031358,0.8257575757575757
R0043_55034675,R0002_55025080,0.6007575757575758
R0043_55034675,R0002_55037283,0.8257575757575757
R0043_55034675,R0002_55019387,0.7257575757575758
R0043_55034675,R0043_55035478,0.925
R0043_55034675,R0043_55032756,0.85
R0043_55034675,R0043_55039677,1.0
R0043_55034675,R0043_55039678,1.0
R0043_55034675,R0043_55029067,1.0
R0043_55034675,R0043_55036252,1.0
R0043_55034675,R0043_55031083,1.0
R0043_55034675,R0043_55036209,1.0
R0043_55034675,R0043_55035181,1.0
R0043_55034675,R0043_55032758,0.9
R0043_55034675,R0043_55039681,1.0
R0043_55034675,R0043_55039682,1.0
R0043_55034675,R0043_55039683,1.0
R0043_55034675,R0043_55039684,1.0
R0043_55034675,R0043_55032632,0.925
R0043_55034675,R0043_55021537,0.925
R0043_55034675,R0043_55041926,0.85
R0043_55034675,R0043_55029012,1.0
R0043_55034675,R0043_55034882,1.0
R0043_55034675,R0043_55039679,1.0
R0043_55034675,R0043_55032862,1.0
R0043_55034675,R0043_55032759,1.0
R0043_55034675,R0043_55037980,1.0
R0043_55034675,R0043_55037979,1.0
R0043_55034675,R0043_55027552,1.0
R0043_55034675,R0043_55034879,1.0
R0043_55034675,R0043_55032908,1.0
R0043_55034675,R0043_55039686,0.85
R0043_55034675,R0043_55032863,1.0
R0043_55034675,R0043_55009127,0.85
R0043_55034675,R0043_55036250,1.0
R0043_55034675,R0043_55034880,0.9
R0043_55034675,R0043_55032860,1.0
R0043_55034675,R0043_55029506,0.925
R0043_55034675,R0043_55031288,0.9
R0043_55034675,R0043_55036124,1.0
R0043_55034675,R0043_55039830,1.0
R0043_55034675,R0043_55034325,0.9
R0043_55034675,R0043_55039829,1.0
R0043_55034675,R0043_55031080,0.775
R0043_55034675,R0043_55031077,1.0
R0043_55034675,R0043_55017366,0.925
R0043_55034675,R0043_55034335,1.0
R0043_55034675,R0043_55031005,0.85
R0043_55034675,R0055_55007584,0.6946969696969697
R0043_55034675,R0055_55007583,0.7446969696969696
R0043_55034675,R0204_55005925,0.8522727272727273
R0043_55034675,R0204_55032685,0.7772727272727273
R0043_55034675,R0204_55035156,0.7522727272727272
R0043_55034675,R0204_55022352,0.7772727272727273
R0043_55034675,R0204_55004131,0.8522727272727273
R0043_55034675,R0207_55036375,0.8484848484848485
R0043_55034675,R0207_55032672,0.7734848484848484
R0043_55034675,R0207_55032673,0.7734848484848484
R0043_55034675,R0290_55038074,0.6984848484848485
R0043_55034675,R0290_55041439,0.7734848484848484
R0043_55034675,R0290_55041442,0.7734848484848484
R0043_55034675,R0290_55041438,0.7734848484848484
R0043_55034675,R0290_55041440,0.7734848484848484
R0043_55034675,R0290_55041441,0.7734848484848484
R0043_55034675,R0290_55030423,0.7734848484848484
R0043_55034675,R0290_55039755,0.7734848484848484
R0043_55034675,R0290_55026840,0.7734848484848484
R0043_55034675,R0290_55038681,0.7734848484848484
R0043_55034675,R0290_55033209,0.7734848484848484
R0043_55034675,R0290_55043722,0.8484848484848485
R0043_55034675,R0377_55039577,0.7772727272727273
R0043_55034675,R0377_55032663,0.7772727272727273
R0043_55034675,R0377_55036003,0.8522727272727273
R0043_55034675,R0377_55036004,0.8522727272727273
R0043_55034675,R0377_55036006,0.8522727272727273
R0043_55034675,R0377_55036007,0.8522727272727273
R0043_55034675,R0377_55036008,0.8522727272727273
R0043_55034675,R0377_55036009,0.8522727272727273
R0043_55034675,R0377_55043375,0.8522727272727273
R0043_55034675,R0377_55032655,0.7522727272727272
R0043_55034675,R0377_55034860,0.7772727272727273
R0043_55034675,R0377_55042881,0.7772727272727273
R0043_55034675,R0377_55033035,0.7522727272727272
R0043_55034675,R0377_55044076,0.8522727272727273
R0043_55034675,R0377_55036698,0.7772727272727273
R0043_55034675,R0377_55032664,0.7022727272727273
R0043_55034675,R0377_55038331,0.8522727272727273
R0043_55034675,R0377_55041814,0.8522727272727273
R0043_55034675,R0377_55041025,0.8522727272727273
R0043_55034675,R0377_55039651,0.8522727272727273
R0043_55034675,R0377_55044100,0.7022727272727273
R0043_55034675,R0377_55026719,0.7022727272727273
R0043_55031083,R0002_55043311,0.6007575757575758
R0043_55031083,R0002_55036002,0.8257575757575757
R0043_55031083,R0002_55015378,0.8257575757575757
R0043_55031083,R0002_55032731,0.6007575757575758
R0043_55031083,R0002_55025944,0.7507575757575757
R0043_55031083,R0002_55024341,0.7507575757575757
R0043_55031083,R0002_55041509,0.7507575757575757
R0043_55031083,R0002_55036059,0.8257575757575757
R0043_55031083,R0002_55037787,0.8257575757575757
R0043_55031083,R0002_55039851,0.6007575757575758
R0043_55031083,R0002_55032782,0.8257575757575757
R0043_55031083,R0002_55036171,0.7507575757575757
R0043_55031083,R0002_55035505,0.7507575757575757
R0043_55031083,R0002_55011002,0.8257575757575757
R0043_55031083,R0002_55031467,0.7507575757575757
R0043_55031083,R0002_55028991,0.8257575757575757
R0043_55031083,R0002_55027831,0.7507575757575757
R0043_55031083,R0002_55038839,0.7507575757575757
R0043_55031083,R0002_55019960,0.8257575757575757
R0043_55031083,R0002_55033035,0.8257575757575757
R0043_55031083,R0002_55006197,0.8257575757575757
R0043_55031083,R0002_55036505,0.6007575757575758
R0043_55031083,R0002_55044076,0.8257575757575757
R0043_55031083,R0002_55036050,0.6007575757575758
R0043_55031083,R0002_55037530,0.7507575757575757
R0043_55031083,R0002_55040793,0.8257575757575757
R0043_55031083,R0002_55043136,0.8257575757575757
R0043_55031083,R0002_55014421,0.8257575757575757
R0043_55031083,R0002_55003518,0.6007575757575758
R0043_55031083,R0002_55027319,0.6007575757575758
R0043_55031083,R0002_55035727,0.8257575757575757
R0043_55031083,R0002_55032858,0.8257575757575757
R0043_55031083,R0002_55029026,0.7257575757575758
R0043_55031083,R0002_55039889,0.8257575757575757
R0043_55031083,R0002_55041025,0.8257575757575757
R0043_55031083,R0002_55041833,0.8257575757575757
R0043_55031083,R0002_55031084,0.8257575757575757
R0043_55031083,R0002_55030125,0.8257575757575757
R0043_55031083,R0002_55011220,0.6007575757575758
R0043_55031083,R0002_55043779,0.8257575757575757
R0043_55031083,R0002_55026664,0.8257575757575757
R0043_55031083,R0002_55037878,0.6007575757575758
R0043_55031083,R0002_55043901,0.7507575757575757
R0043_55031083,R0002_55037718,0.8257575757575757
R0043_55031083,R0002_55042075,0.7507575757575757
R0043_55031083,R0002_55031358,0.8257575757575757
R0043_55031083,R0002_55025080,0.6007575757575758
R0043_55031083,R0002_55037283,0.8257575757575757
R0043_55031083,R0002_55019387,0.7257575757575758
R0043_55031083,R0043_55035478,0.925
R0043_55031083,R0043_55032756,0.85
R0043_55031083,R0043_55039677,1.0
R0043_55031083,R0043_55039678,1.0
R0043_55031083,R0043_55029067,1.0
R0043_55031083,R0043_55036252,1.0
R0043_55031083,R0043_55034675,1.0
R0043_55031083,R0043_55036209,1.0
R0043_55031083,R0043_55035181,1.0
R0043_55031083,R0043_55032758,0.9
R0043_55031083,R0043_55039681,1.0
R0043_55031083,R0043_55039682,1.0
R0043_55031083,R0043_55039683,1.0
R0043_55031083,R0043_55039684,1.0
R0043_55031083,R0043_55032632,0.925
R0043_55031083,R0043_55021537,0.925
R0043_55031083,R0043_55041926,0.85
R0043_55031083,R0043_55029012,1.0
R0043_55031083,R0043_55034882,1.0
R0043_55031083,R0043_55039679,1.0
R0043_55031083,R0043_55032862,1.0
R0043_55031083,R0043_55032759,1.0
R0043_55031083,R0043_55037980,1.0
R0043_55031083,R0043_55037979,1.0
R0043_55031083,R0043_55027552,1.0
R0043_55031083,R0043_55034879,1.0
R0043_55031083,R0043_55032908,1.0
R0043_55031083,R0043_55039686,0.85
R0043_55031083,R0043_55032863,1.0
R0043_55031083,R0043_55009127,0.85
R0043_55031083,R0043_55036250,1.0
R0043_55031083,R0043_55034880,0.9
R0043_55031083,R0043_55032860,1.0
R0043_55031083,R0043_55029506,0.925
R0043_55031083,R0043_55031288,0.9
R0043_55031083,R0043_55036124,1.0
R0043_55031083,R0043_55039830,1.0
R0043_55031083,R0043_55034325,0.9
R0043_55031083,R0043_55039829,1.0
R0043_55031083,R0043_55031080,0.775
R0043_55031083,R0043_55031077,1.0
R0043_55031083,R0043_55017366,0.925
R0043_55031083,R0043_55034335,1.0
R0043_55031083,R0043_55031005,0.85
R0043_55031083,R0055_55007584,0.6946969696969697
R0043_55031083,R0055_55007583,0.7446969696969696
R0043_55031083,R0204_55005925,0.8522727272727273
R0043_55031083,R0204_55032685,0.7772727272727273
R0043_55031083,R0204_55035156,0.7522727272727272
R0043_55031083,R0204_55022352,0.7772727272727273
R0043_55031083,R0204_55004131,0.8522727272727273
R0043_55031083,R0207_55036375,0.8484848484848485
R0043_55031083,R0207_55032672,0.7734848484848484
R0043_55031083,R0207_55032673,0.7734848484848484
R0043_55031083,R0290_55038074,0.6984848484848485
R0043_55031083,R0290_55041439,0.7734848484848484
R0043_55031083,R0290_55041442,0.7734848484848484
R0043_55031083,R0290_55041438,0.7734848484848484
R0043_55031083,R0290_55041440,0.7734848484848484
R0043_55031083,R0290_55041441,0.7734848484848484
R0043_55031083,R0290_55030423,0.7734848484848484
R0043_55031083,R0290_55039755,0.7734848484848484
R0043_55031083,R0290_55026840,0.7734848484848484
R0043_55031083,R0290_55038681,0.7734848484848484
R0043_55031083,R0290_55033209,0.7734848484848484
R0043_55031083,R0290_55043722,0.8484848484848485
R0043_55031083,R0377_55039577,0.7772727272727273
R0043_55031083,R0377_55032663,0.7772727272727273
R0043_55031083,R0377_55036003,0.8522727272727273
R0043_55031083,R0377_55036004,0.8522727272727273
R0043_55031083,R0377_55036006,0.8522727272727273
R0043_55031083,R0377_55036007,0.8522727272727273
R0043_55031083,R0377_55036008,0.8522727272727273
R0043_55031083,R0377_55036009,0.8522727272727273
R0043_55031083,R0377_55043375,0.8522727272727273
R0043_55031083,R0377_55032655,0.7522727272727272
R0043_55031083,R0377_55034860,0.7772727272727273
R0043_55031083,R0377_55042881,0.7772727272727273
R0043_55031083,R0377_55033035,0.7522727272727272
R0043_55031083,R0377_55044076,0.8522727272727273
R0043_55031083,R0377_55036698,0.7772727272727273
R0043_55031083,R0377_55032664,0.7022727272727273
R0043_55031083,R0377_55038331,0.8522727272727273
R0043_55031083,R0377_55041814,0.8522727272727273
R0043_55031083,R0377_55041025,0.8522727272727273
R0043_55031083,R0377_55039651,0.8522727272727273
R0043_55031083,R0377_55044100,0.7022727272727273
R0043_55031083,R0377_55026719,0.7022727272727273
R0043_55036209,R0002_55043311,0.6007575757575758
R0043_55036209,R0002_55036002,0.8257575757575757
R0043_55036209,R0002_55015378,0.8257575757575757
R0043_55036209,R0002_55032731,0.6007575757575758
R0043_55036209,R0002_55025944,0.7507575757575757
R0043_55036209,R0002_55024341,0.7507575757575757
R0043_55036209,R0002_55041509,0.7507575757575757
R0043_55036209,R0002_55036059,0.8257575757575757
R0043_55036209,R0002_55037787,0.8257575757575757
R0043_55036209,R0002_55039851,0.6007575757575758
R0043_55036209,R0002_55032782,0.8257575757575757
R0043_55036209,R0002_55036171,0.7507575757575757
R0043_55036209,R0002_55035505,0.7507575757575757
R0043_55036209,R0002_55011002,0.8257575757575757
R0043_55036209,R0002_55031467,0.7507575757575757
R0043_55036209,R0002_55028991,0.8257575757575757
R0043_55036209,R0002_55027831,0.7507575757575757
R0043_55036209,R0002_55038839,0.7507575757575757
R0043_55036209,R0002_55019960,0.8257575757575757
R0043_55036209,R0002_55033035,0.8257575757575757
R0043_55036209,R0002_55006197,0.8257575757575757
R0043_55036209,R0002_55036505,0.6007575757575758
R0043_55036209,R0002_55044076,0.8257575757575757
R0043_55036209,R0002_55036050,0.6007575757575758
R0043_55036209,R0002_55037530,0.7507575757575757
R0043_55036209,R0002_55040793,0.8257575757575757
R0043_55036209,R0002_55043136,0.8257575757575757
R0043_55036209,R0002_55014421,0.8257575757575757
R0043_55036209,R0002_55003518,0.6007575757575758
R0043_55036209,R0002_55027319,0.6007575757575758
R0043_55036209,R0002_55035727,0.8257575757575757
R0043_55036209,R0002_55032858,0.8257575757575757
R0043_55036209,R0002_55029026,0.7257575757575758
R0043_55036209,R0002_55039889,0.8257575757575757
R0043_55036209,R0002_55041025,0.8257575757575757
R0043_55036209,R0002_55041833,0.8257575757575757
R0043_55036209,R0002_55031084,0.8257575757575757
R0043_55036209,R0002_55030125,0.8257575757575757
R0043_55036209,R0002_55011220,0.6007575757575758
R0043_55036209,R0002_55043779,0.8257575757575757
R0043_55036209,R0002_55026664,0.8257575757575757
R0043_55036209,R0002_55037878,0.6007575757575758
R0043_55036209,R0002_55043901,0.7507575757575757
R0043_55036209,R0002_55037718,0.8257575757575757
R0043_55036209,R0002_55042075,0.7507575757575757
R0043_55036209,R0002_55031358,0.8257575757575757
R0043_55036209,R0002_55025080,0.6007575757575758
R0043_55036209,R0002_55037283,0.8257575757575757
R0043_55036209,R0002_55019387,0.7257575757575758
R0043_55036209,R0043_55035478,0.925
R0043_55036209,R0043_55032756,0.85
R0043_55036209,R0043_55039677,1.0
R0043_55036209,R0043_55039678,1.0
R0043_55036209,R0043_55029067,1.0
R0043_55036209,R0043_55036252,1.0
R0043_55036209,R0043_55034675,1.0
R0043_55036209,R0043_55031083,1.0
R0043_55036209,R0043_55035181,1.0
R0043_55036209,R0043_55032758,0.9
R0043_55036209,R0043_55039681,1.0
R0043_55036209,R0043_55039682,1.0
R0043_55036209,R0043_55039683,1.0
R0043_55036209,R0043_55039684,1.0
R0043_55036209,R0043_55032632,0.925
R0043_55036209,R0043_55021537,0.925
R0043_55036209,R0043_55041926,0.85
R0043_55036209,R0043_55029012,1.0
R0043_55036209,R0043_55034882,1.0
R0043_55036209,R0043_55039679,1.0
R0043_55036209,R0043_55032862,1.0
R0043_55036209,R0043_55032759,1.0
R0043_55036209,R0043_55037980,1.0
R0043_55036209,R0043_55037979,1.0
R0043_55036209,R0043_55027552,1.0
R0043_55036209,R0043_55034879,1.0
R0043_55036209,R0043_55032908,1.0
R0043_55036209,R0043_55039686,0.85
R0043_55036209,R0043_55032863,1.0
R0043_55036209,R0043_55009127,0.85
R0043_55036209,R0043_55036250,1.0
R0043_55036209,R0043_55034880,0.9
R0043_55036209,R0043_55032860,1.0
R0043_55036209,R0043_55029506,0.925
R0043_55036209,R0043_55031288,0.9
R0043_55036209,R0043_55036124,1.0
R0043_55036209,R0043_55039830,1.0
R0043_55036209,R0043_55034325,0.9
R0043_55036209,R0043_55039829,1.0
R0043_55036209,R0043_55031080,0.775
R0043_55036209,R0043_55031077,1.0
R0043_55036209,R0043_55017366,0.925
R0043_55036209,R0043_55034335,1.0
R0043_55036209,R0043_55031005,0.85
R0043_55036209,R0055_55007584,0.6946969696969697
R0043_55036209,R0055_55007583,0.7446969696969696
R0043_55036209,R0204_55005925,0.8522727272727273
R0043_55036209,R0204_55032685,0.7772727272727273
R0043_55036209,R0204_55035156,0.7522727272727272
R0043_55036209,R0204_55022352,0.7772727272727273
R0043_55036209,R0204_55004131,0.8522727272727273
R0043_55036209,R0207_55036375,0.8484848484848485
R0043_55036209,R0207_55032672,0.7734848484848484
R0043_55036209,R0207_55032673,0.7734848484848484
R0043_55036209,R0290_55038074,0.6984848484848485
R0043_55036209,R0290_55041439,0.7734848484848484
R0043_55036209,R0290_55041442,0.7734848484848484
R0043_55036209,R0290_55041438,0.7734848484848484
R0043_55036209,R0290_55041440,0.7734848484848484
R0043_55036209,R0290_55041441,0.7734848484848484
R0043_55036209,R0290_55030423,0.7734848484848484
R0043_55036209,R0290_55039755,0.7734848484848484
R0043_55036209,R0290_55026840,0.7734848484848484
R0043_55036209,R0290_55038681,0.7734848484848484
R0043_55036209,R0290_55033209,0.7734848484848484
R0043_55036209,R0290_55043722,0.8484848484848485
R0043_55036209,R0377_55039577,0.7772727272727273
R0043_55036209,R0377_55032663,0.7772727272727273
R0043_55036209,R0377_55036003,0.8522727272727273
R0043_55036209,R0377_55036004,0.8522727272727273
R0043_55036209,R0377_55036006,0.8522727272727273
R0043_55036209,R0377_55036007,0.8522727272727273
R0043_55036209,R0377_55036008,0.8522727272727273
R0043_55036209,R0377_55036009,0.8522727272727273
R0043_55036209,R0377_55043375,0.8522727272727273
R0043_55036209,R0377_55032655,0.7522727272727272
R0043_55036209,R0377_55034860,0.7772727272727273
R0043_55036209,R0377_55042881,0.7772727272727273
R0043_55036209,R0377_55033035,0.7522727272727272
R0043_55036209,R0377_55044076,0.8522727272727273
R0043_55036209,R0377_55036698,0.7772727272727273
R0043_55036209,R0377_55032664,0.7022727272727273
R0043_55036209,R0377_55038331,0.8522727272727273
R0043_55036209,R0377_55041814,0.8522727272727273
R0043_55036209,R0377_55041025,0.8522727272727273
R0043_55036209,R0377_55039651,0.8522727272727273
R0043_55036209,R0377_55044100,0.7022727272727273
R0043_55036209,R0377_55026719,0.7022727272727273
R0043_55035181,R0002_55043311,0.6007575757575758
R0043_55035181,R0002_55036002,0.8257575757575757
R0043_55035181,R0002_55015378,0.8257575757575757
R0043_55035181,R0002_55032731,0.6007575757575758
R0043_55035181,R0002_55025944,0.7507575757575757
R0043_55035181,R0002_55024341,0.7507575757575757
R0043_55035181,R0002_55041509,0.7507575757575757
R0043_55035181,R0002_55036059,0.8257575757575757
R0043_55035181,R0002_55037787,0.8257575757575757
R0043_55035181,R0002_55039851,0.6007575757575758
R0043_55035181,R0002_55032782,0.8257575757575757
R0043_55035181,R0002_55036171,0.7507575757575757
R0043_55035181,R0002_55035505,0.7507575757575757
R0043_55035181,R0002_55011002,0.8257575757575757
R0043_55035181,R0002_55031467,0.7507575757575757
R0043_55035181,R0002_55028991,0.8257575757575757
R0043_55035181,R0002_55027831,0.7507575757575757
R0043_55035181,R0002_55038839,0.7507575757575757
R0043_55035181,R0002_55019960,0.8257575757575757
R0043_55035181,R0002_55033035,0.8257575757575757
R0043_55035181,R0002_55006197,0.8257575757575757
R0043_55035181,R0002_55036505,0.6007575757575758
R0043_55035181,R0002_55044076,0.8257575757575757
R0043_55035181,R0002_55036050,0.6007575757575758
R0043_55035181,R0002_55037530,0.7507575757575757
R0043_55035181,R0002_55040793,0.8257575757575757
R0043_55035181,R0002_55043136,0.8257575757575757
R0043_55035181,R0002_55014421,0.8257575757575757
R0043_55035181,R0002_55003518,0.6007575757575758
R0043_55035181,R0002_55027319,0.6007575757575758
R0043_55035181,R0002_55035727,0.8257575757575757
R0043_55035181,R0002_55032858,0.8257575757575757
R0043_55035181,R0002_55029026,0.7257575757575758
R0043_55035181,R0002_55039889,0.8257575757575757
R0043_55035181,R0002_55041025,0.8257575757575757
R0043_55035181,R0002_55041833,0.8257575757575757
R0043_55035181,R0002_55031084,0.8257575757575757
R0043_55035181,R0002_55030125,0.8257575757575757
R0043_55035181,R0002_55011220,0.6007575757575758
R0043_55035181,R0002_55043779,0.8257575757575757
R0043_55035181,R0002_55026664,0.8257575757575757
R0043_55035181,R0002_55037878,0.6007575757575758
R0043_55035181,R0002_55043901,0.7507575757575757
R0043_55035181,R0002_55037718,0.8257575757575757
R0043_55035181,R0002_55042075,0.7507575757575757
R0043_55035181,R0002_55031358,0.8257575757575757
R0043_55035181,R0002_55025080,0.6007575757575758
R0043_55035181,R0002_55037283,0.8257575757575757
R0043_55035181,R0002_55019387,0.7257575757575758
R0043_55035181,R0043_55035478,0.925
R0043_55035181,R0043_55032756,0.85
R0043_55035181,R0043_55039677,1.0
R0043_55035181,R0043_55039678,1.0
R0043_55035181,R0043_55029067,1.0
R0043_55035181,R0043_55036252,1.0
R0043_55035181,R0043_55034675,1.0
R0043_55035181,R0043_55031083,1.0
R0043_55035181,R0043_55036209,1.0
R0043_55035181,R0043_55032758,0.9
R0043_55035181,R0043_55039681,1.0
R0043_55035181,R0043_55039682,1.0
R0043_55035181,R0043_55039683,1.0
R0043_55035181,R0043_55039684,1.0
R0043_55035181,R0043_55032632,0.925
R0043_55035181,R0043_55021537,0.925
R0043_55035181,R0043_55041926,0.85
R0043_55035181,R0043_55029012,1.0
R0043_55035181,R0043_55034882,1.0
R0043_55035181,R0043_55039679,1.0
R0043_55035181,R0043_55032862,1.0
R0043_55035181,R0043_55032759,1.0
R0043_55035181,R0043_55037980,1.0
R0043_55035181,R0043_55037979,1.0
R0043_55035181,R0043_55027552,1.0
R0043_55035181,R0043_55034879,1.0
R0043_55035181,R0043_55032908,1.0
R0043_55035181,R0043_55039686,0.85
R0043_55035181,R0043_55032863,1.0
R0043_55035181,R0043_55009127,0.85
R0043_55035181,R0043_55036250,1.0
R0043_55035181,R0043_55034880,0.9
R0043_55035181,R0043_55032860,1.0
R0043_55035181,R0043_55029506,0.925
R0043_55035181,R0043_55031288,0.9
R0043_55035181,R0043_55036124,1.0
R0043_55035181,R0043_55039830,1.0
R0043_55035181,R0043_55034325,0.9
R0043_55035181,R0043_55039829,1.0
R0043_55035181,R0043_55031080,0.775
R0043_55035181,R0043_55031077,1.0
R0043_55035181,R0043_55017366,0.925
R0043_55035181,R0043_55034335,1.0
R0043_55035181,R0043_55031005,0.85
R0043_55035181,R0055_55007584,0.6946969696969697
R0043_55035181,R0055_55007583,0.7446969696969696
R0043_55035181,R0204_55005925,0.8522727272727273
R0043_55035181,R0204_55032685,0.7772727272727273
R0043_55035181,R0204_55035156,0.7522727272727272
R0043_55035181,R0204_55022352,0.7772727272727273
R0043_55035181,R0204_55004131,0.8522727272727273
R0043_55035181,R0207_55036375,0.8484848484848485
R0043_55035181,R0207_55032672,0.7734848484848484
R0043_55035181,R0207_55032673,0.7734848484848484
R0043_55035181,R0290_55038074,0.6984848484848485
R0043_55035181,R0290_55041439,0.7734848484848484
R0043_55035181,R0290_55041442,0.7734848484848484
R0043_55035181,R0290_55041438,0.7734848484848484
R0043_55035181,R0290_55041440,0.7734848484848484
R0043_55035181,R0290_55041441,0.7734848484848484
R0043_55035181,R0290_55030423,0.7734848484848484
R0043_55035181,R0290_55039755,0.7734848484848484
R0043_55035181,R0290_55026840,0.7734848484848484
R0043_55035181,R0290_55038681,0.7734848484848484
R0043_55035181,R0290_55033209,0.7734848484848484
R0043_55035181,R0290_55043722,0.8484848484848485
R0043_55035181,R0377_55039577,0.7772727272727273
R0043_55035181,R0377_55032663,0.7772727272727273
R0043_55035181,R0377_55036003,0.8522727272727273
R0043_55035181,R0377_55036004,0.8522727272727273
R0043_55035181,R0377_55036006,0.8522727272727273
R0043_55035181,R0377_55036007,0.8522727272727273
R0043_55035181,R0377_55036008,0.8522727272727273
R0043_55035181,R0377_55036009,0.8522727272727273
R0043_55035181,R0377_55043375,0.8522727272727273
R0043_55035181,R0377_55032655,0.7522727272727272
R0043_55035181,R0377_55034860,0.7772727272727273
R0043_55035181,R0377_55042881,0.7772727272727273
R0043_55035181,R0377_55033035,0.7522727272727272
R0043_55035181,R0377_55044076,0.8522727272727273
R0043_55035181,R0377_55036698,0.7772727272727273
R0043_55035181,R0377_55032664,0.7022727272727273
R0043_55035181,R0377_55038331,0.8522727272727273
R0043_55035181,R0377_55041814,0.8522727272727273
R0043_55035181,R0377_55041025,0.8522727272727273
R0043_55035181,R0377_55039651,0.8522727272727273
R0043_55035181,R0377_55044100,0.7022727272727273
R0043_55035181,R0377_55026719,0.7022727272727273
R0043_55032758,R0002_55043311,0.5757575757575757
R0043_55032758,R0002_55036002,0.5757575757575757
R0043_55032758,R0002_55015378,0.5757575757575757
R0043_55032758,R0002_55032731,0.5757575757575757
R0043_55032758,R0002_55025944,0.6007575757575758
R0043_55032758,R0002_55024341,0.6007575757575758
R0043_55032758,R0002_55041509,0.6007575757575758
R0043_55032758,R0002_55036059,0.5757575757575757
R0043_55032758,R0002_55037787,0.5757575757575757
R0043_55032758,R0002_55039851,0.5757575757575757
R0043_55032758,R0002_55032782,0.5757575757575757
R0043_55032758,R0002_55036171,0.6007575757575758
R0043_55032758,R0002_55035505,0.6007575757575758
R0043_55032758,R0002_55011002,0.5757575757575757
R0043_55032758,R0002_55031467,0.6007575757575758
R0043_55032758,R0002_55028991,0.5757575757575757
R0043_55032758,R0002_55027831,0.6007575757575758
R0043_55032758,R0002_55038839,0.6007575757575758
R0043_55032758,R0002_55019960,0.5757575757575757
R0043_55032758,R0002_55033035,0.5757575757575757
R0043_55032758,R0002_55006197,0.5757575757575757
R0043_55032758,R0002_55036505,0.5757575757575757
R0043_55032758,R0002_55044076,0.5757575757575757
R0043_55032758,R0002_55036050,0.5757575757575757
R0043_55032758,R0002_55037530,0.6007575757575758
R0043_55032758,R0002_55040793,0.5757575757575757
R0043_55032758,R0002_55043136,0.5757575757575757
R0043_55032758,R0002_55014421,0.5757575757575757
R0043_55032758,R0002_55003518,0.5757575757575757
R0043_55032758,R0002_55027319,0.5757575757575757
R0043_55032758,R0002_55035727,0.5757575757575757
R0043_55032758,R0002_55032858,0.5757575757575757
R0043_55032758,R0002_55029026,0.8257575757575757
R0043_55032758,R0002_55039889,0.5757575757575757
R0043_55032758,R0002_55041025,0.5757575757575757
R0043_55032758,R0002_55041833,0.5757575757575757
R0043_55032758,R0002_55031084,0.5757575757575757
R0043_55032758,R0002_55030125,0.5757575757575757
R0043_55032758,R0002_55011220,0.5757575757575757
R0043_55032758,R0002_55043779,0.5757575757575757
R0043_55032758,R0002_55026664,0.5757575757575757
R0043_55032758,R0002_55037878,0.5757575757575757
R0043_55032758,R0002_55043901,0.6007575757575758
R0043_55032758,R0002_55037718,0.5757575757575757
R0043_55032758,R0002_55042075,0.6007575757575758
R0043_55032758,R0002_55031358,0.5757575757575757
R0043_55032758,R0002_55025080,0.5757575757575757
R0043_55032758,R0002_55037283,0.5757575757575757
R0043_55032758,R0002_55019387,0.8257575757575757
R0043_55032758,R0043_55035478,0.775
R0043_55032758,R0043_55032756,0.9
R0043_55032758,R0043_55039677,0.75
R0043_55032758,R0043_55039678,0.75
R0043_55032758,R0043_55029067,0.75
R0043_55032758,R0043_55036252,0.75
R0043_55032758,R0043_55034675,0.75
R0043_55032758,R0043_55031083,0.75
R0043_55032758,R0043_55036209,0.75
R0043_55032758,R0043_55035181,0.75
R0043_55032758,R0043_55039681,0.75
R0043_55032758,R0043_55039682,0.75
R0043_55032758,R0043_55039683,0.75
R0043_55032758,R0043_55039684,0.75
R0043_55032758,R0043_55032632,0.775
R0043_55032758,R0043_55021537,0.775
R0043_55032758,R0043_55041926,0.9
R0043_55032758,R0043_55029012,0.75
R0043_55032758,R0043_55034882,0.75
R0043_55032758,R0043_55039679,0.75
R0043_55032758,R0043_55032862,0.75
R0043_55032758,R0043_55032759,0.75
R0043_55032758,R0043_55037980,0.75
R0043_55032758,R0043_55037979,0.75
R0043_55032758,R0043_55027552,0.75
R0043_55032758,R0043_55034879,0.75
R0043_55032758,R0043_55032908,0.75
R0043_55032758,R0043_55039686,0.9
R0043_55032758,R0043_55032863,0.75
R0043_55032758,R0043_55009127,0.9
R0043_55032758,R0043_55036250,0.75
R0043_55032758,R0043_55034880,1.0
R0043_55032758,R0043_55032860,0.75
R0043_55032758,R0043_55029506,0.775
R0043_55032758,R0043_55031288,1.0
R0043_55032758,R0043_55036124,0.75
R0043_55032758,R0043_55039830,0.75
R0043_55032758,R0043_55034325,1.0
R0043_55032758,R0043_55039829,0.75
R0043_55032758,R0043_55031080,0.75
R0043_55032758,R0043_55031077,0.75
R0043_55032758,R0043_55017366,0.775
R0043_55032758,R0043_55034335,0.75
R0043_55032758,R0043_55031005,0.9
R0043_55032758,R0055_55007584,0.7446969696969696
R0043_55032758,R0055_55007583,0.8446969696969697
R0043_55032758,R0204_55005925,0.6022727272727273
R0043_55032758,R0204_55032685,0.6272727272727273
R0043_55032758,R0204_55035156,0.8522727272727273
R0043_55032758,R0204_55022352,0.6272727272727273
R0043_55032758,R0204_55004131,0.6022727272727273
R0043_55032758,R0207_55036375,0.5984848484848485
R0043_55032758,R0207_55032672,0.6234848484848485
R0043_55032758,R0207_55032673,0.6234848484848485
R0043_55032758,R0290_55038074,0.7484848484848485
R0043_55032758,R0290_55041439,0.6234848484848485
R0043_55032758,R0290_55041442,0.6234848484848485
R0043_55032758,R0290_55041438,0.6234848484848485
R0043_55032758,R0290_55041440,0.6234848484848485
R0043_55032758,R0290_55041441,0.6234848484848485
R0043_55032758,R0290_55030423,0.6234848484848485
R0043_55032758,R0290_55039755,0.6234848484848485
R0043_55032758,R0290_55026840,0.6234848484848485
R0043_55032758,R0290_55038681,0.6234848484848485
R0043_55032758,R0290_55033209,0.6234848484848485
R0043_55032758,R0290_55043722,0.5984848484848485
R0043_55032758,R0377_55039577,0.6272727272727273
R0043_55032758,R0377_55032663,0.6272727272727273
R0043_55032758,R0377_55036003,0.6022727272727273
R0043_55032758,R0377_55036004,0.6022727272727273
R0043_55032758,R0377_55036006,0.6022727272727273
R0043_55032758,R0377_55036007,0.6022727272727273
R0043_55032758,R0377_55036008,0.6022727272727273
R0043_55032758,R0377_55036009,0.6022727272727273
R0043_55032758,R0377_55043375,0.6022727272727273
R0043_55032758,R0377_55032655,0.8522727272727273
R0043_55032758,R0377_55034860,0.6272727272727273
R0043_55032758,R0377_55042881,0.6272727272727273
R0043_55032758,R0377_55033035,0.8522727272727273
R0043_55032758,R0377_55044076,0.6022727272727273
R0043_55032758,R0377_55036698,0.6272727272727273
R0043_55032758,R0377_55032664,0.7522727272727272
R0043_55032758,R0377_55038331,0.6022727272727273
R0043_55032758,R0377_55041814,0.6022727272727273
R0043_55032758,R0377_55041025,0.6022727272727273
R0043_55032758,R0377_55039651,0.6022727272727273
R0043_55032758,R0377_55044100,0.7522727272727272
R0043_55032758,R0377_55026719,0.7522727272727272
R0043_55039681,R0002_55043311,0.6007575757575758
R0043_55039681,R0002_55036002,0.8257575757575757
R0043_55039681,R0002_55015378,0.8257575757575757
R0043_55039681,R0002_55032731,0.6007575757575758
R0043_55039681,R0002_55025944,0.7507575757575757
R0043_55039681,R0002_55024341,0.7507575757575757
R0043_55039681,R0002_55041509,0.7507575757575757
R0043_55039681,R0002_55036059,0.8257575757575757
R0043_55039681,R0002_55037787,0.8257575757575757
R0043_55039681,R0002_55039851,0.6007575757575758
R0043_55039681,R0002_55032782,0.8257575757575757
R0043_55039681,R0002_55036171,0.7507575757575757
R0043_55039681,R0002_55035505,0.7507575757575757
R0043_55039681,R0002_55011002,0.8257575757575757
R0043_55039681,R0002_55031467,0.7507575757575757
R0043_55039681,R0002_55028991,0.8257575757575757
R0043_55039681,R0002_55027831,0.7507575757575757
R0043_55039681,R0002_55038839,0.7507575757575757
R0043_55039681,R0002_55019960,0.8257575757575757
R0043_55039681,R0002_55033035,0.8257575757575757
R0043_55039681,R0002_55006197,0.8257575757575757
R0043_55039681,R0002_55036505,0.6007575757575758
R0043_55039681,R0002_55044076,0.8257575757575757
R0043_55039681,R0002_55036050,0.6007575757575758
R0043_55039681,R0002_55037530,0.7507575757575757
R0043_55039681,R0002_55040793,0.8257575757575757
R0043_55039681,R0002_55043136,0.8257575757575757
R0043_55039681,R0002_55014421,0.8257575757575757
R0043_55039681,R0002_55003518,0.6007575757575758
R0043_55039681,R0002_55027319,0.6007575757575758
R0043_55039681,R0002_55035727,0.8257575757575757
R0043_55039681,R0002_55032858,0.8257575757575757
R0043_55039681,R0002_55029026,0.7257575757575758
R0043_55039681,R0002_55039889,0.8257575757575757
R0043_55039681,R0002_55041025,0.8257575757575757
R0043_55039681,R0002_55041833,0.8257575757575757
R0043_55039681,R0002_55031084,0.8257575757575757
R0043_55039681,R0002_55030125,0.8257575757575757
R0043_55039681,R0002_55011220,0.6007575757575758
R0043_55039681,R0002_55043779,0.8257575757575757
R0043_55039681,R0002_55026664,0.8257575757575757
R0043_55039681,R0002_55037878,0.6007575757575758
R0043_55039681,R0002_55043901,0.7507575757575757
R0043_55039681,R0002_55037718,0.8257575757575757
R0043_55039681,R0002_55042075,0.7507575757575757
R0043_55039681,R0002_55031358,0.8257575757575757
R0043_55039681,R0002_55025080,0.6007575757575758
R0043_55039681,R0002_55037283,0.8257575757575757
R0043_55039681,R0002_55019387,0.7257575757575758
R0043_55039681,R0043_55035478,0.925
R0043_55039681,R0043_55032756,0.85
R0043_55039681,R0043_55039677,1.0
R0043_55039681,R0043_55039678,1.0
R0043_55039681,R0043_55029067,1.0
R0043_55039681,R0043_55036252,1.0
R0043_55039681,R0043_55034675,1.0
R0043_55039681,R0043_55031083,1.0
R0043_55039681,R0043_55036209,1.0
R0043_55039681,R0043_55035181,1.0
R0043_55039681,R0043_55032758,0.9
R0043_55039681,R0043_55039682,1.0
R0043_55039681,R0043_55039683,1.0
R0043_55039681,R0043_55039684,1.0
R0043_55039681,R0043_55032632,0.925
R0043_55039681,R0043_55021537,0.925
R0043_55039681,R0043_55041926,0.85
R0043_55039681,R0043_55029012,1.0
R0043_55039681,R0043_55034882,1.0
R0043_55039681,R0043_55039679,1.0
R0043_55039681,R0043_55032862,1.0
R0043_55039681,R0043_55032759,1.0
R0043_55039681,R0043_55037980,1.0
R0043_55039681,R0043_55037979,1.0
R0043_55039681,R0043_55027552,1.0
R0043_55039681,R0043_55034879,1.0
R0043_55039681,R0043_55032908,1.0
R0043_55039681,R0043_55039686,0.85
R0043_55039681,R0043_55032863,1.0
R0043_55039681,R0043_55009127,0.85
R0043_55039681,R0043_55036250,1.0
R0043_55039681,R0043_55034880,0.9
R0043_55039681,R0043_55032860,1.0
R0043_55039681,R0043_55029506,0.925
R0043_55039681,R0043_55031288,0.9
R0043_55039681,R0043_55036124,1.0
R0043_55039681,R0043_55039830,1.0
R0043_55039681,R0043_55034325,0.9
R0043_55039681,R0043_55039829,1.0
R0043_55039681,R0043_55031080,0.775
R0043_55039681,R0043_55031077,1.0
R0043_55039681,R0043_55017366,0.925
R0043_55039681,R0043_55034335,1.0
R0043_55039681,R0043_55031005,0.85
R0043_55039681,R0055_55007584,0.6946969696969697
R0043_55039681,R0055_55007583,0.7446969696969696
R0043_55039681,R0204_55005925,0.8522727272727273
R0043_55039681,R0204_55032685,0.7772727272727273
R0043_55039681,R0204_55035156,0.7522727272727272
R0043_55039681,R0204_55022352,0.7772727272727273
R0043_55039681,R0204_55004131,0.8522727272727273
R0043_55039681,R0207_55036375,0.8484848484848485
R0043_55039681,R0207_55032672,0.7734848484848484
R0043_55039681,R0207_55032673,0.7734848484848484
R0043_55039681,R0290_55038074,0.6984848484848485
R0043_55039681,R0290_55041439,0.7734848484848484
R0043_55039681,R0290_55041442,0.7734848484848484
R0043_55039681,R0290_55041438,0.7734848484848484
R0043_55039681,R0290_55041440,0.7734848484848484
R0043_55039681,R0290_55041441,0.7734848484848484
R0043_55039681,R0290_55030423,0.7734848484848484
R0043_55039681,R0290_55039755,0.7734848484848484
R0043_55039681,R0290_55026840,0.7734848484848484
R0043_55039681,R0290_55038681,0.7734848484848484
R0043_55039681,R0290_55033209,0.7734848484848484
R0043_55039681,R0290_55043722,0.8484848484848485
R0043_55039681,R0377_55039577,0.7772727272727273
R0043_55039681,R0377_55032663,0.7772727272727273
R0043_55039681,R0377_55036003,0.8522727272727273
R0043_55039681,R0377_55036004,0.8522727272727273
R0043_55039681,R0377_55036006,0.8522727272727273
R0043_55039681,R0377_55036007,0.8522727272727273
R0043_55039681,R0377_55036008,0.8522727272727273
R0043_55039681,R0377_55036009,0.8522727272727273
R0043_55039681,R0377_55043375,0.8522727272727273
R0043_55039681,R0377_55032655,0.7522727272727272
R0043_55039681,R0377_55034860,0.7772727272727273
R0043_55039681,R0377_55042881,0.7772727272727273
R0043_55039681,R0377_55033035,0.7522727272727272
R0043_55039681,R0377_55044076,0.8522727272727273
R0043_55039681,R0377_55036698,0.7772727272727273
R0043_55039681,R0377_55032664,0.7022727272727273
R0043_55039681,R0377_55038331,0.8522727272727273
R0043_55039681,R0377_55041814,0.8522727272727273
R0043_55039681,R0377_55041025,0.8522727272727273
R0043_55039681,R0377_55039651,0.8522727272727273
R0043_55039681,R0377_55044100,0.7022727272727273
R0043_55039681,R0377_55026719,0.7022727272727273
R0043_55039682,R0002_55043311,0.6007575757575758
R0043_55039682,R0002_55036002,0.8257575757575757
R0043_55039682,R0002_55015378,0.8257575757575757
R0043_55039682,R0002_55032731,0.6007575757575758
R0043_55039682,R0002_55025944,0.7507575757575757
R0043_55039682,R0002_55024341,0.7507575757575757
R0043_55039682,R0002_55041509,0.7507575757575757
R0043_55039682,R0002_55036059,0.8257575757575757
R0043_55039682,R0002_55037787,0.8257575757575757
R0043_55039682,R0002_55039851,0.6007575757575758
R0043_55039682,R0002_55032782,0.8257575757575757
R0043_55039682,R0002_55036171,0.7507575757575757
R0043_55039682,R0002_55035505,0.7507575757575757
R0043_55039682,R0002_55011002,0.8257575757575757
R0043_55039682,R0002_55031467,0.7507575757575757
R0043_55039682,R0002_55028991,0.8257575757575757
R0043_55039682,R0002_55027831,0.7507575757575757
R0043_55039682,R0002_55038839,0.7507575757575757
R0043_55039682,R0002_55019960,0.8257575757575757
R0043_55039682,R0002_55033035,0.8257575757575757
R0043_55039682,R0002_55006197,0.8257575757575757
R0043_55039682,R0002_55036505,0.6007575757575758
R0043_55039682,R0002_55044076,0.8257575757575757
R0043_55039682,R0002_55036050,0.6007575757575758
R0043_55039682,R0002_55037530,0.7507575757575757
R0043_55039682,R0002_55040793,0.8257575757575757
R0043_55039682,R0002_55043136,0.8257575757575757
R0043_55039682,R0002_55014421,0.8257575757575757
R0043_55039682,R0002_55003518,0.6007575757575758
R0043_55039682,R0002_55027319,0.6007575757575758
R0043_55039682,R0002_55035727,0.8257575757575757
R0043_55039682,R0002_55032858,0.8257575757575757
R0043_55039682,R0002_55029026,0.7257575757575758
R0043_55039682,R0002_55039889,0.8257575757575757
R0043_55039682,R0002_55041025,0.8257575757575757
R0043_55039682,R0002_55041833,0.8257575757575757
R0043_55039682,R0002_55031084,0.8257575757575757
R0043_55039682,R0002_55030125,0.8257575757575757
R0043_55039682,R0002_55011220,0.6007575757575758
R0043_55039682,R0002_55043779,0.8257575757575757
R0043_55039682,R0002_55026664,0.8257575757575757
R0043_55039682,R0002_55037878,0.6007575757575758
R0043_55039682,R0002_55043901,0.7507575757575757
R0043_55039682,R0002_55037718,0.8257575757575757
R0043_55039682,R0002_55042075,0.7507575757575757
R0043_55039682,R0002_55031358,0.8257575757575757
R0043_55039682,R0002_55025080,0.6007575757575758
R0043_55039682,R0002_55037283,0.8257575757575757
R0043_55039682,R0002_55019387,0.7257575757575758
R0043_55039682,R0043_55035478,0.925
R0043_55039682,R0043_55032756,0.85
R0043_55039682,R0043_55039677,1.0
R0043_55039682,R0043_55039678,1.0
R0043_55039682,R0043_55029067,1.0
R0043_55039682,R0043_55036252,1.0
R0043_55039682,R0043_55034675,1.0
R0043_55039682,R0043_55031083,1.0
R0043_55039682,R0043_55036209,1.0
R0043_55039682,R0043_55035181,1.0
R0043_55039682,R0043_55032758,0.9
R0043_55039682,R0043_55039681,1.0
R0043_55039682,R0043_55039683,1.0
R0043_55039682,R0043_55039684,1.0
R0043_55039682,R0043_55032632,0.925
R0043_55039682,R0043_55021537,0.925
R0043_55039682,R0043_55041926,0.85
R0043_55039682,R0043_55029012,1.0
R0043_55039682,R0043_55034882,1.0
R0043_55039682,R0043_55039679,1.0
R0043_55039682,R0043_55032862,1.0
R0043_55039682,R0043_55032759,1.0
R0043_55039682,R0043_55037980,1.0
R0043_55039682,R0043_55037979,1.0
R0043_55039682,R0043_55027552,1.0
R0043_55039682,R0043_55034879,1.0
R0043_55039682,R0043_55032908,1.0
R0043_55039682,R0043_55039686,0.85
R0043_55039682,R0043_55032863,1.0
R0043_55039682,R0043_55009127,0.85
R0043_55039682,R0043_55036250,1.0
R0043_55039682,R0043_55034880,0.9
R0043_55039682,R0043_55032860,1.0
R0043_55039682,R0043_55029506,0.925
R0043_55039682,R0043_55031288,0.9
R0043_55039682,R0043_55036124,1.0
R0043_55039682,R0043_55039830,1.0
R0043_55039682,R0043_55034325,0.9
R0043_55039682,R0043_55039829,1.0
R0043_55039682,R0043_55031080,0.775
R0043_55039682,R0043_55031077,1.0
R0043_55039682,R0043_55017366,0.925
R0043_55039682,R0043_55034335,1.0
R0043_55039682,R0043_55031005,0.85
R0043_55039682,R0055_55007584,0.6946969696969697
R0043_55039682,R0055_55007583,0.7446969696969696
R0043_55039682,R0204_55005925,0.8522727272727273
R0043_55039682,R0204_55032685,0.7772727272727273
R0043_55039682,R0204_55035156,0.7522727272727272
R0043_55039682,R0204_55022352,0.7772727272727273
R0043_55039682,R0204_55004131,0.8522727272727273
R0043_55039682,R0207_55036375,0.8484848484848485
R0043_55039682,R0207_55032672,0.7734848484848484
R0043_55039682,R0207_55032673,0.7734848484848484
R0043_55039682,R0290_55038074,0.6984848484848485
R0043_55039682,R0290_55041439,0.7734848484848484
R0043_55039682,R0290_55041442,0.7734848484848484
R0043_55039682,R0290_55041438,0.7734848484848484
R0043_55039682,R0290_55041440,0.7734848484848484
R0043_55039682,R0290_55041441,0.7734848484848484
R0043_55039682,R0290_55030423,0.7734848484848484
R0043_55039682,R0290_55039755,0.7734848484848484
R0043_55039682,R0290_55026840,0.7734848484848484
R0043_55039682,R0290_55038681,0.7734848484848484
R0043_55039682,R0290_55033209,0.7734848484848484
R0043_55039682,R0290_55043722,0.8484848484848485
R0043_55039682,R0377_55039577,0.7772727272727273
R0043_55039682,R0377_55032663,0.7772727272727273
R0043_55039682,R0377_55036003,0.8522727272727273
R0043_55039682,R0377_55036004,0.8522727272727273
R0043_55039682,R0377_55036006,0.8522727272727273
R0043_55039682,R0377_55036007,0.8522727272727273
R0043_55039682,R0377_55036008,0.8522727272727273
R0043_55039682,R0377_55036009,0.8522727272727273
R0043_55039682,R0377_55043375,0.8522727272727273
R0043_55039682,R0377_55032655,0.7522727272727272
R0043_55039682,R0377_55034860,0.7772727272727273
R0043_55039682,R0377_55042881,0.7772727272727273
R0043_55039682,R0377_55033035,0.7522727272727272
R0043_55039682,R0377_55044076,0.8522727272727273
R0043_55039682,R0377_55036698,0.7772727272727273
R0043_55039682,R0377_55032664,0.7022727272727273
R0043_55039682,R0377_55038331,0.8522727272727273
R0043_55039682,R0377_55041814,0.8522727272727273
R0043_55039682,R0377_55041025,0.8522727272727273
R0043_55039682,R0377_55039651,0.8522727272727273
R0043_55039682,R0377_55044100,0.7022727272727273
R0043_55039682,R0377_55026719,0.7022727272727273
R0043_55039683,R0002_55043311,0.6007575757575758
R0043_55039683,R0002_55036002,0.8257575757575757
R0043_55039683,R0002_55015378,0.8257575757575757
R0043_55039683,R0002_55032731,0.6007575757575758
R0043_55039683,R0002_55025944,0.7507575757575757
R0043_55039683,R0002_55024341,0.7507575757575757
R0043_55039683,R0002_55041509,0.7507575757575757
R0043_55039683,R0002_55036059,0.8257575757575757
R0043_55039683,R0002_55037787,0.8257575757575757
R0043_55039683,R0002_55039851,0.6007575757575758
R0043_55039683,R0002_55032782,0.8257575757575757
R0043_55039683,R0002_55036171,0.7507575757575757
R0043_55039683,R0002_55035505,0.7507575757575757
R0043_55039683,R0002_55011002,0.8257575757575757
R0043_55039683,R0002_55031467,0.7507575757575757
R0043_55039683,R0002_55028991,0.8257575757575757
R0043_55039683,R0002_55027831,0.7507575757575757
R0043_55039683,R0002_55038839,0.7507575757575757
R0043_55039683,R0002_55019960,0.8257575757575757
R0043_55039683,R0002_55033035,0.8257575757575757
R0043_55039683,R0002_55006197,0.8257575757575757
R0043_55039683,R0002_55036505,0.6007575757575758
R0043_55039683,R0002_55044076,0.8257575757575757
R0043_55039683,R0002_55036050,0.6007575757575758
R0043_55039683,R0002_55037530,0.7507575757575757
R0043_55039683,R0002_55040793,0.8257575757575757
R0043_55039683,R0002_55043136,0.8257575757575757
R0043_55039683,R0002_55014421,0.8257575757575757
R0043_55039683,R0002_55003518,0.6007575757575758
R0043_55039683,R0002_55027319,0.6007575757575758
R0043_55039683,R0002_55035727,0.8257575757575757
R0043_55039683,R0002_55032858,0.8257575757575757
R0043_55039683,R0002_55029026,0.7257575757575758
R0043_55039683,R0002_55039889,0.8257575757575757
R0043_55039683,R0002_55041025,0.8257575757575757
R0043_55039683,R0002_55041833,0.8257575757575757
R0043_55039683,R0002_55031084,0.8257575757575757
R0043_55039683,R0002_55030125,0.8257575757575757
R0043_55039683,R0002_55011220,0.6007575757575758
R0043_55039683,R0002_55043779,0.8257575757575757
R0043_55039683,R0002_55026664,0.8257575757575757
R0043_55039683,R0002_55037878,0.6007575757575758
R0043_55039683,R0002_55043901,0.7507575757575757
R0043_55039683,R0002_55037718,0.8257575757575757
R0043_55039683,R0002_55042075,0.7507575757575757
R0043_55039683,R0002_55031358,0.8257575757575757
R0043_55039683,R0002_55025080,0.6007575757575758
R0043_55039683,R0002_55037283,0.8257575757575757
R0043_55039683,R0002_55019387,0.7257575757575758
R0043_55039683,R0043_55035478,0.925
R0043_55039683,R0043_55032756,0.85
R0043_55039683,R0043_55039677,1.0
R0043_55039683,R0043_55039678,1.0
R0043_55039683,R0043_55029067,1.0
R0043_55039683,R0043_55036252,1.0
R0043_55039683,R0043_55034675,1.0
R0043_55039683,R0043_55031083,1.0
R0043_55039683,R0043_55036209,1.0
R0043_55039683,R0043_55035181,1.0
R0043_55039683,R0043_55032758,0.9
R0043_55039683,R0043_55039681,1.0
R0043_55039683,R0043_55039682,1.0
R0043_55039683,R0043_55039684,1.0
R0043_55039683,R0043_55032632,0.925
R0043_55039683,R0043_55021537,0.925
R0043_55039683,R0043_55041926,0.85
R0043_55039683,R0043_55029012,1.0
R0043_55039683,R0043_55034882,1.0
R0043_55039683,R0043_55039679,1.0
R0043_55039683,R0043_55032862,1.0
R0043_55039683,R0043_55032759,1.0
R0043_55039683,R0043_55037980,1.0
R0043_55039683,R0043_55037979,1.0
R0043_55039683,R0043_55027552,1.0
R0043_55039683,R0043_55034879,1.0
R0043_55039683,R0043_55032908,1.0
R0043_55039683,R0043_55039686,0.85
R0043_55039683,R0043_55032863,1.0
R0043_55039683,R0043_55009127,0.85
R0043_55039683,R0043_55036250,1.0
R0043_55039683,R0043_55034880,0.9
R0043_55039683,R0043_55032860,1.0
R0043_55039683,R0043_55029506,0.925
R0043_55039683,R0043_55031288,0.9
R0043_55039683,R0043_55036124,1.0
R0043_55039683,R0043_55039830,1.0
R0043_55039683,R0043_55034325,0.9
R0043_55039683,R0043_55039829,1.0
R0043_55039683,R0043_55031080,0.775
R0043_55039683,R0043_55031077,1.0
R0043_55039683,R0043_55017366,0.925
R0043_55039683,R0043_55034335,1.0
R0043_55039683,R0043_55031005,0.85
R0043_55039683,R0055_55007584,0.6946969696969697
R0043_55039683,R0055_55007583,0.7446969696969696
R0043_55039683,R0204_55005925,0.8522727272727273
R0043_55039683,R0204_55032685,0.7772727272727273
R0043_55039683,R0204_55035156,0.7522727272727272
R0043_55039683,R0204_55022352,0.7772727272727273
R0043_55039683,R0204_55004131,0.8522727272727273
R0043_55039683,R0207_55036375,0.8484848484848485
R0043_55039683,R0207_55032672,0.7734848484848484
R0043_55039683,R0207_55032673,0.7734848484848484
R0043_55039683,R0290_55038074,0.6984848484848485
R0043_55039683,R0290_55041439,0.7734848484848484
R0043_55039683,R0290_55041442,0.7734848484848484
R0043_55039683,R0290_55041438,0.7734848484848484
R0043_55039683,R0290_55041440,0.7734848484848484
R0043_55039683,R0290_55041441,0.7734848484848484
R0043_55039683,R0290_55030423,0.7734848484848484
R0043_55039683,R0290_55039755,0.7734848484848484
R0043_55039683,R0290_55026840,0.7734848484848484
R0043_55039683,R0290_55038681,0.7734848484848484
R0043_55039683,R0290_55033209,0.7734848484848484
R0043_55039683,R0290_55043722,0.8484848484848485
R0043_55039683,R0377_55039577,0.7772727272727273
R0043_55039683,R0377_55032663,0.7772727272727273
R0043_55039683,R0377_55036003,0.8522727272727273
R0043_55039683,R0377_55036004,0.8522727272727273
R0043_55039683,R0377_55036006,0.8522727272727273
R0043_55039683,R0377_55036007,0.8522727272727273
R0043_55039683,R0377_55036008,0.8522727272727273
R0043_55039683,R0377_55036009,0.8522727272727273
R0043_55039683,R0377_55043375,0.8522727272727273
R0043_55039683,R0377_55032655,0.7522727272727272
R0043_55039683,R0377_55034860,0.7772727272727273
R0043_55039683,R0377_55042881,0.7772727272727273
R0043_55039683,R0377_55033035,0.7522727272727272
R0043_55039683,R0377_55044076,0.8522727272727273
R0043_55039683,R0377_55036698,0.7772727272727273
R0043_55039683,R0377_55032664,0.7022727272727273
R0043_55039683,R0377_55038331,0.8522727272727273
R0043_55039683,R0377_55041814,0.8522727272727273
R0043_55039683,R0377_55041025,0.8522727272727273
R0043_55039683,R0377_55039651,0.8522727272727273
R0043_55039683,R0377_55044100,0.7022727272727273
R0043_55039683,R0377_55026719,0.7022727272727273
R0043_55039684,R0002_55043311,0.6007575757575758
R0043_55039684,R0002_55036002,0.8257575757575757
R0043_55039684,R0002_55015378,0.8257575757575757
R0043_55039684,R0002_55032731,0.6007575757575758
R0043_55039684,R0002_55025944,0.7507575757575757
R0043_55039684,R0002_55024341,0.7507575757575757
R0043_55039684,R0002_55041509,0.7507575757575757
R0043_55039684,R0002_55036059,0.8257575757575757
R0043_55039684,R0002_55037787,0.8257575757575757
R0043_55039684,R0002_55039851,0.6007575757575758
R0043_55039684,R0002_55032782,0.8257575757575757
R0043_55039684,R0002_55036171,0.7507575757575757
R0043_55039684,R0002_55035505,0.7507575757575757
R0043_55039684,R0002_55011002,0.8257575757575757
R0043_55039684,R0002_55031467,0.7507575757575757
R0043_55039684,R0002_55028991,0.8257575757575757
R0043_55039684,R0002_55027831,0.7507575757575757
R0043_55039684,R0002_55038839,0.7507575757575757
R0043_55039684,R0002_55019960,0.8257575757575757
R0043_55039684,R0002_55033035,0.8257575757575757
R0043_55039684,R0002_55006197,0.8257575757575757
R0043_55039684,R0002_55036505,0.6007575757575758
R0043_55039684,R0002_55044076,0.8257575757575757
R0043_55039684,R0002_55036050,0.6007575757575758
R0043_55039684,R0002_55037530,0.7507575757575757
R0043_55039684,R0002_55040793,0.8257575757575757
R0043_55039684,R0002_55043136,0.8257575757575757
R0043_55039684,R0002_55014421,0.8257575757575757
R0043_55039684,R0002_55003518,0.6007575757575758
R0043_55039684,R0002_55027319,0.6007575757575758
R0043_55039684,R0002_55035727,0.8257575757575757
R0043_55039684,R0002_55032858,0.8257575757575757
R0043_55039684,R0002_55029026,0.7257575757575758
R0043_55039684,R0002_55039889,0.8257575757575757
R0043_55039684,R0002_55041025,0.8257575757575757
R0043_55039684,R0002_55041833,0.8257575757575757
R0043_55039684,R0002_55031084,0.8257575757575757
R0043_55039684,R0002_55030125,0.8257575757575757
R0043_55039684,R0002_55011220,0.6007575757575758
R0043_55039684,R0002_55043779,0.8257575757575757
R0043_55039684,R0002_55026664,0.8257575757575757
R0043_55039684,R0002_55037878,0.6007575757575758
R0043_55039684,R0002_55043901,0.7507575757575757
R0043_55039684,R0002_55037718,0.8257575757575757
R0043_55039684,R0002_55042075,0.7507575757575757
R0043_55039684,R0002_55031358,0.8257575757575757
R0043_55039684,R0002_55025080,0.6007575757575758
R0043_55039684,R0002_55037283,0.8257575757575757
R0043_55039684,R0002_55019387,0.7257575757575758
R0043_55039684,R0043_55035478,0.925
R0043_55039684,R0043_55032756,0.85
R0043_55039684,R0043_55039677,1.0
R0043_55039684,R0043_55039678,1.0
R0043_55039684,R0043_55029067,1.0
R0043_55039684,R0043_55036252,1.0
R0043_55039684,R0043_55034675,1.0
R0043_55039684,R0043_55031083,1.0
R0043_55039684,R0043_55036209,1.0
R0043_55039684,R0043_55035181,1.0
R0043_55039684,R0043_55032758,0.9
R0043_55039684,R0043_55039681,1.0
R0043_55039684,R0043_55039682,1.0
R0043_55039684,R0043_55039683,1.0
R0043_55039684,R0043_55032632,0.925
R0043_55039684,R0043_55021537,0.925
R0043_55039684,R0043_55041926,0.85
R0043_55039684,R0043_55029012,1.0
R0043_55039684,R0043_55034882,1.0
R0043_55039684,R0043_55039679,1.0
R0043_55039684,R0043_55032862,1.0
R0043_55039684,R0043_55032759,1.0
R0043_55039684,R0043_55037980,1.0
R0043_55039684,R0043_55037979,1.0
R0043_55039684,R0043_55027552,1.0
R0043_55039684,R0043_55034879,1.0
R0043_55039684,R0043_55032908,1.0
R0043_55039684,R0043_55039686,0.85
R0043_55039684,R0043_55032863,1.0
R0043_55039684,R0043_55009127,0.85
R0043_55039684,R0043_55036250,1.0
R0043_55039684,R0043_55034880,0.9
R0043_55039684,R0043_55032860,1.0
R0043_55039684,R0043_55029506,0.925
R0043_55039684,R0043_55031288,0.9
R0043_55039684,R0043_55036124,1.0
R0043_55039684,R0043_55039830,1.0
R0043_55039684,R0043_55034325,0.9
R0043_55039684,R0043_55039829,1.0
R0043_55039684,R0043_55031080,0.775
R0043_55039684,R0043_55031077,1.0
R0043_55039684,R0043_55017366,0.925
R0043_55039684,R0043_55034335,1.0
R0043_55039684,R0043_55031005,0.85
R0043_55039684,R0055_55007584,0.6946969696969697
R0043_55039684,R0055_55007583,0.7446969696969696
R0043_55039684,R0204_55005925,0.8522727272727273
R0043_55039684,R0204_55032685,0.7772727272727273
R0043_55039684,R0204_55035156,0.7522727272727272
R0043_55039684,R0204_55022352,0.7772727272727273
R0043_55039684,R0204_55004131,0.8522727272727273
R0043_55039684,R0207_55036375,0.8484848484848485
R0043_55039684,R0207_55032672,0.7734848484848484
R0043_55039684,R0207_55032673,0.7734848484848484
R0043_55039684,R0290_55038074,0.6984848484848485
R0043_55039684,R0290_55041439,0.7734848484848484
R0043_55039684,R0290_55041442,0.7734848484848484
R0043_55039684,R0290_55041438,0.7734848484848484
R0043_55039684,R0290_55041440,0.7734848484848484
R0043_55039684,R0290_55041441,0.7734848484848484
R0043_55039684,R0290_55030423,0.7734848484848484
R0043_55039684,R0290_55039755,0.7734848484848484
R0043_55039684,R0290_55026840,0.7734848484848484
R0043_55039684,R0290_55038681,0.7734848484848484
R0043_55039684,R0290_55033209,0.7734848484848484
R0043_55039684,R0290_55043722,0.8484848484848485
R0043_55039684,R0377_55039577,0.7772727272727273
R0043_55039684,R0377_55032663,0.7772727272727273
R0043_55039684,R0377_55036003,0.8522727272727273
R0043_55039684,R0377_55036004,0.8522727272727273
R0043_55039684,R0377_55036006,0.8522727272727273
R0043_55039684,R0377_55036007,0.8522727272727273
R0043_55039684,R0377_55036008,0.8522727272727273
R0043_55039684,R0377_55036009,0.8522727272727273
R0043_55039684,R0377_55043375,0.8522727272727273
R0043_55039684,R0377_55032655,0.7522727272727272
R0043_55039684,R0377_55034860,0.7772727272727273
R0043_55039684,R0377_55042881,0.7772727272727273
R0043_55039684,R0377_55033035,0.7522727272727272
R0043_55039684,R0377_55044076,0.8522727272727273
R0043_55039684,R0377_55036698,0.7772727272727273
R0043_55039684,R0377_55032664,0.7022727272727273
R0043_55039684,R0377_55038331,0.8522727272727273
R0043_55039684,R0377_55041814,0.8522727272727273
R0043_55039684,R0377_55041025,0.8522727272727273
R0043_55039684,R0377_55039651,0.8522727272727273
R0043_55039684,R0377_55044100,0.7022727272727273
R0043_55039684,R0377_55026719,0.7022727272727273
R0043_55032632,R0002_55043311,0.5757575757575757
R0043_55032632,R0002_55036002,0.6007575757575758
R0043_55032632,R0002_55015378,0.6007575757575758
R0043_55032632,R0002_55032731,0.5757575757575757
R0043_55032632,R0002_55025944,0.8257575757575757
R0043_55032632,R0002_55024341,0.8257575757575757
R0043_55032632,R0002_55041509,0.8257575757575757
R0043_55032632,R0002_55036059,0.6007575757575758
R0043_55032632,R0002_55037787,0.6007575757575758
R0043_55032632,R0002_55039851,0.5757575757575757
R0043_55032632,R0002_55032782,0.6007575757575758
R0043_55032632,R0002_55036171,0.8257575757575757
R0043_55032632,R0002_55035505,0.8257575757575757
R0043_55032632,R0002_55011002,0.6007575757575758
R0043_55032632,R0002_55031467,0.8257575757575757
R0043_55032632,R0002_55028991,0.6007575757575758
R0043_55032632,R0002_55027831,0.8257575757575757
R0043_55032632,R0002_55038839,0.8257575757575757
R0043_55032632,R0002_55019960,0.6007575757575758
R0043_55032632,R0002_55033035,0.6007575757575758
R0043_55032632,R0002_55006197,0.6007575757575758
R0043_55032632,R0002_55036505,0.5757575757575757
R0043_55032632,R0002_55044076,0.6007575757575758
R0043_55032632,R0002_55036050,0.5757575757575757
R0043_55032632,R0002_55037530,0.8257575757575757
R0043_55032632,R0002_55040793,0.6007575757575758
R0043_55032632,R0002_55043136,0.6007575757575758
R0043_55032632,R0002_55014421,0.6007575757575758
R0043_55032632,R0002_55003518,0.5757575757575757
R0043_55032632,R0002_55027319,0.5757575757575757
R0043_55032632,R0002_55035727,0.6007575757575758
R0043_55032632,R0002_55032858,0.6007575757575758
R0043_55032632,R0002_55029026,0.7507575757575757
R0043_55032632,R0002_55039889,0.6007575757575758
R0043_55032632,R0002_55041025,0.6007575757575758
R0043_55032632,R0002_55041833,0.6007575757575758
R0043_55032632,R0002_55031084,0.6007575757575758
R0043_55032632,R0002_55030125,0.6007575757575758
R0043_55032632,R0002_55011220,0.5757575757575757
R0043_55032632,R0002_55043779,0.6007575757575758
R0043_55032632,R0002_55026664,0.6007575757575758
R0043_55032632,R0002_55037878,0.5757575757575757
R0043_55032632,R0002_55043901,0.8257575757575757
R0043_55032632,R0002_55037718,0.6007575757575758
R0043_55032632,R0002_55042075,0.8257575757575757
R0043_55032632,R0002_55031358,0.6007575757575758
R0043_55032632,R0002_55025080,0.5757575757575757
R0043_55032632,R0002_55037283,0.6007575757575758
R0043_55032632,R0002_55019387,0.7507575757575757
R0043_55032632,R0043_55035478,1.0
R0043_55032632,R0043_55032756,0.875
R0043_55032632,R0043_55039677,0.775
R0043_55032632,R0043_55039678,0.775
R0043_55032632,R0043_55029067,0.775
R0043_55032632,R0043_55036252,0.775
R0043_55032632,R0043_55034675,0.775
R0043_55032632,R0043_55031083,0.775
R0043_55032632,R0043_55036209,0.775
R0043_55032632,R0043_55035181,0.775
R0043_55032632,R0043_55032758,0.925
R0043_55032632,R0043_55039681,0.775
R0043_55032632,R0043_55039682,0.775
R0043_55032632,R0043_55039683,0.775
R0043_55032632,R0043_55039684,0.775
R0043_55032632,R0043_55021537,1.0
R0043_55032632,R0043_55041926,0.875
R0043_55032632,R0043_55029012,0.775
R0043_55032632,R0043_55034882,0.775
R0043_55032632,R0043_55039679,0.775
R0043_55032632,R0043_55032862,0.775
R0043_55032632,R0043_55032759,0.775
R0043_55032632,R0043_55037980,0.775
R0043_55032632,R0043_55037979,0.775
R0043_55032632,R0043_55027552,0.775
R0043_55032632,R0043_55034879,0.775
R0043_55032632,R0043_55032908,0.775
R0043_55032632,R0043_55039686,0.875
R0043_55032632,R0043_55032863,0.775
R0043_55032632,R0043_55009127,0.875
R0043_55032632,R0043_55036250,0.775
R0043_55032632,R0043_55034880,0.925
R0043_55032632,R0043_55032860,0.775
R0043_55032632,R0043_55029506,1.0
R0043_55032632,R0043_55031288,0.925
R0043_55032632,R0043_55036124,0.775
R0043_55032632,R0043_55039830,0.775
R0043_55032632,R0043_55034325,0.925
R0043_55032632,R0043_55039829,0.775
R0043_55032632,R0043_55031080,0.75
R0043_55032632,R0043_55031077,0.775
R0043_55032632,R0043_55017366,1.0
R0043_55032632,R0043_55034335,0.775
R0043_55032632,R0043_55031005,0.875
R0043_55032632,R0055_55007584,0.7196969696969697
R0043_55032632,R0055_55007583,0.7696969696969697
R0043_55032632,R0204_55005925,0.6272727272727273
R0043_55032632,R0204_55032685,0.8522727272727273
R0043_55032632,R0204_55035156,0.7772727272727273
R0043_55032632,R0204_55022352,0.8522727272727273
R0043_55032632,R0204_55004131,0.6272727272727273
R0043_55032632,R0207_55036375,0.6234848484848485
R0043_55032632,R0207_55032672,0.8484848484848485
R0043_55032632,R0207_55032673,0.8484848484848485
R0043_55032632,R0290_55038074,0.7234848484848484
R0043_55032632,R0290_55041439,0.8484848484848485
R0043_55032632,R0290_55041442,0.8484848484848485
R0043_55032632,R0290_55041438,0.8484848484848485
R0043_55032632,R0290_55041440,0.8484848484848485
R0043_55032632,R0290_55041441,0.8484848484848485
R0043_55032632,R0290_55030423,0.8484848484848485
R0043_55032632,R0290_55039755,0.8484848484848485
R0043_55032632,R0290_55026840,0.8484848484848485
R0043_55032632,R0290_55038681,0.8484848484848485
R0043_55032632,R0290_55033209,0.8484848484848485
R0043_55032632,R0290_55043722,0.6234848484848485
R0043_55032632,R0377_55039577,0.8522727272727273
R0043_55032632,R0377_55032663,0.8522727272727273
R0043_55032632,R0377_55036003,0.6272727272727273
R0043_55032632,R0377_55036004,0.6272727272727273
R0043_55032632,R0377_55036006,0.6272727272727273
R0043_55032632,R0377_55036007,0.6272727272727273
R0043_55032632,R0377_55036008,0.6272727272727273
R0043_55032632,R0377_55036009,0.6272727272727273
R0043_55032632,R0377_55043375,0.6272727272727273
R0043_55032632,R0377_55032655,0.7772727272727273
R0043_55032632,R0377_55034860,0.8522727272727273
R0043_55032632,R0377_55042881,0.8522727272727273
R0043_55032632,R0377_55033035,0.7772727272727273
R0043_55032632,R0377_55044076,0.6272727272727273
R0043_55032632,R0377_55036698,0.8522727272727273
R0043_55032632,R0377_55032664,0.7272727272727273
R0043_55032632,R0377_55038331,0.6272727272727273
R0043_55032632,R0377_55041814,0.6272727272727273
R0043_55032632,R0377_55041025,0.6272727272727273
R0043_55032632,R0377_55039651,0.6272727272727273
R0043_55032632,R0377_55044100,0.7272727272727273
R0043_55032632,R0377_55026719,0.7272727272727273
R0043_55021537,R0002_55043311,0.5757575757575757
R0043_55021537,R0002_55036002,0.6007575757575758
R0043_55021537,R0002_55015378,0.6007575757575758
R0043_55021537,R0002_55032731,0.5757575757575757
R0043_55021537,R0002_55025944,0.8257575757575757
R0043_55021537,R0002_55024341,0.8257575757575757
R0043_55021537,R0002_55041509,0.8257575757575757
R0043_55021537,R0002_55036059,0.6007575757575758
R0043_55021537,R0002_55037787,0.6007575757575758
R0043_55021537,R0002_55039851,0.5757575757575757
R0043_55021537,R0002_55032782,0.6007575757575758
R0043_55021537,R0002_55036171,0.8257575757575757
R0043_55021537,R0002_55035505,0.8257575757575757
R0043_55021537,R0002_55011002,0.6007575757575758
R0043_55021537,R0002_55031467,0.8257575757575757
R0043_55021537,R0002_55028991,0.6007575757575758
R0043_55021537,R0002_55027831,0.8257575757575757
R0043_55021537,R0002_55038839,0.8257575757575757
R0043_55021537,R0002_55019960,0.6007575757575758
R0043_55021537,R0002_55033035,0.6007575757575758
R0043_55021537,R0002_55006197,0.6007575757575758
R0043_55021537,R0002_55036505,0.5757575757575757
R0043_55021537,R0002_55044076,0.6007575757575758
R0043_55021537,R0002_55036050,0.5757575757575757
R0043_55021537,R0002_55037530,0.8257575757575757
R0043_55021537,R0002_55040793,0.6007575757575758
R0043_55021537,R0002_55043136,0.6007575757575758
R0043_55021537,R0002_55014421,0.6007575757575758
R0043_55021537,R0002_55003518,0.5757575757575757
R0043_55021537,R0002_55027319,0.5757575757575757
R0043_55021537,R0002_55035727,0.6007575757575758
R0043_55021537,R0002_55032858,0.6007575757575758
R0043_55021537,R0002_55029026,0.7507575757575757
R0043_55021537,R0002_55039889,0.6007575757575758
R0043_55021537,R0002_55041025,0.6007575757575758
R0043_55021537,R0002_55041833,0.6007575757575758
R0043_55021537,R0002_55031084,0.6007575757575758
R0043_55021537,R0002_55030125,0.6007575757575758
R0043_55021537,R0002_55011220,0.5757575757575757
R0043_55021537,R0002_55043779,0.6007575757575758
R0043_55021537,R0002_55026664,0.6007575757575758
R0043_55021537,R0002_55037878,0.5757575757575757
R0043_55021537,R0002_55043901,0.8257575757575757
R0043_55021537,R0002_55037718,0.6007575757575758
R0043_55021537,R0002_55042075,0.8257575757575757
R0043_55021537,R0002_55031358,0.6007575757575758
R0043_55021537,R0002_55025080,0.5757575757575757
R0043_55021537,R0002_55037283,0.6007575757575758
R0043_55021537,R0002_55019387,0.7507575757575757
R0043_55021537,R0043_55035478,1.0
R0043_55021537,R0043_55032756,0.875
R0043_55021537,R0043_55039677,0.775
R0043_55021537,R0043_55039678,0.775
R0043_55021537,R0043_55029067,0.775
R0043_55021537,R0043_55036252,0.775
R0043_55021537,R0043_55034675,0.775
R0043_55021537,R0043_55031083,0.775
R0043_55021537,R0043_55036209,0.775
R0043_55021537,R0043_55035181,0.775
R0043_55021537,R0043_55032758,0.925
R0043_55021537,R0043_55039681,0.775
R0043_55021537,R0043_55039682,0.775
R0043_55021537,R0043_55039683,0.775
R0043_55021537,R0043_55039684,0.775
R0043_55021537,R0043_55032632,1.0
R0043_55021537,R0043_55041926,0.875
R0043_55021537,R0043_55029012,0.775
R0043_55021537,R0043_55034882,0.775
R0043_55021537,R0043_55039679,0.775
R0043_55021537,R0043_55032862,0.775
R0043_55021537,R0043_55032759,0.775
R0043_55021537,R0043_55037980,0.775
R0043_55021537,R0043_55037979,0.775
R0043_55021537,R0043_55027552,0.775
R0043_55021537,R0043_55034879,0.775
R0043_55021537,R0043_55032908,0.775
R0043_55021537,R0043_55039686,0.875
R0043_55021537,R0043_55032863,0.775
R0043_55021537,R0043_55009127,0.875
R0043_55021537,R0043_55036250,0.775
R0043_55021537,R0043_55034880,0.925
R0043_55021537,R0043_55032860,0.775
R0043_55021537,R0043_55029506,1.0
R0043_55021537,R0043_55031288,0.925
R0043_55021537,R0043_55036124,0.775
R0043_55021537,R0043_55039830,0.775
R0043_55021537,R0043_55034325,0.925
R0043_55021537,R0043_55039829,0.775
R0043_55021537,R0043_55031080,0.75
R0043_55021537,R0043_55031077,0.775
R0043_55021537,R0043_55017366,1.0
R0043_55021537,R0043_55034335,0.775
R0043_55021537,R0043_55031005,0.875
R0043_55021537,R0055_55007584,0.7196969696969697
R0043_55021537,R0055_55007583,0.7696969696969697
R0043_55021537,R0204_55005925,0.6272727272727273
R0043_55021537,R0204_55032685,0.8522727272727273
R0043_55021537,R0204_55035156,0.7772727272727273
R0043_55021537,R0204_55022352,0.8522727272727273
R0043_55021537,R0204_55004131,0.6272727272727273
R0043_55021537,R0207_55036375,0.6234848484848485
R0043_55021537,R0207_55032672,0.8484848484848485
R0043_55021537,R0207_55032673,0.8484848484848485
R0043_55021537,R0290_55038074,0.7234848484848484
R0043_55021537,R0290_55041439,0.8484848484848485
R0043_55021537,R0290_55041442,0.8484848484848485
R0043_55021537,R0290_55041438,0.8484848484848485
R0043_55021537,R0290_55041440,0.8484848484848485
R0043_55021537,R0290_55041441,0.8484848484848485
R0043_55021537,R0290_55030423,0.8484848484848485
R0043_55021537,R0290_55039755,0.8484848484848485
R0043_55021537,R0290_55026840,0.8484848484848485
R0043_55021537,R0290_55038681,0.8484848484848485
R0043_55021537,R0290_55033209,0.8484848484848485
R0043_55021537,R0290_55043722,0.6234848484848485
R0043_55021537,R0377_55039577,0.8522727272727273
R0043_55021537,R0377_55032663,0.8522727272727273
R0043_55021537,R0377_55036003,0.6272727272727273
R0043_55021537,R0377_55036004,0.6272727272727273
R0043_55021537,R0377_55036006,0.6272727272727273
R0043_55021537,R0377_55036007,0.6272727272727273
R0043_55021537,R0377_55036008,0.6272727272727273
R0043_55021537,R0377_55036009,0.6272727272727273
R0043_55021537,R0377_55043375,0.6272727272727273
R0043_55021537,R0377_55032655,0.7772727272727273
R0043_55021537,R0377_55034860,0.8522727272727273
R0043_55021537,R0377_55042881,0.8522727272727273
R0043_55021537,R0377_55033035,0.7772727272727273
R0043_55021537,R0377_55044076,0.6272727272727273
R0043_55021537,R0377_55036698,0.8522727272727273
R0043_55021537,R0377_55032664,0.7272727272727273
R0043_55021537,R0377_55038331,0.6272727272727273
R0043_55021537,R0377_55041814,0.6272727272727273
R0043_55021537,R0377_55041025,0.6272727272727273
R0043_55021537,R0377_55039651,0.6272727272727273
R0043_55021537,R0377_55044100,0.7272727272727273
R0043_55021537,R0377_55026719,0.7272727272727273
R0043_55041926,R0002_55043311,0.5757575757575757
R0043_55041926,R0002_55036002,0.5757575757575757
R0043_55041926,R0002_55015378,0.5757575757575757
R0043_55041926,R0002_55032731,0.5757575757575757
R0043_55041926,R0002_55025944,0.5757575757575757
R0043_55041926,R0002_55024341,0.5757575757575757
R0043_55041926,R0002_55041509,0.5757575757575757
R0043_55041926,R0002_55036059,0.5757575757575757
R0043_55041926,R0002_55037787,0.5757575757575757
R0043_55041926,R0002_55039851,0.5757575757575757
R0043_55041926,R0002_55032782,0.5757575757575757
R0043_55041926,R0002_55036171,0.5757575757575757
R0043_55041926,R0002_55035505,0.5757575757575757
R0043_55041926,R0002_55011002,0.5757575757575757
R0043_55041926,R0002_55031467,0.5757575757575757
R0043_55041926,R0002_55028991,0.5757575757575757
R0043_55041926,R0002_55027831,0.5757575757575757
R0043_55041926,R0002_55038839,0.5757575757575757
R0043_55041926,R0002_55019960,0.5757575757575757
R0043_55041926,R0002_55033035,0.5757575757575757
R0043_55041926,R0002_55006197,0.5757575757575757
R0043_55041926,R0002_55036505,0.5757575757575757
R0043_55041926,R0002_55044076,0.5757575757575757
R0043_55041926,R0002_55036050,0.5757575757575757
R0043_55041926,R0002_55037530,0.5757575757575757
R0043_55041926,R0002_55040793,0.5757575757575757
R0043_55041926,R0002_55043136,0.5757575757575757
R0043_55041926,R0002_55014421,0.5757575757575757
R0043_55041926,R0002_55003518,0.5757575757575757
R0043_55041926,R0002_55027319,0.5757575757575757
R0043_55041926,R0002_55035727,0.5757575757575757
R0043_55041926,R0002_55032858,0.5757575757575757
R0043_55041926,R0002_55029026,0.5757575757575757
R0043_55041926,R0002_55039889,0.5757575757575757
R0043_55041926,R0002_55041025,0.5757575757575757
R0043_55041926,R0002_55041833,0.5757575757575757
R0043_55041926,R0002_55031084,0.5757575757575757
R0043_55041926,R0002_55030125,0.5757575757575757
R0043_55041926,R0002_55011220,0.5757575757575757
R0043_55041926,R0002_55043779,0.5757575757575757
R0043_55041926,R0002_55026664,0.5757575757575757
R0043_55041926,R0002_55037878,0.5757575757575757
R0043_55041926,R0002_55043901,0.5757575757575757
R0043_55041926,R0002_55037718,0.5757575757575757
R0043_55041926,R0002_55042075,0.5757575757575757
R0043_55041926,R0002_55031358,0.5757575757575757
R0043_55041926,R0002_55025080,0.5757575757575757
R0043_55041926,R0002_55037283,0.5757575757575757
R0043_55041926,R0002_55019387,0.5757575757575757
R0043_55041926,R0043_55035478,0.75
R0043_55041926,R0043_55032756,1.0
R0043_55041926,R0043_55039677,0.75
R0043_55041926,R0043_55039678,0.75
R0043_55041926,R0043_55029067,0.75
R0043_55041926,R0043_55036252,0.75
R0043_55041926,R0043_55034675,0.75
R0043_55041926,R0043_55031083,0.75
R0043_55041926,R0043_55036209,0.75
R0043_55041926,R0043_55035181,0.75
R0043_55041926,R0043_55032758,0.75
R0043_55041926,R0043_55039681,0.75
R0043_55041926,R0043_55039682,0.75
R0043_55041926,R0043_55039683,0.75
R0043_55041926,R0043_55039684,0.75
R0043_55041926,R0043_55032632,0.75
R0043_55041926,R0043_55021537,0.75
R0043_55041926,R0043_55029012,0.75
R0043_55041926,R0043_55034882,0.75
R0043_55041926,R0043_55039679,0.75
R0043_55041926,R0043_55032862,0.75
R0043_55041926,R0043_55032759,0.75
R0043_55041926,R0043_55037980,0.75
R0043_55041926,R0043_55037979,0.75
R0043_55041926,R0043_55027552,0.75
R0043_55041926,R0043_55034879,0.75
R0043_55041926,R0043_55032908,0.75
R0043_55041926,R0043_55039686,1.0
R0043_55041926,R0043_55032863,0.75
R0043_55041926,R0043_55009127,1.0
R0043_55041926,R0043_55036250,0.75
R0043_55041926,R0043_55034880,0.75
R0043_55041926,R0043_55032860,0.75
R0043_55041926,R0043_55029506,0.75
R0043_55041926,R0043_55031288,0.75
R0043_55041926,R0043_55036124,0.75
R0043_55041926,R0043_55039830,0.75
R0043_55041926,R0043_55034325,0.75
R0043_55041926,R0043_55039829,0.75
R0043_55041926,R0043_55031080,0.75
R0043_55041926,R0043_55031077,0.75
R0043_55041926,R0043_55017366,0.75
R0043_55041926,R0043_55034335,0.75
R0043_55041926,R0043_55031005,1.0
R0043_55041926,R0055_55007584,0.8446969696969697
R0043_55041926,R0055_55007583,0.5946969696969697
R0043_55041926,R0204_55005925,0.6022727272727273
R0043_55041926,R0204_55032685,0.6022727272727273
R0043_55041926,R0204_55035156,0.6022727272727273
R0043_55041926,R0204_55022352,0.6022727272727273
R0043_55041926,R0204_55004131,0.6022727272727273
R0043_55041926,R0207_55036375,0.5984848484848485
R0043_55041926,R0207_55032672,0.5984848484848485
R0043_55041926,R0207_55032673,0.5984848484848485
R0043_55041926,R0290_55038074,0.8484848484848485
R0043_55041926,R0290_55041439,0.5984848484848485
R0043_55041926,R0290_55041442,0.5984848484848485
R0043_55041926,R0290_55041438,0.5984848484848485
R0043_55041926,R0290_55041440,0.5984848484848485
R0043_55041926,R0290_55041441,0.5984848484848485
R0043_55041926,R0290_55030423,0.5984848484848485
R0043_55041926,R0290_55039755,0.5984848484848485
R0043_55041926,R0290_55026840,0.5984848484848485
R0043_55041926,R0290_55038681,0.5984848484848485
R0043_55041926,R0290_55033209,0.5984848484848485
R0043_55041926,R0290_55043722,0.5984848484848485
R0043_55041926,R0377_55039577,0.6022727272727273
R0043_55041926,R0377_55032663,0.6022727272727273
R0043_55041926,R0377_55036003,0.6022727272727273
R0043_55041926,R0377_55036004,0.6022727272727273
R0043_55041926,R0377_55036006,0.6022727272727273
R0043_55041926,R0377_55036007,0.6022727272727273
R0043_55041926,R0377_55036008,0.6022727272727273
R0043_55041926,R0377_55036009,0.6022727272727273
R0043_55041926,R0377_55043375,0.6022727272727273
R0043_55041926,R0377_55032655,0.6022727272727273
R0043_55041926,R0377_55034860,0.6022727272727273
R0043_55041926,R0377_55042881,0.6022727272727273
R0043_55041926,R0377_55033035,0.6022727272727273
R0043_55041926,R0377_55044076,0.6022727272727273
R0043_55041926,R0377_55036698,0.6022727272727273
R0043_55041926,R0377_55032664,0.8522727272727273
R0043_55041926,R0377_55038331,0.6022727272727273
R0043_55041926,R0377_55041814,0.6022727272727273
R0043_55041926,R0377_55041025,0.6022727272727273
R0043_55041926,R0377_55039651,0.6022727272727273
R0043_55041926,R0377_55044100,0.8522727272727273
R0043_55041926,R0377_55026719,0.8522727272727273
R0043_55029012,R0002_55043311,0.6007575757575758
R0043_55029012,R0002_55036002,0.8257575757575757
R0043_55029012,R0002_55015378,0.8257575757575757
R0043_55029012,R0002_55032731,0.6007575757575758
R0043_55029012,R0002_55025944,0.7507575757575757
R0043_55029012,R0002_55024341,0.7507575757575757
R0043_55029012,R0002_55041509,0.7507575757575757
R0043_55029012,R0002_55036059,0.8257575757575757
R0043_55029012,R0002_55037787,0.8257575757575757
R0043_55029012,R0002_55039851,0.6007575757575758
R0043_55029012,R0002_55032782,0.8257575757575757
R0043_55029012,R0002_55036171,0.7507575757575757
R0043_55029012,R0002_55035505,0.7507575757575757
R0043_55029012,R0002_55011002,0.8257575757575757
R0043_55029012,R0002_55031467,0.7507575757575757
R0043_55029012,R0002_55028991,0.8257575757575757
R0043_55029012,R0002_55027831,0.7507575757575757
R0043_55029012,R0002_55038839,0.7507575757575757
R0043_55029012,R0002_55019960,0.8257575757575757
R0043_55029012,R0002_55033035,0.8257575757575757
R0043_55029012,R0002_55006197,0.8257575757575757
R0043_55029012,R0002_55036505,0.6007575757575758
R0043_55029012,R0002_55044076,0.8257575757575757
R0043_55029012,R0002_55036050,0.6007575757575758
R0043_55029012,R0002_55037530,0.7507575757575757
R0043_55029012,R0002_55040793,0.8257575757575757
R0043_55029012,R0002_55043136,0.8257575757575757
R0043_55029012,R0002_55014421,0.8257575757575757
R0043_55029012,R0002_55003518,0.6007575757575758
R0043_55029012,R0002_55027319,0.6007575757575758
R0043_55029012,R0002_55035727,0.8257575757575757
R0043_55029012,R0002_55032858,0.8257575757575757
R0043_55029012,R0002_55029026,0.7257575757575758
R0043_55029012,R0002_55039889,0.8257575757575757
R0043_55029012,R0002_55041025,0.8257575757575757
R0043_55029012,R0002_55041833,0.8257575757575757
R0043_55029012,R0002_55031084,0.8257575757575757
R0043_55029012,R0002_55030125,0.8257575757575757
R0043_55029012,R0002_55011220,0.6007575757575758
R0043_55029012,R0002_55043779,0.8257575757575757
R0043_55029012,R0002_55026664,0.8257575757575757
R0043_55029012,R0002_55037878,0.6007575757575758
R0043_55029012,R0002_55043901,0.7507575757575757
R0043_55029012,R0002_55037718,0.8257575757575757
R0043_55029012,R0002_55042075,0.7507575757575757
R0043_55029012,R0002_55031358,0.8257575757575757
R0043_55029012,R0002_55025080,0.6007575757575758
R0043_55029012,R0002_55037283,0.8257575757575757
R0043_55029012,R0002_55019387,0.7257575757575758
R0043_55029012,R0043_55035478,0.925
R0043_55029012,R0043_55032756,0.85
R0043_55029012,R0043_55039677,1.0
R0043_55029012,R0043_55039678,1.0
R0043_55029012,R0043_55029067,1.0
R0043_55029012,R0043_55036252,1.0
R0043_55029012,R0043_55034675,1.0
R0043_55029012,R0043_55031083,1.0
R0043_55029012,R0043_55036209,1.0
R0043_55029012,R0043_55035181,1.0
R0043_55029012,R0043_55032758,0.9
R0043_55029012,R0043_55039681,1.0
R0043_55029012,R0043_55039682,1.0
R0043_55029012,R0043_55039683,1.0
R0043_55029012,R0043_55039684,1.0
R0043_55029012,R0043_55032632,0.925
R0043_55029012,R0043_55021537,0.925
R0043_55029012,R0043_55041926,0.85
R0043_55029012,R0043_55034882,1.0
R0043_55029012,R0043_55039679,1.0
R0043_55029012,R0043_55032862,1.0
R0043_55029012,R0043_55032759,1.0
R0043_55029012,R0043_55037980,1.0
R0043_55029012,R0043_55037979,1.0
R0043_55029012,R0043_55027552,1.0
R0043_55029012,R0043_55034879,1.0
R0043_55029012,R0043_55032908,1.0
R0043_55029012,R0043_55039686,0.85
R0043_55029012,R0043_55032863,1.0
R0043_55029012,R0043_55009127,0.85
R0043_55029012,R0043_55036250,1.0
R0043_55029012,R0043_55034880,0.9
R0043_55029012,R0043_55032860,1.0
R0043_55029012,R0043_55029506,0.925
R0043_55029012,R0043_55031288,0.9
R0043_55029012,R0043_55036124,1.0
R0043_55029012,R0043_55039830,1.0
R0043_55029012,R0043_55034325,0.9
R0043_55029012,R0043_55039829,1.0
R0043_55029012,R0043_55031080,0.775
R0043_55029012,R0043_55031077,1.0
R0043_55029012,R0043_55017366,0.925
R0043_55029012,R0043_55034335,1.0
R0043_55029012,R0043_55031005,0.85
R0043_55029012,R0055_55007584,0.6946969696969697
R0043_55029012,R0055_55007583,0.7446969696969696
R0043_55029012,R0204_55005925,0.8522727272727273
R0043_55029012,R0204_55032685,0.7772727272727273
R0043_55029012,R0204_55035156,0.7522727272727272
R0043_55029012,R0204_55022352,0.7772727272727273
R0043_55029012,R0204_55004131,0.8522727272727273
R0043_55029012,R0207_55036375,0.8484848484848485
R0043_55029012,R0207_55032672,0.7734848484848484
R0043_55029012,R0207_55032673,0.7734848484848484
R0043_55029012,R0290_55038074,0.6984848484848485
R0043_55029012,R0290_55041439,0.7734848484848484
R0043_55029012,R0290_55041442,0.7734848484848484
R0043_55029012,R0290_55041438,0.7734848484848484
R0043_55029012,R0290_55041440,0.7734848484848484
R0043_55029012,R0290_55041441,0.7734848484848484
R0043_55029012,R0290_55030423,0.7734848484848484
R0043_55029012,R0290_55039755,0.7734848484848484
R0043_55029012,R0290_55026840,0.7734848484848484
R0043_55029012,R0290_55038681,0.7734848484848484
R0043_55029012,R0290_55033209,0.7734848484848484
R0043_55029012,R0290_55043722,0.8484848484848485
R0043_55029012,R0377_55039577,0.7772727272727273
R0043_55029012,R0377_55032663,0.7772727272727273
R0043_55029012,R0377_55036003,0.8522727272727273
R0043_55029012,R0377_55036004,0.8522727272727273
R0043_55029012,R0377_55036006,0.8522727272727273
R0043_55029012,R0377_55036007,0.8522727272727273
R0043_55029012,R0377_55036008,0.8522727272727273
R0043_55029012,R0377_55036009,0.8522727272727273
R0043_55029012,R0377_55043375,0.8522727272727273
R0043_55029012,R0377_55032655,0.7522727272727272
R0043_55029012,R0377_55034860,0.7772727272727273
R0043_55029012,R0377_55042881,0.7772727272727273
R0043_55029012,R0377_55033035,0.7522727272727272
R0043_55029012,R0377_55044076,0.8522727272727273
R0043_55029012,R0377_55036698,0.7772727272727273
R0043_55029012,R0377_55032664,0.7022727272727273
R0043_55029012,R0377_55038331,0.8522727272727273
R0043_55029012,R0377_55041814,0.8522727272727273
R0043_55029012,R0377_55041025,0.8522727272727273
R0043_55029012,R0377_55039651,0.8522727272727273
R0043_55029012,R0377_55044100,0.7022727272727273
R0043_55029012,R0377_55026719,0.7022727272727273
R0043_55034882,R0002_55043311,0.6007575757575758
R0043_55034882,R0002_55036002,0.8257575757575757
R0043_55034882,R0002_55015378,0.8257575757575757
R0043_55034882,R0002_55032731,0.6007575757575758
R0043_55034882,R0002_55025944,0.7507575757575757
R0043_55034882,R0002_55024341,0.7507575757575757
R0043_55034882,R0002_55041509,0.7507575757575757
R0043_55034882,R0002_55036059,0.8257575757575757
R0043_55034882,R0002_55037787,0.8257575757575757
R0043_55034882,R0002_55039851,0.6007575757575758
R0043_55034882,R0002_55032782,0.8257575757575757
R0043_55034882,R0002_55036171,0.7507575757575757
R0043_55034882,R0002_55035505,0.7507575757575757
R0043_55034882,R0002_55011002,0.8257575757575757
R0043_55034882,R0002_55031467,0.7507575757575757
R0043_55034882,R0002_55028991,0.8257575757575757
R0043_55034882,R0002_55027831,0.7507575757575757
R0043_55034882,R0002_55038839,0.7507575757575757
R0043_55034882,R0002_55019960,0.8257575757575757
R0043_55034882,R0002_55033035,0.8257575757575757
R0043_55034882,R0002_55006197,0.8257575757575757
R0043_55034882,R0002_55036505,0.6007575757575758
R0043_55034882,R0002_55044076,0.8257575757575757
R0043_55034882,R0002_55036050,0.6007575757575758
R0043_55034882,R0002_55037530,0.7507575757575757
R0043_55034882,R0002_55040793,0.8257575757575757
R0043_55034882,R0002_55043136,0.8257575757575757
R0043_55034882,R0002_55014421,0.8257575757575757
R0043_55034882,R0002_55003518,0.6007575757575758
R0043_55034882,R0002_55027319,0.6007575757575758
R0043_55034882,R0002_55035727,0.8257575757575757
R0043_55034882,R0002_55032858,0.8257575757575757
R0043_55034882,R0002_55029026,0.7257575757575758
R0043_55034882,R0002_55039889,0.8257575757575757
R0043_55034882,R0002_55041025,0.8257575757575757
R0043_55034882,R0002_55041833,0.8257575757575757
R0043_55034882,R0002_55031084,0.8257575757575757
R0043_55034882,R0002_55030125,0.8257575757575757
R0043_55034882,R0002_55011220,0.6007575757575758
R0043_55034882,R0002_55043779,0.8257575757575757
R0043_55034882,R0002_55026664,0.8257575757575757
R0043_55034882,R0002_55037878,0.6007575757575758
R0043_55034882,R0002_55043901,0.7507575757575757
R0043_55034882,R0002_55037718,0.8257575757575757
R0043_55034882,R0002_55042075,0.7507575757575757
R0043_55034882,R0002_55031358,0.8257575757575757
R0043_55034882,R0002_55025080,0.6007575757575758
R0043_55034882,R0002_55037283,0.8257575757575757
R0043_55034882,R0002_55019387,0.7257575757575758
R0043_55034882,R0043_55035478,0.925
R0043_55034882,R0043_55032756,0.85
R0043_55034882,R0043_55039677,1.0
R0043_55034882,R0043_55039678,1.0
R0043_55034882,R0043_55029067,1.0
R0043_55034882,R0043_55036252,1.0
R0043_55034882,R0043_55034675,1.0
R0043_55034882,R0043_55031083,1.0
R0043_55034882,R0043_55036209,1.0
R0043_55034882,R0043_55035181,1.0
R0043_55034882,R0043_55032758,0.9
R0043_55034882,R0043_55039681,1.0
R0043_55034882,R0043_55039682,1.0
R0043_55034882,R0043_55039683,1.0
R0043_55034882,R0043_55039684,1.0
R0043_55034882,R0043_55032632,0.925
R0043_55034882,R0043_55021537,0.925
R0043_55034882,R0043_55041926,0.85
R0043_55034882,R0043_55029012,1.0
R0043_55034882,R0043_55039679,1.0
R0043_55034882,R0043_55032862,1.0
R0043_55034882,R0043_55032759,1.0
R0043_55034882,R0043_55037980,1.0
R0043_55034882,R0043_55037979,1.0
R0043_55034882,R0043_55027552,1.0
R0043_55034882,R0043_55034879,1.0
R0043_55034882,R0043_55032908,1.0
R0043_55034882,R0043_55039686,0.85
R0043_55034882,R0043_55032863,1.0
R0043_55034882,R0043_55009127,0.85
R0043_55034882,R0043_55036250,1.0
R0043_55034882,R0043_55034880,0.9
R0043_55034882,R0043_55032860,1.0
R0043_55034882,R0043_55029506,0.925
R0043_55034882,R0043_55031288,0.9
R0043_55034882,R0043_55036124,1.0
R0043_55034882,R0043_55039830,1.0
R0043_55034882,R0043_55034325,0.9
R0043_55034882,R0043_55039829,1.0
R0043_55034882,R0043_55031080,0.775
R0043_55034882,R0043_55031077,1.0
R0043_55034882,R0043_55017366,0.925
R0043_55034882,R0043_55034335,1.0
R0043_55034882,R0043_55031005,0.85
R0043_55034882,R0055_55007584,0.6946969696969697
R0043_55034882,R0055_55007583,0.7446969696969696
R0043_55034882,R0204_55005925,0.8522727272727273
R0043_55034882,R0204_55032685,0.7772727272727273
R0043_55034882,R0204_55035156,0.7522727272727272
R0043_55034882,R0204_55022352,0.7772727272727273
R0043_55034882,R0204_55004131,0.8522727272727273
R0043_55034882,R0207_55036375,0.8484848484848485
R0043_55034882,R0207_55032672,0.7734848484848484
R0043_55034882,R0207_55032673,0.7734848484848484
R0043_55034882,R0290_55038074,0.6984848484848485
R0043_55034882,R0290_55041439,0.7734848484848484
R0043_55034882,R0290_55041442,0.7734848484848484
R0043_55034882,R0290_55041438,0.7734848484848484
R0043_55034882,R0290_55041440,0.7734848484848484
R0043_55034882,R0290_55041441,0.7734848484848484
R0043_55034882,R0290_55030423,0.7734848484848484
R0043_55034882,R0290_55039755,0.7734848484848484
R0043_55034882,R0290_55026840,0.7734848484848484
R0043_55034882,R0290_55038681,0.7734848484848484
R0043_55034882,R0290_55033209,0.7734848484848484
R0043_55034882,R0290_55043722,0.8484848484848485
R0043_55034882,R0377_55039577,0.7772727272727273
R0043_55034882,R0377_55032663,0.7772727272727273
R0043_55034882,R0377_55036003,0.8522727272727273
R0043_55034882,R0377_55036004,0.8522727272727273
R0043_55034882,R0377_55036006,0.8522727272727273
R0043_55034882,R0377_55036007,0.8522727272727273
R0043_55034882,R0377_55036008,0.8522727272727273
R0043_55034882,R0377_55036009,0.8522727272727273
R0043_55034882,R0377_55043375,0.8522727272727273
R0043_55034882,R0377_55032655,0.7522727272727272
R0043_55034882,R0377_55034860,0.7772727272727273
R0043_55034882,R0377_55042881,0.7772727272727273
R0043_55034882,R0377_55033035,0.7522727272727272
R0043_55034882,R0377_55044076,0.8522727272727273
R0043_55034882,R0377_55036698,0.7772727272727273
R0043_55034882,R0377_55032664,0.7022727272727273
R0043_55034882,R0377_55038331,0.8522727272727273
R0043_55034882,R0377_55041814,0.8522727272727273
R0043_55034882,R0377_55041025,0.8522727272727273
R0043_55034882,R0377_55039651,0.8522727272727273
R0043_55034882,R0377_55044100,0.7022727272727273
R0043_55034882,R0377_55026719,0.7022727272727273
R0043_55039679,R0002_55043311,0.6007575757575758
R0043_55039679,R0002_55036002,0.8257575757575757
R0043_55039679,R0002_55015378,0.8257575757575757
R0043_55039679,R0002_55032731,0.6007575757575758
R0043_55039679,R0002_55025944,0.7507575757575757
R0043_55039679,R0002_55024341,0.7507575757575757
R0043_55039679,R0002_55041509,0.7507575757575757
R0043_55039679,R0002_55036059,0.8257575757575757
R0043_55039679,R0002_55037787,0.8257575757575757
R0043_55039679,R0002_55039851,0.6007575757575758
R0043_55039679,R0002_55032782,0.8257575757575757
R0043_55039679,R0002_55036171,0.7507575757575757
R0043_55039679,R0002_55035505,0.7507575757575757
R0043_55039679,R0002_55011002,0.8257575757575757
R0043_55039679,R0002_55031467,0.7507575757575757
R0043_55039679,R0002_55028991,0.8257575757575757
R0043_55039679,R0002_55027831,0.7507575757575757
R0043_55039679,R0002_55038839,0.7507575757575757
R0043_55039679,R0002_55019960,0.8257575757575757
R0043_55039679,R0002_55033035,0.8257575757575757
R0043_55039679,R0002_55006197,0.8257575757575757
R0043_55039679,R0002_55036505,0.6007575757575758
R0043_55039679,R0002_55044076,0.8257575757575757
R0043_55039679,R0002_55036050,0.6007575757575758
R0043_55039679,R0002_55037530,0.7507575757575757
R0043_55039679,R0002_55040793,0.8257575757575757
R0043_55039679,R0002_55043136,0.8257575757575757
R0043_55039679,R0002_55014421,0.8257575757575757
R0043_55039679,R0002_55003518,0.6007575757575758
R0043_55039679,R0002_55027319,0.6007575757575758
R0043_55039679,R0002_55035727,0.8257575757575757
R0043_55039679,R0002_55032858,0.8257575757575757
R0043_55039679,R0002_55029026,0.7257575757575758
R0043_55039679,R0002_55039889,0.8257575757575757
R0043_55039679,R0002_55041025,0.8257575757575757
R0043_55039679,R0002_55041833,0.8257575757575757
R0043_55039679,R0002_55031084,0.8257575757575757
R0043_55039679,R0002_55030125,0.8257575757575757
R0043_55039679,R0002_55011220,0.6007575757575758
R0043_55039679,R0002_55043779,0.8257575757575757
R0043_55039679,R0002_55026664,0.8257575757575757
R0043_55039679,R0002_55037878,0.6007575757575758
R0043_55039679,R0002_55043901,0.7507575757575757
R0043_55039679,R0002_55037718,0.8257575757575757
R0043_55039679,R0002_55042075,0.7507575757575757
R0043_55039679,R0002_55031358,0.8257575757575757
R0043_55039679,R0002_55025080,0.6007575757575758
R0043_55039679,R0002_55037283,0.8257575757575757
R0043_55039679,R0002_55019387,0.7257575757575758
R0043_55039679,R0043_55035478,0.925
R0043_55039679,R0043_55032756,0.85
R0043_55039679,R0043_55039677,1.0
R0043_55039679,R0043_55039678,1.0
R0043_55039679,R0043_55029067,1.0
R0043_55039679,R0043_55036252,1.0
R0043_55039679,R0043_55034675,1.0
R0043_55039679,R0043_55031083,1.0
R0043_55039679,R0043_55036209,1.0
R0043_55039679,R0043_55035181,1.0
R0043_55039679,R0043_55032758,0.9
R0043_55039679,R0043_55039681,1.0
R0043_55039679,R0043_55039682,1.0
R0043_55039679,R0043_55039683,1.0
R0043_55039679,R0043_55039684,1.0
R0043_55039679,R0043_55032632,0.925
R0043_55039679,R0043_55021537,0.925
R0043_55039679,R0043_55041926,0.85
R0043_55039679,R0043_55029012,1.0
R0043_55039679,R0043_55034882,1.0
R0043_55039679,R0043_55032862,1.0
R0043_55039679,R0043_55032759,1.0
R0043_55039679,R0043_55037980,1.0
R0043_55039679,R0043_55037979,1.0
R0043_55039679,R0043_55027552,1.0
R0043_55039679,R0043_55034879,1.0
R0043_55039679,R0043_55032908,1.0
R0043_55039679,R0043_55039686,0.85
R0043_55039679,R0043_55032863,1.0
R0043_55039679,R0043_55009127,0.85
R0043_55039679,R0043_55036250,1.0
R0043_55039679,R0043_55034880,0.9
R0043_55039679,R0043_55032860,1.0
R0043_55039679,R0043_55029506,0.925
R0043_55039679,R0043_55031288,0.9
R0043_55039679,R0043_55036124,1.0
R0043_55039679,R0043_55039830,1.0
R0043_55039679,R0043_55034325,0.9
R0043_55039679,R0043_55039829,1.0
R0043_55039679,R0043_55031080,0.775
R0043_55039679,R0043_55031077,1.0
R0043_55039679,R0043_55017366,0.925
R0043_55039679,R0043_55034335,1.0
R0043_55039679,R0043_55031005,0.85
R0043_55039679,R0055_55007584,0.6946969696969697
R0043_55039679,R0055_55007583,0.7446969696969696
R0043_55039679,R0204_55005925,0.8522727272727273
R0043_55039679,R0204_55032685,0.7772727272727273
R0043_55039679,R0204_55035156,0.7522727272727272
R0043_55039679,R0204_55022352,0.7772727272727273
R0043_55039679,R0204_55004131,0.8522727272727273
R0043_55039679,R0207_55036375,0.8484848484848485
R0043_55039679,R0207_55032672,0.7734848484848484
R0043_55039679,R0207_55032673,0.7734848484848484
R0043_55039679,R0290_55038074,0.6984848484848485
R0043_55039679,R0290_55041439,0.7734848484848484
R0043_55039679,R0290_55041442,0.7734848484848484
R0043_55039679,R0290_55041438,0.7734848484848484
R0043_55039679,R0290_55041440,0.7734848484848484
R0043_55039679,R0290_55041441,0.7734848484848484
R0043_55039679,R0290_55030423,0.7734848484848484
R0043_55039679,R0290_55039755,0.7734848484848484
R0043_55039679,R0290_55026840,0.7734848484848484
R0043_55039679,R0290_55038681,0.7734848484848484
R0043_55039679,R0290_55033209,0.7734848484848484
R0043_55039679,R0290_55043722,0.8484848484848485
R0043_55039679,R0377_55039577,0.7772727272727273
R0043_55039679,R0377_55032663,0.7772727272727273
R0043_55039679,R0377_55036003,0.8522727272727273
R0043_55039679,R0377_55036004,0.8522727272727273
R0043_55039679,R0377_55036006,0.8522727272727273
R0043_55039679,R0377_55036007,0.8522727272727273
R0043_55039679,R0377_55036008,0.8522727272727273
R0043_55039679,R0377_55036009,0.8522727272727273
R0043_55039679,R0377_55043375,0.8522727272727273
R0043_55039679,R0377_55032655,0.7522727272727272
R0043_55039679,R0377_55034860,0.7772727272727273
R0043_55039679,R0377_55042881,0.7772727272727273
R0043_55039679,R0377_55033035,0.7522727272727272
R0043_55039679,R0377_55044076,0.8522727272727273
R0043_55039679,R0377_55036698,0.7772727272727273
R0043_55039679,R0377_55032664,0.7022727272727273
R0043_55039679,R0377_55038331,0.8522727272727273
R0043_55039679,R0377_55041814,0.8522727272727273
R0043_55039679,R0377_55041025,0.8522727272727273
R0043_55039679,R0377_55039651,0.8522727272727273
R0043_55039679,R0377_55044100,0.7022727272727273
R0043_55039679,R0377_55026719,0.7022727272727273
R0043_55032862,R0002_55043311,0.6007575757575758
R0043_55032862,R0002_55036002,0.8257575757575757
R0043_55032862,R0002_55015378,0.8257575757575757
R0043_55032862,R0002_55032731,0.6007575757575758
R0043_55032862,R0002_55025944,0.7507575757575757
R0043_55032862,R0002_55024341,0.7507575757575757
R0043_55032862,R0002_55041509,0.7507575757575757
R0043_55032862,R0002_55036059,0.8257575757575757
R0043_55032862,R0002_55037787,0.8257575757575757
R0043_55032862,R0002_55039851,0.6007575757575758
R0043_55032862,R0002_55032782,0.8257575757575757
R0043_55032862,R0002_55036171,0.7507575757575757
R0043_55032862,R0002_55035505,0.7507575757575757
R0043_55032862,R0002_55011002,0.8257575757575757
R0043_55032862,R0002_55031467,0.7507575757575757
R0043_55032862,R0002_55028991,0.8257575757575757
R0043_55032862,R0002_55027831,0.7507575757575757
R0043_55032862,R0002_55038839,0.7507575757575757
R0043_55032862,R0002_55019960,0.8257575757575757
R0043_55032862,R0002_55033035,0.8257575757575757
R0043_55032862,R0002_55006197,0.8257575757575757
R0043_55032862,R0002_55036505,0.6007575757575758
R0043_55032862,R0002_55044076,0.8257575757575757
R0043_55032862,R0002_55036050,0.6007575757575758
R0043_55032862,R0002_55037530,0.7507575757575757
R0043_55032862,R0002_55040793,0.8257575757575757
R0043_55032862,R0002_55043136,0.8257575757575757
R0043_55032862,R0002_55014421,0.8257575757575757
R0043_55032862,R0002_55003518,0.6007575757575758
R0043_55032862,R0002_55027319,0.6007575757575758
R0043_55032862,R0002_55035727,0.8257575757575757
R0043_55032862,R0002_55032858,0.8257575757575757
R0043_55032862,R0002_55029026,0.7257575757575758
R0043_55032862,R0002_55039889,0.8257575757575757
R0043_55032862,R0002_55041025,0.8257575757575757
R0043_55032862,R0002_55041833,0.8257575757575757
R0043_55032862,R0002_55031084,0.8257575757575757
R0043_55032862,R0002_55030125,0.8257575757575757
R0043_55032862,R0002_55011220,0.6007575757575758
R0043_55032862,R0002_55043779,0.8257575757575757
R0043_55032862,R0002_55026664,0.8257575757575757
R0043_55032862,R0002_55037878,0.6007575757575758
R0043_55032862,R0002_55043901,0.7507575757575757
R0043_55032862,R0002_55037718,0.8257575757575757
R0043_55032862,R0002_55042075,0.7507575757575757
R0043_55032862,R0002_55031358,0.8257575757575757
R0043_55032862,R0002_55025080,0.6007575757575758
R0043_55032862,R0002_55037283,0.8257575757575757
R0043_55032862,R0002_55019387,0.7257575757575758
R0043_55032862,R0043_55035478,0.925
R0043_55032862,R0043_55032756,0.85
R0043_55032862,R0043_55039677,1.0
R0043_55032862,R0043_55039678,1.0
R0043_55032862,R0043_55029067,1.0
R0043_55032862,R0043_55036252,1.0
R0043_55032862,R0043_55034675,1.0
R0043_55032862,R0043_55031083,1.0
R0043_55032862,R0043_55036209,1.0
R0043_55032862,R0043_55035181,1.0
R0043_55032862,R0043_55032758,0.9
R0043_55032862,R0043_55039681,1.0
R0043_55032862,R0043_55039682,1.0
R0043_55032862,R0043_55039683,1.0
R0043_55032862,R0043_55039684,1.0
R0043_55032862,R0043_55032632,0.925
R0043_55032862,R0043_55021537,0.925
R0043_55032862,R0043_55041926,0.85
R0043_55032862,R0043_55029012,1.0
R0043_55032862,R0043_55034882,1.0
R0043_55032862,R0043_55039679,1.0
R0043_55032862,R0043_55032759,1.0
R0043_55032862,R0043_55037980,1.0
R0043_55032862,R0043_55037979,1.0
R0043_55032862,R0043_55027552,1.0
R0043_55032862,R0043_55034879,1.0
R0043_55032862,R0043_55032908,1.0
R0043_55032862,R0043_55039686,0.85
R0043_55032862,R0043_55032863,1.0
R0043_55032862,R0043_55009127,0.85
R0043_55032862,R0043_55036250,1.0
R0043_55032862,R0043_55034880,0.9
R0043_55032862,R0043_55032860,1.0
R0043_55032862,R0043_55029506,0.925
R0043_55032862,R0043_55031288,0.9
R0043_55032862,R0043_55036124,1.0
R0043_55032862,R0043_55039830,1.0
R0043_55032862,R0043_55034325,0.9
R0043_55032862,R0043_55039829,1.0
R0043_55032862,R0043_55031080,0.775
R0043_55032862,R0043_55031077,1.0
R0043_55032862,R0043_55017366,0.925
R0043_55032862,R0043_55034335,1.0
R0043_55032862,R0043_55031005,0.85
R0043_55032862,R0055_55007584,0.6946969696969697
R0043_55032862,R0055_55007583,0.7446969696969696
R0043_55032862,R0204_55005925,0.8522727272727273
R0043_55032862,R0204_55032685,0.7772727272727273
R0043_55032862,R0204_55035156,0.7522727272727272
R0043_55032862,R0204_55022352,0.7772727272727273
R0043_55032862,R0204_55004131,0.8522727272727273
R0043_55032862,R0207_55036375,0.8484848484848485
R0043_55032862,R0207_55032672,0.7734848484848484
R0043_55032862,R0207_55032673,0.7734848484848484
R0043_55032862,R0290_55038074,0.6984848484848485
R0043_55032862,R0290_55041439,0.7734848484848484
R0043_55032862,R0290_55041442,0.7734848484848484
R0043_55032862,R0290_55041438,0.7734848484848484
R0043_55032862,R0290_55041440,0.7734848484848484
R0043_55032862,R0290_55041441,0.7734848484848484
R0043_55032862,R0290_55030423,0.7734848484848484
R0043_55032862,R0290_55039755,0.7734848484848484
R0043_55032862,R0290_55026840,0.7734848484848484
R0043_55032862,R0290_55038681,0.7734848484848484
R0043_55032862,R0290_55033209,0.7734848484848484
R0043_55032862,R0290_55043722,0.8484848484848485
R0043_55032862,R0377_55039577,0.7772727272727273
R0043_55032862,R0377_55032663,0.7772727272727273
R0043_55032862,R0377_55036003,0.8522727272727273
R0043_55032862,R0377_55036004,0.8522727272727273
R0043_55032862,R0377_55036006,0.8522727272727273
R0043_55032862,R0377_55036007,0.8522727272727273
R0043_55032862,R0377_55036008,0.8522727272727273
R0043_55032862,R0377_55036009,0.8522727272727273
R0043_55032862,R0377_55043375,0.8522727272727273
R0043_55032862,R0377_55032655,0.7522727272727272
R0043_55032862,R0377_55034860,0.7772727272727273
R0043_55032862,R0377_55042881,0.7772727272727273
R0043_55032862,R0377_55033035,0.7522727272727272
R0043_55032862,R0377_55044076,0.8522727272727273
R0043_55032862,R0377_55036698,0.7772727272727273
R0043_55032862,R0377_55032664,0.7022727272727273
R0043_55032862,R0377_55038331,0.8522727272727273
R0043_55032862,R0377_55041814,0.8522727272727273
R0043_55032862,R0377_55041025,0.8522727272727273
R0043_55032862,R0377_55039651,0.8522727272727273
R0043_55032862,R0377_55044100,0.7022727272727273
R0043_55032862,R0377_55026719,0.7022727272727273
R0043_55032759,R0002_55043311,0.6007575757575758
R0043_55032759,R0002_55036002,0.8257575757575757
R0043_55032759,R0002_55015378,0.8257575757575757
R0043_55032759,R0002_55032731,0.6007575757575758
R0043_55032759,R0002_55025944,0.7507575757575757
R0043_55032759,R0002_55024341,0.7507575757575757
R0043_55032759,R0002_55041509,0.7507575757575757
R0043_55032759,R0002_55036059,0.8257575757575757
R0043_55032759,R0002_55037787,0.8257575757575757
R0043_55032759,R0002_55039851,0.6007575757575758
R0043_55032759,R0002_55032782,0.8257575757575757
R0043_55032759,R0002_55036171,0.7507575757575757
R0043_55032759,R0002_55035505,0.7507575757575757
R0043_55032759,R0002_55011002,0.8257575757575757
R0043_55032759,R0002_55031467,0.7507575757575757
R0043_55032759,R0002_55028991,0.8257575757575757
R0043_55032759,R0002_55027831,0.7507575757575757
R0043_55032759,R0002_55038839,0.7507575757575757
R0043_55032759,R0002_55019960,0.8257575757575757
R0043_55032759,R0002_55033035,0.8257575757575757
R0043_55032759,R0002_55006197,0.8257575757575757
R0043_55032759,R0002_55036505,0.6007575757575758
R0043_55032759,R0002_55044076,0.8257575757575757
R0043_55032759,R0002_55036050,0.6007575757575758
R0043_55032759,R0002_55037530,0.7507575757575757
R0043_55032759,R0002_55040793,0.8257575757575757
R0043_55032759,R0002_55043136,0.8257575757575757
R0043_55032759,R0002_55014421,0.8257575757575757
R0043_55032759,R0002_55003518,0.6007575757575758
R0043_55032759,R0002_55027319,0.6007575757575758
R0043_55032759,R0002_55035727,0.8257575757575757
R0043_55032759,R0002_55032858,0.8257575757575757
R0043_55032759,R0002_55029026,0.7257575757575758
R0043_55032759,R0002_55039889,0.8257575757575757
R0043_55032759,R0002_55041025,0.8257575757575757
R0043_55032759,R0002_55041833,0.8257575757575757
R0043_55032759,R0002_55031084,0.8257575757575757
R0043_55032759,R0002_55030125,0.8257575757575757
R0043_55032759,R0002_55011220,0.6007575757575758
R0043_55032759,R0002_55043779,0.8257575757575757
R0043_55032759,R0002_55026664,0.8257575757575757
R0043_55032759,R0002_55037878,0.6007575757575758
R0043_55032759,R0002_55043901,0.7507575757575757
R0043_55032759,R0002_55037718,0.8257575757575757
R0043_55032759,R0002_55042075,0.7507575757575757
R0043_55032759,R0002_55031358,0.8257575757575757
R0043_55032759,R0002_55025080,0.6007575757575758
R0043_55032759,R0002_55037283,0.8257575757575757
R0043_55032759,R0002_55019387,0.7257575757575758
R0043_55032759,R0043_55035478,0.925
R0043_55032759,R0043_55032756,0.85
R0043_55032759,R0043_55039677,1.0
R0043_55032759,R0043_55039678,1.0
R0043_55032759,R0043_55029067,1.0
R0043_55032759,R0043_55036252,1.0
R0043_55032759,R0043_55034675,1.0
R0043_55032759,R0043_55031083,1.0
R0043_55032759,R0043_55036209,1.0
R0043_55032759,R0043_55035181,1.0
R0043_55032759,R0043_55032758,0.9
R0043_55032759,R0043_55039681,1.0
R0043_55032759,R0043_55039682,1.0
R0043_55032759,R0043_55039683,1.0
R0043_55032759,R0043_55039684,1.0
R0043_55032759,R0043_55032632,0.925
R0043_55032759,R0043_55021537,0.925
R0043_55032759,R0043_55041926,0.85
R0043_55032759,R0043_55029012,1.0
R0043_55032759,R0043_55034882,1.0
R0043_55032759,R0043_55039679,1.0
R0043_55032759,R0043_55032862,1.0
R0043_55032759,R0043_55037980,1.0
R0043_55032759,R0043_55037979,1.0
R0043_55032759,R0043_55027552,1.0
R0043_55032759,R0043_55034879,1.0
R0043_55032759,R0043_55032908,1.0
R0043_55032759,R0043_55039686,0.85
R0043_55032759,R0043_55032863,1.0
R0043_55032759,R0043_55009127,0.85
R0043_55032759,R0043_55036250,1.0
R0043_55032759,R0043_55034880,0.9
R0043_55032759,R0043_55032860,1.0
R0043_55032759,R0043_55029506,0.925
R0043_55032759,R0043_55031288,0.9
R0043_55032759,R0043_55036124,1.0
R0043_55032759,R0043_55039830,1.0
R0043_55032759,R0043_55034325,0.9
R0043_55032759,R0043_55039829,1.0
R0043_55032759,R0043_55031080,0.775
R0043_55032759,R0043_55031077,1.0
R0043_55032759,R0043_55017366,0.925
R0043_55032759,R0043_55034335,1.0
R0043_55032759,R0043_55031005,0.85
R0043_55032759,R0055_55007584,0.6946969696969697
R0043_55032759,R0055_55007583,0.7446969696969696
R0043_55032759,R0204_55005925,0.8522727272727273
R0043_55032759,R0204_55032685,0.7772727272727273
R0043_55032759,R0204_55035156,0.7522727272727272
R0043_55032759,R0204_55022352,0.7772727272727273
R0043_55032759,R0204_55004131,0.8522727272727273
R0043_55032759,R0207_55036375,0.8484848484848485
R0043_55032759,R0207_55032672,0.7734848484848484
R0043_55032759,R0207_55032673,0.7734848484848484
R0043_55032759,R0290_55038074,0.6984848484848485
R0043_55032759,R0290_55041439,0.7734848484848484
R0043_55032759,R0290_55041442,0.7734848484848484
R0043_55032759,R0290_55041438,0.7734848484848484
R0043_55032759,R0290_55041440,0.7734848484848484
R0043_55032759,R0290_55041441,0.7734848484848484
R0043_55032759,R0290_55030423,0.7734848484848484
R0043_55032759,R0290_55039755,0.7734848484848484
R0043_55032759,R0290_55026840,0.7734848484848484
R0043_55032759,R0290_55038681,0.7734848484848484
R0043_55032759,R0290_55033209,0.7734848484848484
R0043_55032759,R0290_55043722,0.8484848484848485
R0043_55032759,R0377_55039577,0.7772727272727273
R0043_55032759,R0377_55032663,0.7772727272727273
R0043_55032759,R0377_55036003,0.8522727272727273
R0043_55032759,R0377_55036004,0.8522727272727273
R0043_55032759,R0377_55036006,0.8522727272727273
R0043_55032759,R0377_55036007,0.8522727272727273
R0043_55032759,R0377_55036008,0.8522727272727273
R0043_55032759,R0377_55036009,0.8522727272727273
R0043_55032759,R0377_55043375,0.8522727272727273
R0043_55032759,R0377_55032655,0.7522727272727272
R0043_55032759,R0377_55034860,0.7772727272727273
R0043_55032759,R0377_55042881,0.7772727272727273
R0043_55032759,R0377_55033035,0.7522727272727272
R0043_55032759,R0377_55044076,0.8522727272727273
R0043_55032759,R0377_55036698,0.7772727272727273
R0043_55032759,R0377_55032664,0.7022727272727273
R0043_55032759,R0377_55038331,0.8522727272727273
R0043_55032759,R0377_55041814,0.8522727272727273
R0043_55032759,R0377_55041025,0.8522727272727273
R0043_55032759,R0377_55039651,0.8522727272727273
R0043_55032759,R0377_55044100,0.7022727272727273
R0043_55032759,R0377_55026719,0.7022727272727273
R0043_55037980,R0002_55043311,0.6007575757575758
R0043_55037980,R0002_55036002,0.8257575757575757
R0043_55037980,R0002_55015378,0.8257575757575757
R0043_55037980,R0002_55032731,0.6007575757575758
R0043_55037980,R0002_55025944,0.7507575757575757
R0043_55037980,R0002_55024341,0.7507575757575757
R0043_55037980,R0002_55041509,0.7507575757575757
R0043_55037980,R0002_55036059,0.8257575757575757
R0043_55037980,R0002_55037787,0.8257575757575757
R0043_55037980,R0002_55039851,0.6007575757575758
R0043_55037980,R0002_55032782,0.8257575757575757
R0043_55037980,R0002_55036171,0.7507575757575757
R0043_55037980,R0002_55035505,0.7507575757575757
R0043_55037980,R0002_55011002,0.8257575757575757
R0043_55037980,R0002_55031467,0.7507575757575757
R0043_55037980,R0002_55028991,0.8257575757575757
R0043_55037980,R0002_55027831,0.7507575757575757
R0043_55037980,R0002_55038839,0.7507575757575757
R0043_55037980,R0002_55019960,0.8257575757575757
R0043_55037980,R0002_55033035,0.8257575757575757
R0043_55037980,R0002_55006197,0.8257575757575757
R0043_55037980,R0002_55036505,0.6007575757575758
R0043_55037980,R0002_55044076,0.8257575757575757
R0043_55037980,R0002_55036050,0.6007575757575758
R0043_55037980,R0002_55037530,0.7507575757575757
R0043_55037980,R0002_55040793,0.8257575757575757
R0043_55037980,R0002_55043136,0.8257575757575757
R0043_55037980,R0002_55014421,0.8257575757575757
R0043_55037980,R0002_55003518,0.6007575757575758
R0043_55037980,R0002_55027319,0.6007575757575758
R0043_55037980,R0002_55035727,0.8257575757575757
R0043_55037980,R0002_55032858,0.8257575757575757
R0043_55037980,R0002_55029026,0.7257575757575758
R0043_55037980,R0002_55039889,0.8257575757575757
R0043_55037980,R0002_55041025,0.8257575757575757
R0043_55037980,R0002_55041833,0.8257575757575757
R0043_55037980,R0002_55031084,0.8257575757575757
R0043_55037980,R0002_55030125,0.8257575757575757
R0043_55037980,R0002_55011220,0.6007575757575758
R0043_55037980,R0002_55043779,0.8257575757575757
R0043_55037980,R0002_55026664,0.8257575757575757
R0043_55037980,R0002_55037878,0.6007575757575758
R0043_55037980,R0002_55043901,0.7507575757575757
R0043_55037980,R0002_55037718,0.8257575757575757
R0043_55037980,R0002_55042075,0.7507575757575757
R0043_55037980,R0002_55031358,0.8257575757575757
R0043_55037980,R0002_55025080,0.6007575757575758
R0043_55037980,R0002_55037283,0.8257575757575757
R0043_55037980,R0002_55019387,0.7257575757575758
R0043_55037980,R0043_55035478,0.925
R0043_55037980,R0043_55032756,0.85
R0043_55037980,R0043_55039677,1.0
R0043_55037980,R0043_55039678,1.0
R0043_55037980,R0043_55029067,1.0
R0043_55037980,R0043_55036252,1.0
R0043_55037980,R0043_55034675,1.0
R0043_55037980,R0043_55031083,1.0
R0043_55037980,R0043_55036209,1.0
R0043_55037980,R0043_55035181,1.0
R0043_55037980,R0043_55032758,0.9
R0043_55037980,R0043_55039681,1.0
R0043_55037980,R0043_55039682,1.0
R0043_55037980,R0043_55039683,1.0
R0043_55037980,R0043_55039684,1.0
R0043_55037980,R0043_55032632,0.925
R0043_55037980,R0043_55021537,0.925
R0043_55037980,R0043_55041926,0.85
R0043_55037980,R0043_55029012,1.0
R0043_55037980,R0043_55034882,1.0
R0043_55037980,R0043_55039679,1.0
R0043_55037980,R0043_55032862,1.0
R0043_55037980,R0043_55032759,1.0
R0043_55037980,R0043_55037979,1.0
R0043_55037980,R0043_55027552,1.0
R0043_55037980,R0043_55034879,1.0
R0043_55037980,R0043_55032908,1.0
R0043_55037980,R0043_55039686,0.85
R0043_55037980,R0043_55032863,1.0
R0043_55037980,R0043_55009127,0.85
R0043_55037980,R0043_55036250,1.0
R0043_55037980,R0043_55034880,0.9
R0043_55037980,R0043_55032860,1.0
R0043_55037980,R0043_55029506,0.925
R0043_55037980,R0043_55031288,0.9
R0043_55037980,R0043_55036124,1.0
R0043_55037980,R0043_55039830,1.0
R0043_55037980,R0043_55034325,0.9
R0043_55037980,R0043_55039829,1.0
R0043_55037980,R0043_55031080,0.775
R0043_55037980,R0043_55031077,1.0
R0043_55037980,R0043_55017366,0.925
R0043_55037980,R0043_55034335,1.0
R0043_55037980,R0043_55031005,0.85
R0043_55037980,R0055_55007584,0.6946969696969697
R0043_55037980,R0055_55007583,0.7446969696969696
R0043_55037980,R0204_55005925,0.8522727272727273
R0043_55037980,R0204_55032685,0.7772727272727273
R0043_55037980,R0204_55035156,0.7522727272727272
R0043_55037980,R0204_55022352,0.7772727272727273
R0043_55037980,R0204_55004131,0.8522727272727273
R0043_55037980,R0207_55036375,0.8484848484848485
R0043_55037980,R0207_55032672,0.7734848484848484
R0043_55037980,R0207_55032673,0.7734848484848484
R0043_55037980,R0290_55038074,0.6984848484848485
R0043_55037980,R0290_55041439,0.7734848484848484
R0043_55037980,R0290_55041442,0.7734848484848484
R0043_55037980,R0290_55041438,0.7734848484848484
R0043_55037980,R0290_55041440,0.7734848484848484
R0043_55037980,R0290_55041441,0.7734848484848484
R0043_55037980,R0290_55030423,0.7734848484848484
R0043_55037980,R0290_55039755,0.7734848484848484
R0043_55037980,R0290_55026840,0.7734848484848484
R0043_55037980,R0290_55038681,0.7734848484848484
R0043_55037980,R0290_55033209,0.7734848484848484
R0043_55037980,R0290_55043722,0.8484848484848485
R0043_55037980,R0377_55039577,0.7772727272727273
R0043_55037980,R0377_55032663,0.7772727272727273
R0043_55037980,R0377_55036003,0.8522727272727273
R0043_55037980,R0377_55036004,0.8522727272727273
R0043_55037980,R0377_55036006,0.8522727272727273
R0043_55037980,R0377_55036007,0.8522727272727273
R0043_55037980,R0377_55036008,0.8522727272727273
R0043_55037980,R0377_55036009,0.8522727272727273
R0043_55037980,R0377_55043375,0.8522727272727273
R0043_55037980,R0377_55032655,0.7522727272727272
R0043_55037980,R0377_55034860,0.7772727272727273
R0043_55037980,R0377_55042881,0.7772727272727273
R0043_55037980,R0377_55033035,0.7522727272727272
R0043_55037980,R0377_55044076,0.8522727272727273
R0043_55037980,R0377_55036698,0.7772727272727273
R0043_55037980,R0377_55032664,0.7022727272727273
R0043_55037980,R0377_55038331,0.8522727272727273
R0043_55037980,R0377_55041814,0.8522727272727273
R0043_55037980,R0377_55041025,0.8522727272727273
R0043_55037980,R0377_55039651,0.8522727272727273
R0043_55037980,R0377_55044100,0.7022727272727273
R0043_55037980,R0377_55026719,0.7022727272727273
R0043_55037979,R0002_55043311,0.6007575757575758
R0043_55037979,R0002_55036002,0.8257575757575757
R0043_55037979,R0002_55015378,0.8257575757575757
R0043_55037979,R0002_55032731,0.6007575757575758
R0043_55037979,R0002_55025944,0.7507575757575757
R0043_55037979,R0002_55024341,0.7507575757575757
R0043_55037979,R0002_55041509,0.7507575757575757
R0043_55037979,R0002_55036059,0.8257575757575757
R0043_55037979,R0002_55037787,0.8257575757575757
R0043_55037979,R0002_55039851,0.6007575757575758
R0043_55037979,R0002_55032782,0.8257575757575757
R0043_55037979,R0002_55036171,0.7507575757575757
R0043_55037979,R0002_55035505,0.7507575757575757
R0043_55037979,R0002_55011002,0.8257575757575757
R0043_55037979,R0002_55031467,0.7507575757575757
R0043_55037979,R0002_55028991,0.8257575757575757
R0043_55037979,R0002_55027831,0.7507575757575757
R0043_55037979,R0002_55038839,0.7507575757575757
R0043_55037979,R0002_55019960,0.8257575757575757
R0043_55037979,R0002_55033035,0.8257575757575757
R0043_55037979,R0002_55006197,0.8257575757575757
R0043_55037979,R0002_55036505,0.6007575757575758
R0043_55037979,R0002_55044076,0.8257575757575757
R0043_55037979,R0002_55036050,0.6007575757575758
R0043_55037979,R0002_55037530,0.7507575757575757
R0043_55037979,R0002_55040793,0.8257575757575757
R0043_55037979,R0002_55043136,0.8257575757575757
R0043_55037979,R0002_55014421,0.8257575757575757
R0043_55037979,R0002_55003518,0.6007575757575758
R0043_55037979,R0002_55027319,0.6007575757575758
R0043_55037979,R0002_55035727,0.8257575757575757
R0043_55037979,R0002_55032858,0.8257575757575757
R0043_55037979,R0002_55029026,0.7257575757575758
R0043_55037979,R0002_55039889,0.8257575757575757
R0043_55037979,R0002_55041025,0.8257575757575757
R0043_55037979,R0002_55041833,0.8257575757575757
R0043_55037979,R0002_55031084,0.8257575757575757
R0043_55037979,R0002_55030125,0.8257575757575757
R0043_55037979,R0002_55011220,0.6007575757575758
R0043_55037979,R0002_55043779,0.8257575757575757
R0043_55037979,R0002_55026664,0.8257575757575757
R0043_55037979,R0002_55037878,0.6007575757575758
R0043_55037979,R0002_55043901,0.7507575757575757
R0043_55037979,R0002_55037718,0.8257575757575757
R0043_55037979,R0002_55042075,0.7507575757575757
R0043_55037979,R0002_55031358,0.8257575757575757
R0043_55037979,R0002_55025080,0.6007575757575758
R0043_55037979,R0002_55037283,0.8257575757575757
R0043_55037979,R0002_55019387,0.7257575757575758
R0043_55037979,R0043_55035478,0.925
R0043_55037979,R0043_55032756,0.85
R0043_55037979,R0043_55039677,1.0
R0043_55037979,R0043_55039678,1.0
R0043_55037979,R0043_55029067,1.0
R0043_55037979,R0043_55036252,1.0
R0043_55037979,R0043_55034675,1.0
R0043_55037979,R0043_55031083,1.0
R0043_55037979,R0043_55036209,1.0
R0043_55037979,R0043_55035181,1.0
R0043_55037979,R0043_55032758,0.9
R0043_55037979,R0043_55039681,1.0
R0043_55037979,R0043_55039682,1.0
R0043_55037979,R0043_55039683,1.0
R0043_55037979,R0043_55039684,1.0
R0043_55037979,R0043_55032632,0.925
R0043_55037979,R0043_55021537,0.925
R0043_55037979,R0043_55041926,0.85
R0043_55037979,R0043_55029012,1.0
R0043_55037979,R0043_55034882,1.0
R0043_55037979,R0043_55039679,1.0
R0043_55037979,R0043_55032862,1.0
R0043_55037979,R0043_55032759,1.0
R0043_55037979,R0043_55037980,1.0
R0043_55037979,R0043_55027552,1.0
R0043_55037979,R0043_55034879,1.0
R0043_55037979,R0043_55032908,1.0
R0043_55037979,R0043_55039686,0.85
R0043_55037979,R0043_55032863,1.0
R0043_55037979,R0043_55009127,0.85
R0043_55037979,R0043_55036250,1.0
R0043_55037979,R0043_55034880,0.9
R0043_55037979,R0043_55032860,1.0
R0043_55037979,R0043_55029506,0.925
R0043_55037979,R0043_55031288,0.9
R0043_55037979,R0043_55036124,1.0
R0043_55037979,R0043_55039830,1.0
R0043_55037979,R0043_55034325,0.9
R0043_55037979,R0043_55039829,1.0
R0043_55037979,R0043_55031080,0.775
R0043_55037979,R0043_55031077,1.0
R0043_55037979,R0043_55017366,0.925
R0043_55037979,R0043_55034335,1.0
R0043_55037979,R0043_55031005,0.85
R0043_55037979,R0055_55007584,0.6946969696969697
R0043_55037979,R0055_55007583,0.7446969696969696
R0043_55037979,R0204_55005925,0.8522727272727273
R0043_55037979,R0204_55032685,0.7772727272727273
R0043_55037979,R0204_55035156,0.7522727272727272
R0043_55037979,R0204_55022352,0.7772727272727273
R0043_55037979,R0204_55004131,0.8522727272727273
R0043_55037979,R0207_55036375,0.8484848484848485
R0043_55037979,R0207_55032672,0.7734848484848484
R0043_55037979,R0207_55032673,0.7734848484848484
R0043_55037979,R0290_55038074,0.6984848484848485
R0043_55037979,R0290_55041439,0.7734848484848484
R0043_55037979,R0290_55041442,0.7734848484848484
R0043_55037979,R0290_55041438,0.7734848484848484
R0043_55037979,R0290_55041440,0.7734848484848484
R0043_55037979,R0290_55041441,0.7734848484848484
R0043_55037979,R0290_55030423,0.7734848484848484
R0043_55037979,R0290_55039755,0.7734848484848484
R0043_55037979,R0290_55026840,0.7734848484848484
R0043_55037979,R0290_55038681,0.7734848484848484
R0043_55037979,R0290_55033209,0.7734848484848484
R0043_55037979,R0290_55043722,0.8484848484848485
R0043_55037979,R0377_55039577,0.7772727272727273
R0043_55037979,R0377_55032663,0.7772727272727273
R0043_55037979,R0377_55036003,0.8522727272727273
R0043_55037979,R0377_55036004,0.8522727272727273
R0043_55037979,R0377_55036006,0.8522727272727273
R0043_55037979,R0377_55036007,0.8522727272727273
R0043_55037979,R0377_55036008,0.8522727272727273
R0043_55037979,R0377_55036009,0.8522727272727273
R0043_55037979,R0377_55043375,0.8522727272727273
R0043_55037979,R0377_55032655,0.7522727272727272
R0043_55037979,R0377_55034860,0.7772727272727273
R0043_55037979,R0377_55042881,0.7772727272727273
R0043_55037979,R0377_55033035,0.7522727272727272
R0043_55037979,R0377_55044076,0.8522727272727273
R0043_55037979,R0377_55036698,0.7772727272727273
R0043_55037979,R0377_55032664,0.7022727272727273
R0043_55037979,R0377_55038331,0.8522727272727273
R0043_55037979,R0377_55041814,0.8522727272727273
R0043_55037979,R0377_55041025,0.8522727272727273
R0043_55037979,R0377_55039651,0.8522727272727273
R0043_55037979,R0377_55044100,0.7022727272727273
R0043_55037979,R0377_55026719,0.7022727272727273
R0043_55027552,R0002_55043311,0.6007575757575758
R0043_55027552,R0002_55036002,0.8257575757575757
R0043_55027552,R0002_55015378,0.8257575757575757
R0043_55027552,R0002_55032731,0.6007575757575758
R0043_55027552,R0002_55025944,0.7507575757575757
R0043_55027552,R0002_55024341,0.7507575757575757
R0043_55027552,R0002_55041509,0.7507575757575757
R0043_55027552,R0002_55036059,0.8257575757575757
R0043_55027552,R0002_55037787,0.8257575757575757
R0043_55027552,R0002_55039851,0.6007575757575758
R0043_55027552,R0002_55032782,0.8257575757575757
R0043_55027552,R0002_55036171,0.7507575757575757
R0043_55027552,R0002_55035505,0.7507575757575757
R0043_55027552,R0002_55011002,0.8257575757575757
R0043_55027552,R0002_55031467,0.7507575757575757
R0043_55027552,R0002_55028991,0.8257575757575757
R0043_55027552,R0002_55027831,0.7507575757575757
R0043_55027552,R0002_55038839,0.7507575757575757
R0043_55027552,R0002_55019960,0.8257575757575757
R0043_55027552,R0002_55033035,0.8257575757575757
R0043_55027552,R0002_55006197,0.8257575757575757
R0043_55027552,R0002_55036505,0.6007575757575758
R0043_55027552,R0002_55044076,0.8257575757575757
R0043_55027552,R0002_55036050,0.6007575757575758
R0043_55027552,R0002_55037530,0.7507575757575757
R0043_55027552,R0002_55040793,0.8257575757575757
R0043_55027552,R0002_55043136,0.8257575757575757
R0043_55027552,R0002_55014421,0.8257575757575757
R0043_55027552,R0002_55003518,0.6007575757575758
R0043_55027552,R0002_55027319,0.6007575757575758
R0043_55027552,R0002_55035727,0.8257575757575757
R0043_55027552,R0002_55032858,0.8257575757575757
R0043_55027552,R0002_55029026,0.7257575757575758
R0043_55027552,R0002_55039889,0.8257575757575757
R0043_55027552,R0002_55041025,0.8257575757575757
R0043_55027552,R0002_55041833,0.8257575757575757
R0043_55027552,R0002_55031084,0.8257575757575757
R0043_55027552,R0002_55030125,0.8257575757575757
R0043_55027552,R0002_55011220,0.6007575757575758
R0043_55027552,R0002_55043779,0.8257575757575757
R0043_55027552,R0002_55026664,0.8257575757575757
R0043_55027552,R0002_55037878,0.6007575757575758
R0043_55027552,R0002_55043901,0.7507575757575757
R0043_55027552,R0002_55037718,0.8257575757575757
R0043_55027552,R0002_55042075,0.7507575757575757
R0043_55027552,R0002_55031358,0.8257575757575757
R0043_55027552,R0002_55025080,0.6007575757575758
R0043_55027552,R0002_55037283,0.8257575757575757
R0043_55027552,R0002_55019387,0.7257575757575758
R0043_55027552,R0043_55035478,0.925
R0043_55027552,R0043_55032756,0.85
R0043_55027552,R0043_55039677,1.0
R0043_55027552,R0043_55039678,1.0
R0043_55027552,R0043_55029067,1.0
R0043_55027552,R0043_55036252,1.0
R0043_55027552,R0043_55034675,1.0
R0043_55027552,R0043_55031083,1.0
R0043_55027552,R0043_55036209,1.0
R0043_55027552,R0043_55035181,1.0
R0043_55027552,R0043_55032758,0.9
R0043_55027552,R0043_55039681,1.0
R0043_55027552,R0043_55039682,1.0
R0043_55027552,R0043_55039683,1.0
R0043_55027552,R0043_55039684,1.0
R0043_55027552,R0043_55032632,0.925
R0043_55027552,R0043_55021537,0.925
R0043_55027552,R0043_55041926,0.85
R0043_55027552,R0043_55029012,1.0
R0043_55027552,R0043_55034882,1.0
R0043_55027552,R0043_55039679,1.0
R0043_55027552,R0043_55032862,1.0
R0043_55027552,R0043_55032759,1.0
R0043_55027552,R0043_55037980,1.0
R0043_55027552,R0043_55037979,1.0
R0043_55027552,R0043_55034879,1.0
R0043_55027552,R0043_55032908,1.0
R0043_55027552,R0043_55039686,0.85
R0043_55027552,R0043_55032863,1.0
R0043_55027552,R0043_55009127,0.85
R0043_55027552,R0043_55036250,1.0
R0043_55027552,R0043_55034880,0.9
R0043_55027552,R0043_55032860,1.0
R0043_55027552,R0043_55029506,0.925
R0043_55027552,R0043_55031288,0.9
R0043_55027552,R0043_55036124,1.0
R0043_55027552,R0043_55039830,1.0
R0043_55027552,R0043_55034325,0.9
R0043_55027552,R0043_55039829,1.0
R0043_55027552,R0043_55031080,0.775
R0043_55027552,R0043_55031077,1.0
R0043_55027552,R0043_55017366,0.925
R0043_55027552,R0043_55034335,1.0
R0043_55027552,R0043_55031005,0.85
R0043_55027552,R0055_55007584,0.6946969696969697
R0043_55027552,R0055_55007583,0.7446969696969696
R0043_55027552,R0204_55005925,0.8522727272727273
R0043_55027552,R0204_55032685,0.7772727272727273
R0043_55027552,R0204_55035156,0.7522727272727272
R0043_55027552,R0204_55022352,0.7772727272727273
R0043_55027552,R0204_55004131,0.8522727272727273
R0043_55027552,R0207_55036375,0.8484848484848485
R0043_55027552,R0207_55032672,0.7734848484848484
R0043_55027552,R0207_55032673,0.7734848484848484
R0043_55027552,R0290_55038074,0.6984848484848485
R0043_55027552,R0290_55041439,0.7734848484848484
R0043_55027552,R0290_55041442,0.7734848484848484
R0043_55027552,R0290_55041438,0.7734848484848484
R0043_55027552,R0290_55041440,0.7734848484848484
R0043_55027552,R0290_55041441,0.7734848484848484
R0043_55027552,R0290_55030423,0.7734848484848484
R0043_55027552,R0290_55039755,0.7734848484848484
R0043_55027552,R0290_55026840,0.7734848484848484
R0043_55027552,R0290_55038681,0.7734848484848484
R0043_55027552,R0290_55033209,0.7734848484848484
R0043_55027552,R0290_55043722,0.8484848484848485
R0043_55027552,R0377_55039577,0.7772727272727273
R0043_55027552,R0377_55032663,0.7772727272727273
R0043_55027552,R0377_55036003,0.8522727272727273
R0043_55027552,R0377_55036004,0.8522727272727273
R0043_55027552,R0377_55036006,0.8522727272727273
R0043_55027552,R0377_55036007,0.8522727272727273
R0043_55027552,R0377_55036008,0.8522727272727273
R0043_55027552,R0377_55036009,0.8522727272727273
R0043_55027552,R0377_55043375,0.8522727272727273
R0043_55027552,R0377_55032655,0.7522727272727272
R0043_55027552,R0377_55034860,0.7772727272727273
R0043_55027552,R0377_55042881,0.7772727272727273
R0043_55027552,R0377_55033035,0.7522727272727272
R0043_55027552,R0377_55044076,0.8522727272727273
R0043_55027552,R0377_55036698,0.7772727272727273
R0043_55027552,R0377_55032664,0.7022727272727273
R0043_55027552,R0377_55038331,0.8522727272727273
R0043_55027552,R0377_55041814,0.8522727272727273
R0043_55027552,R0377_55041025,0.8522727272727273
R0043_55027552,R0377_55039651,0.8522727272727273
R0043_55027552,R0377_55044100,0.7022727272727273
R0043_55027552,R0377_55026719,0.7022727272727273
R0043_55034879,R0002_55043311,0.6007575757575758
R0043_55034879,R0002_55036002,0.8257575757575757
R0043_55034879,R0002_55015378,0.8257575757575757
R0043_55034879,R0002_55032731,0.6007575757575758
R0043_55034879,R0002_55025944,0.7507575757575757
R0043_55034879,R0002_55024341,0.7507575757575757
R0043_55034879,R0002_55041509,0.7507575757575757
R0043_55034879,R0002_55036059,0.8257575757575757
R0043_55034879,R0002_55037787,0.8257575757575757
R0043_55034879,R0002_55039851,0.6007575757575758
R0043_55034879,R0002_55032782,0.8257575757575757
R0043_55034879,R0002_55036171,0.7507575757575757
R0043_55034879,R0002_55035505,0.7507575757575757
R0043_55034879,R0002_55011002,0.8257575757575757
R0043_55034879,R0002_55031467,0.7507575757575757
R0043_55034879,R0002_55028991,0.8257575757575757
R0043_55034879,R0002_55027831,0.7507575757575757
R0043_55034879,R0002_55038839,0.7507575757575757
R0043_55034879,R0002_55019960,0.8257575757575757
R0043_55034879,R0002_55033035,0.8257575757575757
R0043_55034879,R0002_55006197,0.8257575757575757
R0043_55034879,R0002_55036505,0.6007575757575758
R0043_55034879,R0002_55044076,0.8257575757575757
R0043_55034879,R0002_55036050,0.6007575757575758
R0043_55034879,R0002_55037530,0.7507575757575757
R0043_55034879,R0002_55040793,0.8257575757575757
R0043_55034879,R0002_55043136,0.8257575757575757
R0043_55034879,R0002_55014421,0.8257575757575757
R0043_55034879,R0002_55003518,0.6007575757575758
R0043_55034879,R0002_55027319,0.6007575757575758
R0043_55034879,R0002_55035727,0.8257575757575757
R0043_55034879,R0002_55032858,0.8257575757575757
R0043_55034879,R0002_55029026,0.7257575757575758
R0043_55034879,R0002_55039889,0.8257575757575757
R0043_55034879,R0002_55041025,0.8257575757575757
R0043_55034879,R0002_55041833,0.8257575757575757
R0043_55034879,R0002_55031084,0.8257575757575757
R0043_55034879,R0002_55030125,0.8257575757575757
R0043_55034879,R0002_55011220,0.6007575757575758
R0043_55034879,R0002_55043779,0.8257575757575757
R0043_55034879,R0002_55026664,0.8257575757575757
R0043_55034879,R0002_55037878,0.6007575757575758
R0043_55034879,R0002_55043901,0.7507575757575757
R0043_55034879,R0002_55037718,0.8257575757575757
R0043_55034879,R0002_55042075,0.7507575757575757
R0043_55034879,R0002_55031358,0.8257575757575757
R0043_55034879,R0002_55025080,0.6007575757575758
R0043_55034879,R0002_55037283,0.8257575757575757
R0043_55034879,R0002_55019387,0.7257575757575758
R0043_55034879,R0043_55035478,0.925
R0043_55034879,R0043_55032756,0.85
R0043_55034879,R0043_55039677,1.0
R0043_55034879,R0043_55039678,1.0
R0043_55034879,R0043_55029067,1.0
R0043_55034879,R0043_55036252,1.0
R0043_55034879,R0043_55034675,1.0
R0043_55034879,R0043_55031083,1.0
R0043_55034879,R0043_55036209,1.0
R0043_55034879,R0043_55035181,1.0
R0043_55034879,R0043_55032758,0.9
R0043_55034879,R0043_55039681,1.0
R0043_55034879,R0043_55039682,1.0
R0043_55034879,R0043_55039683,1.0
R0043_55034879,R0043_55039684,1.0
R0043_55034879,R0043_55032632,0.925
R0043_55034879,R0043_55021537,0.925
R0043_55034879,R0043_55041926,0.85
R0043_55034879,R0043_55029012,1.0
R0043_55034879,R0043_55034882,1.0
R0043_55034879,R0043_55039679,1.0
R0043_55034879,R0043_55032862,1.0
R0043_55034879,R0043_55032759,1.0
R0043_55034879,R0043_55037980,1.0
R0043_55034879,R0043_55037979,1.0
R0043_55034879,R0043_55027552,1.0
R0043_55034879,R0043_55032908,1.0
R0043_55034879,R0043_55039686,0.85
R0043_55034879,R0043_55032863,1.0
R0043_55034879,R0043_55009127,0.85
R0043_55034879,R0043_55036250,1.0
R0043_55034879,R0043_55034880,0.9
R0043_55034879,R0043_55032860,1.0
R0043_55034879,R0043_55029506,0.925
R0043_55034879,R0043_55031288,0.9
R0043_55034879,R0043_55036124,1.0
R0043_55034879,R0043_55039830,1.0
R0043_55034879,R0043_55034325,0.9
R0043_55034879,R0043_55039829,1.0
R0043_55034879,R0043_55031080,0.775
R0043_55034879,R0043_55031077,1.0
R0043_55034879,R0043_55017366,0.925
R0043_55034879,R0043_55034335,1.0
R0043_55034879,R0043_55031005,0.85
R0043_55034879,R0055_55007584,0.6946969696969697
R0043_55034879,R0055_55007583,0.7446969696969696
R0043_55034879,R0204_55005925,0.8522727272727273
R0043_55034879,R0204_55032685,0.7772727272727273
R0043_55034879,R0204_55035156,0.7522727272727272
R0043_55034879,R0204_55022352,0.7772727272727273
R0043_55034879,R0204_55004131,0.8522727272727273
R0043_55034879,R0207_55036375,0.8484848484848485
R0043_55034879,R0207_55032672,0.7734848484848484
R0043_55034879,R0207_55032673,0.7734848484848484
R0043_55034879,R0290_55038074,0.6984848484848485
R0043_55034879,R0290_55041439,0.7734848484848484
R0043_55034879,R0290_55041442,0.7734848484848484
R0043_55034879,R0290_55041438,0.7734848484848484
R0043_55034879,R0290_55041440,0.7734848484848484
R0043_55034879,R0290_55041441,0.7734848484848484
R0043_55034879,R0290_55030423,0.7734848484848484
R0043_55034879,R0290_55039755,0.7734848484848484
R0043_55034879,R0290_55026840,0.7734848484848484
R0043_55034879,R0290_55038681,0.7734848484848484
R0043_55034879,R0290_55033209,0.7734848484848484
R0043_55034879,R0290_55043722,0.8484848484848485
R0043_55034879,R0377_55039577,0.7772727272727273
R0043_55034879,R0377_55032663,0.7772727272727273
R0043_55034879,R0377_55036003,0.8522727272727273
R0043_55034879,R0377_55036004,0.8522727272727273
R0043_55034879,R0377_55036006,0.8522727272727273
R0043_55034879,R0377_55036007,0.8522727272727273
R0043_55034879,R0377_55036008,0.8522727272727273
R0043_55034879,R0377_55036009,0.8522727272727273
R0043_55034879,R0377_55043375,0.8522727272727273
R0043_55034879,R0377_55032655,0.7522727272727272
R0043_55034879,R0377_55034860,0.7772727272727273
R0043_55034879,R0377_55042881,0.7772727272727273
R0043_55034879,R0377_55033035,0.7522727272727272
R0043_55034879,R0377_55044076,0.8522727272727273
R0043_55034879,R0377_55036698,0.7772727272727273
R0043_55034879,R0377_55032664,0.7022727272727273
R0043_55034879,R0377_55038331,0.8522727272727273
R0043_55034879,R0377_55041814,0.8522727272727273
R0043_55034879,R0377_55041025,0.8522727272727273
R0043_55034879,R0377_55039651,0.8522727272727273
R0043_55034879,R0377_55044100,0.7022727272727273
R0043_55034879,R0377_55026719,0.7022727272727273
R0043_55032908,R0002_55043311,0.6007575757575758
R0043_55032908,R0002_55036002,0.8257575757575757
R0043_55032908,R0002_55015378,0.8257575757575757
R0043_55032908,R0002_55032731,0.6007575757575758
R0043_55032908,R0002_55025944,0.7507575757575757
R0043_55032908,R0002_55024341,0.7507575757575757
R0043_55032908,R0002_55041509,0.7507575757575757
R0043_55032908,R0002_55036059,0.8257575757575757
R0043_55032908,R0002_55037787,0.8257575757575757
R0043_55032908,R0002_55039851,0.6007575757575758
R0043_55032908,R0002_55032782,0.8257575757575757
R0043_55032908,R0002_55036171,0.7507575757575757
R0043_55032908,R0002_55035505,0.7507575757575757
R0043_55032908,R0002_55011002,0.8257575757575757
R0043_55032908,R0002_55031467,0.7507575757575757
R0043_55032908,R0002_55028991,0.8257575757575757
R0043_55032908,R0002_55027831,0.7507575757575757
R0043_55032908,R0002_55038839,0.7507575757575757
R0043_55032908,R0002_55019960,0.8257575757575757
R0043_55032908,R0002_55033035,0.8257575757575757
R0043_55032908,R0002_55006197,0.8257575757575757
R0043_55032908,R0002_55036505,0.6007575757575758
R0043_55032908,R0002_55044076,0.8257575757575757
R0043_55032908,R0002_55036050,0.6007575757575758
R0043_55032908,R0002_55037530,0.7507575757575757
R0043_55032908,R0002_55040793,0.8257575757575757
R0043_55032908,R0002_55043136,0.8257575757575757
R0043_55032908,R0002_55014421,0.8257575757575757
R0043_55032908,R0002_55003518,0.6007575757575758
R0043_55032908,R0002_55027319,0.6007575757575758
R0043_55032908,R0002_55035727,0.8257575757575757
R0043_55032908,R0002_55032858,0.8257575757575757
R0043_55032908,R0002_55029026,0.7257575757575758
R0043_55032908,R0002_55039889,0.8257575757575757
R0043_55032908,R0002_55041025,0.8257575757575757
R0043_55032908,R0002_55041833,0.8257575757575757
R0043_55032908,R0002_55031084,0.8257575757575757
R0043_55032908,R0002_55030125,0.8257575757575757
R0043_55032908,R0002_55011220,0.6007575757575758
R0043_55032908,R0002_55043779,0.8257575757575757
R0043_55032908,R0002_55026664,0.8257575757575757
R0043_55032908,R0002_55037878,0.6007575757575758
R0043_55032908,R0002_55043901,0.7507575757575757
R0043_55032908,R0002_55037718,0.8257575757575757
R0043_55032908,R0002_55042075,0.7507575757575757
R0043_55032908,R0002_55031358,0.8257575757575757
R0043_55032908,R0002_55025080,0.6007575757575758
R0043_55032908,R0002_55037283,0.8257575757575757
R0043_55032908,R0002_55019387,0.7257575757575758
R0043_55032908,R0043_55035478,0.925
R0043_55032908,R0043_55032756,0.85
R0043_55032908,R0043_55039677,1.0
R0043_55032908,R0043_55039678,1.0
R0043_55032908,R0043_55029067,1.0
R0043_55032908,R0043_55036252,1.0
R0043_55032908,R0043_55034675,1.0
R0043_55032908,R0043_55031083,1.0
R0043_55032908,R0043_55036209,1.0
R0043_55032908,R0043_55035181,1.0
R0043_55032908,R0043_55032758,0.9
R0043_55032908,R0043_55039681,1.0
R0043_55032908,R0043_55039682,1.0
R0043_55032908,R0043_55039683,1.0
R0043_55032908,R0043_55039684,1.0
R0043_55032908,R0043_55032632,0.925
R0043_55032908,R0043_55021537,0.925
R0043_55032908,R0043_55041926,0.85
R0043_55032908,R0043_55029012,1.0
R0043_55032908,R0043_55034882,1.0
R0043_55032908,R0043_55039679,1.0
R0043_55032908,R0043_55032862,1.0
R0043_55032908,R0043_55032759,1.0
R0043_55032908,R0043_55037980,1.0
R0043_55032908,R0043_55037979,1.0
R0043_55032908,R0043_55027552,1.0
R0043_55032908,R0043_55034879,1.0
R0043_55032908,R0043_55039686,0.85
R0043_55032908,R0043_55032863,1.0
R0043_55032908,R0043_55009127,0.85
R0043_55032908,R0043_55036250,1.0
R0043_55032908,R0043_55034880,0.9
R0043_55032908,R0043_55032860,1.0
R0043_55032908,R0043_55029506,0.925
R0043_55032908,R0043_55031288,0.9
R0043_55032908,R0043_55036124,1.0
R0043_55032908,R0043_55039830,1.0
R0043_55032908,R0043_55034325,0.9
R0043_55032908,R0043_55039829,1.0
R0043_55032908,R0043_55031080,0.775
R0043_55032908,R0043_55031077,1.0
R0043_55032908,R0043_55017366,0.925
R0043_55032908,R0043_55034335,1.0
R0043_55032908,R0043_55031005,0.85
R0043_55032908,R0055_55007584,0.6946969696969697
R0043_55032908,R0055_55007583,0.7446969696969696
R0043_55032908,R0204_55005925,0.8522727272727273
R0043_55032908,R0204_55032685,0.7772727272727273
R0043_55032908,R0204_55035156,0.7522727272727272
R0043_55032908,R0204_55022352,0.7772727272727273
R0043_55032908,R0204_55004131,0.8522727272727273
R0043_55032908,R0207_55036375,0.8484848484848485
R0043_55032908,R0207_55032672,0.7734848484848484
R0043_55032908,R0207_55032673,0.7734848484848484
R0043_55032908,R0290_55038074,0.6984848484848485
R0043_55032908,R0290_55041439,0.7734848484848484
R0043_55032908,R0290_55041442,0.7734848484848484
R0043_55032908,R0290_55041438,0.7734848484848484
R0043_55032908,R0290_55041440,0.7734848484848484
R0043_55032908,R0290_55041441,0.7734848484848484
R0043_55032908,R0290_55030423,0.7734848484848484
R0043_55032908,R0290_55039755,0.7734848484848484
R0043_55032908,R0290_55026840,0.7734848484848484
R0043_55032908,R0290_55038681,0.7734848484848484
R0043_55032908,R0290_55033209,0.7734848484848484
R0043_55032908,R0290_55043722,0.8484848484848485
R0043_55032908,R0377_55039577,0.7772727272727273
R0043_55032908,R0377_55032663,0.7772727272727273
R0043_55032908,R0377_55036003,0.8522727272727273
R0043_55032908,R0377_55036004,0.8522727272727273
R0043_55032908,R0377_55036006,0.8522727272727273
R0043_55032908,R0377_55036007,0.8522727272727273
R0043_55032908,R0377_55036008,0.8522727272727273
R0043_55032908,R0377_55036009,0.8522727272727273
R0043_55032908,R0377_55043375,0.8522727272727273
R0043_55032908,R0377_55032655,0.7522727272727272
R0043_55032908,R0377_55034860,0.7772727272727273
R0043_55032908,R0377_55042881,0.7772727272727273
R0043_55032908,R0377_55033035,0.7522727272727272
R0043_55032908,R0377_55044076,0.8522727272727273
R0043_55032908,R0377_55036698,0.7772727272727273
R0043_55032908,R0377_55032664,0.7022727272727273
R0043_55032908,R0377_55038331,0.8522727272727273
R0043_55032908,R0377_55041814,0.8522727272727273
R0043_55032908,R0377_55041025,0.8522727272727273
R0043_55032908,R0377_55039651,0.8522727272727273
R0043_55032908,R0377_55044100,0.7022727272727273
R0043_55032908,R0377_55026719,0.7022727272727273
R0043_55039686,R0002_55043311,0.5757575757575757
R0043_55039686,R0002_55036002,0.5757575757575757
R0043_55039686,R0002_55015378,0.5757575757575757
R0043_55039686,R0002_55032731,0.5757575757575757
R0043_55039686,R0002_55025944,0.5757575757575757
R0043_55039686,R0002_55024341,0.5757575757575757
R0043_55039686,R0002_55041509,0.5757575757575757
R0043_55039686,R0002_55036059,0.5757575757575757
R0043_55039686,R0002_55037787,0.5757575757575757
R0043_55039686,R0002_55039851,0.5757575757575757
R0043_55039686,R0002_55032782,0.5757575757575757
R0043_55039686,R0002_55036171,0.5757575757575757
R0043_55039686,R0002_55035505,0.5757575757575757
R0043_55039686,R0002_55011002,0.5757575757575757
R0043_55039686,R0002_55031467,0.5757575757575757
R0043_55039686,R0002_55028991,0.5757575757575757
R0043_55039686,R0002_55027831,0.5757575757575757
R0043_55039686,R0002_55038839,0.5757575757575757
R0043_55039686,R0002_55019960,0.5757575757575757
R0043_55039686,R0002_55033035,0.5757575757575757
R0043_55039686,R0002_55006197,0.5757575757575757
R0043_55039686,R0002_55036505,0.5757575757575757
R0043_55039686,R0002_55044076,0.5757575757575757
R0043_55039686,R0002_55036050,0.5757575757575757
R0043_55039686,R0002_55037530,0.5757575757575757
R0043_55039686,R0002_55040793,0.5757575757575757
R0043_55039686,R0002_55043136,0.5757575757575757
R0043_55039686,R0002_55014421,0.5757575757575757
R0043_55039686,R0002_55003518,0.5757575757575757
R0043_55039686,R0002_55027319,0.5757575757575757
R0043_55039686,R0002_55035727,0.5757575757575757
R0043_55039686,R0002_55032858,0.5757575757575757
R0043_55039686,R0002_55029026,0.5757575757575757
R0043_55039686,R0002_55039889,0.5757575757575757
R0043_55039686,R0002_55041025,0.5757575757575757
R0043_55039686,R0002_55041833,0.5757575757575757
R0043_55039686,R0002_55031084,0.5757575757575757
R0043_55039686,R0002_55030125,0.5757575757575757
R0043_55039686,R0002_55011220,0.5757575757575757
R0043_55039686,R0002_55043779,0.5757575757575757
R0043_55039686,R0002_55026664,0.5757575757575757
R0043_55039686,R0002_55037878,0.5757575757575757
R0043_55039686,R0002_55043901,0.5757575757575757
R0043_55039686,R0002_55037718,0.5757575757575757
R0043_55039686,R0002_55042075,0.5757575757575757
R0043_55039686,R0002_55031358,0.5757575757575757
R0043_55039686,R0002_55025080,0.5757575757575757
R0043_55039686,R0002_55037283,0.5757575757575757
R0043_55039686,R0002_55019387,0.5757575757575757
R0043_55039686,R0043_55035478,0.75
R0043_55039686,R0043_55032756,1.0
R0043_55039686,R0043_55039677,0.75
R0043_55039686,R0043_55039678,0.75
R0043_55039686,R0043_55029067,0.75
R0043_55039686,R0043_55036252,0.75
R0043_55039686,R0043_55034675,0.75
R0043_55039686,R0043_55031083,0.75
R0043_55039686,R0043_55036209,0.75
R0043_55039686,R0043_55035181,0.75
R0043_55039686,R0043_55032758,0.75
R0043_55039686,R0043_55039681,0.75
R0043_55039686,R0043_55039682,0.75
R0043_55039686,R0043_55039683,0.75
R0043_55039686,R0043_55039684,0.75
R0043_55039686,R0043_55032632,0.75
R0043_55039686,R0043_55021537,0.75
R0043_55039686,R0043_55041926,1.0
R0043_55039686,R0043_55029012,0.75
R0043_55039686,R0043_55034882,0.75
R0043_55039686,R0043_55039679,0.75
R0043_55039686,R0043_55032862,0.75
R0043_55039686,R0043_55032759,0.75
R0043_55039686,R0043_55037980,0.75
R0043_55039686,R0043_55037979,0.75
R0043_55039686,R0043_55027552,0.75
R0043_55039686,R0043_55034879,0.75
R0043_55039686,R0043_55032908,0.75
R0043_55039686,R0043_55032863,0.75
R0043_55039686,R0043_55009127,1.0
R0043_55039686,R0043_55036250,0.75
R0043_55039686,R0043_55034880,0.75
R0043_55039686,R0043_55032860,0.75
R0043_55039686,R0043_55029506,0.75
R0043_55039686,R0043_55031288,0.75
R0043_55039686,R0043_55036124,0.75
R0043_55039686,R0043_55039830,0.75
R0043_55039686,R0043_55034325,0.75
R0043_55039686,R0043_55039829,0.75
R0043_55039686,R0043_55031080,0.75
R0043_55039686,R0043_55031077,0.75
R0043_55039686,R0043_55017366,0.75
R0043_55039686,R0043_55034335,0.75
R0043_55039686,R0043_55031005,1.0
R0043_55039686,R0055_55007584,0.8446969696969697
R0043_55039686,R0055_55007583,0.5946969696969697
R0043_55039686,R0204_55005925,0.6022727272727273
R0043_55039686,R0204_55032685,0.6022727272727273
R0043_55039686,R0204_55035156,0.6022727272727273
R0043_55039686,R0204_55022352,0.6022727272727273
R0043_55039686,R0204_55004131,0.6022727272727273
R0043_55039686,R0207_55036375,0.5984848484848485
R0043_55039686,R0207_55032672,0.5984848484848485
R0043_55039686,R0207_55032673,0.5984848484848485
R0043_55039686,R0290_55038074,0.8484848484848485
R0043_55039686,R0290_55041439,0.5984848484848485
R0043_55039686,R0290_55041442,0.5984848484848485
R0043_55039686,R0290_55041438,0.5984848484848485
R0043_55039686,R0290_55041440,0.5984848484848485
R0043_55039686,R0290_55041441,0.5984848484848485
R0043_55039686,R0290_55030423,0.5984848484848485
R0043_55039686,R0290_55039755,0.5984848484848485
R0043_55039686,R0290_55026840,0.5984848484848485
R0043_55039686,R0290_55038681,0.5984848484848485
R0043_55039686,R0290_55033209,0.5984848484848485
R0043_55039686,R0290_55043722,0.5984848484848485
R0043_55039686,R0377_55039577,0.6022727272727273
R0043_55039686,R0377_55032663,0.6022727272727273
R0043_55039686,R0377_55036003,0.6022727272727273
R0043_55039686,R0377_55036004,0.6022727272727273
R0043_55039686,R0377_55036006,0.6022727272727273
R0043_55039686,R0377_55036007,0.6022727272727273
R0043_55039686,R0377_55036008,0.6022727272727273
R0043_55039686,R0377_55036009,0.6022727272727273
R0043_55039686,R0377_55043375,0.6022727272727273
R0043_55039686,R0377_55032655,0.6022727272727273
R0043_55039686,R0377_55034860,0.6022727272727273
R0043_55039686,R0377_55042881,0.6022727272727273
R0043_55039686,R0377_55033035,0.6022727272727273
R0043_55039686,R0377_55044076,0.6022727272727273
R0043_55039686,R0377_55036698,0.6022727272727273
R0043_55039686,R0377_55032664,0.8522727272727273
R0043_55039686,R0377_55038331,0.6022727272727273
R0043_55039686,R0377_55041814,0.6022727272727273
R0043_55039686,R0377_55041025,0.6022727272727273
R0043_55039686,R0377_55039651,0.6022727272727273
R0043_55039686,R0377_55044100,0.8522727272727273
R0043_55039686,R0377_55026719,0.8522727272727273
R0043_55032863,R0002_55043311,0.6007575757575758
R0043_55032863,R0002_55036002,0.8257575757575757
R0043_55032863,R0002_55015378,0.8257575757575757
R0043_55032863,R0002_55032731,0.6007575757575758
R0043_55032863,R0002_55025944,0.7507575757575757
R0043_55032863,R0002_55024341,0.7507575757575757
R0043_55032863,R0002_55041509,0.7507575757575757
R0043_55032863,R0002_55036059,0.8257575757575757
R0043_55032863,R0002_55037787,0.8257575757575757
R0043_55032863,R0002_55039851,0.6007575757575758
R0043_55032863,R0002_55032782,0.8257575757575757
R0043_55032863,R0002_55036171,0.7507575757575757
R0043_55032863,R0002_55035505,0.7507575757575757
R0043_55032863,R0002_55011002,0.8257575757575757
R0043_55032863,R0002_55031467,0.7507575757575757
R0043_55032863,R0002_55028991,0.8257575757575757
R0043_55032863,R0002_55027831,0.7507575757575757
R0043_55032863,R0002_55038839,0.7507575757575757
R0043_55032863,R0002_55019960,0.8257575757575757
R0043_55032863,R0002_55033035,0.8257575757575757
R0043_55032863,R0002_55006197,0.8257575757575757
R0043_55032863,R0002_55036505,0.6007575757575758
R0043_55032863,R0002_55044076,0.8257575757575757
R0043_55032863,R0002_55036050,0.6007575757575758
R0043_55032863,R0002_55037530,0.7507575757575757
R0043_55032863,R0002_55040793,0.8257575757575757
R0043_55032863,R0002_55043136,0.8257575757575757
R0043_55032863,R0002_55014421,0.8257575757575757
R0043_55032863,R0002_55003518,0.6007575757575758
R0043_55032863,R0002_55027319,0.6007575757575758
R0043_55032863,R0002_55035727,0.8257575757575757
R0043_55032863,R0002_55032858,0.8257575757575757
R0043_55032863,R0002_55029026,0.7257575757575758
R0043_55032863,R0002_55039889,0.8257575757575757
R0043_55032863,R0002_55041025,0.8257575757575757
R0043_55032863,R0002_55041833,0.8257575757575757
R0043_55032863,R0002_55031084,0.8257575757575757
R0043_55032863,R0002_55030125,0.8257575757575757
R0043_55032863,R0002_55011220,0.6007575757575758
R0043_55032863,R0002_55043779,0.8257575757575757
R0043_55032863,R0002_55026664,0.8257575757575757
R0043_55032863,R0002_55037878,0.6007575757575758
R0043_55032863,R0002_55043901,0.7507575757575757
R0043_55032863,R0002_55037718,0.8257575757575757
R0043_55032863,R0002_55042075,0.7507575757575757
R0043_55032863,R0002_55031358,0.8257575757575757
R0043_55032863,R0002_55025080,0.6007575757575758
R0043_55032863,R0002_55037283,0.8257575757575757
R0043_55032863,R0002_55019387,0.7257575757575758
R0043_55032863,R0043_55035478,0.925
R0043_55032863,R0043_55032756,0.85
R0043_55032863,R0043_55039677,1.0
R0043_55032863,R0043_55039678,1.0
R0043_55032863,R0043_55029067,1.0
R0043_55032863,R0043_55036252,1.0
R0043_55032863,R0043_55034675,1.0
R0043_55032863,R0043_55031083,1.0
R0043_55032863,R0043_55036209,1.0
R0043_55032863,R0043_55035181,1.0
R0043_55032863,R0043_55032758,0.9
R0043_55032863,R0043_55039681,1.0
R0043_55032863,R0043_55039682,1.0
R0043_55032863,R0043_55039683,1.0
R0043_55032863,R0043_55039684,1.0
R0043_55032863,R0043_55032632,0.925
R0043_55032863,R0043_55021537,0.925
R0043_55032863,R0043_55041926,0.85
R0043_55032863,R0043_55029012,1.0
R0043_55032863,R0043_55034882,1.0
R0043_55032863,R0043_55039679,1.0
R0043_55032863,R0043_55032862,1.0
R0043_55032863,R0043_55032759,1.0
R0043_55032863,R0043_55037980,1.0
R0043_55032863,R0043_55037979,1.0
R0043_55032863,R0043_55027552,1.0
R0043_55032863,R0043_55034879,1.0
R0043_55032863,R0043_55032908,1.0
R0043_55032863,R0043_55039686,0.85
R0043_55032863,R0043_55009127,0.85
R0043_55032863,R0043_55036250,1.0
R0043_55032863,R0043_55034880,0.9
R0043_55032863,R0043_55032860,1.0
R0043_55032863,R0043_55029506,0.925
R0043_55032863,R0043_55031288,0.9
R0043_55032863,R0043_55036124,1.0
R0043_55032863,R0043_55039830,1.0
R0043_55032863,R0043_55034325,0.9
R0043_55032863,R0043_55039829,1.0
R0043_55032863,R0043_55031080,0.775
R0043_55032863,R0043_55031077,1.0
R0043_55032863,R0043_55017366,0.925
R0043_55032863,R0043_55034335,1.0
R0043_55032863,R0043_55031005,0.85
R0043_55032863,R0055_55007584,0.6946969696969697
R0043_55032863,R0055_55007583,0.7446969696969696
R0043_55032863,R0204_55005925,0.8522727272727273
R0043_55032863,R0204_55032685,0.7772727272727273
R0043_55032863,R0204_55035156,0.7522727272727272
R0043_55032863,R0204_55022352,0.7772727272727273
R0043_55032863,R0204_55004131,0.8522727272727273
R0043_55032863,R0207_55036375,0.8484848484848485
R0043_55032863,R0207_55032672,0.7734848484848484
R0043_55032863,R0207_55032673,0.7734848484848484
R0043_55032863,R0290_55038074,0.6984848484848485
R0043_55032863,R0290_55041439,0.7734848484848484
R0043_55032863,R0290_55041442,0.7734848484848484
R0043_55032863,R0290_55041438,0.7734848484848484
R0043_55032863,R0290_55041440,0.7734848484848484
R0043_55032863,R0290_55041441,0.7734848484848484
R0043_55032863,R0290_55030423,0.7734848484848484
R0043_55032863,R0290_55039755,0.7734848484848484
R0043_55032863,R0290_55026840,0.7734848484848484
R0043_55032863,R0290_55038681,0.7734848484848484
R0043_55032863,R0290_55033209,0.7734848484848484
R0043_55032863,R0290_55043722,0.8484848484848485
R0043_55032863,R0377_55039577,0.7772727272727273
R0043_55032863,R0377_55032663,0.7772727272727273
R0043_55032863,R0377_55036003,0.8522727272727273
R0043_55032863,R0377_55036004,0.8522727272727273
R0043_55032863,R0377_55036006,0.8522727272727273
R0043_55032863,R0377_55036007,0.8522727272727273
R0043_55032863,R0377_55036008,0.8522727272727273
R0043_55032863,R0377_55036009,0.8522727272727273
R0043_55032863,R0377_55043375,0.8522727272727273
R0043_55032863,R0377_55032655,0.7522727272727272
R0043_55032863,R0377_55034860,0.7772727272727273
R0043_55032863,R0377_55042881,0.7772727272727273
R0043_55032863,R0377_55033035,0.7522727272727272
R0043_55032863,R0377_55044076,0.8522727272727273
R0043_55032863,R0377_55036698,0.7772727272727273
R0043_55032863,R0377_55032664,0.7022727272727273
R0043_55032863,R0377_55038331,0.8522727272727273
R0043_55032863,R0377_55041814,0.8522727272727273
R0043_55032863,R0377_55041025,0.8522727272727273
R0043_55032863,R0377_55039651,0.8522727272727273
R0043_55032863,R0377_55044100,0.7022727272727273
R0043_55032863,R0377_55026719,0.7022727272727273
R0043_55009127,R0002_55043311,0.5757575757575757
R0043_55009127,R0002_55036002,0.5757575757575757
R0043_55009127,R0002_55015378,0.5757575757575757
R0043_55009127,R0002_55032731,0.5757575757575757
R0043_55009127,R0002_55025944,0.5757575757575757
R0043_55009127,R0002_55024341,0.5757575757575757
R0043_55009127,R0002_55041509,0.5757575757575757
R0043_55009127,R0002_55036059,0.5757575757575757
R0043_55009127,R0002_55037787,0.5757575757575757
R0043_55009127,R0002_55039851,0.5757575757575757
R0043_55009127,R0002_55032782,0.5757575757575757
R0043_55009127,R0002_55036171,0.5757575757575757
R0043_55009127,R0002_55035505,0.5757575757575757
R0043_55009127,R0002_55011002,0.5757575757575757
R0043_55009127,R0002_55031467,0.5757575757575757
R0043_55009127,R0002_55028991,0.5757575757575757
R0043_55009127,R0002_55027831,0.5757575757575757
R0043_55009127,R0002_55038839,0.5757575757575757
R0043_55009127,R0002_55019960,0.5757575757575757
R0043_55009127,R0002_55033035,0.5757575757575757
R0043_55009127,R0002_55006197,0.5757575757575757
R0043_55009127,R0002_55036505,0.5757575757575757
R0043_55009127,R0002_55044076,0.5757575757575757
R0043_55009127,R0002_55036050,0.5757575757575757
R0043_55009127,R0002_55037530,0.5757575757575757
R0043_55009127,R0002_55040793,0.5757575757575757
R0043_55009127,R0002_55043136,0.5757575757575757
R0043_55009127,R0002_55014421,0.5757575757575757
R0043_55009127,R0002_55003518,0.5757575757575757
R0043_55009127,R0002_55027319,0.5757575757575757
R0043_55009127,R0002_55035727,0.5757575757575757
R0043_55009127,R0002_55032858,0.5757575757575757
R0043_55009127,R0002_55029026,0.5757575757575757
R0043_55009127,R0002_55039889,0.5757575757575757
R0043_55009127,R0002_55041025,0.5757575757575757
R0043_55009127,R0002_55041833,0.5757575757575757
R0043_55009127,R0002_55031084,0.5757575757575757
R0043_55009127,R0002_55030125,0.5757575757575757
R0043_55009127,R0002_55011220,0.5757575757575757
R0043_55009127,R0002_55043779,0.5757575757575757
R0043_55009127,R0002_55026664,0.5757575757575757
R0043_55009127,R0002_55037878,0.5757575757575757
R0043_55009127,R0002_55043901,0.5757575757575757
R0043_55009127,R0002_55037718,0.5757575757575757
R0043_55009127,R0002_55042075,0.5757575757575757
R0043_55009127,R0002_55031358,0.5757575757575757
R0043_55009127,R0002_55025080,0.5757575757575757
R0043_55009127,R0002_55037283,0.5757575757575757
R0043_55009127,R0002_55019387,0.5757575757575757
R0043_55009127,R0043_55035478,0.75
R0043_55009127,R0043_55032756,1.0
R0043_55009127,R0043_55039677,0.75
R0043_55009127,R0043_55039678,0.75
R0043_55009127,R0043_55029067,0.75
R0043_55009127,R0043_55036252,0.75
R0043_55009127,R0043_55034675,0.75
R0043_55009127,R0043_55031083,0.75
R0043_55009127,R0043_55036209,0.75
R0043_55009127,R0043_55035181,0.75
R0043_55009127,R0043_55032758,0.75
R0043_55009127,R0043_55039681,0.75
R0043_55009127,R0043_55039682,0.75
R0043_55009127,R0043_55039683,0.75
R0043_55009127,R0043_55039684,0.75
R0043_55009127,R0043_55032632,0.75
R0043_55009127,R0043_55021537,0.75
R0043_55009127,R0043_55041926,1.0
R0043_55009127,R0043_55029012,0.75
R0043_55009127,R0043_55034882,0.75
R0043_55009127,R0043_55039679,0.75
R0043_55009127,R0043_55032862,0.75
R0043_55009127,R0043_55032759,0.75
R0043_55009127,R0043_55037980,0.75
R0043_55009127,R0043_55037979,0.75
R0043_55009127,R0043_55027552,0.75
R0043_55009127,R0043_55034879,0.75
R0043_55009127,R0043_55032908,0.75
R0043_55009127,R0043_55039686,1.0
R0043_55009127,R0043_55032863,0.75
R0043_55009127,R0043_55036250,0.75
R0043_55009127,R0043_55034880,0.75
R0043_55009127,R0043_55032860,0.75
R0043_55009127,R0043_55029506,0.75
R0043_55009127,R0043_55031288,0.75
R0043_55009127,R0043_55036124,0.75
R0043_55009127,R0043_55039830,0.75
R0043_55009127,R0043_55034325,0.75
R0043_55009127,R0043_55039829,0.75
R0043_55009127,R0043_55031080,0.75
R0043_55009127,R0043_55031077,0.75
R0043_55009127,R0043_55017366,0.75
R0043_55009127,R0043_55034335,0.75
R0043_55009127,R0043_55031005,1.0
R0043_55009127,R0055_55007584,0.8446969696969697
R0043_55009127,R0055_55007583,0.5946969696969697
R0043_55009127,R0204_55005925,0.6022727272727273
R0043_55009127,R0204_55032685,0.6022727272727273
R0043_55009127,R0204_55035156,0.6022727272727273
R0043_55009127,R0204_55022352,0.6022727272727273
R0043_55009127,R0204_55004131,0.6022727272727273
R0043_55009127,R0207_55036375,0.5984848484848485
R0043_55009127,R0207_55032672,0.5984848484848485
R0043_55009127,R0207_55032673,0.5984848484848485
R0043_55009127,R0290_55038074,0.8484848484848485
R0043_55009127,R0290_55041439,0.5984848484848485
R0043_55009127,R0290_55041442,0.5984848484848485
R0043_55009127,R0290_55041438,0.5984848484848485
R0043_55009127,R0290_55041440,0.5984848484848485
R0043_55009127,R0290_55041441,0.5984848484848485
R0043_55009127,R0290_55030423,0.5984848484848485
R0043_55009127,R0290_55039755,0.5984848484848485
R0043_55009127,R0290_55026840,0.5984848484848485
R0043_55009127,R0290_55038681,0.5984848484848485
R0043_55009127,R0290_55033209,0.5984848484848485
R0043_55009127,R0290_55043722,0.5984848484848485
R0043_55009127,R0377_55039577,0.6022727272727273
R0043_55009127,R0377_55032663,0.6022727272727273
R0043_55009127,R0377_55036003,0.6022727272727273
R0043_55009127,R0377_55036004,0.6022727272727273
R0043_55009127,R0377_55036006,0.6022727272727273
R0043_55009127,R0377_55036007,0.6022727272727273
R0043_55009127,R0377_55036008,0.6022727272727273
R0043_55009127,R0377_55036009,0.6022727272727273
R0043_55009127,R0377_55043375,0.6022727272727273
R0043_55009127,R0377_55032655,0.6022727272727273
R0043_55009127,R0377_55034860,0.6022727272727273
R0043_55009127,R0377_55042881,0.6022727272727273
R0043_55009127,R0377_55033035,0.6022727272727273
R0043_55009127,R0377_55044076,0.6022727272727273
R0043_55009127,R0377_55036698,0.6022727272727273
R0043_55009127,R0377_55032664,0.8522727272727273
R0043_55009127,R0377_55038331,0.6022727272727273
R0043_55009127,R0377_55041814,0.6022727272727273
R0043_55009127,R0377_55041025,0.6022727272727273
R0043_55009127,R0377_55039651,0.6022727272727273
R0043_55009127,R0377_55044100,0.8522727272727273
R0043_55009127,R0377_55026719,0.8522727272727273
R0043_55036250,R0002_55043311,0.6007575757575758
R0043_55036250,R0002_55036002,0.8257575757575757
R0043_55036250,R0002_55015378,0.8257575757575757
R0043_55036250,R0002_55032731,0.6007575757575758
R0043_55036250,R0002_55025944,0.7507575757575757
R0043_55036250,R0002_55024341,0.7507575757575757
R0043_55036250,R0002_55041509,0.7507575757575757
R0043_55036250,R0002_55036059,0.8257575757575757
R0043_55036250,R0002_55037787,0.8257575757575757
R0043_55036250,R0002_55039851,0.6007575757575758
R0043_55036250,R0002_55032782,0.8257575757575757
R0043_55036250,R0002_55036171,0.7507575757575757
R0043_55036250,R0002_55035505,0.7507575757575757
R0043_55036250,R0002_55011002,0.8257575757575757
R0043_55036250,R0002_55031467,0.7507575757575757
R0043_55036250,R0002_55028991,0.8257575757575757
R0043_55036250,R0002_55027831,0.7507575757575757
R0043_55036250,R0002_55038839,0.7507575757575757
R0043_55036250,R0002_55019960,0.8257575757575757
R0043_55036250,R0002_55033035,0.8257575757575757
R0043_55036250,R0002_55006197,0.8257575757575757
R0043_55036250,R0002_55036505,0.6007575757575758
R0043_55036250,R0002_55044076,0.8257575757575757
R0043_55036250,R0002_55036050,0.6007575757575758
R0043_55036250,R0002_55037530,0.7507575757575757
R0043_55036250,R0002_55040793,0.8257575757575757
R0043_55036250,R0002_55043136,0.8257575757575757
R0043_55036250,R0002_55014421,0.8257575757575757
R0043_55036250,R0002_55003518,0.6007575757575758
R0043_55036250,R0002_55027319,0.6007575757575758
R0043_55036250,R0002_55035727,0.8257575757575757
R0043_55036250,R0002_55032858,0.8257575757575757
R0043_55036250,R0002_55029026,0.7257575757575758
R0043_55036250,R0002_55039889,0.8257575757575757
R0043_55036250,R0002_55041025,0.8257575757575757
R0043_55036250,R0002_55041833,0.8257575757575757
R0043_55036250,R0002_55031084,0.8257575757575757
R0043_55036250,R0002_55030125,0.8257575757575757
R0043_55036250,R0002_55011220,0.6007575757575758
R0043_55036250,R0002_55043779,0.8257575757575757
R0043_55036250,R0002_55026664,0.8257575757575757
R0043_55036250,R0002_55037878,0.6007575757575758
R0043_55036250,R0002_55043901,0.7507575757575757
R0043_55036250,R0002_55037718,0.8257575757575757
R0043_55036250,R0002_55042075,0.7507575757575757
R0043_55036250,R0002_55031358,0.8257575757575757
R0043_55036250,R0002_55025080,0.6007575757575758
R0043_55036250,R0002_55037283,0.8257575757575757
R0043_55036250,R0002_55019387,0.7257575757575758
R0043_55036250,R0043_55035478,0.925
R0043_55036250,R0043_55032756,0.85
R0043_55036250,R0043_55039677,1.0
R0043_55036250,R0043_55039678,1.0
R0043_55036250,R0043_55029067,1.0
R0043_55036250,R0043_55036252,1.0
R0043_55036250,R0043_55034675,1.0
R0043_55036250,R0043_55031083,1.0
R0043_55036250,R0043_55036209,1.0
R0043_55036250,R0043_55035181,1.0
R0043_55036250,R0043_55032758,0.9
R0043_55036250,R0043_55039681,1.0
R0043_55036250,R0043_55039682,1.0
R0043_55036250,R0043_55039683,1.0
R0043_55036250,R0043_55039684,1.0
R0043_55036250,R0043_55032632,0.925
R0043_55036250,R0043_55021537,0.925
R0043_55036250,R0043_55041926,0.85
R0043_55036250,R0043_55029012,1.0
R0043_55036250,R0043_55034882,1.0
R0043_55036250,R0043_55039679,1.0
R0043_55036250,R0043_55032862,1.0
R0043_55036250,R0043_55032759,1.0
R0043_55036250,R0043_55037980,1.0
R0043_55036250,R0043_55037979,1.0
R0043_55036250,R0043_55027552,1.0
R0043_55036250,R0043_55034879,1.0
R0043_55036250,R0043_55032908,1.0
R0043_55036250,R0043_55039686,0.85
R0043_55036250,R0043_55032863,1.0
R0043_55036250,R0043_55009127,0.85
R0043_55036250,R0043_55034880,0.9
R0043_55036250,R0043_55032860,1.0
R0043_55036250,R0043_55029506,0.925
R0043_55036250,R0043_55031288,0.9
R0043_55036250,R0043_55036124,1.0
R0043_55036250,R0043_55039830,1.0
R0043_55036250,R0043_55034325,0.9
R0043_55036250,R0043_55039829,1.0
R0043_55036250,R0043_55031080,0.775
R0043_55036250,R0043_55031077,1.0
R0043_55036250,R0043_55017366,0.925
R0043_55036250,R0043_55034335,1.0
R0043_55036250,R0043_55031005,0.85
R0043_55036250,R0055_55007584,0.6946969696969697
R0043_55036250,R0055_55007583,0.7446969696969696
R0043_55036250,R0204_55005925,0.8522727272727273
R0043_55036250,R0204_55032685,0.7772727272727273
R0043_55036250,R0204_55035156,0.7522727272727272
R0043_55036250,R0204_55022352,0.7772727272727273
R0043_55036250,R0204_55004131,0.8522727272727273
R0043_55036250,R0207_55036375,0.8484848484848485
R0043_55036250,R0207_55032672,0.7734848484848484
R0043_55036250,R0207_55032673,0.7734848484848484
R0043_55036250,R0290_55038074,0.6984848484848485
R0043_55036250,R0290_55041439,0.7734848484848484
R0043_55036250,R0290_55041442,0.7734848484848484
R0043_55036250,R0290_55041438,0.7734848484848484
R0043_55036250,R0290_55041440,0.7734848484848484
R0043_55036250,R0290_55041441,0.7734848484848484
R0043_55036250,R0290_55030423,0.7734848484848484
R0043_55036250,R0290_55039755,0.7734848484848484
R0043_55036250,R0290_55026840,0.7734848484848484
R0043_55036250,R0290_55038681,0.7734848484848484
R0043_55036250,R0290_55033209,0.7734848484848484
R0043_55036250,R0290_55043722,0.8484848484848485
R0043_55036250,R0377_55039577,0.7772727272727273
R0043_55036250,R0377_55032663,0.7772727272727273
R0043_55036250,R0377_55036003,0.8522727272727273
R0043_55036250,R0377_55036004,0.8522727272727273
R0043_55036250,R0377_55036006,0.8522727272727273
R0043_55036250,R0377_55036007,0.8522727272727273
R0043_55036250,R0377_55036008,0.8522727272727273
R0043_55036250,R0377_55036009,0.8522727272727273
R0043_55036250,R0377_55043375,0.8522727272727273
R0043_55036250,R0377_55032655,0.7522727272727272
R0043_55036250,R0377_55034860,0.7772727272727273
R0043_55036250,R0377_55042881,0.7772727272727273
R0043_55036250,R0377_55033035,0.7522727272727272
R0043_55036250,R0377_55044076,0.8522727272727273
R0043_55036250,R0377_55036698,0.7772727272727273
R0043_55036250,R0377_55032664,0.7022727272727273
R0043_55036250,R0377_55038331,0.8522727272727273
R0043_55036250,R0377_55041814,0.8522727272727273
R0043_55036250,R0377_55041025,0.8522727272727273
R0043_55036250,R0377_55039651,0.8522727272727273
R0043_55036250,R0377_55044100,0.7022727272727273
R0043_55036250,R0377_55026719,0.7022727272727273
R0043_55034880,R0002_55043311,0.5757575757575757
R0043_55034880,R0002_55036002,0.5757575757575757
R0043_55034880,R0002_55015378,0.5757575757575757
R0043_55034880,R0002_55032731,0.5757575757575757
R0043_55034880,R0002_55025944,0.6007575757575758
R0043_55034880,R0002_55024341,0.6007575757575758
R0043_55034880,R0002_55041509,0.6007575757575758
R0043_55034880,R0002_55036059,0.5757575757575757
R0043_55034880,R0002_55037787,0.5757575757575757
R0043_55034880,R0002_55039851,0.5757575757575757
R0043_55034880,R0002_55032782,0.5757575757575757
R0043_55034880,R0002_55036171,0.6007575757575758
R0043_55034880,R0002_55035505,0.6007575757575758
R0043_55034880,R0002_55011002,0.5757575757575757
R0043_55034880,R0002_55031467,0.6007575757575758
R0043_55034880,R0002_55028991,0.5757575757575757
R0043_55034880,R0002_55027831,0.6007575757575758
R0043_55034880,R0002_55038839,0.6007575757575758
R0043_55034880,R0002_55019960,0.5757575757575757
R0043_55034880,R0002_55033035,0.5757575757575757
R0043_55034880,R0002_55006197,0.5757575757575757
R0043_55034880,R0002_55036505,0.5757575757575757
R0043_55034880,R0002_55044076,0.5757575757575757
R0043_55034880,R0002_55036050,0.5757575757575757
R0043_55034880,R0002_55037530,0.6007575757575758
R0043_55034880,R0002_55040793,0.5757575757575757
R0043_55034880,R0002_55043136,0.5757575757575757
R0043_55034880,R0002_55014421,0.5757575757575757
R0043_55034880,R0002_55003518,0.5757575757575757
R0043_55034880,R0002_55027319,0.5757575757575757
R0043_55034880,R0002_55035727,0.5757575757575757
R0043_55034880,R0002_55032858,0.5757575757575757
R0043_55034880,R0002_55029026,0.8257575757575757
R0043_55034880,R0002_55039889,0.5757575757575757
R0043_55034880,R0002_55041025,0.5757575757575757
R0043_55034880,R0002_55041833,0.5757575757575757
R0043_55034880,R0002_55031084,0.5757575757575757
R0043_55034880,R0002_55030125,0.5757575757575757
R0043_55034880,R0002_55011220,0.5757575757575757
R0043_55034880,R0002_55043779,0.5757575757575757
R0043_55034880,R0002_55026664,0.5757575757575757
R0043_55034880,R0002_55037878,0.5757575757575757
R0043_55034880,R0002_55043901,0.6007575757575758
R0043_55034880,R0002_55037718,0.5757575757575757
R0043_55034880,R0002_55042075,0.6007575757575758
R0043_55034880,R0002_55031358,0.5757575757575757
R0043_55034880,R0002_55025080,0.5757575757575757
R0043_55034880,R0002_55037283,0.5757575757575757
R0043_55034880,R0002_55019387,0.8257575757575757
R0043_55034880,R0043_55035478,0.775
R0043_55034880,R0043_55032756,0.9
R0043_55034880,R0043_55039677,0.75
R0043_55034880,R0043_55039678,0.75
R0043_55034880,R0043_55029067,0.75
R0043_55034880,R0043_55036252,0.75
R0043_55034880,R0043_55034675,0.75
R0043_55034880,R0043_55031083,0.75
R0043_55034880,R0043_55036209,0.75
R0043_55034880,R0043_55035181,0.75
R0043_55034880,R0043_55032758,1.0
R0043_55034880,R0043_55039681,0.75
R0043_55034880,R0043_55039682,0.75
R0043_55034880,R0043_55039683,0.75
R0043_55034880,R0043_55039684,0.75
R0043_55034880,R0043_55032632,0.775
R0043_55034880,R0043_55021537,0.775
R0043_55034880,R0043_55041926,0.9
R0043_55034880,R0043_55029012,0.75
R0043_55034880,R0043_55034882,0.75
R0043_55034880,R0043_55039679,0.75
R0043_55034880,R0043_55032862,0.75
R0043_55034880,R0043_55032759,0.75
R0043_55034880,R0043_55037980,0.75
R0043_55034880,R0043_55037979,0.75
R0043_55034880,R0043_55027552,0.75
R0043_55034880,R0043_55034879,0.75
R0043_55034880,R0043_55032908,0.75
R0043_55034880,R0043_55039686,0.9
R0043_55034880,R0043_55032863,0.75
R0043_55034880,R0043_55009127,0.9
R0043_55034880,R0043_55036250,0.75
R0043_55034880,R0043_55032860,0.75
R0043_55034880,R0043_55029506,0.775
R0043_55034880,R0043_55031288,1.0
R0043_55034880,R0043_55036124,0.75
R0043_55034880,R0043_55039830,0.75
R0043_55034880,R0043_55034325,1.0
R0043_55034880,R0043_55039829,0.75
R0043_55034880,R0043_55031080,0.75
R0043_55034880,R0043_55031077,0.75
R0043_55034880,R0043_55017366,0.775
R0043_55034880,R0043_55034335,0.75
R0043_55034880,R0043_55031005,0.9
R0043_55034880,R0055_55007584,0.7446969696969696
R0043_55034880,R0055_55007583,0.8446969696969697
R0043_55034880,R0204_55005925,0.6022727272727273
R0043_55034880,R0204_55032685,0.6272727272727273
R0043_55034880,R0204_55035156,0.8522727272727273
R0043_55034880,R0204_55022352,0.6272727272727273
R0043_55034880,R0204_55004131,0.6022727272727273
R0043_55034880,R0207_55036375,0.5984848484848485
R0043_55034880,R0207_55032672,0.6234848484848485
R0043_55034880,R0207_55032673,0.6234848484848485
R0043_55034880,R0290_55038074,0.7484848484848485
R0043_55034880,R0290_55041439,0.6234848484848485
R0043_55034880,R0290_55041442,0.6234848484848485
R0043_55034880,R0290_55041438,0.6234848484848485
R0043_55034880,R0290_55041440,0.6234848484848485
R0043_55034880,R0290_55041441,0.6234848484848485
R0043_55034880,R0290_55030423,0.6234848484848485
R0043_55034880,R0290_55039755,0.6234848484848485
R0043_55034880,R0290_55026840,0.6234848484848485
R0043_55034880,R0290_55038681,0.6234848484848485
R0043_55034880,R0290_55033209,0.6234848484848485
R0043_55034880,R0290_55043722,0.5984848484848485
R0043_55034880,R0377_55039577,0.6272727272727273
R0043_55034880,R0377_55032663,0.6272727272727273
R0043_55034880,R0377_55036003,0.6022727272727273
R0043_55034880,R0377_55036004,0.6022727272727273
R0043_55034880,R0377_55036006,0.6022727272727273
R0043_55034880,R0377_55036007,0.6022727272727273
R0043_55034880,R0377_55036008,0.6022727272727273
R0043_55034880,R0377_55036009,0.6022727272727273
R0043_55034880,R0377_55043375,0.6022727272727273
R0043_55034880,R0377_55032655,0.8522727272727273
R0043_55034880,R0377_55034860,0.6272727272727273
R0043_55034880,R0377_55042881,0.6272727272727273
R0043_55034880,R0377_55033035,0.8522727272727273
R0043_55034880,R0377_55044076,0.6022727272727273
R0043_55034880,R0377_55036698,0.6272727272727273
R0043_55034880,R0377_55032664,0.7522727272727272
R0043_55034880,R0377_55038331,0.6022727272727273
R0043_55034880,R0377_55041814,0.6022727272727273
R0043_55034880,R0377_55041025,0.6022727272727273
R0043_55034880,R0377_55039651,0.6022727272727273
R0043_55034880,R0377_55044100,0.7522727272727272
R0043_55034880,R0377_55026719,0.7522727272727272
R0043_55032860,R0002_55043311,0.6007575757575758
R0043_55032860,R0002_55036002,0.8257575757575757
R0043_55032860,R0002_55015378,0.8257575757575757
R0043_55032860,R0002_55032731,0.6007575757575758
R0043_55032860,R0002_55025944,0.7507575757575757
R0043_55032860,R0002_55024341,0.7507575757575757
R0043_55032860,R0002_55041509,0.7507575757575757
R0043_55032860,R0002_55036059,0.8257575757575757
R0043_55032860,R0002_55037787,0.8257575757575757
R0043_55032860,R0002_55039851,0.6007575757575758
R0043_55032860,R0002_55032782,0.8257575757575757
R0043_55032860,R0002_55036171,0.7507575757575757
R0043_55032860,R0002_55035505,0.7507575757575757
R0043_55032860,R0002_55011002,0.8257575757575757
R0043_55032860,R0002_55031467,0.7507575757575757
R0043_55032860,R0002_55028991,0.8257575757575757
R0043_55032860,R0002_55027831,0.7507575757575757
R0043_55032860,R0002_55038839,0.7507575757575757
R0043_55032860,R0002_55019960,0.8257575757575757
R0043_55032860,R0002_55033035,0.8257575757575757
R0043_55032860,R0002_55006197,0.8257575757575757
R0043_55032860,R0002_55036505,0.6007575757575758
R0043_55032860,R0002_55044076,0.8257575757575757
R0043_55032860,R0002_55036050,0.6007575757575758
R0043_55032860,R0002_55037530,0.7507575757575757
R0043_55032860,R0002_55040793,0.8257575757575757
R0043_55032860,R0002_55043136,0.8257575757575757
R0043_55032860,R0002_55014421,0.8257575757575757
R0043_55032860,R0002_55003518,0.6007575757575758
R0043_55032860,R0002_55027319,0.6007575757575758
R0043_55032860,R0002_55035727,0.8257575757575757
R0043_55032860,R0002_55032858,0.8257575757575757
R0043_55032860,R0002_55029026,0.7257575757575758
R0043_55032860,R0002_55039889,0.8257575757575757
R0043_55032860,R0002_55041025,0.8257575757575757
R0043_55032860,R0002_55041833,0.8257575757575757
R0043_55032860,R0002_55031084,0.8257575757575757
R0043_55032860,R0002_55030125,0.8257575757575757
R0043_55032860,R0002_55011220,0.6007575757575758
R0043_55032860,R0002_55043779,0.8257575757575757
R0043_55032860,R0002_55026664,0.8257575757575757
R0043_55032860,R0002_55037878,0.6007575757575758
R0043_55032860,R0002_55043901,0.7507575757575757
R0043_55032860,R0002_55037718,0.8257575757575757
R0043_55032860,R0002_55042075,0.7507575757575757
R0043_55032860,R0002_55031358,0.8257575757575757
R0043_55032860,R0002_55025080,0.6007575757575758
R0043_55032860,R0002_55037283,0.8257575757575757
R0043_55032860,R0002_55019387,0.7257575757575758
R0043_55032860,R0043_55035478,0.925
R0043_55032860,R0043_55032756,0.85
R0043_55032860,R0043_55039677,1.0
R0043_55032860,R0043_55039678,1.0
R0043_55032860,R0043_55029067,1.0
R0043_55032860,R0043_55036252,1.0
R0043_55032860,R0043_55034675,1.0
R0043_55032860,R0043_55031083,1.0
R0043_55032860,R0043_55036209,1.0
R0043_55032860,R0043_55035181,1.0
R0043_55032860,R0043_55032758,0.9
R0043_55032860,R0043_55039681,1.0
R0043_55032860,R0043_55039682,1.0
R0043_55032860,R0043_55039683,1.0
R0043_55032860,R0043_55039684,1.0
R0043_55032860,R0043_55032632,0.925
R0043_55032860,R0043_55021537,0.925
R0043_55032860,R0043_55041926,0.85
R0043_55032860,R0043_55029012,1.0
R0043_55032860,R0043_55034882,1.0
R0043_55032860,R0043_55039679,1.0
R0043_55032860,R0043_55032862,1.0
R0043_55032860,R0043_55032759,1.0
R0043_55032860,R0043_55037980,1.0
R0043_55032860,R0043_55037979,1.0
R0043_55032860,R0043_55027552,1.0
R0043_55032860,R0043_55034879,1.0
R0043_55032860,R0043_55032908,1.0
R0043_55032860,R0043_55039686,0.85
R0043_55032860,R0043_55032863,1.0
R0043_55032860,R0043_55009127,0.85
R0043_55032860,R0043_55036250,1.0
R0043_55032860,R0043_55034880,0.9
R0043_55032860,R0043_55029506,0.925
R0043_55032860,R0043_55031288,0.9
R0043_55032860,R0043_55036124,1.0
R0043_55032860,R0043_55039830,1.0
R0043_55032860,R0043_55034325,0.9
R0043_55032860,R0043_55039829,1.0
R0043_55032860,R0043_55031080,0.775
R0043_55032860,R0043_55031077,1.0
R0043_55032860,R0043_55017366,0.925
R0043_55032860,R0043_55034335,1.0
R0043_55032860,R0043_55031005,0.85
R0043_55032860,R0055_55007584,0.6946969696969697
R0043_55032860,R0055_55007583,0.7446969696969696
R0043_55032860,R0204_55005925,0.8522727272727273
R0043_55032860,R0204_55032685,0.7772727272727273
R0043_55032860,R0204_55035156,0.7522727272727272
R0043_55032860,R0204_55022352,0.7772727272727273
R0043_55032860,R0204_55004131,0.8522727272727273
R0043_55032860,R0207_55036375,0.8484848484848485
R0043_55032860,R0207_55032672,0.7734848484848484
R0043_55032860,R0207_55032673,0.7734848484848484
R0043_55032860,R0290_55038074,0.6984848484848485
R0043_55032860,R0290_55041439,0.7734848484848484
R0043_55032860,R0290_55041442,0.7734848484848484
R0043_55032860,R0290_55041438,0.7734848484848484
R0043_55032860,R0290_55041440,0.7734848484848484
R0043_55032860,R0290_55041441,0.7734848484848484
R0043_55032860,R0290_55030423,0.7734848484848484
R0043_55032860,R0290_55039755,0.7734848484848484
R0043_55032860,R0290_55026840,0.7734848484848484
R0043_55032860,R0290_55038681,0.7734848484848484
R0043_55032860,R0290_55033209,0.7734848484848484
R0043_55032860,R0290_55043722,0.8484848484848485
R0043_55032860,R0377_55039577,0.7772727272727273
R0043_55032860,R0377_55032663,0.7772727272727273
R0043_55032860,R0377_55036003,0.8522727272727273
R0043_55032860,R0377_55036004,0.8522727272727273
R0043_55032860,R0377_55036006,0.8522727272727273
R0043_55032860,R0377_55036007,0.8522727272727273
R0043_55032860,R0377_55036008,0.8522727272727273
R0043_55032860,R0377_55036009,0.8522727272727273
R0043_55032860,R0377_55043375,0.8522727272727273
R0043_55032860,R0377_55032655,0.7522727272727272
R0043_55032860,R0377_55034860,0.7772727272727273
R0043_55032860,R0377_55042881,0.7772727272727273
R0043_55032860,R0377_55033035,0.7522727272727272
R0043_55032860,R0377_55044076,0.8522727272727273
R0043_55032860,R0377_55036698,0.7772727272727273
R0043_55032860,R0377_55032664,0.7022727272727273
R0043_55032860,R0377_55038331,0.8522727272727273
R0043_55032860,R0377_55041814,0.8522727272727273
R0043_55032860,R0377_55041025,0.8522727272727273
R0043_55032860,R0377_55039651,0.8522727272727273
R0043_55032860,R0377_55044100,0.7022727272727273
R0043_55032860,R0377_55026719,0.7022727272727273
R0043_55029506,R0002_55043311,0.5757575757575757
R0043_55029506,R0002_55036002,0.6007575757575758
R0043_55029506,R0002_55015378,0.6007575757575758
R0043_55029506,R0002_55032731,0.5757575757575757
R0043_55029506,R0002_55025944,0.8257575757575757
R0043_55029506,R0002_55024341,0.8257575757575757
R0043_55029506,R0002_55041509,0.8257575757575757
R0043_55029506,R0002_55036059,0.6007575757575758
R0043_55029506,R0002_55037787,0.6007575757575758
R0043_55029506,R0002_55039851,0.5757575757575757
R0043_55029506,R0002_55032782,0.6007575757575758
R0043_55029506,R0002_55036171,0.8257575757575757
R0043_55029506,R0002_55035505,0.8257575757575757
R0043_55029506,R0002_55011002,0.6007575757575758
R0043_55029506,R0002_55031467,0.8257575757575757
R0043_55029506,R0002_55028991,0.6007575757575758
R0043_55029506,R0002_55027831,0.8257575757575757
R0043_55029506,R0002_55038839,0.8257575757575757
R0043_55029506,R0002_55019960,0.6007575757575758
R0043_55029506,R0002_55033035,0.6007575757575758
R0043_55029506,R0002_55006197,0.6007575757575758
R0043_55029506,R0002_55036505,0.5757575757575757
R0043_55029506,R0002_55044076,0.6007575757575758
R0043_55029506,R0002_55036050,0.5757575757575757
R0043_55029506,R0002_55037530,0.8257575757575757
R0043_55029506,R0002_55040793,0.6007575757575758
R0043_55029506,R0002_55043136,0.6007575757575758
R0043_55029506,R0002_55014421,0.6007575757575758
R0043_55029506,R0002_55003518,0.5757575757575757
R0043_55029506,R0002_55027319,0.5757575757575757
R0043_55029506,R0002_55035727,0.6007575757575758
R0043_55029506,R0002_55032858,0.6007575757575758
R0043_55029506,R0002_55029026,0.7507575757575757
R0043_55029506,R0002_55039889,0.6007575757575758
R0043_55029506,R0002_55041025,0.6007575757575758
R0043_55029506,R0002_55041833,0.6007575757575758
R0043_55029506,R0002_55031084,0.6007575757575758
R0043_55029506,R0002_55030125,0.6007575757575758
R0043_55029506,R0002_55011220,0.5757575757575757
R0043_55029506,R0002_55043779,0.6007575757575758
R0043_55029506,R0002_55026664,0.6007575757575758
R0043_55029506,R0002_55037878,0.5757575757575757
R0043_55029506,R0002_55043901,0.8257575757575757
R0043_55029506,R0002_55037718,0.6007575757575758
R0043_55029506,R0002_55042075,0.8257575757575757
R0043_55029506,R0002_55031358,0.6007575757575758
R0043_55029506,R0002_55025080,0.5757575757575757
R0043_55029506,R0002_55037283,0.6007575757575758
R0043_55029506,R0002_55019387,0.7507575757575757
R0043_55029506,R0043_55035478,1.0
R0043_55029506,R0043_55032756,0.875
R0043_55029506,R0043_55039677,0.775
R0043_55029506,R0043_55039678,0.775
R0043_55029506,R0043_55029067,0.775
R0043_55029506,R0043_55036252,0.775
R0043_55029506,R0043_55034675,0.775
R0043_55029506,R0043_55031083,0.775
R0043_55029506,R0043_55036209,0.775
R0043_55029506,R0043_55035181,0.775
R0043_55029506,R0043_55032758,0.925
R0043_55029506,R0043_55039681,0.775
R0043_55029506,R0043_55039682,0.775
R0043_55029506,R0043_55039683,0.775
R0043_55029506,R0043_55039684,0.775
R0043_55029506,R0043_55032632,1.0
R0043_55029506,R0043_55021537,1.0
R0043_55029506,R0043_55041926,0.875
R0043_55029506,R0043_55029012,0.775
R0043_55029506,R0043_55034882,0.775
R0043_55029506,R0043_55039679,0.775
R0043_55029506,R0043_55032862,0.775
R0043_55029506,R0043_55032759,0.775
R0043_55029506,R0043_55037980,0.775
R0043_55029506,R0043_55037979,0.775
R0043_55029506,R0043_55027552,0.775
R0043_55029506,R0043_55034879,0.775
R0043_55029506,R0043_55032908,0.775
R0043_55029506,R0043_55039686,0.875
R0043_55029506,R0043_55032863,0.775
R0043_55029506,R0043_55009127,0.875
R0043_55029506,R0043_55036250,0.775
R0043_55029506,R0043_55034880,0.925
R0043_55029506,R0043_55032860,0.775
R0043_55029506,R0043_55031288,0.925
R0043_55029506,R0043_55036124,0.775
R0043_55029506,R0043_55039830,0.775
R0043_55029506,R0043_55034325,0.925
R0043_55029506,R0043_55039829,0.775
R0043_55029506,R0043_55031080,0.75
R0043_55029506,R0043_55031077,0.775
R0043_55029506,R0043_55017366,1.0
R0043_55029506,R0043_55034335,0.775
R0043_55029506,R0043_55031005,0.875
R0043_55029506,R0055_55007584,0.7196969696969697
R0043_55029506,R0055_55007583,0.7696969696969697
R0043_55029506,R0204_55005925,0.6272727272727273
R0043_55029506,R0204_55032685,0.8522727272727273
R0043_55029506,R0204_55035156,0.7772727272727273
R0043_55029506,R0204_55022352,0.8522727272727273
R0043_55029506,R0204_55004131,0.6272727272727273
R0043_55029506,R0207_55036375,0.6234848484848485
R0043_55029506,R0207_55032672,0.8484848484848485
R0043_55029506,R0207_55032673,0.8484848484848485
R0043_55029506,R0290_55038074,0.7234848484848484
R0043_55029506,R0290_55041439,0.8484848484848485
R0043_55029506,R0290_55041442,0.8484848484848485
R0043_55029506,R0290_55041438,0.8484848484848485
R0043_55029506,R0290_55041440,0.8484848484848485
R0043_55029506,R0290_55041441,0.8484848484848485
R0043_55029506,R0290_55030423,0.8484848484848485
R0043_55029506,R0290_55039755,0.8484848484848485
R0043_55029506,R0290_55026840,0.8484848484848485
R0043_55029506,R0290_55038681,0.8484848484848485
R0043_55029506,R0290_55033209,0.8484848484848485
R0043_55029506,R0290_55043722,0.6234848484848485
R0043_55029506,R0377_55039577,0.8522727272727273
R0043_55029506,R0377_55032663,0.8522727272727273
R0043_55029506,R0377_55036003,0.6272727272727273
R0043_55029506,R0377_55036004,0.6272727272727273
R0043_55029506,R0377_55036006,0.6272727272727273
R0043_55029506,R0377_55036007,0.6272727272727273
R0043_55029506,R0377_55036008,0.6272727272727273
R0043_55029506,R0377_55036009,0.6272727272727273
R0043_55029506,R0377_55043375,0.6272727272727273
R0043_55029506,R0377_55032655,0.7772727272727273
R0043_55029506,R0377_55034860,0.8522727272727273
R0043_55029506,R0377_55042881,0.8522727272727273
R0043_55029506,R0377_55033035,0.7772727272727273
R0043_55029506,R0377_55044076,0.6272727272727273
R0043_55029506,R0377_55036698,0.8522727272727273
R0043_55029506,R0377_55032664,0.7272727272727273
R0043_55029506,R0377_55038331,0.6272727272727273
R0043_55029506,R0377_55041814,0.6272727272727273
R0043_55029506,R0377_55041025,0.6272727272727273
R0043_55029506,R0377_55039651,0.6272727272727273
R0043_55029506,R0377_55044100,0.7272727272727273
R0043_55029506,R0377_55026719,0.7272727272727273
R0043_55031288,R0002_55043311,0.5757575757575757
R0043_55031288,R0002_55036002,0.5757575757575757
R0043_55031288,R0002_55015378,0.5757575757575757
R0043_55031288,R0002_55032731,0.5757575757575757
R0043_55031288,R0002_55025944,0.6007575757575758
R0043_55031288,R0002_55024341,0.6007575757575758
R0043_55031288,R0002_55041509,0.6007575757575758
R0043_55031288,R0002_55036059,0.5757575757575757
R0043_55031288,R0002_55037787,0.5757575757575757
R0043_55031288,R0002_55039851,0.5757575757575757
R0043_55031288,R0002_55032782,0.5757575757575757
R0043_55031288,R0002_55036171,0.6007575757575758
R0043_55031288,R0002_55035505,0.6007575757575758
R0043_55031288,R0002_55011002,0.5757575757575757
R0043_55031288,R0002_55031467,0.6007575757575758
R0043_55031288,R0002_55028991,0.5757575757575757
R0043_55031288,R0002_55027831,0.6007575757575758
R0043_55031288,R0002_55038839,0.6007575757575758
R0043_55031288,R0002_55019960,0.5757575757575757
R0043_55031288,R0002_55033035,0.5757575757575757
R0043_55031288,R0002_55006197,0.5757575757575757
R0043_55031288,R0002_55036505,0.5757575757575757
R0043_55031288,R0002_55044076,0.5757575757575757
R0043_55031288,R0002_55036050,0.5757575757575757
R0043_55031288,R0002_55037530,0.6007575757575758
R0043_55031288,R0002_55040793,0.5757575757575757
R0043_55031288,R0002_55043136,0.5757575757575757
R0043_55031288,R0002_55014421,0.5757575757575757
R0043_55031288,R0002_55003518,0.5757575757575757
R0043_55031288,R0002_55027319,0.5757575757575757
R0043_55031288,R0002_55035727,0.5757575757575757
R0043_55031288,R0002_55032858,0.5757575757575757
R0043_55031288,R0002_55029026,0.8257575757575757
R0043_55031288,R0002_55039889,0.5757575757575757
R0043_55031288,R0002_55041025,0.5757575757575757
R0043_55031288,R0002_55041833,0.5757575757575757
R0043_55031288,R0002_55031084,0.5757575757575757
R0043_55031288,R0002_55030125,0.5757575757575757
R0043_55031288,R0002_55011220,0.5757575757575757
R0043_55031288,R0002_55043779,0.5757575757575757
R0043_55031288,R0002_55026664,0.5757575757575757
R0043_55031288,R0002_55037878,0.5757575757575757
R0043_55031288,R0002_55043901,0.6007575757575758
R0043_55031288,R0002_55037718,0.5757575757575757
R0043_55031288,R0002_55042075,0.6007575757575758
R0043_55031288,R0002_55031358,0.5757575757575757
R0043_55031288,R0002_55025080,0.5757575757575757
R0043_55031288,R0002_55037283,0.5757575757575757
R0043_55031288,R0002_55019387,0.8257575757575757
R0043_55031288,R0043_55035478,0.775
R0043_55031288,R0043_55032756,0.9
R0043_55031288,R0043_55039677,0.75
R0043_55031288,R0043_55039678,0.75
R0043_55031288,R0043_55029067,0.75
R0043_55031288,R0043_55036252,0.75
R0043_55031288,R0043_55034675,0.75
R0043_55031288,R0043_55031083,0.75
R0043_55031288,R0043_55036209,0.75
R0043_55031288,R0043_55035181,0.75
R0043_55031288,R0043_55032758,1.0
R0043_55031288,R0043_55039681,0.75
R0043_55031288,R0043_55039682,0.75
R0043_55031288,R0043_55039683,0.75
R0043_55031288,R0043_55039684,0.75
R0043_55031288,R0043_55032632,0.775
R0043_55031288,R0043_55021537,0.775
R0043_55031288,R0043_55041926,0.9
R0043_55031288,R0043_55029012,0.75
R0043_55031288,R0043_55034882,0.75
R0043_55031288,R0043_55039679,0.75
R0043_55031288,R0043_55032862,0.75
R0043_55031288,R0043_55032759,0.75
R0043_55031288,R0043_55037980,0.75
R0043_55031288,R0043_55037979,0.75
R0043_55031288,R0043_55027552,0.75
R0043_55031288,R0043_55034879,0.75
R0043_55031288,R0043_55032908,0.75
R0043_55031288,R0043_55039686,0.9
R0043_55031288,R0043_55032863,0.75
R0043_55031288,R0043_55009127,0.9
R0043_55031288,R0043_55036250,0.75
R0043_55031288,R0043_55034880,1.0
R0043_55031288,R0043_55032860,0.75
R0043_55031288,R0043_55029506,0.775
R0043_55031288,R0043_55036124,0.75
R0043_55031288,R0043_55039830,0.75
R0043_55031288,R0043_55034325,1.0
R0043_55031288,R0043_55039829,0.75
R0043_55031288,R0043_55031080,0.75
R0043_55031288,R0043_55031077,0.75
R0043_55031288,R0043_55017366,0.775
R0043_55031288,R0043_55034335,0.75
R0043_55031288,R0043_55031005,0.9
R0043_55031288,R0055_55007584,0.7446969696969696
R0043_55031288,R0055_55007583,0.8446969696969697
R0043_55031288,R0204_55005925,0.6022727272727273
R0043_55031288,R0204_55032685,0.6272727272727273
R0043_55031288,R0204_55035156,0.8522727272727273
R0043_55031288,R0204_55022352,0.6272727272727273
R0043_55031288,R0204_55004131,0.6022727272727273
R0043_55031288,R0207_55036375,0.5984848484848485
R0043_55031288,R0207_55032672,0.6234848484848485
R0043_55031288,R0207_55032673,0.6234848484848485
R0043_55031288,R0290_55038074,0.7484848484848485
R0043_55031288,R0290_55041439,0.6234848484848485
R0043_55031288,R0290_55041442,0.6234848484848485
R0043_55031288,R0290_55041438,0.6234848484848485
R0043_55031288,R0290_55041440,0.6234848484848485
R0043_55031288,R0290_55041441,0.6234848484848485
R0043_55031288,R0290_55030423,0.6234848484848485
R0043_55031288,R0290_55039755,0.6234848484848485
R0043_55031288,R0290_55026840,0.6234848484848485
R0043_55031288,R0290_55038681,0.6234848484848485
R0043_55031288,R0290_55033209,0.6234848484848485
R0043_55031288,R0290_55043722,0.5984848484848485
R0043_55031288,R0377_55039577,0.6272727272727273
R0043_55031288,R0377_55032663,0.6272727272727273
R0043_55031288,R0377_55036003,0.6022727272727273
R0043_55031288,R0377_55036004,0.6022727272727273
R0043_55031288,R0377_55036006,0.6022727272727273
R0043_55031288,R0377_55036007,0.6022727272727273
R0043_55031288,R0377_55036008,0.6022727272727273
R0043_55031288,R0377_55036009,0.6022727272727273
R0043_55031288,R0377_55043375,0.6022727272727273
R0043_55031288,R0377_55032655,0.8522727272727273
R0043_55031288,R0377_55034860,0.6272727272727273
R0043_55031288,R0377_55042881,0.6272727272727273
R0043_55031288,R0377_55033035,0.8522727272727273
R0043_55031288,R0377_55044076,0.6022727272727273
R0043_55031288,R0377_55036698,0.6272727272727273
R0043_55031288,R0377_55032664,0.7522727272727272
R0043_55031288,R0377_55038331,0.6022727272727273
R0043_55031288,R0377_55041814,0.6022727272727273
R0043_55031288,R0377_55041025,0.6022727272727273
R0043_55031288,R0377_55039651,0.6022727272727273
R0043_55031288,R0377_55044100,0.7522727272727272
R0043_55031288,R0377_55026719,0.7522727272727272
R0043_55036124,R0002_55043311,0.6007575757575758
R0043_55036124,R0002_55036002,0.8257575757575757
R0043_55036124,R0002_55015378,0.8257575757575757
R0043_55036124,R0002_55032731,0.6007575757575758
R0043_55036124,R0002_55025944,0.7507575757575757
R0043_55036124,R0002_55024341,0.7507575757575757
R0043_55036124,R0002_55041509,0.7507575757575757
R0043_55036124,R0002_55036059,0.8257575757575757
R0043_55036124,R0002_55037787,0.8257575757575757
R0043_55036124,R0002_55039851,0.6007575757575758
R0043_55036124,R0002_55032782,0.8257575757575757
R0043_55036124,R0002_55036171,0.7507575757575757
R0043_55036124,R0002_55035505,0.7507575757575757
R0043_55036124,R0002_55011002,0.8257575757575757
R0043_55036124,R0002_55031467,0.7507575757575757
R0043_55036124,R0002_55028991,0.8257575757575757
R0043_55036124,R0002_55027831,0.7507575757575757
R0043_55036124,R0002_55038839,0.7507575757575757
R0043_55036124,R0002_55019960,0.8257575757575757
R0043_55036124,R0002_55033035,0.8257575757575757
R0043_55036124,R0002_55006197,0.8257575757575757
R0043_55036124,R0002_55036505,0.6007575757575758
R0043_55036124,R0002_55044076,0.8257575757575757
R0043_55036124,R0002_55036050,0.6007575757575758
R0043_55036124,R0002_55037530,0.7507575757575757
R0043_55036124,R0002_55040793,0.8257575757575757
R0043_55036124,R0002_55043136,0.8257575757575757
R0043_55036124,R0002_55014421,0.8257575757575757
R0043_55036124,R0002_55003518,0.6007575757575758
R0043_55036124,R0002_55027319,0.6007575757575758
R0043_55036124,R0002_55035727,0.8257575757575757
R0043_55036124,R0002_55032858,0.8257575757575757
R0043_55036124,R0002_55029026,0.7257575757575758
R0043_55036124,R0002_55039889,0.8257575757575757
R0043_55036124,R0002_55041025,0.8257575757575757
R0043_55036124,R0002_55041833,0.8257575757575757
R0043_55036124,R0002_55031084,0.8257575757575757
R0043_55036124,R0002_55030125,0.8257575757575757
R0043_55036124,R0002_55011220,0.6007575757575758
R0043_55036124,R0002_55043779,0.8257575757575757
R0043_55036124,R0002_55026664,0.8257575757575757
R0043_55036124,R0002_55037878,0.6007575757575758
R0043_55036124,R0002_55043901,0.7507575757575757
R0043_55036124,R0002_55037718,0.8257575757575757
R0043_55036124,R0002_55042075,0.7507575757575757
R0043_55036124,R0002_55031358,0.8257575757575757
R0043_55036124,R0002_55025080,0.6007575757575758
R0043_55036124,R0002_55037283,0.8257575757575757
R0043_55036124,R0002_55019387,0.7257575757575758
R0043_55036124,R0043_55035478,0.925
R0043_55036124,R0043_55032756,0.85
R0043_55036124,R0043_55039677,1.0
R0043_55036124,R0043_55039678,1.0
R0043_55036124,R0043_55029067,1.0
R0043_55036124,R0043_55036252,1.0
R0043_55036124,R0043_55034675,1.0
R0043_55036124,R0043_55031083,1.0
R0043_55036124,R0043_55036209,1.0
R0043_55036124,R0043_55035181,1.0
R0043_55036124,R0043_55032758,0.9
R0043_55036124,R0043_55039681,1.0
R0043_55036124,R0043_55039682,1.0
R0043_55036124,R0043_55039683,1.0
R0043_55036124,R0043_55039684,1.0
R0043_55036124,R0043_55032632,0.925
R0043_55036124,R0043_55021537,0.925
R0043_55036124,R0043_55041926,0.85
R0043_55036124,R0043_55029012,1.0
R0043_55036124,R0043_55034882,1.0
R0043_55036124,R0043_55039679,1.0
R0043_55036124,R0043_55032862,1.0
R0043_55036124,R0043_55032759,1.0
R0043_55036124,R0043_55037980,1.0
R0043_55036124,R0043_55037979,1.0
R0043_55036124,R0043_55027552,1.0
R0043_55036124,R0043_55034879,1.0
R0043_55036124,R0043_55032908,1.0
R0043_55036124,R0043_55039686,0.85
R0043_55036124,R0043_55032863,1.0
R0043_55036124,R0043_55009127,0.85
R0043_55036124,R0043_55036250,1.0
R0043_55036124,R0043_55034880,0.9
R0043_55036124,R0043_55032860,1.0
R0043_55036124,R0043_55029506,0.925
R0043_55036124,R0043_55031288,0.9
R0043_55036124,R0043_55039830,1.0
R0043_55036124,R0043_55034325,0.9
R0043_55036124,R0043_55039829,1.0
R0043_55036124,R0043_55031080,0.775
R0043_55036124,R0043_55031077,1.0
R0043_55036124,R0043_55017366,0.925
R0043_55036124,R0043_55034335,1.0
R0043_55036124,R0043_55031005,0.85
R0043_55036124,R0055_55007584,0.6946969696969697
R0043_55036124,R0055_55007583,0.7446969696969696
R0043_55036124,R0204_55005925,0.8522727272727273
R0043_55036124,R0204_55032685,0.7772727272727273
R0043_55036124,R0204_55035156,0.7522727272727272
R0043_55036124,R0204_55022352,0.7772727272727273
R0043_55036124,R0204_55004131,0.8522727272727273
R0043_55036124,R0207_55036375,0.8484848484848485
R0043_55036124,R0207_55032672,0.7734848484848484
R0043_55036124,R0207_55032673,0.7734848484848484
R0043_55036124,R0290_55038074,0.6984848484848485
R0043_55036124,R0290_55041439,0.7734848484848484
R0043_55036124,R0290_55041442,0.7734848484848484
R0043_55036124,R0290_55041438,0.7734848484848484
R0043_55036124,R0290_55041440,0.7734848484848484
R0043_55036124,R0290_55041441,0.7734848484848484
R0043_55036124,R0290_55030423,0.7734848484848484
R0043_55036124,R0290_55039755,0.7734848484848484
R0043_55036124,R0290_55026840,0.7734848484848484
R0043_55036124,R0290_55038681,0.7734848484848484
R0043_55036124,R0290_55033209,0.7734848484848484
R0043_55036124,R0290_55043722,0.8484848484848485
R0043_55036124,R0377_55039577,0.7772727272727273
R0043_55036124,R0377_55032663,0.7772727272727273
R0043_55036124,R0377_55036003,0.8522727272727273
R0043_55036124,R0377_55036004,0.8522727272727273
R0043_55036124,R0377_55036006,0.8522727272727273
R0043_55036124,R0377_55036007,0.8522727272727273
R0043_55036124,R0377_55036008,0.8522727272727273
R0043_55036124,R0377_55036009,0.8522727272727273
R0043_55036124,R0377_55043375,0.8522727272727273
R0043_55036124,R0377_55032655,0.7522727272727272
R0043_55036124,R0377_55034860,0.7772727272727273
R0043_55036124,R0377_55042881,0.7772727272727273
R0043_55036124,R0377_55033035,0.7522727272727272
R0043_55036124,R0377_55044076,0.8522727272727273
R0043_55036124,R0377_55036698,0.7772727272727273
R0043_55036124,R0377_55032664,0.7022727272727273
R0043_55036124,R0377_55038331,0.8522727272727273
R0043_55036124,R0377_55041814,0.8522727272727273
R0043_55036124,R0377_55041025,0.8522727272727273
R0043_55036124,R0377_55039651,0.8522727272727273
R0043_55036124,R0377_55044100,0.7022727272727273
R0043_55036124,R0377_55026719,0.7022727272727273
R0043_55039830,R0002_55043311,0.6007575757575758
R0043_55039830,R0002_55036002,0.8257575757575757
R0043_55039830,R0002_55015378,0.8257575757575757
R0043_55039830,R0002_55032731,0.6007575757575758
R0043_55039830,R0002_55025944,0.7507575757575757
R0043_55039830,R0002_55024341,0.7507575757575757
R0043_55039830,R0002_55041509,0.7507575757575757
R0043_55039830,R0002_55036059,0.8257575757575757
R0043_55039830,R0002_55037787,0.8257575757575757
R0043_55039830,R0002_55039851,0.6007575757575758
R0043_55039830,R0002_55032782,0.8257575757575757
R0043_55039830,R0002_55036171,0.7507575757575757
R0043_55039830,R0002_55035505,0.7507575757575757
R0043_55039830,R0002_55011002,0.8257575757575757
R0043_55039830,R0002_55031467,0.7507575757575757
R0043_55039830,R0002_55028991,0.8257575757575757
R0043_55039830,R0002_55027831,0.7507575757575757
R0043_55039830,R0002_55038839,0.7507575757575757
R0043_55039830,R0002_55019960,0.8257575757575757
R0043_55039830,R0002_55033035,0.8257575757575757
R0043_55039830,R0002_55006197,0.8257575757575757
R0043_55039830,R0002_55036505,0.6007575757575758
R0043_55039830,R0002_55044076,0.8257575757575757
R0043_55039830,R0002_55036050,0.6007575757575758
R0043_55039830,R0002_55037530,0.7507575757575757
R0043_55039830,R0002_55040793,0.8257575757575757
R0043_55039830,R0002_55043136,0.8257575757575757
R0043_55039830,R0002_55014421,0.8257575757575757
R0043_55039830,R0002_55003518,0.6007575757575758
R0043_55039830,R0002_55027319,0.6007575757575758
R0043_55039830,R0002_55035727,0.8257575757575757
R0043_55039830,R0002_55032858,0.8257575757575757
R0043_55039830,R0002_55029026,0.7257575757575758
R0043_55039830,R0002_55039889,0.8257575757575757
R0043_55039830,R0002_55041025,0.8257575757575757
R0043_55039830,R0002_55041833,0.8257575757575757
R0043_55039830,R0002_55031084,0.8257575757575757
R0043_55039830,R0002_55030125,0.8257575757575757
R0043_55039830,R0002_55011220,0.6007575757575758
R0043_55039830,R0002_55043779,0.8257575757575757
R0043_55039830,R0002_55026664,0.8257575757575757
R0043_55039830,R0002_55037878,0.6007575757575758
R0043_55039830,R0002_55043901,0.7507575757575757
R0043_55039830,R0002_55037718,0.8257575757575757
R0043_55039830,R0002_55042075,0.7507575757575757
R0043_55039830,R0002_55031358,0.8257575757575757
R0043_55039830,R0002_55025080,0.6007575757575758
R0043_55039830,R0002_55037283,0.8257575757575757
R0043_55039830,R0002_55019387,0.7257575757575758
R0043_55039830,R0043_55035478,0.925
R0043_55039830,R0043_55032756,0.85
R0043_55039830,R0043_55039677,1.0
R0043_55039830,R0043_55039678,1.0
R0043_55039830,R0043_55029067,1.0
R0043_55039830,R0043_55036252,1.0
R0043_55039830,R0043_55034675,1.0
R0043_55039830,R0043_55031083,1.0
R0043_55039830,R0043_55036209,1.0
R0043_55039830,R0043_55035181,1.0
R0043_55039830,R0043_55032758,0.9
R0043_55039830,R0043_55039681,1.0
R0043_55039830,R0043_55039682,1.0
R0043_55039830,R0043_55039683,1.0
R0043_55039830,R0043_55039684,1.0
R0043_55039830,R0043_55032632,0.925
R0043_55039830,R0043_55021537,0.925
R0043_55039830,R0043_55041926,0.85
R0043_55039830,R0043_55029012,1.0
R0043_55039830,R0043_55034882,1.0
R0043_55039830,R0043_55039679,1.0
R0043_55039830,R0043_55032862,1.0
R0043_55039830,R0043_55032759,1.0
R0043_55039830,R0043_55037980,1.0
R0043_55039830,R0043_55037979,1.0
R0043_55039830,R0043_55027552,1.0
R0043_55039830,R0043_55034879,1.0
R0043_55039830,R0043_55032908,1.0
R0043_55039830,R0043_55039686,0.85
R0043_55039830,R0043_55032863,1.0
R0043_55039830,R0043_55009127,0.85
R0043_55039830,R0043_55036250,1.0
R0043_55039830,R0043_55034880,0.9
R0043_55039830,R0043_55032860,1.0
R0043_55039830,R0043_55029506,0.925
R0043_55039830,R0043_55031288,0.9
R0043_55039830,R0043_55036124,1.0
R0043_55039830,R0043_55034325,0.9
R0043_55039830,R0043_55039829,1.0
R0043_55039830,R0043_55031080,0.775
R0043_55039830,R0043_55031077,1.0
R0043_55039830,R0043_55017366,0.925
R0043_55039830,R0043_55034335,1.0
R0043_55039830,R0043_55031005,0.85
R0043_55039830,R0055_55007584,0.6946969696969697
R0043_55039830,R0055_55007583,0.7446969696969696
R0043_55039830,R0204_55005925,0.8522727272727273
R0043_55039830,R0204_55032685,0.7772727272727273
R0043_55039830,R0204_55035156,0.7522727272727272
R0043_55039830,R0204_55022352,0.7772727272727273
R0043_55039830,R0204_55004131,0.8522727272727273
R0043_55039830,R0207_55036375,0.8484848484848485
R0043_55039830,R0207_55032672,0.7734848484848484
R0043_55039830,R0207_55032673,0.7734848484848484
R0043_55039830,R0290_55038074,0.6984848484848485
R0043_55039830,R0290_55041439,0.7734848484848484
R0043_55039830,R0290_55041442,0.7734848484848484
R0043_55039830,R0290_55041438,0.7734848484848484
R0043_55039830,R0290_55041440,0.7734848484848484
R0043_55039830,R0290_55041441,0.7734848484848484
R0043_55039830,R0290_55030423,0.7734848484848484
R0043_55039830,R0290_55039755,0.7734848484848484
R0043_55039830,R0290_55026840,0.7734848484848484
R0043_55039830,R0290_55038681,0.7734848484848484
R0043_55039830,R0290_55033209,0.7734848484848484
R0043_55039830,R0290_55043722,0.8484848484848485
R0043_55039830,R0377_55039577,0.7772727272727273
R0043_55039830,R0377_55032663,0.7772727272727273
R0043_55039830,R0377_55036003,0.8522727272727273
R0043_55039830,R0377_55036004,0.8522727272727273
R0043_55039830,R0377_55036006,0.8522727272727273
R0043_55039830,R0377_55036007,0.8522727272727273
R0043_55039830,R0377_55036008,0.8522727272727273
R0043_55039830,R0377_55036009,0.8522727272727273
R0043_55039830,R0377_55043375,0.8522727272727273
R0043_55039830,R0377_55032655,0.7522727272727272
R0043_55039830,R0377_55034860,0.7772727272727273
R0043_55039830,R0377_55042881,0.7772727272727273
R0043_55039830,R0377_55033035,0.7522727272727272
R0043_55039830,R0377_55044076,0.8522727272727273
R0043_55039830,R0377_55036698,0.7772727272727273
R0043_55039830,R0377_55032664,0.7022727272727273
R0043_55039830,R0377_55038331,0.8522727272727273
R0043_55039830,R0377_55041814,0.8522727272727273
R0043_55039830,R0377_55041025,0.8522727272727273
R0043_55039830,R0377_55039651,0.8522727272727273
R0043_55039830,R0377_55044100,0.7022727272727273
R0043_55039830,R0377_55026719,0.7022727272727273
R0043_55034325,R0002_55043311,0.5757575757575757
R0043_55034325,R0002_55036002,0.5757575757575757
R0043_55034325,R0002_55015378,0.5757575757575757
R0043_55034325,R0002_55032731,0.5757575757575757
R0043_55034325,R0002_55025944,0.6007575757575758
R0043_55034325,R0002_55024341,0.6007575757575758
R0043_55034325,R0002_55041509,0.6007575757575758
R0043_55034325,R0002_55036059,0.5757575757575757
R0043_55034325,R0002_55037787,0.5757575757575757
R0043_55034325,R0002_55039851,0.5757575757575757
R0043_55034325,R0002_55032782,0.5757575757575757
R0043_55034325,R0002_55036171,0.6007575757575758
R0043_55034325,R0002_55035505,0.6007575757575758
R0043_55034325,R0002_55011002,0.5757575757575757
R0043_55034325,R0002_55031467,0.6007575757575758
R0043_55034325,R0002_55028991,0.5757575757575757
R0043_55034325,R0002_55027831,0.6007575757575758
R0043_55034325,R0002_55038839,0.6007575757575758
R0043_55034325,R0002_55019960,0.5757575757575757
R0043_55034325,R0002_55033035,0.5757575757575757
R0043_55034325,R0002_55006197,0.5757575757575757
R0043_55034325,R0002_55036505,0.5757575757575757
R0043_55034325,R0002_55044076,0.5757575757575757
R0043_55034325,R0002_55036050,0.5757575757575757
R0043_55034325,R0002_55037530,0.6007575757575758
R0043_55034325,R0002_55040793,0.5757575757575757
R0043_55034325,R0002_55043136,0.5757575757575757
R0043_55034325,R0002_55014421,0.5757575757575757
R0043_55034325,R0002_55003518,0.5757575757575757
R0043_55034325,R0002_55027319,0.5757575757575757
R0043_55034325,R0002_55035727,0.5757575757575757
R0043_55034325,R0002_55032858,0.5757575757575757
R0043_55034325,R0002_55029026,0.8257575757575757
R0043_55034325,R0002_55039889,0.5757575757575757
R0043_55034325,R0002_55041025,0.5757575757575757
R0043_55034325,R0002_55041833,0.5757575757575757
R0043_55034325,R0002_55031084,0.5757575757575757
R0043_55034325,R0002_55030125,0.5757575757575757
R0043_55034325,R0002_55011220,0.5757575757575757
R0043_55034325,R0002_55043779,0.5757575757575757
R0043_55034325,R0002_55026664,0.5757575757575757
R0043_55034325,R0002_55037878,0.5757575757575757
R0043_55034325,R0002_55043901,0.6007575757575758
R0043_55034325,R0002_55037718,0.5757575757575757
R0043_55034325,R0002_55042075,0.6007575757575758
R0043_55034325,R0002_55031358,0.5757575757575757
R0043_55034325,R0002_55025080,0.5757575757575757
R0043_55034325,R0002_55037283,0.5757575757575757
R0043_55034325,R0002_55019387,0.8257575757575757
R0043_55034325,R0043_55035478,0.775
R0043_55034325,R0043_55032756,0.9
R0043_55034325,R0043_55039677,0.75
R0043_55034325,R0043_55039678,0.75
R0043_55034325,R0043_55029067,0.75
R0043_55034325,R0043_55036252,0.75
R0043_55034325,R0043_55034675,0.75
R0043_55034325,R0043_55031083,0.75
R0043_55034325,R0043_55036209,0.75
R0043_55034325,R0043_55035181,0.75
R0043_55034325,R0043_55032758,1.0
R0043_55034325,R0043_55039681,0.75
R0043_55034325,R0043_55039682,0.75
R0043_55034325,R0043_55039683,0.75
R0043_55034325,R0043_55039684,0.75
R0043_55034325,R0043_55032632,0.775
R0043_55034325,R0043_55021537,0.775
R0043_55034325,R0043_55041926,0.9
R0043_55034325,R0043_55029012,0.75
R0043_55034325,R0043_55034882,0.75
R0043_55034325,R0043_55039679,0.75
R0043_55034325,R0043_55032862,0.75
R0043_55034325,R0043_55032759,0.75
R0043_55034325,R0043_55037980,0.75
R0043_55034325,R0043_55037979,0.75
R0043_55034325,R0043_55027552,0.75
R0043_55034325,R0043_55034879,0.75
R0043_55034325,R0043_55032908,0.75
R0043_55034325,R0043_55039686,0.9
R0043_55034325,R0043_55032863,0.75
R0043_55034325,R0043_55009127,0.9
R0043_55034325,R0043_55036250,0.75
R0043_55034325,R0043_55034880,1.0
R0043_55034325,R0043_55032860,0.75
R0043_55034325,R0043_55029506,0.775
R0043_55034325,R0043_55031288,1.0
R0043_55034325,R0043_55036124,0.75
R0043_55034325,R0043_55039830,0.75
R0043_55034325,R0043_55039829,0.75
R0043_55034325,R0043_55031080,0.75
R0043_55034325,R0043_55031077,0.75
R0043_55034325,R0043_55017366,0.775
R0043_55034325,R0043_55034335,0.75
R0043_55034325,R0043_55031005,0.9
R0043_55034325,R0055_55007584,0.7446969696969696
R0043_55034325,R0055_55007583,0.8446969696969697
R0043_55034325,R0204_55005925,0.6022727272727273
R0043_55034325,R0204_55032685,0.6272727272727273
R0043_55034325,R0204_55035156,0.8522727272727273
R0043_55034325,R0204_55022352,0.6272727272727273
R0043_55034325,R0204_55004131,0.6022727272727273
R0043_55034325,R0207_55036375,0.5984848484848485
R0043_55034325,R0207_55032672,0.6234848484848485
R0043_55034325,R0207_55032673,0.6234848484848485
R0043_55034325,R0290_55038074,0.7484848484848485
R0043_55034325,R0290_55041439,0.6234848484848485
R0043_55034325,R0290_55041442,0.6234848484848485
R0043_55034325,R0290_55041438,0.6234848484848485
R0043_55034325,R0290_55041440,0.6234848484848485
R0043_55034325,R0290_55041441,0.6234848484848485
R0043_55034325,R0290_55030423,0.6234848484848485
R0043_55034325,R0290_55039755,0.6234848484848485
R0043_55034325,R0290_55026840,0.6234848484848485
R0043_55034325,R0290_55038681,0.6234848484848485
R0043_55034325,R0290_55033209,0.6234848484848485
R0043_55034325,R0290_55043722,0.5984848484848485
R0043_55034325,R0377_55039577,0.6272727272727273
R0043_55034325,R0377_55032663,0.6272727272727273
R0043_55034325,R0377_55036003,0.6022727272727273
R0043_55034325,R0377_55036004,0.6022727272727273
R0043_55034325,R0377_55036006,0.6022727272727273
R0043_55034325,R0377_55036007,0.6022727272727273
R0043_55034325,R0377_55036008,0.6022727272727273
R0043_55034325,R0377_55036009,0.6022727272727273
R0043_55034325,R0377_55043375,0.6022727272727273
R0043_55034325,R0377_55032655,0.8522727272727273
R0043_55034325,R0377_55034860,0.6272727272727273
R0043_55034325,R0377_55042881,0.6272727272727273
R0043_55034325,R0377_55033035,0.8522727272727273
R0043_55034325,R0377_55044076,0.6022727272727273
R0043_55034325,R0377_55036698,0.6272727272727273
R0043_55034325,R0377_55032664,0.7522727272727272
R0043_55034325,R0377_55038331,0.6022727272727273
R0043_55034325,R0377_55041814,0.6022727272727273
R0043_55034325,R0377_55041025,0.6022727272727273
R0043_55034325,R0377_55039651,0.6022727272727273
R0043_55034325,R0377_55044100,0.7522727272727272
R0043_55034325,R0377_55026719,0.7522727272727272
R0043_55039829,R0002_55043311,0.6007575757575758
R0043_55039829,R0002_55036002,0.8257575757575757
R0043_55039829,R0002_55015378,0.8257575757575757
R0043_55039829,R0002_55032731,0.6007575757575758
R0043_55039829,R0002_55025944,0.7507575757575757
R0043_55039829,R0002_55024341,0.7507575757575757
R0043_55039829,R0002_55041509,0.7507575757575757
R0043_55039829,R0002_55036059,0.8257575757575757
R0043_55039829,R0002_55037787,0.8257575757575757
R0043_55039829,R0002_55039851,0.6007575757575758
R0043_55039829,R0002_55032782,0.8257575757575757
R0043_55039829,R0002_55036171,0.7507575757575757
R0043_55039829,R0002_55035505,0.7507575757575757
R0043_55039829,R0002_55011002,0.8257575757575757
R0043_55039829,R0002_55031467,0.7507575757575757
R0043_55039829,R0002_55028991,0.8257575757575757
R0043_55039829,R0002_55027831,0.7507575757575757
R0043_55039829,R0002_55038839,0.7507575757575757
R0043_55039829,R0002_55019960,0.8257575757575757
R0043_55039829,R0002_55033035,0.8257575757575757
R0043_55039829,R0002_55006197,0.8257575757575757
R0043_55039829,R0002_55036505,0.6007575757575758
R0043_55039829,R0002_55044076,0.8257575757575757
R0043_55039829,R0002_55036050,0.6007575757575758
R0043_55039829,R0002_55037530,0.7507575757575757
R0043_55039829,R0002_55040793,0.8257575757575757
R0043_55039829,R0002_55043136,0.8257575757575757
R0043_55039829,R0002_55014421,0.8257575757575757
R0043_55039829,R0002_55003518,0.6007575757575758
R0043_55039829,R0002_55027319,0.6007575757575758
R0043_55039829,R0002_55035727,0.8257575757575757
R0043_55039829,R0002_55032858,0.8257575757575757
R0043_55039829,R0002_55029026,0.7257575757575758
R0043_55039829,R0002_55039889,0.8257575757575757
R0043_55039829,R0002_55041025,0.8257575757575757
R0043_55039829,R0002_55041833,0.8257575757575757
R0043_55039829,R0002_55031084,0.8257575757575757
R0043_55039829,R0002_55030125,0.8257575757575757
R0043_55039829,R0002_55011220,0.6007575757575758
R0043_55039829,R0002_55043779,0.8257575757575757
R0043_55039829,R0002_55026664,0.8257575757575757
R0043_55039829,R0002_55037878,0.6007575757575758
R0043_55039829,R0002_55043901,0.7507575757575757
R0043_55039829,R0002_55037718,0.8257575757575757
R0043_55039829,R0002_55042075,0.7507575757575757
R0043_55039829,R0002_55031358,0.8257575757575757
R0043_55039829,R0002_55025080,0.6007575757575758
R0043_55039829,R0002_55037283,0.8257575757575757
R0043_55039829,R0002_55019387,0.7257575757575758
R0043_55039829,R0043_55035478,0.925
R0043_55039829,R0043_55032756,0.85
R0043_55039829,R0043_55039677,1.0
R0043_55039829,R0043_55039678,1.0
R0043_55039829,R0043_55029067,1.0
R0043_55039829,R0043_55036252,1.0
R0043_55039829,R0043_55034675,1.0
R0043_55039829,R0043_55031083,1.0
R0043_55039829,R0043_55036209,1.0
R0043_55039829,R0043_55035181,1.0
R0043_55039829,R0043_55032758,0.9
R0043_55039829,R0043_55039681,1.0
R0043_55039829,R0043_55039682,1.0
R0043_55039829,R0043_55039683,1.0
R0043_55039829,R0043_55039684,1.0
R0043_55039829,R0043_55032632,0.925
R0043_55039829,R0043_55021537,0.925
R0043_55039829,R0043_55041926,0.85
R0043_55039829,R0043_55029012,1.0
R0043_55039829,R0043_55034882,1.0
R0043_55039829,R0043_55039679,1.0
R0043_55039829,R0043_55032862,1.0
R0043_55039829,R0043_55032759,1.0
R0043_55039829,R0043_55037980,1.0
R0043_55039829,R0043_55037979,1.0
R0043_55039829,R0043_55027552,1.0
R0043_55039829,R0043_55034879,1.0
R0043_55039829,R0043_55032908,1.0
R0043_55039829,R0043_55039686,0.85
R0043_55039829,R0043_55032863,1.0
R0043_55039829,R0043_55009127,0.85
R0043_55039829,R0043_55036250,1.0
R0043_55039829,R0043_55034880,0.9
R0043_55039829,R0043_55032860,1.0
R0043_55039829,R0043_55029506,0.925
R0043_55039829,R0043_55031288,0.9
R0043_55039829,R0043_55036124,1.0
R0043_55039829,R0043_55039830,1.0
R0043_55039829,R0043_55034325,0.9
R0043_55039829,R0043_55031080,0.775
R0043_55039829,R0043_55031077,1.0
R0043_55039829,R0043_55017366,0.925
R0043_55039829,R0043_55034335,1.0
R0043_55039829,R0043_55031005,0.85
R0043_55039829,R0055_55007584,0.6946969696969697
R0043_55039829,R0055_55007583,0.7446969696969696
R0043_55039829,R0204_55005925,0.8522727272727273
R0043_55039829,R0204_55032685,0.7772727272727273
R0043_55039829,R0204_55035156,0.7522727272727272
R0043_55039829,R0204_55022352,0.7772727272727273
R0043_55039829,R0204_55004131,0.8522727272727273
R0043_55039829,R0207_55036375,0.8484848484848485
R0043_55039829,R0207_55032672,0.7734848484848484
R0043_55039829,R0207_55032673,0.7734848484848484
R0043_55039829,R0290_55038074,0.6984848484848485
R0043_55039829,R0290_55041439,0.7734848484848484
R0043_55039829,R0290_55041442,0.7734848484848484
R0043_55039829,R0290_55041438,0.7734848484848484
R0043_55039829,R0290_55041440,0.7734848484848484
R0043_55039829,R0290_55041441,0.7734848484848484
R0043_55039829,R0290_55030423,0.7734848484848484
R0043_55039829,R0290_55039755,0.7734848484848484
R0043_55039829,R0290_55026840,0.7734848484848484
R0043_55039829,R0290_55038681,0.7734848484848484
R0043_55039829,R0290_55033209,0.7734848484848484
R0043_55039829,R0290_55043722,0.8484848484848485
R0043_55039829,R0377_55039577,0.7772727272727273
R0043_55039829,R0377_55032663,0.7772727272727273
R0043_55039829,R0377_55036003,0.8522727272727273
R0043_55039829,R0377_55036004,0.8522727272727273
R0043_55039829,R0377_55036006,0.8522727272727273
R0043_55039829,R0377_55036007,0.8522727272727273
R0043_55039829,R0377_55036008,0.8522727272727273
R0043_55039829,R0377_55036009,0.8522727272727273
R0043_55039829,R0377_55043375,0.8522727272727273
R0043_55039829,R0377_55032655,0.7522727272727272
R0043_55039829,R0377_55034860,0.7772727272727273
R0043_55039829,R0377_55042881,0.7772727272727273
R0043_55039829,R0377_55033035,0.7522727272727272
R0043_55039829,R0377_55044076,0.8522727272727273
R0043_55039829,R0377_55036698,0.7772727272727273
R0043_55039829,R0377_55032664,0.7022727272727273
R0043_55039829,R0377_55038331,0.8522727272727273
R0043_55039829,R0377_55041814,0.8522727272727273
R0043_55039829,R0377_55041025,0.8522727272727273
R0043_55039829,R0377_55039651,0.8522727272727273
R0043_55039829,R0377_55044100,0.7022727272727273
R0043_55039829,R0377_55026719,0.7022727272727273
R0043_55031080,R0002_55043311,0.8257575757575757
R0043_55031080,R0002_55036002,0.7507575757575757
R0043_55031080,R0002_55015378,0.7507575757575757
R0043_55031080,R0002_55032731,0.8257575757575757
R0043_55031080,R0002_55025944,0.7257575757575758
R0043_55031080,R0002_55024341,0.7257575757575758
R0043_55031080,R0002_55041509,0.7257575757575758
R0043_55031080,R0002_55036059,0.7507575757575757
R0043_55031080,R0002_55037787,0.7507575757575757
R0043_55031080,R0002_55039851,0.8257575757575757
R0043_55031080,R0002_55032782,0.7507575757575757
R0043_55031080,R0002_55036171,0.7257575757575758
R0043_55031080,R0002_55035505,0.7257575757575758
R0043_55031080,R0002_55011002,0.7507575757575757
R0043_55031080,R0002_55031467,0.7257575757575758
R0043_55031080,R0002_55028991,0.7507575757575757
R0043_55031080,R0002_55027831,0.7257575757575758
R0043_55031080,R0002_55038839,0.7257575757575758
R0043_55031080,R0002_55019960,0.7507575757575757
R0043_55031080,R0002_55033035,0.7507575757575757
R0043_55031080,R0002_55006197,0.7507575757575757
R0043_55031080,R0002_55036505,0.8257575757575757
R0043_55031080,R0002_55044076,0.7507575757575757
R0043_55031080,R0002_55036050,0.8257575757575757
R0043_55031080,R0002_55037530,0.7257575757575758
R0043_55031080,R0002_55040793,0.7507575757575757
R0043_55031080,R0002_55043136,0.7507575757575757
R0043_55031080,R0002_55014421,0.7507575757575757
R0043_55031080,R0002_55003518,0.8257575757575757
R0043_55031080,R0002_55027319,0.8257575757575757
R0043_55031080,R0002_55035727,0.7507575757575757
R0043_55031080,R0002_55032858,0.7507575757575757
R0043_55031080,R0002_55029026,0.7007575757575757
R0043_55031080,R0002_55039889,0.7507575757575757
R0043_55031080,R0002_55041025,0.7507575757575757
R0043_55031080,R0002_55041833,0.7507575757575757
R0043_55031080,R0002_55031084,0.7507575757575757
R0043_55031080,R0002_55030125,0.7507575757575757
R0043_55031080,R0002_55011220,0.8257575757575757
R0043_55031080,R0002_55043779,0.7507575757575757
R0043_55031080,R0002_55026664,0.7507575757575757
R0043_55031080,R0002_55037878,0.8257575757575757
R0043_55031080,R0002_55043901,0.7257575757575758
R0043_55031080,R0002_55037718,0.7507575757575757
R0043_55031080,R0002_55042075,0.7257575757575758
R0043_55031080,R0002_55031358,0.7507575757575757
R0043_55031080,R0002_55025080,0.8257575757575757
R0043_55031080,R0002_55037283,0.7507575757575757
R0043_55031080,R0002_55019387,0.7007575757575757
R0043_55031080,R0043_55035478,0.9
R0043_55031080,R0043_55032756,0.825
R0043_55031080,R0043_55039677,0.925
R0043_55031080,R0043_55039678,0.925
R0043_55031080,R0043_55029067,0.925
R0043_55031080,R0043_55036252,0.925
R0043_55031080,R0043_55034675,0.925
R0043_55031080,R0043_55031083,0.925
R0043_55031080,R0043_55036209,0.925
R0043_55031080,R0043_55035181,0.925
R0043_55031080,R0043_55032758,0.875
R0043_55031080,R0043_55039681,0.925
R0043_55031080,R0043_55039682,0.925
R0043_55031080,R0043_55039683,0.925
R0043_55031080,R0043_55039684,0.925
R0043_55031080,R0043_55032632,0.9
R0043_55031080,R0043_55021537,0.9
R0043_55031080,R0043_55041926,0.825
R0043_55031080,R0043_55029012,0.925
R0043_55031080,R0043_55034882,0.925
R0043_55031080,R0043_55039679,0.925
R0043_55031080,R0043_55032862,0.925
R0043_55031080,R0043_55032759,0.925
R0043_55031080,R0043_55037980,0.925
R0043_55031080,R0043_55037979,0.925
R0043_55031080,R0043_55027552,0.925
R0043_55031080,R0043_55034879,0.925
R0043_55031080,R0043_55032908,0.925
R0043_55031080,R0043_55039686,0.825
R0043_55031080,R0043_55032863,0.925
R0043_55031080,R0043_55009127,0.825
R0043_55031080,R0043_55036250,0.925
R0043_55031080,R0043_55034880,0.875
R0043_55031080,R0043_55032860,0.925
R0043_55031080,R0043_55029506,0.9
R0043_55031080,R0043_55031288,0.875
R0043_55031080,R0043_55036124,0.925
R0043_55031080,R0043_55039830,0.925
R0043_55031080,R0043_55034325,0.875
R0043_55031080,R0043_55039829,0.925
R0043_55031080,R0043_55031077,0.925
R0043_55031080,R0043_55017366,0.9
R0043_55031080,R0043_55034335,0.925
R0043_55031080,R0043_55031005,0.825
R0043_55031080,R0055_55007584,0.6696969696969697
R0043_55031080,R0055_55007583,0.7196969696969697
R0043_55031080,R0204_55005925,0.7772727272727273
R0043_55031080,R0204_55032685,0.7522727272727272
R0043_55031080,R0204_55035156,0.7272727272727273
R0043_55031080,R0204_55022352,0.7522727272727272
R0043_55031080,R0204_55004131,0.7772727272727273
R0043_55031080,R0207_55036375,0.7734848484848484
R0043_55031080,R0207_55032672,0.7484848484848485
R0043_55031080,R0207_55032673,0.7484848484848485
R0043_55031080,R0290_55038074,0.6734848484848485
R0043_55031080,R0290_55041439,0.7484848484848485
R0043_55031080,R0290_55041442,0.7484848484848485
R0043_55031080,R0290_55041438,0.7484848484848485
R0043_55031080,R0290_55041440,0.7484848484848485
R0043_55031080,R0290_55041441,0.7484848484848485
R0043_55031080,R0290_55030423,0.7484848484848485
R0043_55031080,R0290_55039755,0.7484848484848485
R0043_55031080,R0290_55026840,0.7484848484848485
R0043_55031080,R0290_55038681,0.7484848484848485
R0043_55031080,R0290_55033209,0.7484848484848485
R0043_55031080,R0290_55043722,0.7734848484848484
R0043_55031080,R0377_55039577,0.7522727272727272
R0043_55031080,R0377_55032663,0.7522727272727272
R0043_55031080,R0377_55036003,0.7772727272727273
R0043_55031080,R0377_55036004,0.7772727272727273
R0043_55031080,R0377_55036006,0.7772727272727273
R0043_55031080,R0377_55036007,0.7772727272727273
R0043_55031080,R0377_55036008,0.7772727272727273
R0043_55031080,R0377_55036009,0.7772727272727273
R0043_55031080,R0377_55043375,0.7772727272727273
R0043_55031080,R0377_55032655,0.7272727272727273
R0043_55031080,R0377_55034860,0.7522727272727272
R0043_55031080,R0377_55042881,0.7522727272727272
R0043_55031080,R0377_55033035,0.7272727272727273
R0043_55031080,R0377_55044076,0.7772727272727273
R0043_55031080,R0377_55036698,0.7522727272727272
R0043_55031080,R0377_55032664,0.6772727272727272
R0043_55031080,R0377_55038331,0.7772727272727273
R0043_55031080,R0377_55041814,0.7772727272727273
R0043_55031080,R0377_55041025,0.7772727272727273
R0043_55031080,R0377_55039651,0.7772727272727273
R0043_55031080,R0377_55044100,0.6772727272727272
R0043_55031080,R0377_55026719,0.6772727272727272
R0043_55031077,R0002_55043311,0.6007575757575758
R0043_55031077,R0002_55036002,0.8257575757575757
R0043_55031077,R0002_55015378,0.8257575757575757
R0043_55031077,R0002_55032731,0.6007575757575758
R0043_55031077,R0002_55025944,0.7507575757575757
R0043_55031077,R0002_55024341,0.7507575757575757
R0043_55031077,R0002_55041509,0.7507575757575757
R0043_55031077,R0002_55036059,0.8257575757575757
R0043_55031077,R0002_55037787,0.8257575757575757
R0043_55031077,R0002_55039851,0.6007575757575758
R0043_55031077,R0002_55032782,0.8257575757575757
R0043_55031077,R0002_55036171,0.7507575757575757
R0043_55031077,R0002_55035505,0.7507575757575757
R0043_55031077,R0002_55011002,0.8257575757575757
R0043_55031077,R0002_55031467,0.7507575757575757
R0043_55031077,R0002_55028991,0.8257575757575757
R0043_55031077,R0002_55027831,0.7507575757575757
R0043_55031077,R0002_55038839,0.7507575757575757
R0043_55031077,R0002_55019960,0.8257575757575757
R0043_55031077,R0002_55033035,0.8257575757575757
R0043_55031077,R0002_55006197,0.8257575757575757
R0043_55031077,R0002_55036505,0.6007575757575758
R0043_55031077,R0002_55044076,0.8257575757575757
R0043_55031077,R0002_55036050,0.6007575757575758
R0043_55031077,R0002_55037530,0.7507575757575757
R0043_55031077,R0002_55040793,0.8257575757575757
R0043_55031077,R0002_55043136,0.8257575757575757
R0043_55031077,R0002_55014421,0.8257575757575757
R0043_55031077,R0002_55003518,0.6007575757575758
R0043_55031077,R0002_55027319,0.6007575757575758
R0043_55031077,R0002_55035727,0.8257575757575757
R0043_55031077,R0002_55032858,0.8257575757575757
R0043_55031077,R0002_55029026,0.7257575757575758
R0043_55031077,R0002_55039889,0.8257575757575757
R0043_55031077,R0002_55041025,0.8257575757575757
R0043_55031077,R0002_55041833,0.8257575757575757
R0043_55031077,R0002_55031084,0.8257575757575757
R0043_55031077,R0002_55030125,0.8257575757575757
R0043_55031077,R0002_55011220,0.6007575757575758
R0043_55031077,R0002_55043779,0.8257575757575757
R0043_55031077,R0002_55026664,0.8257575757575757
R0043_55031077,R0002_55037878,0.6007575757575758
R0043_55031077,R0002_55043901,0.7507575757575757
R0043_55031077,R0002_55037718,0.8257575757575757
R0043_55031077,R0002_55042075,0.7507575757575757
R0043_55031077,R0002_55031358,0.8257575757575757
R0043_55031077,R0002_55025080,0.6007575757575758
R0043_55031077,R0002_55037283,0.8257575757575757
R0043_55031077,R0002_55019387,0.7257575757575758
R0043_55031077,R0043_55035478,0.925
R0043_55031077,R0043_55032756,0.85
R0043_55031077,R0043_55039677,1.0
R0043_55031077,R0043_55039678,1.0
R0043_55031077,R0043_55029067,1.0
R0043_55031077,R0043_55036252,1.0
R0043_55031077,R0043_55034675,1.0
R0043_55031077,R0043_55031083,1.0
R0043_55031077,R0043_55036209,1.0
R0043_55031077,R0043_55035181,1.0
R0043_55031077,R0043_55032758,0.9
R0043_55031077,R0043_55039681,1.0
R0043_55031077,R0043_55039682,1.0
R0043_55031077,R0043_55039683,1.0
R0043_55031077,R0043_55039684,1.0
R0043_55031077,R0043_55032632,0.925
R0043_55031077,R0043_55021537,0.925
R0043_55031077,R0043_55041926,0.85
R0043_55031077,R0043_55029012,1.0
R0043_55031077,R0043_55034882,1.0
R0043_55031077,R0043_55039679,1.0
R0043_55031077,R0043_55032862,1.0
R0043_55031077,R0043_55032759,1.0
R0043_55031077,R0043_55037980,1.0
R0043_55031077,R0043_55037979,1.0
R0043_55031077,R0043_55027552,1.0
R0043_55031077,R0043_55034879,1.0
R0043_55031077,R0043_55032908,1.0
R0043_55031077,R0043_55039686,0.85
R0043_55031077,R0043_55032863,1.0
R0043_55031077,R0043_55009127,0.85
R0043_55031077,R0043_55036250,1.0
R0043_55031077,R0043_55034880,0.9
R0043_55031077,R0043_55032860,1.0
R0043_55031077,R0043_55029506,0.925
R0043_55031077,R0043_55031288,0.9
R0043_55031077,R0043_55036124,1.0
R0043_55031077,R0043_55039830,1.0
R0043_55031077,R0043_55034325,0.9
R0043_55031077,R0043_55039829,1.0
R0043_55031077,R0043_55031080,0.775
R0043_55031077,R0043_55017366,0.925
R0043_55031077,R0043_55034335,1.0
R0043_55031077,R0043_55031005,0.85
R0043_55031077,R0055_55007584,0.6946969696969697
R0043_55031077,R0055_55007583,0.7446969696969696
R0043_55031077,R0204_55005925,0.8522727272727273
R0043_55031077,R0204_55032685,0.7772727272727273
R0043_55031077,R0204_55035156,0.7522727272727272
R0043_55031077,R0204_55022352,0.7772727272727273
R0043_55031077,R0204_55004131,0.8522727272727273
R0043_55031077,R0207_55036375,0.8484848484848485
R0043_55031077,R0207_55032672,0.7734848484848484
R0043_55031077,R0207_55032673,0.7734848484848484
R0043_55031077,R0290_55038074,0.6984848484848485
R0043_55031077,R0290_55041439,0.7734848484848484
R0043_55031077,R0290_55041442,0.7734848484848484
R0043_55031077,R0290_55041438,0.7734848484848484
R0043_55031077,R0290_55041440,0.7734848484848484
R0043_55031077,R0290_55041441,0.7734848484848484
R0043_55031077,R0290_55030423,0.7734848484848484
R0043_55031077,R0290_55039755,0.7734848484848484
R0043_55031077,R0290_55026840,0.7734848484848484
R0043_55031077,R0290_55038681,0.7734848484848484
R0043_55031077,R0290_55033209,0.7734848484848484
R0043_55031077,R0290_55043722,0.8484848484848485
R0043_55031077,R0377_55039577,0.7772727272727273
R0043_55031077,R0377_55032663,0.7772727272727273
R0043_55031077,R0377_55036003,0.8522727272727273
R0043_55031077,R0377_55036004,0.8522727272727273
R0043_55031077,R0377_55036006,0.8522727272727273
R0043_55031077,R0377_55036007,0.8522727272727273
R0043_55031077,R0377_55036008,0.8522727272727273
R0043_55031077,R0377_55036009,0.8522727272727273
R0043_55031077,R0377_55043375,0.8522727272727273
R0043_55031077,R0377_55032655,0.7522727272727272
R0043_55031077,R0377_55034860,0.7772727272727273
R0043_55031077,R0377_55042881,0.7772727272727273
R0043_55031077,R0377_55033035,0.7522727272727272
R0043_55031077,R0377_55044076,0.8522727272727273
R0043_55031077,R0377_55036698,0.7772727272727273
R0043_55031077,R0377_55032664,0.7022727272727273
R0043_55031077,R0377_55038331,0.8522727272727273
R0043_55031077,R0377_55041814,0.8522727272727273
R0043_55031077,R0377_55041025,0.8522727272727273
R0043_55031077,R0377_55039651,0.8522727272727273
R0043_55031077,R0377_55044100,0.7022727272727273
R0043_55031077,R0377_55026719,0.7022727272727273
R0043_55017366,R0002_55043311,0.5757575757575757
R0043_55017366,R0002_55036002,0.6007575757575758
R0043_55017366,R0002_55015378,0.6007575757575758
R0043_55017366,R0002_55032731,0.5757575757575757
R0043_55017366,R0002_55025944,0.8257575757575757
R0043_55017366,R0002_55024341,0.8257575757575757
R0043_55017366,R0002_55041509,0.8257575757575757
R0043_55017366,R0002_55036059,0.6007575757575758
R0043_55017366,R0002_55037787,0.6007575757575758
R0043_55017366,R0002_55039851,0.5757575757575757
R0043_55017366,R0002_55032782,0.6007575757575758
R0043_55017366,R0002_55036171,0.8257575757575757
R0043_55017366,R0002_55035505,0.8257575757575757
R0043_55017366,R0002_55011002,0.6007575757575758
R0043_55017366,R0002_55031467,0.8257575757575757
R0043_55017366,R0002_55028991,0.6007575757575758
R0043_55017366,R0002_55027831,0.8257575757575757
R0043_55017366,R0002_55038839,0.8257575757575757
R0043_55017366,R0002_55019960,0.6007575757575758
R0043_55017366,R0002_55033035,0.6007575757575758
R0043_55017366,R0002_55006197,0.6007575757575758
R0043_55017366,R0002_55036505,0.5757575757575757
R0043_55017366,R0002_55044076,0.6007575757575758
R0043_55017366,R0002_55036050,0.5757575757575757
R0043_55017366,R0002_55037530,0.8257575757575757
R0043_55017366,R0002_55040793,0.6007575757575758
R0043_55017366,R0002_55043136,0.6007575757575758
R0043_55017366,R0002_55014421,0.6007575757575758
R0043_55017366,R0002_55003518,0.5757575757575757
R0043_55017366,R0002_55027319,0.5757575757575757
R0043_55017366,R0002_55035727,0.6007575757575758
R0043_55017366,R0002_55032858,0.6007575757575758
R0043_55017366,R0002_55029026,0.7507575757575757
R0043_55017366,R0002_55039889,0.6007575757575758
R0043_55017366,R0002_55041025,0.6007575757575758
R0043_55017366,R0002_55041833,0.6007575757575758
R0043_55017366,R0002_55031084,0.6007575757575758
R0043_55017366,R0002_55030125,0.6007575757575758
R0043_55017366,R0002_55011220,0.5757575757575757
R0043_55017366,R0002_55043779,0.6007575757575758
R0043_55017366,R0002_55026664,0.6007575757575758
R0043_55017366,R0002_55037878,0.5757575757575757
R0043_55017366,R0002_55043901,0.8257575757575757
R0043_55017366,R0002_55037718,0.6007575757575758
R0043_55017366,R0002_55042075,0.8257575757575757
R0043_55017366,R0002_55031358,0.6007575757575758
R0043_55017366,R0002_55025080,0.5757575757575757
R0043_55017366,R0002_55037283,0.6007575757575758
R0043_55017366,R0002_55019387,0.7507575757575757
R0043_55017366,R0043_55035478,1.0
R0043_55017366,R0043_55032756,0.875
R0043_55017366,R0043_55039677,0.775
R0043_55017366,R0043_55039678,0.775
R0043_55017366,R0043_55029067,0.775
R0043_55017366,R0043_55036252,0.775
R0043_55017366,R0043_55034675,0.775
R0043_55017366,R0043_55031083,0.775
R0043_55017366,R0043_55036209,0.775
R0043_55017366,R0043_55035181,0.775
R0043_55017366,R0043_55032758,0.925
R0043_55017366,R0043_55039681,0.775
R0043_55017366,R0043_55039682,0.775
R0043_55017366,R0043_55039683,0.775
R0043_55017366,R0043_55039684,0.775
R0043_55017366,R0043_55032632,1.0
R0043_55017366,R0043_55021537,1.0
R0043_55017366,R0043_55041926,0.875
R0043_55017366,R0043_55029012,0.775
R0043_55017366,R0043_55034882,0.775
R0043_55017366,R0043_55039679,0.775
R0043_55017366,R0043_55032862,0.775
R0043_55017366,R0043_55032759,0.775
R0043_55017366,R0043_55037980,0.775
R0043_55017366,R0043_55037979,0.775
R0043_55017366,R0043_55027552,0.775
R0043_55017366,R0043_55034879,0.775
R0043_55017366,R0043_55032908,0.775
R0043_55017366,R0043_55039686,0.875
R0043_55017366,R0043_55032863,0.775
R0043_55017366,R0043_55009127,0.875
R0043_55017366,R0043_55036250,0.775
R0043_55017366,R0043_55034880,0.925
R0043_55017366,R0043_55032860,0.775
R0043_55017366,R0043_55029506,1.0
R0043_55017366,R0043_55031288,0.925
R0043_55017366,R0043_55036124,0.775
R0043_55017366,R0043_55039830,0.775
R0043_55017366,R0043_55034325,0.925
R0043_55017366,R0043_55039829,0.775
R0043_55017366,R0043_55031080,0.75
R0043_55017366,R0043_55031077,0.775
R0043_55017366,R0043_55034335,0.775
R0043_55017366,R0043_55031005,0.875
R0043_55017366,R0055_55007584,0.7196969696969697
R0043_55017366,R0055_55007583,0.7696969696969697
R0043_55017366,R0204_55005925,0.6272727272727273
R0043_55017366,R0204_55032685,0.8522727272727273
R0043_55017366,R0204_55035156,0.7772727272727273
R0043_55017366,R0204_55022352,0.8522727272727273
R0043_55017366,R0204_55004131,0.6272727272727273
R0043_55017366,R0207_55036375,0.6234848484848485
R0043_55017366,R0207_55032672,0.8484848484848485
R0043_55017366,R0207_55032673,0.8484848484848485
R0043_55017366,R0290_55038074,0.7234848484848484
R0043_55017366,R0290_55041439,0.8484848484848485
R0043_55017366,R0290_55041442,0.8484848484848485
R0043_55017366,R0290_55041438,0.8484848484848485
R0043_55017366,R0290_55041440,0.8484848484848485
R0043_55017366,R0290_55041441,0.8484848484848485
R0043_55017366,R0290_55030423,0.8484848484848485
R0043_55017366,R0290_55039755,0.8484848484848485
R0043_55017366,R0290_55026840,0.8484848484848485
R0043_55017366,R0290_55038681,0.8484848484848485
R0043_55017366,R0290_55033209,0.8484848484848485
R0043_55017366,R0290_55043722,0.6234848484848485
R0043_55017366,R0377_55039577,0.8522727272727273
R0043_55017366,R0377_55032663,0.8522727272727273
R0043_55017366,R0377_55036003,0.6272727272727273
R0043_55017366,R0377_55036004,0.6272727272727273
R0043_55017366,R0377_55036006,0.6272727272727273
R0043_55017366,R0377_55036007,0.6272727272727273
R0043_55017366,R0377_55036008,0.6272727272727273
R0043_55017366,R0377_55036009,0.6272727272727273
R0043_55017366,R0377_55043375,0.6272727272727273
R0043_55017366,R0377_55032655,0.7772727272727273
R0043_55017366,R0377_55034860,0.8522727272727273
R0043_55017366,R0377_55042881,0.8522727272727273
R0043_55017366,R0377_55033035,0.7772727272727273
R0043_55017366,R0377_55044076,0.6272727272727273
R0043_55017366,R0377_55036698,0.8522727272727273
R0043_55017366,R0377_55032664,0.7272727272727273
R0043_55017366,R0377_55038331,0.6272727272727273
R0043_55017366,R0377_55041814,0.6272727272727273
R0043_55017366,R0377_55041025,0.6272727272727273
R0043_55017366,R0377_55039651,0.6272727272727273
R0043_55017366,R0377_55044100,0.7272727272727273
R0043_55017366,R0377_55026719,0.7272727272727273
R0043_55034335,R0002_55043311,0.6007575757575758
R0043_55034335,R0002_55036002,0.8257575757575757
R0043_55034335,R0002_55015378,0.8257575757575757
R0043_55034335,R0002_55032731,0.6007575757575758
R0043_55034335,R0002_55025944,0.7507575757575757
R0043_55034335,R0002_55024341,0.7507575757575757
R0043_55034335,R0002_55041509,0.7507575757575757
R0043_55034335,R0002_55036059,0.8257575757575757
R0043_55034335,R0002_55037787,0.8257575757575757
R0043_55034335,R0002_55039851,0.6007575757575758
R0043_55034335,R0002_55032782,0.8257575757575757
R0043_55034335,R0002_55036171,0.7507575757575757
R0043_55034335,R0002_55035505,0.7507575757575757
R0043_55034335,R0002_55011002,0.8257575757575757
R0043_55034335,R0002_55031467,0.7507575757575757
R0043_55034335,R0002_55028991,0.8257575757575757
R0043_55034335,R0002_55027831,0.7507575757575757
R0043_55034335,R0002_55038839,0.7507575757575757
R0043_55034335,R0002_55019960,0.8257575757575757
R0043_55034335,R0002_55033035,0.8257575757575757
R0043_55034335,R0002_55006197,0.8257575757575757
R0043_55034335,R0002_55036505,0.6007575757575758
R0043_55034335,R0002_55044076,0.8257575757575757
R0043_55034335,R0002_55036050,0.6007575757575758
R0043_55034335,R0002_55037530,0.7507575757575757
R0043_55034335,R0002_55040793,0.8257575757575757
R0043_55034335,R0002_55043136,0.8257575757575757
R0043_55034335,R0002_55014421,0.8257575757575757
R0043_55034335,R0002_55003518,0.6007575757575758
R0043_55034335,R0002_55027319,0.6007575757575758
R0043_55034335,R0002_55035727,0.8257575757575757
R0043_55034335,R0002_55032858,0.8257575757575757
R0043_55034335,R0002_55029026,0.7257575757575758
R0043_55034335,R0002_55039889,0.8257575757575757
R0043_55034335,R0002_55041025,0.8257575757575757
R0043_55034335,R0002_55041833,0.8257575757575757
R0043_55034335,R0002_55031084,0.8257575757575757
R0043_55034335,R0002_55030125,0.8257575757575757
R0043_55034335,R0002_55011220,0.6007575757575758
R0043_55034335,R0002_55043779,0.8257575757575757
R0043_55034335,R0002_55026664,0.8257575757575757
R0043_55034335,R0002_55037878,0.6007575757575758
R0043_55034335,R0002_55043901,0.7507575757575757
R0043_55034335,R0002_55037718,0.8257575757575757
R0043_55034335,R0002_55042075,0.7507575757575757
R0043_55034335,R0002_55031358,0.8257575757575757
R0043_55034335,R0002_55025080,0.6007575757575758
R0043_55034335,R0002_55037283,0.8257575757575757
R0043_55034335,R0002_55019387,0.7257575757575758
R0043_55034335,R0043_55035478,0.925
R0043_55034335,R0043_55032756,0.85
R0043_55034335,R0043_55039677,1.0
R0043_55034335,R0043_55039678,1.0
R0043_55034335,R0043_55029067,1.0
R0043_55034335,R0043_55036252,1.0
R0043_55034335,R0043_55034675,1.0
R0043_55034335,R0043_55031083,1.0
R0043_55034335,R0043_55036209,1.0
R0043_55034335,R0043_55035181,1.0
R0043_55034335,R0043_55032758,0.9
R0043_55034335,R0043_55039681,1.0
R0043_55034335,R0043_55039682,1.0
R0043_55034335,R0043_55039683,1.0
R0043_55034335,R0043_55039684,1.0
R0043_55034335,R0043_55032632,0.925
R0043_55034335,R0043_55021537,0.925
R0043_55034335,R0043_55041926,0.85
R0043_55034335,R0043_55029012,1.0
R0043_55034335,R0043_55034882,1.0
R0043_55034335,R0043_55039679,1.0
R0043_55034335,R0043_55032862,1.0
R0043_55034335,R0043_55032759,1.0
R0043_55034335,R0043_55037980,1.0
R0043_55034335,R0043_55037979,1.0
R0043_55034335,R0043_55027552,1.0
R0043_55034335,R0043_55034879,1.0
R0043_55034335,R0043_55032908,1.0
R0043_55034335,R0043_55039686,0.85
R0043_55034335,R0043_55032863,1.0
R0043_55034335,R0043_55009127,0.85
R0043_55034335,R0043_55036250,1.0
R0043_55034335,R0043_55034880,0.9
R0043_55034335,R0043_55032860,1.0
R0043_55034335,R0043_55029506,0.925
R0043_55034335,R0043_55031288,0.9
R0043_55034335,R0043_55036124,1.0
R0043_55034335,R0043_55039830,1.0
R0043_55034335,R0043_55034325,0.9
R0043_55034335,R0043_55039829,1.0
R0043_55034335,R0043_55031080,0.775
R0043_55034335,R0043_55031077,1.0
R0043_55034335,R0043_55017366,0.925
R0043_55034335,R0043_55031005,0.85
R0043_55034335,R0055_55007584,0.6946969696969697
R0043_55034335,R0055_55007583,0.7446969696969696
R0043_55034335,R0204_55005925,0.8522727272727273
R0043_55034335,R0204_55032685,0.7772727272727273
R0043_55034335,R0204_55035156,0.7522727272727272
R0043_55034335,R0204_55022352,0.7772727272727273
R0043_55034335,R0204_55004131,0.8522727272727273
R0043_55034335,R0207_55036375,0.8484848484848485
R0043_55034335,R0207_55032672,0.7734848484848484
R0043_55034335,R0207_55032673,0.7734848484848484
R0043_55034335,R0290_55038074,0.6984848484848485
R0043_55034335,R0290_55041439,0.7734848484848484
R0043_55034335,R0290_55041442,0.7734848484848484
R0043_55034335,R0290_55041438,0.7734848484848484
R0043_55034335,R0290_55041440,0.7734848484848484
R0043_55034335,R0290_55041441,0.7734848484848484
R0043_55034335,R0290_55030423,0.7734848484848484
R0043_55034335,R0290_55039755,0.7734848484848484
R0043_55034335,R0290_55026840,0.7734848484848484
R0043_55034335,R0290_55038681,0.7734848484848484
R0043_55034335,R0290_55033209,0.7734848484848484
R0043_55034335,R0290_55043722,0.8484848484848485
R0043_55034335,R0377_55039577,0.7772727272727273
R0043_55034335,R0377_55032663,0.7772727272727273
R0043_55034335,R0377_55036003,0.8522727272727273
R0043_55034335,R0377_55036004,0.8522727272727273
R0043_55034335,R0377_55036006,0.8522727272727273
R0043_55034335,R0377_55036007,0.8522727272727273
R0043_55034335,R0377_55036008,0.8522727272727273
R0043_55034335,R0377_55036009,0.8522727272727273
R0043_55034335,R0377_55043375,0.8522727272727273
R0043_55034335,R0377_55032655,0.7522727272727272
R0043_55034335,R0377_55034860,0.7772727272727273
R0043_55034335,R0377_55042881,0.7772727272727273
R0043_55034335,R0377_55033035,0.7522727272727272
R0043_55034335,R0377_55044076,0.8522727272727273
R0043_55034335,R0377_55036698,0.7772727272727273
R0043_55034335,R0377_55032664,0.7022727272727273
R0043_55034335,R0377_55038331,0.8522727272727273
R0043_55034335,R0377_55041814,0.8522727272727273
R0043_55034335,R0377_55041025,0.8522727272727273
R0043_55034335,R0377_55039651,0.8522727272727273
R0043_55034335,R0377_55044100,0.7022727272727273
R0043_55034335,R0377_55026719,0.7022727272727273
R0043_55031005,R0002_55043311,0.5757575757575757
R0043_55031005,R0002_55036002,0.5757575757575757
R0043_55031005,R0002_55015378,0.5757575757575757
R0043_55031005,R0002_55032731,0.5757575757575757
R0043_55031005,R0002_55025944,0.5757575757575757
R0043_55031005,R0002_55024341,0.5757575757575757
R0043_55031005,R0002_55041509,0.5757575757575757
R0043_55031005,R0002_55036059,0.5757575757575757
R0043_55031005,R0002_55037787,0.5757575757575757
R0043_55031005,R0002_55039851,0.5757575757575757
R0043_55031005,R0002_55032782,0.5757575757575757
R0043_55031005,R0002_55036171,0.5757575757575757
R0043_55031005,R0002_55035505,0.5757575757575757
R0043_55031005,R0002_55011002,0.5757575757575757
R0043_55031005,R0002_55031467,0.5757575757575757
R0043_55031005,R0002_55028991,0.5757575757575757
R0043_55031005,R0002_55027831,0.5757575757575757
R0043_55031005,R0002_55038839,0.5757575757575757
R0043_55031005,R0002_55019960,0.5757575757575757
R0043_55031005,R0002_55033035,0.5757575757575757
R0043_55031005,R0002_55006197,0.5757575757575757
R0043_55031005,R0002_55036505,0.5757575757575757
R0043_55031005,R0002_55044076,0.5757575757575757
R0043_55031005,R0002_55036050,0.5757575757575757
R0043_55031005,R0002_55037530,0.5757575757575757
R0043_55031005,R0002_55040793,0.5757575757575757
R0043_55031005,R0002_55043136,0.5757575757575757
R0043_55031005,R0002_55014421,0.5757575757575757
R0043_55031005,R0002_55003518,0.5757575757575757
R0043_55031005,R0002_55027319,0.5757575757575757
R0043_55031005,R0002_55035727,0.5757575757575757
R0043_55031005,R0002_55032858,0.5757575757575757
R0043_55031005,R0002_55029026,0.5757575757575757
R0043_55031005,R0002_55039889,0.5757575757575757
R0043_55031005,R0002_55041025,0.5757575757575757
R0043_55031005,R0002_55041833,0.5757575757575757
R0043_55031005,R0002_55031084,0.5757575757575757
R0043_55031005,R0002_55030125,0.5757575757575757
R0043_55031005,R0002_55011220,0.5757575757575757
R0043_55031005,R0002_55043779,0.5757575757575757
R0043_55031005,R0002_55026664,0.5757575757575757
R0043_55031005,R0002_55037878,0.5757575757575757
R0043_55031005,R0002_55043901,0.5757575757575757
R0043_55031005,R0002_55037718,0.5757575757575757
R0043_55031005,R0002_55042075,0.5757575757575757
R0043_55031005,R0002_55031358,0.5757575757575757
R0043_55031005,R0002_55025080,0.5757575757575757
R0043_55031005,R0002_55037283,0.5757575757575757
R0043_55031005,R0002_55019387,0.5757575757575757
R0043_55031005,R0043_55035478,0.75
R0043_55031005,R0043_55032756,1.0
R0043_55031005,R0043_55039677,0.75
R0043_55031005,R0043_55039678,0.75
R0043_55031005,R0043_55029067,0.75
R0043_55031005,R0043_55036252,0.75
R0043_55031005,R0043_55034675,0.75
R0043_55031005,R0043_55031083,0.75
R0043_55031005,R0043_55036209,0.75
R0043_55031005,R0043_55035181,0.75
R0043_55031005,R0043_55032758,0.75
R0043_55031005,R0043_55039681,0.75
R0043_55031005,R0043_55039682,0.75
R0043_55031005,R0043_55039683,0.75
R0043_55031005,R0043_55039684,0.75
R0043_55031005,R0043_55032632,0.75
R0043_55031005,R0043_55021537,0.75
R0043_55031005,R0043_55041926,1.0
R0043_55031005,R0043_55029012,0.75
R0043_55031005,R0043_55034882,0.75
R0043_55031005,R0043_55039679,0.75
R0043_55031005,R0043_55032862,0.75
R0043_55031005,R0043_55032759,0.75
R0043_55031005,R0043_55037980,0.75
R0043_55031005,R0043_55037979,0.75
R0043_55031005,R0043_55027552,0.75
R0043_55031005,R0043_55034879,0.75
R0043_55031005,R0043_55032908,0.75
R0043_55031005,R0043_55039686,1.0
R0043_55031005,R0043_55032863,0.75
R0043_55031005,R0043_55009127,1.0
R0043_55031005,R0043_55036250,0.75
R0043_55031005,R0043_55034880,0.75
R0043_55031005,R0043_55032860,0.75
R0043_55031005,R0043_55029506,0.75
R0043_55031005,R0043_55031288,0.75
R0043_55031005,R0043_55036124,0.75
R0043_55031005,R0043_55039830,0.75
R0043_55031005,R0043_55034325,0.75
R0043_55031005,R0043_55039829,0.75
R0043_55031005,R0043_55031080,0.75
R0043_55031005,R0043_55031077,0.75
R0043_55031005,R0043_55017366,0.75
R0043_55031005,R0043_55034335,0.75
R0043_55031005,R0055_55007584,0.8446969696969697
R0043_55031005,R0055_55007583,0.5946969696969697
R0043_55031005,R0204_55005925,0.6022727272727273
R0043_55031005,R0204_55032685,0.6022727272727273
R0043_55031005,R0204_55035156,0.6022727272727273
R0043_55031005,R0204_55022352,0.6022727272727273
R0043_55031005,R0204_55004131,0.6022727272727273
R0043_55031005,R0207_55036375,0.5984848484848485
R0043_55031005,R0207_55032672,0.5984848484848485
R0043_55031005,R0207_55032673,0.5984848484848485
R0043_55031005,R0290_55038074,0.8484848484848485
R0043_55031005,R0290_55041439,0.5984848484848485
R0043_55031005,R0290_55041442,0.5984848484848485
R0043_55031005,R0290_55041438,0.5984848484848485
R0043_55031005,R0290_55041440,0.5984848484848485
R0043_55031005,R0290_55041441,0.5984848484848485
R0043_55031005,R0290_55030423,0.5984848484848485
R0043_55031005,R0290_55039755,0.5984848484848485
R0043_55031005,R0290_55026840,0.5984848484848485
R0043_55031005,R0290_55038681,0.5984848484848485
R0043_55031005,R0290_55033209,0.5984848484848485
R0043_55031005,R0290_55043722,0.5984848484848485
R0043_55031005,R0377_55039577,0.6022727272727273
R0043_55031005,R0377_55032663,0.6022727272727273
R0043_55031005,R0377_55036003,0.6022727272727273
R0043_55031005,R0377_55036004,0.6022727272727273
R0043_55031005,R0377_55036006,0.6022727272727273
R0043_55031005,R0377_55036007,0.6022727272727273
R0043_55031005,R0377_55036008,0.6022727272727273
R0043_55031005,R0377_55036009,0.6022727272727273
R0043_55031005,R0377_55043375,0.6022727272727273
R0043_55031005,R0377_55032655,0.6022727272727273
R0043_55031005,R0377_55034860,0.6022727272727273
R0043_55031005,R0377_55042881,0.6022727272727273
R0043_55031005,R0377_55033035,0.6022727272727273
R0043_55031005,R0377_55044076,0.6022727272727273
R0043_55031005,R0377_55036698,0.6022727272727273
R0043_55031005,R0377_55032664,0.8522727272727273
R0043_55031005,R0377_55038331,0.6022727272727273
R0043_55031005,R0377_55041814,0.6022727272727273
R0043_55031005,R0377_55041025,0.6022727272727273
R0043_55031005,R0377_55039651,0.6022727272727273
R0043_55031005,R0377_55044100,0.8522727272727273
R0043_55031005,R0377_55026719,0.8522727272727273
R0055_55007584,R0002_55043311,0.5882352941176471
R0055_55007584,R0002_55036002,0.5882352941176471
R0055_55007584,R0002_55015378,0.5882352941176471
R0055_55007584,R0002_55032731,0.5882352941176471
R0055_55007584,R0002_55025944,0.5882352941176471
R0055_55007584,R0002_55024341,0.5882352941176471
R0055_55007584,R0002_55041509,0.5882352941176471
R0055_55007584,R0002_55036059,0.5882352941176471
R0055_55007584,R0002_55037787,0.5882352941176471
R0055_55007584,R0002_55039851,0.5882352941176471
R0055_55007584,R0002_55032782,0.5882352941176471
R0055_55007584,R0002_55036171,0.5882352941176471
R0055_55007584,R0002_55035505,0.5882352941176471
R0055_55007584,R0002_55011002,0.5882352941176471
R0055_55007584,R0002_55031467,0.5882352941176471
R0055_55007584,R0002_55028991,0.5882352941176471
R0055_55007584,R0002_55027831,0.5882352941176471
R0055_55007584,R0002_55038839,0.5882352941176471
R0055_55007584,R0002_55019960,0.5882352941176471
R0055_55007584,R0002_55033035,0.5882352941176471
R0055_55007584,R0002_55006197,0.5882352941176471
R0055_55007584,R0002_55036505,0.5882352941176471
R0055_55007584,R0002_55044076,0.5882352941176471
R0055_55007584,R0002_55036050,0.5882352941176471
R0055_55007584,R0002_55037530,0.5882352941176471
R0055_55007584,R0002_55040793,0.5882352941176471
R0055_55007584,R0002_55043136,0.5882352941176471
R0055_55007584,R0002_55014421,0.5882352941176471
R0055_55007584,R0002_55003518,0.5882352941176471
R0055_55007584,R0002_55027319,0.5882352941176471
R0055_55007584,R0002_55035727,0.5882352941176471
R0055_55007584,R0002_55032858,0.5882352941176471
R0055_55007584,R0002_55029026,0.5882352941176471
R0055_55007584,R0002_55039889,0.5882352941176471
R0055_55007584,R0002_55041025,0.5882352941176471
R0055_55007584,R0002_55041833,0.5882352941176471
R0055_55007584,R0002_55031084,0.5882352941176471
R0055_55007584,R0002_55030125,0.5882352941176471
R0055_55007584,R0002_55011220,0.5882352941176471
R0055_55007584,R0002_55043779,0.5882352941176471
R0055_55007584,R0002_55026664,0.5882352941176471
R0055_55007584,R0002_55037878,0.5882352941176471
R0055_55007584,R0002_55043901,0.5882352941176471
R0055_55007584,R0002_55037718,0.5882352941176471
R0055_55007584,R0002_55042075,0.5882352941176471
R0055_55007584,R0002_55031358,0.5882352941176471
R0055_55007584,R0002_55025080,0.5882352941176471
R0055_55007584,R0002_55037283,0.5882352941176471
R0055_55007584,R0002_55019387,0.5882352941176471
R0055_55007584,R0043_55035478,0.5919117647058824
R0055_55007584,R0043_55032756,0.8419117647058824
R0055_55007584,R0043_55039677,0.5919117647058824
R0055_55007584,R0043_55039678,0.5919117647058824
R0055_55007584,R0043_55029067,0.5919117647058824
R0055_55007584,R0043_55036252,0.5919117647058824
R0055_55007584,R0043_55034675,0.5919117647058824
R0055_55007584,R0043_55031083,0.5919117647058824
R0055_55007584,R0043_55036209,0.5919117647058824
R0055_55007584,R0043_55035181,0.5919117647058824
R0055_55007584,R0043_55032758,0.5919117647058824
R0055_55007584,R0043_55039681,0.5919117647058824
R0055_55007584,R0043_55039682,0.5919117647058824
R0055_55007584,R0043_55039683,0.5919117647058824
R0055_55007584,R0043_55039684,0.5919117647058824
R0055_55007584,R0043_55032632,0.5919117647058824
R0055_55007584,R0043_55021537,0.5919117647058824
R0055_55007584,R0043_55041926,0.8419117647058824
R0055_55007584,R0043_55029012,0.5919117647058824
R0055_55007584,R0043_55034882,0.5919117647058824
R0055_55007584,R0043_55039679,0.5919117647058824
R0055_55007584,R0043_55032862,0.5919117647058824
R0055_55007584,R0043_55032759,0.5919117647058824
R0055_55007584,R0043_55037980,0.5919117647058824
R0055_55007584,R0043_55037979,0.5919117647058824
R0055_55007584,R0043_55027552,0.5919117647058824
R0055_55007584,R0043_55034879,0.5919117647058824
R0055_55007584,R0043_55032908,0.5919117647058824
R0055_55007584,R0043_55039686,0.8419117647058824
R0055_55007584,R0043_55032863,0.5919117647058824
R0055_55007584,R0043_55009127,0.8419117647058824
R0055_55007584,R0043_55036250,0.5919117647058824
R0055_55007584,R0043_55034880,0.5919117647058824
R0055_55007584,R0043_55032860,0.5919117647058824
R0055_55007584,R0043_55029506,0.5919117647058824
R0055_55007584,R0043_55031288,0.5919117647058824
R0055_55007584,R0043_55036124,0.5919117647058824
R0055_55007584,R0043_55039830,0.5919117647058824
R0055_55007584,R0043_55034325,0.5919117647058824
R0055_55007584,R0043_55039829,0.5919117647058824
R0055_55007584,R0043_55031080,0.5919117647058824
R0055_55007584,R0043_55031077,0.5919117647058824
R0055_55007584,R0043_55017366,0.5919117647058824
R0055_55007584,R0043_55034335,0.5919117647058824
R0055_55007584,R0043_55031005,0.8419117647058824
R0055_55007584,R0055_55007583,0.75
R0055_55007584,R0204_55005925,0.5992647058823529
R0055_55007584,R0204_55032685,0.5992647058823529
R0055_55007584,R0204_55035156,0.5992647058823529
R0055_55007584,R0204_55022352,0.5992647058823529
R0055_55007584,R0204_55004131,0.5992647058823529
R0055_55007584,R0207_55036375,0.5882352941176471
R0055_55007584,R0207_55032672,0.5882352941176471
R0055_55007584,R0207_55032673,0.5882352941176471
R0055_55007584,R0290_55038074,0.8419117647058824
R0055_55007584,R0290_55041439,0.5919117647058824
R0055_55007584,R0290_55041442,0.5919117647058824
R0055_55007584,R0290_55041438,0.5919117647058824
R0055_55007584,R0290_55041440,0.5919117647058824
R0055_55007584,R0290_55041441,0.5919117647058824
R0055_55007584,R0290_55030423,0.5919117647058824
R0055_55007584,R0290_55039755,0.5919117647058824
R0055_55007584,R0290_55026840,0.5919117647058824
R0055_55007584,R0290_55038681,0.5919117647058824
R0055_55007584,R0290_55033209,0.5919117647058824
R0055_55007584,R0290_55043722,0.5919117647058824
R0055_55007584,R0377_55039577,0.5992647058823529
R0055_55007584,R0377_55032663,0.5992647058823529
R0055_55007584,R0377_55036003,0.5992647058823529
R0055_55007584,R0377_55036004,0.5992647058823529
R0055_55007584,R0377_55036006,0.5992647058823529
R0055_55007584,R0377_55036007,0.5992647058823529
R0055_55007584,R0377_55036008,0.5992647058823529
R0055_55007584,R0377_55036009,0.5992647058823529
R0055_55007584,R0377_55043375,0.5992647058823529
R0055_55007584,R0377_55032655,0.5992647058823529
R0055_55007584,R0377_55034860,0.5992647058823529
R0055_55007584,R0377_55042881,0.5992647058823529
R0055_55007584,R0377_55033035,0.5992647058823529
R0055_55007584,R0377_55044076,0.5992647058823529
R0055_55007584,R0377_55036698,0.5992647058823529
R0055_55007584,R0377_55032664,0.8492647058823529
R0055_55007584,R0377_55038331,0.5992647058823529
R0055_55007584,R0377_55041814,0.5992647058823529
R0055_55007584,R0377_55041025,0.5992647058823529
R0055_55007584,R0377_55039651,0.5992647058823529
R0055_55007584,R0377_55044100,0.8492647058823529
R0055_55007584,R0377_55026719,0.8492647058823529
R0055_55007583,R0002_55043311,0.5882352941176471
R0055_55007583,R0002_55036002,0.5882352941176471
R0055_55007583,R0002_55015378,0.5882352941176471
R0055_55007583,R0002_55032731,0.5882352941176471
R0055_55007583,R0002_55025944,0.6132352941176471
R0055_55007583,R0002_55024341,0.6132352941176471
R0055_55007583,R0002_55041509,0.6132352941176471
R0055_55007583,R0002_55036059,0.5882352941176471
R0055_55007583,R0002_55037787,0.5882352941176471
R0055_55007583,R0002_55039851,0.5882352941176471
R0055_55007583,R0002_55032782,0.5882352941176471
R0055_55007583,R0002_55036171,0.6132352941176471
R0055_55007583,R0002_55035505,0.6132352941176471
R0055_55007583,R0002_55011002,0.5882352941176471
R0055_55007583,R0002_55031467,0.6132352941176471
R0055_55007583,R0002_55028991,0.5882352941176471
R0055_55007583,R0002_55027831,0.6132352941176471
R0055_55007583,R0002_55038839,0.6132352941176471
R0055_55007583,R0002_55019960,0.5882352941176471
R0055_55007583,R0002_55033035,0.5882352941176471
R0055_55007583,R0002_55006197,0.5882352941176471
R0055_55007583,R0002_55036505,0.5882352941176471
R0055_55007583,R0002_55044076,0.5882352941176471
R0055_55007583,R0002_55036050,0.5882352941176471
R0055_55007583,R0002_55037530,0.6132352941176471
R0055_55007583,R0002_55040793,0.5882352941176471
R0055_55007583,R0002_55043136,0.5882352941176471
R0055_55007583,R0002_55014421,0.5882352941176471
R0055_55007583,R0002_55003518,0.5882352941176471
R0055_55007583,R0002_55027319,0.5882352941176471
R0055_55007583,R0002_55035727,0.5882352941176471
R0055_55007583,R0002_55032858,0.5882352941176471
R0055_55007583,R0002_55029026,0.8382352941176471
R0055_55007583,R0002_55039889,0.5882352941176471
R0055_55007583,R0002_55041025,0.5882352941176471
R0055_55007583,R0002_55041833,0.5882352941176471
R0055_55007583,R0002_55031084,0.5882352941176471
R0055_55007583,R0002_55030125,0.5882352941176471
R0055_55007583,R0002_55011220,0.5882352941176471
R0055_55007583,R0002_55043779,0.5882352941176471
R0055_55007583,R0002_55026664,0.5882352941176471
R0055_55007583,R0002_55037878,0.5882352941176471
R0055_55007583,R0002_55043901,0.6132352941176471
R0055_55007583,R0002_55037718,0.5882352941176471
R0055_55007583,R0002_55042075,0.6132352941176471
R0055_55007583,R0002_55031358,0.5882352941176471
R0055_55007583,R0002_55025080,0.5882352941176471
R0055_55007583,R0002_55037283,0.5882352941176471
R0055_55007583,R0002_55019387,0.8382352941176471
R0055_55007583,R0043_55035478,0.6169117647058824
R0055_55007583,R0043_55032756,0.7419117647058824
R0055_55007583,R0043_55039677,0.5919117647058824
R0055_55007583,R0043_55039678,0.5919117647058824
R0055_55007583,R0043_55029067,0.5919117647058824
R0055_55007583,R0043_55036252,0.5919117647058824
R0055_55007583,R0043_55034675,0.5919117647058824
R0055_55007583,R0043_55031083,0.5919117647058824
R0055_55007583,R0043_55036209,0.5919117647058824
R0055_55007583,R0043_55035181,0.5919117647058824
R0055_55007583,R0043_55032758,0.8419117647058824
R0055_55007583,R0043_55039681,0.5919117647058824
R0055_55007583,R0043_55039682,0.5919117647058824
R0055_55007583,R0043_55039683,0.5919117647058824
R0055_55007583,R0043_55039684,0.5919117647058824
R0055_55007583,R0043_55032632,0.6169117647058824
R0055_55007583,R0043_55021537,0.6169117647058824
R0055_55007583,R0043_55041926,0.7419117647058824
R0055_55007583,R0043_55029012,0.5919117647058824
R0055_55007583,R0043_55034882,0.5919117647058824
R0055_55007583,R0043_55039679,0.5919117647058824
R0055_55007583,R0043_55032862,0.5919117647058824
R0055_55007583,R0043_55032759,0.5919117647058824
R0055_55007583,R0043_55037980,0.5919117647058824
R0055_55007583,R0043_55037979,0.5919117647058824
R0055_55007583,R0043_55027552,0.5919117647058824
R0055_55007583,R0043_55034879,0.5919117647058824
R0055_55007583,R0043_55032908,0.5919117647058824
R0055_55007583,R0043_55039686,0.7419117647058824
R0055_55007583,R0043_55032863,0.5919117647058824
R0055_55007583,R0043_55009127,0.7419117647058824
R0055_55007583,R0043_55036250,0.5919117647058824
R0055_55007583,R0043_55034880,0.8419117647058824
R0055_55007583,R0043_55032860,0.5919117647058824
R0055_55007583,R0043_55029506,0.6169117647058824
R0055_55007583,R0043_55031288,0.8419117647058824
R0055_55007583,R0043_55036124,0.5919117647058824
R0055_55007583,R0043_55039830,0.5919117647058824
R0055_55007583,R0043_55034325,0.8419117647058824
R0055_55007583,R0043_55039829,0.5919117647058824
R0055_55007583,R0043_55031080,0.5919117647058824
R0055_55007583,R0043_55031077,0.5919117647058824
R0055_55007583,R0043_55017366,0.6169117647058824
R0055_55007583,R0043_55034335,0.5919117647058824
R0055_55007583,R0043_55031005,0.7419117647058824
R0055_55007583,R0055_55007584,0.9
R0055_55007583,R0204_55005925,0.5992647058823529
R0055_55007583,R0204_55032685,0.6242647058823529
R0055_55007583,R0204_55035156,0.8492647058823529
R0055_55007583,R0204_55022352,0.6242647058823529
R0055_55007583,R0204_55004131,0.5992647058823529
R0055_55007583,R0207_55036375,0.5882352941176471
R0055_55007583,R0207_55032672,0.6132352941176471
R0055_55007583,R0207_55032673,0.6132352941176471
R0055_55007583,R0290_55038074,0.7419117647058824
R0055_55007583,R0290_55041439,0.6169117647058824
R0055_55007583,R0290_55041442,0.6169117647058824
R0055_55007583,R0290_55041438,0.6169117647058824
R0055_55007583,R0290_55041440,0.6169117647058824
R0055_55007583,R0290_55041441,0.6169117647058824
R0055_55007583,R0290_55030423,0.6169117647058824
R0055_55007583,R0290_55039755,0.6169117647058824
R0055_55007583,R0290_55026840,0.6169117647058824
R0055_55007583,R0290_55038681,0.6169117647058824
R0055_55007583,R0290_55033209,0.6169117647058824
R0055_55007583,R0290_55043722,0.5919117647058824
R0055_55007583,R0377_55039577,0.6242647058823529
R0055_55007583,R0377_55032663,0.6242647058823529
R0055_55007583,R0377_55036003,0.5992647058823529
R0055_55007583,R0377_55036004,0.5992647058823529
R0055_55007583,R0377_55036006,0.5992647058823529
R0055_55007583,R0377_55036007,0.5992647058823529
R0055_55007583,R0377_55036008,0.5992647058823529
R0055_55007583,R0377_55036009,0.5992647058823529
R0055_55007583,R0377_55043375,0.5992647058823529
R0055_55007583,R0377_55032655,0.8492647058823529
R0055_55007583,R0377_55034860,0.6242647058823529
R0055_55007583,R0377_55042881,0.6242647058823529
R0055_55007583,R0377_55033035,0.8492647058823529
R0055_55007583,R0377_55044076,0.5992647058823529
R0055_55007583,R0377_55036698,0.6242647058823529
R0055_55007583,R0377_55032664,0.7492647058823529
R0055_55007583,R0377_55038331,0.5992647058823529
R0055_55007583,R0377_55041814,0.5992647058823529
R0055_55007583,R0377_55041025,0.5992647058823529
R0055_55007583,R0377_55039651,0.5992647058823529
R0055_55007583,R0377_55044100,0.7492647058823529
R0055_55007583,R0377_55026719,0.7492647058823529
R0204_55005925,R0002_55043311,0.6453703703703704
R0204_55005925,R0002_55036002,0.8703703703703703
R0204_55005925,R0002_55015378,0.8703703703703703
R0204_55005925,R0002_55032731,0.6453703703703704
R0204_55005925,R0002_55025944,0.7953703703703703
R0204_55005925,R0002_55024341,0.7953703703703703
R0204_55005925,R0002_55041509,0.7953703703703703
R0204_55005925,R0002_55036059,0.8703703703703703
R0204_55005925,R0002_55037787,0.8703703703703703
R0204_55005925,R0002_55039851,0.6453703703703704
R0204_55005925,R0002_55032782,0.8703703703703703
R0204_55005925,R0002_55036171,0.7953703703703703
R0204_55005925,R0002_55035505,0.7953703703703703
R0204_55005925,R0002_55011002,0.8703703703703703
R0204_55005925,R0002_55031467,0.7953703703703703
R0204_55005925,R0002_55028991,0.8703703703703703
R0204_55005925,R0002_55027831,0.7953703703703703
R0204_55005925,R0002_55038839,0.7953703703703703
R0204_55005925,R0002_55019960,0.8703703703703703
R0204_55005925,R0002_55033035,0.8703703703703703
R0204_55005925,R0002_55006197,0.8703703703703703
R0204_55005925,R0002_55036505,0.6453703703703704
R0204_55005925,R0002_55044076,0.8703703703703703
R0204_55005925,R0002_55036050,0.6453703703703704
R0204_55005925,R0002_55037530,0.7953703703703703
R0204_55005925,R0002_55040793,0.8703703703703703
R0204_55005925,R0002_55043136,0.8703703703703703
R0204_55005925,R0002_55014421,0.8703703703703703
R0204_55005925,R0002_55003518,0.6453703703703704
R0204_55005925,R0002_55027319,0.6453703703703704
R0204_55005925,R0002_55035727,0.8703703703703703
R0204_55005925,R0002_55032858,0.8703703703703703
R0204_55005925,R0002_55029026,0.7703703703703704
R0204_55005925,R0002_55039889,0.8703703703703703
R0204_55005925,R0002_55041025,0.8703703703703703
R0204_55005925,R0002_55041833,0.8703703703703703
R0204_55005925,R0002_55031084,0.8703703703703703
R0204_55005925,R0002_55030125,0.8703703703703703
R0204_55005925,R0002_55011220,0.6453703703703704
R0204_55005925,R0002_55043779,0.8703703703703703
R0204_55005925,R0002_55026664,0.8703703703703703
R0204_55005925,R0002_55037878,0.6453703703703704
R0204_55005925,R0002_55043901,0.7953703703703703
R0204_55005925,R0002_55037718,0.8703703703703703
R0204_55005925,R0002_55042075,0.7953703703703703
R0204_55005925,R0002_55031358,0.8703703703703703
R0204_55005925,R0002_55025080,0.6453703703703704
R0204_55005925,R0002_55037283,0.8703703703703703
R0204_55005925,R0002_55019387,0.7703703703703704
R0204_55005925,R0043_55035478,0.8
R0204_55005925,R0043_55032756,0.725
R0204_55005925,R0043_55039677,0.875
R0204_55005925,R0043_55039678,0.875
R0204_55005925,R0043_55029067,0.875
R0204_55005925,R0043_55036252,0.875
R0204_55005925,R0043_55034675,0.875
R0204_55005925,R0043_55031083,0.875
R0204_55005925,R0043_55036209,0.875
R0204_55005925,R0043_55035181,0.875
R0204_55005925,R0043_55032758,0.775
R0204_55005925,R0043_55039681,0.875
R0204_55005925,R0043_55039682,0.875
R0204_55005925,R0043_55039683,0.875
R0204_55005925,R0043_55039684,0.875
R0204_55005925,R0043_55032632,0.8
R0204_55005925,R0043_55021537,0.8
R0204_55005925,R0043_55041926,0.725
R0204_55005925,R0043_55029012,0.875
R0204_55005925,R0043_55034882,0.875
R0204_55005925,R0043_55039679,0.875
R0204_55005925,R0043_55032862,0.875
R0204_55005925,R0043_55032759,0.875
R0204_55005925,R0043_55037980,0.875
R0204_55005925,R0043_55037979,0.875
R0204_55005925,R0043_55027552,0.875
R0204_55005925,R0043_55034879,0.875
R0204_55005925,R0043_55032908,0.875
R0204_55005925,R0043_55039686,0.725
R0204_55005925,R0043_55032863,0.875
R0204_55005925,R0043_55009127,0.725
R0204_55005925,R0043_55036250,0.875
R0204_55005925,R0043_55034880,0.775
R0204_55005925,R0043_55032860,0.875
R0204_55005925,R0043_55029506,0.8
R0204_55005925,R0043_55031288,0.775
R0204_55005925,R0043_55036124,0.875
R0204_55005925,R0043_55039830,0.875
R0204_55005925,R0043_55034325,0.775
R0204_55005925,R0043_55039829,0.875
R0204_55005925,R0043_55031080,0.65
R0204_55005925,R0043_55031077,0.875
R0204_55005925,R0043_55017366,0.8
R0204_55005925,R0043_55034335,0.875
R0204_55005925,R0043_55031005,0.725
R0204_55005925,R0055_55007584,0.725
R0204_55005925,R0055_55007583,0.775
R0204_55005925,R0204_55032685,0.925
R0204_55005925,R0204_55035156,0.9
R0204_55005925,R0204_55022352,0.925
R0204_55005925,R0204_55004131,1.0
R0204_55005925,R0207_55036375,0.8611111111111112
R0204_55005925,R0207_55032672,0.7861111111111111
R0204_55005925,R0207_55032673,0.7861111111111111
R0204_55005925,R0290_55038074,0.711111111111111
R0204_55005925,R0290_55041439,0.7861111111111111
R0204_55005925,R0290_55041442,0.7861111111111111
R0204_55005925,R0290_55041438,0.7861111111111111
R0204_55005925,R0290_55041440,0.7861111111111111
R0204_55005925,R0290_55041441,0.7861111111111111
R0204_55005925,R0290_55030423,0.7861111111111111
R0204_55005925,R0290_55039755,0.7861111111111111
R0204_55005925,R0290_55026840,0.7861111111111111
R0204_55005925,R0290_55038681,0.7861111111111111
R0204_55005925,R0290_55033209,0.7861111111111111
R0204_55005925,R0290_55043722,0.8611111111111112
R0204_55005925,R0377_55039577,0.8046296296296296
R0204_55005925,R0377_55032663,0.8046296296296296
R0204_55005925,R0377_55036003,0.8796296296296297
R0204_55005925,R0377_55036004,0.8796296296296297
R0204_55005925,R0377_55036006,0.8796296296296297
R0204_55005925,R0377_55036007,0.8796296296296297
R0204_55005925,R0377_55036008,0.8796296296296297
R0204_55005925,R0377_55036009,0.8796296296296297
R0204_55005925,R0377_55043375,0.8796296296296297
R0204_55005925,R0377_55032655,0.7796296296296297
R0204_55005925,R0377_55034860,0.8046296296296296
R0204_55005925,R0377_55042881,0.8046296296296296
R0204_55005925,R0377_55033035,0.7796296296296297
R0204_55005925,R0377_55044076,0.8796296296296297
R0204_55005925,R0377_55036698,0.8046296296296296
R0204_55005925,R0377_55032664,0.7296296296296296
R0204_55005925,R0377_55038331,0.8796296296296297
R0204_55005925,R0377_55041814,0.8796296296296297
R0204_55005925,R0377_55041025,0.8796296296296297
R0204_55005925,R0377_55039651,0.8796296296296297
R0204_55005925,R0377_55044100,0.7296296296296296
R0204_55005925,R0377_55026719,0.7296296296296296
R0204_55032685,R0002_55043311,0.6203703703703703
R0204_55032685,R0002_55036002,0.6453703703703704
R0204_55032685,R0002_55015378,0.6453703703703704
R0204_55032685,R0002_55032731,0.6203703703703703
R0204_55032685,R0002_55025944,0.8703703703703703
R0204_55032685,R0002_55024341,0.8703703703703703
R0204_55032685,R0002_55041509,0.8703703703703703
R0204_55032685,R0002_55036059,0.6453703703703704
R0204_55032685,R0002_55037787,0.6453703703703704
R0204_55032685,R0002_55039851,0.6203703703703703
R0204_55032685,R0002_55032782,0.6453703703703704
R0204_55032685,R0002_55036171,0.8703703703703703
R0204_55032685,R0002_55035505,0.8703703703703703
R0204_55032685,R0002_55011002,0.6453703703703704
R0204_55032685,R0002_55031467,0.8703703703703703
R0204_55032685,R0002_55028991,0.6453703703703704
R0204_55032685,R0002_55027831,0.8703703703703703
R0204_55032685,R0002_55038839,0.8703703703703703
R0204_55032685,R0002_55019960,0.6453703703703704
R0204_55032685,R0002_55033035,0.6453703703703704
R0204_55032685,R0002_55006197,0.6453703703703704
R0204_55032685,R0002_55036505,0.6203703703703703
R0204_55032685,R0002_55044076,0.6453703703703704
R0204_55032685,R0002_55036050,0.6203703703703703
R0204_55032685,R0002_55037530,0.8703703703703703
R0204_55032685,R0002_55040793,0.6453703703703704
R0204_55032685,R0002_55043136,0.6453703703703704
R0204_55032685,R0002_55014421,0.6453703703703704
R0204_55032685,R0002_55003518,0.6203703703703703
R0204_55032685,R0002_55027319,0.6203703703703703
R0204_55032685,R0002_55035727,0.6453703703703704
R0204_55032685,R0002_55032858,0.6453703703703704
R0204_55032685,R0002_55029026,0.7953703703703703
R0204_55032685,R0002_55039889,0.6453703703703704
R0204_55032685,R0002_55041025,0.6453703703703704
R0204_55032685,R0002_55041833,0.6453703703703704
R0204_55032685,R0002_55031084,0.6453703703703704
R0204_55032685,R0002_55030125,0.6453703703703704
R0204_55032685,R0002_55011220,0.6203703703703703
R0204_55032685,R0002_55043779,0.6453703703703704
R0204_55032685,R0002_55026664,0.6453703703703704
R0204_55032685,R0002_55037878,0.6203703703703703
R0204_55032685,R0002_55043901,0.8703703703703703
R0204_55032685,R0002_55037718,0.6453703703703704
R0204_55032685,R0002_55042075,0.8703703703703703
R0204_55032685,R0002_55031358,0.6453703703703704
R0204_55032685,R0002_55025080,0.6203703703703703
R0204_55032685,R0002_55037283,0.6453703703703704
R0204_55032685,R0002_55019387,0.7953703703703703
R0204_55032685,R0043_55035478,0.875
R0204_55032685,R0043_55032756,0.75
R0204_55032685,R0043_55039677,0.65
R0204_55032685,R0043_55039678,0.65
R0204_55032685,R0043_55029067,0.65
R0204_55032685,R0043_55036252,0.65
R0204_55032685,R0043_55034675,0.65
R0204_55032685,R0043_55031083,0.65
R0204_55032685,R0043_55036209,0.65
R0204_55032685,R0043_55035181,0.65
R0204_55032685,R0043_55032758,0.8
R0204_55032685,R0043_55039681,0.65
R0204_55032685,R0043_55039682,0.65
R0204_55032685,R0043_55039683,0.65
R0204_55032685,R0043_55039684,0.65
R0204_55032685,R0043_55032632,0.875
R0204_55032685,R0043_55021537,0.875
R0204_55032685,R0043_55041926,0.75
R0204_55032685,R0043_55029012,0.65
R0204_55032685,R0043_55034882,0.65
R0204_55032685,R0043_55039679,0.65
R0204_55032685,R0043_55032862,0.65
R0204_55032685,R0043_55032759,0.65
R0204_55032685,R0043_55037980,0.65
R0204_55032685,R0043_55037979,0.65
R0204_55032685,R0043_55027552,0.65
R0204_55032685,R0043_55034879,0.65
R0204_55032685,R0043_55032908,0.65
R0204_55032685,R0043_55039686,0.75
R0204_55032685,R0043_55032863,0.65
R0204_55032685,R0043_55009127,0.75
R0204_55032685,R0043_55036250,0.65
R0204_55032685,R0043_55034880,0.8
R0204_55032685,R0043_55032860,0.65
R0204_55032685,R0043_55029506,0.875
R0204_55032685,R0043_55031288,0.8
R0204_55032685,R0043_55036124,0.65
R0204_55032685,R0043_55039830,0.65
R0204_55032685,R0043_55034325,0.8
R0204_55032685,R0043_55039829,0.65
R0204_55032685,R0043_55031080,0.625
R0204_55032685,R0043_55031077,0.65
R0204_55032685,R0043_55017366,0.875
R0204_55032685,R0043_55034335,0.65
R0204_55032685,R0043_55031005,0.75
R0204_55032685,R0055_55007584,0.75
R0204_55032685,R0055_55007583,0.8
R0204_55032685,R0204_55005925,0.775
R0204_55032685,R0204_55035156,0.925
R0204_55032685,R0204_55022352,1.0
R0204_55032685,R0204_55004131,0.775
R0204_55032685,R0207_55036375,0.6361111111111111
R0204_55032685,R0207_55032672,0.8611111111111112
R0204_55032685,R0207_55032673,0.8611111111111112
R0204_55032685,R0290_55038074,0.7361111111111112
R0204_55032685,R0290_55041439,0.8611111111111112
R0204_55032685,R0290_55041442,0.8611111111111112
R0204_55032685,R0290_55041438,0.8611111111111112
R0204_55032685,R0290_55041440,0.8611111111111112
R0204_55032685,R0290_55041441,0.8611111111111112
R0204_55032685,R0290_55030423,0.8611111111111112
R0204_55032685,R0290_55039755,0.8611111111111112
R0204_55032685,R0290_55026840,0.8611111111111112
R0204_55032685,R0290_55038681,0.8611111111111112
R0204_55032685,R0290_55033209,0.8611111111111112
R0204_55032685,R0290_55043722,0.6361111111111111
R0204_55032685,R0377_55039577,0.8796296296296297
R0204_55032685,R0377_55032663,0.8796296296296297
R0204_55032685,R0377_55036003,0.6546296296296297
R0204_55032685,R0377_55036004,0.6546296296296297
R0204_55032685,R0377_55036006,0.6546296296296297
R0204_55032685,R0377_55036007,0.6546296296296297
R0204_55032685,R0377_55036008,0.6546296296296297
R0204_55032685,R0377_55036009,0.6546296296296297
R0204_55032685,R0377_55043375,0.6546296296296297
R0204_55032685,R0377_55032655,0.8046296296296296
R0204_55032685,R0377_55034860,0.8796296296296297
R0204_55032685,R0377_55042881,0.8796296296296297
R0204_55032685,R0377_55033035,0.8046296296296296
R0204_55032685,R0377_55044076,0.6546296296296297
R0204_55032685,R0377_55036698,0.8796296296296297
R0204_55032685,R0377_55032664,0.7546296296296295
R0204_55032685,R0377_55038331,0.6546296296296297
R0204_55032685,R0377_55041814,0.6546296296296297
R0204_55032685,R0377_55041025,0.6546296296296297
R0204_55032685,R0377_55039651,0.6546296296296297
R0204_55032685,R0377_55044100,0.7546296296296295
R0204_55032685,R0377_55026719,0.7546296296296295
R0204_55035156,R0002_55043311,0.6203703703703703
R0204_55035156,R0002_55036002,0.6203703703703703
R0204_55035156,R0002_55015378,0.6203703703703703
R0204_55035156,R0002_55032731,0.6203703703703703
R0204_55035156,R0002_55025944,0.6453703703703704
R0204_55035156,R0002_55024341,0.6453703703703704
R0204_55035156,R0002_55041509,0.6453703703703704
R0204_55035156,R0002_55036059,0.6203703703703703
R0204_55035156,R0002_55037787,0.6203703703703703
R0204_55035156,R0002_55039851,0.6203703703703703
R0204_55035156,R0002_55032782,0.6203703703703703
R0204_55035156,R0002_55036171,0.6453703703703704
R0204_55035156,R0002_55035505,0.6453703703703704
R0204_55035156,R0002_55011002,0.6203703703703703
R0204_55035156,R0002_55031467,0.6453703703703704
R0204_55035156,R0002_55028991,0.6203703703703703
R0204_55035156,R0002_55027831,0.6453703703703704
R0204_55035156,R0002_55038839,0.6453703703703704
R0204_55035156,R0002_55019960,0.6203703703703703
R0204_55035156,R0002_55033035,0.6203703703703703
R0204_55035156,R0002_55006197,0.6203703703703703
R0204_55035156,R0002_55036505,0.6203703703703703
R0204_55035156,R0002_55044076,0.6203703703703703
R0204_55035156,R0002_55036050,0.6203703703703703
R0204_55035156,R0002_55037530,0.6453703703703704
R0204_55035156,R0002_55040793,0.6203703703703703
R0204_55035156,R0002_55043136,0.6203703703703703
R0204_55035156,R0002_55014421,0.6203703703703703
R0204_55035156,R0002_55003518,0.6203703703703703
R0204_55035156,R0002_55027319,0.6203703703703703
R0204_55035156,R0002_55035727,0.6203703703703703
R0204_55035156,R0002_55032858,0.6203703703703703
R0204_55035156,R0002_55029026,0.8703703703703703
R0204_55035156,R0002_55039889,0.6203703703703703
R0204_55035156,R0002_55041025,0.6203703703703703
R0204_55035156,R0002_55041833,0.6203703703703703
R0204_55035156,R0002_55031084,0.6203703703703703
R0204_55035156,R0002_55030125,0.6203703703703703
R0204_55035156,R0002_55011220,0.6203703703703703
R0204_55035156,R0002_55043779,0.6203703703703703
R0204_55035156,R0002_55026664,0.6203703703703703
R0204_55035156,R0002_55037878,0.6203703703703703
R0204_55035156,R0002_55043901,0.6453703703703704
R0204_55035156,R0002_55037718,0.6203703703703703
R0204_55035156,R0002_55042075,0.6453703703703704
R0204_55035156,R0002_55031358,0.6203703703703703
R0204_55035156,R0002_55025080,0.6203703703703703
R0204_55035156,R0002_55037283,0.6203703703703703
R0204_55035156,R0002_55019387,0.8703703703703703
R0204_55035156,R0043_55035478,0.65
R0204_55035156,R0043_55032756,0.775
R0204_55035156,R0043_55039677,0.625
R0204_55035156,R0043_55039678,0.625
R0204_55035156,R0043_55029067,0.625
R0204_55035156,R0043_55036252,0.625
R0204_55035156,R0043_55034675,0.625
R0204_55035156,R0043_55031083,0.625
R0204_55035156,R0043_55036209,0.625
R0204_55035156,R0043_55035181,0.625
R0204_55035156,R0043_55032758,0.875
R0204_55035156,R0043_55039681,0.625
R0204_55035156,R0043_55039682,0.625
R0204_55035156,R0043_55039683,0.625
R0204_55035156,R0043_55039684,0.625
R0204_55035156,R0043_55032632,0.65
R0204_55035156,R0043_55021537,0.65
R0204_55035156,R0043_55041926,0.775
R0204_55035156,R0043_55029012,0.625
R0204_55035156,R0043_55034882,0.625
R0204_55035156,R0043_55039679,0.625
R0204_55035156,R0043_55032862,0.625
R0204_55035156,R0043_55032759,0.625
R0204_55035156,R0043_55037980,0.625
R0204_55035156,R0043_55037979,0.625
R0204_55035156,R0043_55027552,0.625
R0204_55035156,R0043_55034879,0.625
R0204_55035156,R0043_55032908,0.625
R0204_55035156,R0043_55039686,0.775
R0204_55035156,R0043_55032863,0.625
R0204_55035156,R0043_55009127,0.775
R0204_55035156,R0043_55036250,0.625
R0204_55035156,R0043_55034880,0.875
R0204_55035156,R0043_55032860,0.625
R0204_55035156,R0043_55029506,0.65
R0204_55035156,R0043_55031288,0.875
R0204_55035156,R0043_55036124,0.625
R0204_55035156,R0043_55039830,0.625
R0204_55035156,R0043_55034325,0.875
R0204_55035156,R0043_55039829,0.625
R0204_55035156,R0043_55031080,0.625
R0204_55035156,R0043_55031077,0.625
R0204_55035156,R0043_55017366,0.65
R0204_55035156,R0043_55034335,0.625
R0204_55035156,R0043_55031005,0.775
R0204_55035156,R0055_55007584,0.775
R0204_55035156,R0055_55007583,0.875
R0204_55035156,R0204_55005925,0.75
R0204_55035156,R0204_55032685,0.775
R0204_55035156,R0204_55022352,0.775
R0204_55035156,R0204_55004131,0.75
R0204_55035156,R0207_55036375,0.6111111111111112
R0204_55035156,R0207_55032672,0.6361111111111111
R0204_55035156,R0207_55032673,0.6361111111111111
R0204_55035156,R0290_55038074,0.7611111111111111
R0204_55035156,R0290_55041439,0.6361111111111111
R0204_55035156,R0290_55041442,0.6361111111111111
R0204_55035156,R0290_55041438,0.6361111111111111
R0204_55035156,R0290_55041440,0.6361111111111111
R0204_55035156,R0290_55041441,0.6361111111111111
R0204_55035156,R0290_55030423,0.6361111111111111
R0204_55035156,R0290_55039755,0.6361111111111111
R0204_55035156,R0290_55026840,0.6361111111111111
R0204_55035156,R0290_55038681,0.6361111111111111
R0204_55035156,R0290_55033209,0.6361111111111111
R0204_55035156,R0290_55043722,0.6111111111111112
R0204_55035156,R0377_55039577,0.6546296296296297
R0204_55035156,R0377_55032663,0.6546296296296297
R0204_55035156,R0377_55036003,0.6296296296296297
R0204_55035156,R0377_55036004,0.6296296296296297
R0204_55035156,R0377_55036006,0.6296296296296297
R0204_55035156,R0377_55036007,0.6296296296296297
R0204_55035156,R0377_55036008,0.6296296296296297
R0204_55035156,R0377_55036009,0.6296296296296297
R0204_55035156,R0377_55043375,0.6296296296296297
R0204_55035156,R0377_55032655,0.8796296296296297
R0204_55035156,R0377_55034860,0.6546296296296297
R0204_55035156,R0377_55042881,0.6546296296296297
R0204_55035156,R0377_55033035,0.8796296296296297
R0204_55035156,R0377_55044076,0.6296296296296297
R0204_55035156,R0377_55036698,0.6546296296296297
R0204_55035156,R0377_55032664,0.7796296296296297
R0204_55035156,R0377_55038331,0.6296296296296297
R0204_55035156,R0377_55041814,0.6296296296296297
R0204_55035156,R0377_55041025,0.6296296296296297
R0204_55035156,R0377_55039651,0.6296296296296297
R0204_55035156,R0377_55044100,0.7796296296296297
R0204_55035156,R0377_55026719,0.7796296296296297
R0204_55022352,R0002_55043311,0.6203703703703703
R0204_55022352,R0002_55036002,0.6453703703703704
R0204_55022352,R0002_55015378,0.6453703703703704
R0204_55022352,R0002_55032731,0.6203703703703703
R0204_55022352,R0002_55025944,0.8703703703703703
R0204_55022352,R0002_55024341,0.8703703703703703
R0204_55022352,R0002_55041509,0.8703703703703703
R0204_55022352,R0002_55036059,0.6453703703703704
R0204_55022352,R0002_55037787,0.6453703703703704
R0204_55022352,R0002_55039851,0.6203703703703703
R0204_55022352,R0002_55032782,0.6453703703703704
R0204_55022352,R0002_55036171,0.8703703703703703
R0204_55022352,R0002_55035505,0.8703703703703703
R0204_55022352,R0002_55011002,0.6453703703703704
R0204_55022352,R0002_55031467,0.8703703703703703
R0204_55022352,R0002_55028991,0.6453703703703704
R0204_55022352,R0002_55027831,0.8703703703703703
R0204_55022352,R0002_55038839,0.8703703703703703
R0204_55022352,R0002_55019960,0.6453703703703704
R0204_55022352,R0002_55033035,0.6453703703703704
R0204_55022352,R0002_55006197,0.6453703703703704
R0204_55022352,R0002_55036505,0.6203703703703703
R0204_55022352,R0002_55044076,0.6453703703703704
R0204_55022352,R0002_55036050,0.6203703703703703
R0204_55022352,R0002_55037530,0.8703703703703703
R0204_55022352,R0002_55040793,0.6453703703703704
R0204_55022352,R0002_55043136,0.6453703703703704
R0204_55022352,R0002_55014421,0.6453703703703704
R0204_55022352,R0002_55003518,0.6203703703703703
R0204_55022352,R0002_55027319,0.6203703703703703
R0204_55022352,R0002_55035727,0.6453703703703704
R0204_55022352,R0002_55032858,0.6453703703703704
R0204_55022352,R0002_55029026,0.7953703703703703
R0204_55022352,R0002_55039889,0.6453703703703704
R0204_55022352,R0002_55041025,0.6453703703703704
R0204_55022352,R0002_55041833,0.6453703703703704
R0204_55022352,R0002_55031084,0.6453703703703704
R0204_55022352,R0002_55030125,0.6453703703703704
R0204_55022352,R0002_55011220,0.6203703703703703
R0204_55022352,R0002_55043779,0.6453703703703704
R0204_55022352,R0002_55026664,0.6453703703703704
R0204_55022352,R0002_55037878,0.6203703703703703
R0204_55022352,R0002_55043901,0.8703703703703703
R0204_55022352,R0002_55037718,0.6453703703703704
R0204_55022352,R0002_55042075,0.8703703703703703
R0204_55022352,R0002_55031358,0.6453703703703704
R0204_55022352,R0002_55025080,0.6203703703703703
R0204_55022352,R0002_55037283,0.6453703703703704
R0204_55022352,R0002_55019387,0.7953703703703703
R0204_55022352,R0043_55035478,0.875
R0204_55022352,R0043_55032756,0.75
R0204_55022352,R0043_55039677,0.65
R0204_55022352,R0043_55039678,0.65
R0204_55022352,R0043_55029067,0.65
R0204_55022352,R0043_55036252,0.65
R0204_55022352,R0043_55034675,0.65
R0204_55022352,R0043_55031083,0.65
R0204_55022352,R0043_55036209,0.65
R0204_55022352,R0043_55035181,0.65
R0204_55022352,R0043_55032758,0.8
R0204_55022352,R0043_55039681,0.65
R0204_55022352,R0043_55039682,0.65
R0204_55022352,R0043_55039683,0.65
R0204_55022352,R0043_55039684,0.65
R0204_55022352,R0043_55032632,0.875
R0204_55022352,R0043_55021537,0.875
R0204_55022352,R0043_55041926,0.75
R0204_55022352,R0043_55029012,0.65
R0204_55022352,R0043_55034882,0.65
R0204_55022352,R0043_55039679,0.65
R0204_55022352,R0043_55032862,0.65
R0204_55022352,R0043_55032759,0.65
R0204_55022352,R0043_55037980,0.65
R0204_55022352,R0043_55037979,0.65
R0204_55022352,R0043_55027552,0.65
R0204_55022352,R0043_55034879,0.65
R0204_55022352,R0043_55032908,0.65
R0204_55022352,R0043_55039686,0.75
R0204_55022352,R0043_55032863,0.65
R0204_55022352,R0043_55009127,0.75
R0204_55022352,R0043_55036250,0.65
R0204_55022352,R0043_55034880,0.8
R0204_55022352,R0043_55032860,0.65
R0204_55022352,R0043_55029506,0.875
R0204_55022352,R0043_55031288,0.8
R0204_55022352,R0043_55036124,0.65
R0204_55022352,R0043_55039830,0.65
R0204_55022352,R0043_55034325,0.8
R0204_55022352,R0043_55039829,0.65
R0204_55022352,R0043_55031080,0.625
R0204_55022352,R0043_55031077,0.65
R0204_55022352,R0043_55017366,0.875
R0204_55022352,R0043_55034335,0.65
R0204_55022352,R0043_55031005,0.75
R0204_55022352,R0055_55007584,0.75
R0204_55022352,R0055_55007583,0.8
R0204_55022352,R0204_55005925,0.775
R0204_55022352,R0204_55032685,1.0
R0204_55022352,R0204_55035156,0.925
R0204_55022352,R0204_55004131,0.775
R0204_55022352,R0207_55036375,0.6361111111111111
R0204_55022352,R0207_55032672,0.8611111111111112
R0204_55022352,R0207_55032673,0.8611111111111112
R0204_55022352,R0290_55038074,0.7361111111111112
R0204_55022352,R0290_55041439,0.8611111111111112
R0204_55022352,R0290_55041442,0.8611111111111112
R0204_55022352,R0290_55041438,0.8611111111111112
R0204_55022352,R0290_55041440,0.8611111111111112
R0204_55022352,R0290_55041441,0.8611111111111112
R0204_55022352,R0290_55030423,0.8611111111111112
R0204_55022352,R0290_55039755,0.8611111111111112
R0204_55022352,R0290_55026840,0.8611111111111112
R0204_55022352,R0290_55038681,0.8611111111111112
R0204_55022352,R0290_55033209,0.8611111111111112
R0204_55022352,R0290_55043722,0.6361111111111111
R0204_55022352,R0377_55039577,0.8796296296296297
R0204_55022352,R0377_55032663,0.8796296296296297
R0204_55022352,R0377_55036003,0.6546296296296297
R0204_55022352,R0377_55036004,0.6546296296296297
R0204_55022352,R0377_55036006,0.6546296296296297
R0204_55022352,R0377_55036007,0.6546296296296297
R0204_55022352,R0377_55036008,0.6546296296296297
R0204_55022352,R0377_55036009,0.6546296296296297
R0204_55022352,R0377_55043375,0.6546296296296297
R0204_55022352,R0377_55032655,0.8046296296296296
R0204_55022352,R0377_55034860,0.8796296296296297
R0204_55022352,R0377_55042881,0.8796296296296297
R0204_55022352,R0377_55033035,0.8046296296296296
R0204_55022352,R0377_55044076,0.6546296296296297
R0204_55022352,R0377_55036698,0.8796296296296297
R0204_55022352,R0377_55032664,0.7546296296296295
R0204_55022352,R0377_55038331,0.6546296296296297
R0204_55022352,R0377_55041814,0.6546296296296297
R0204_55022352,R0377_55041025,0.6546296296296297
R0204_55022352,R0377_55039651,0.6546296296296297
R0204_55022352,R0377_55044100,0.7546296296296295
R0204_55022352,R0377_55026719,0.7546296296296295
R0204_55004131,R0002_55043311,0.6453703703703704
R0204_55004131,R0002_55036002,0.8703703703703703
R0204_55004131,R0002_55015378,0.8703703703703703
R0204_55004131,R0002_55032731,0.6453703703703704
R0204_55004131,R0002_55025944,0.7953703703703703
R0204_55004131,R0002_55024341,0.7953703703703703
R0204_55004131,R0002_55041509,0.7953703703703703
R0204_55004131,R0002_55036059,0.8703703703703703
R0204_55004131,R0002_55037787,0.8703703703703703
R0204_55004131,R0002_55039851,0.6453703703703704
R0204_55004131,R0002_55032782,0.8703703703703703
R0204_55004131,R0002_55036171,0.7953703703703703
R0204_55004131,R0002_55035505,0.7953703703703703
R0204_55004131,R0002_55011002,0.8703703703703703
R0204_55004131,R0002_55031467,0.7953703703703703
R0204_55004131,R0002_55028991,0.8703703703703703
R0204_55004131,R0002_55027831,0.7953703703703703
R0204_55004131,R0002_55038839,0.7953703703703703
R0204_55004131,R0002_55019960,0.8703703703703703
R0204_55004131,R0002_55033035,0.8703703703703703
R0204_55004131,R0002_55006197,0.8703703703703703
R0204_55004131,R0002_55036505,0.6453703703703704
R0204_55004131,R0002_55044076,0.8703703703703703
R0204_55004131,R0002_55036050,0.6453703703703704
R0204_55004131,R0002_55037530,0.7953703703703703
R0204_55004131,R0002_55040793,0.8703703703703703
R0204_55004131,R0002_55043136,0.8703703703703703
R0204_55004131,R0002_55014421,0.8703703703703703
R0204_55004131,R0002_55003518,0.6453703703703704
R0204_55004131,R0002_55027319,0.6453703703703704
R0204_55004131,R0002_55035727,0.8703703703703703
R0204_55004131,R0002_55032858,0.8703703703703703
R0204_55004131,R0002_55029026,0.7703703703703704
R0204_55004131,R0002_55039889,0.8703703703703703
R0204_55004131,R0002_55041025,0.8703703703703703
R0204_55004131,R0002_55041833,0.8703703703703703
R0204_55004131,R0002_55031084,0.8703703703703703
R0204_55004131,R0002_55030125,0.8703703703703703
R0204_55004131,R0002_55011220,0.6453703703703704
R0204_55004131,R0002_55043779,0.8703703703703703
R0204_55004131,R0002_55026664,0.8703703703703703
R0204_55004131,R0002_55037878,0.6453703703703704
R0204_55004131,R0002_55043901,0.7953703703703703
R0204_55004131,R0002_55037718,0.8703703703703703
R0204_55004131,R0002_55042075,0.7953703703703703
R0204_55004131,R0002_55031358,0.8703703703703703
R0204_55004131,R0002_55025080,0.6453703703703704
R0204_55004131,R0002_55037283,0.8703703703703703
R0204_55004131,R0002_55019387,0.7703703703703704
R0204_55004131,R0043_55035478,0.8
R0204_55004131,R0043_55032756,0.725
R0204_55004131,R0043_55039677,0.875
R0204_55004131,R0043_55039678,0.875
R0204_55004131,R0043_55029067,0.875
R0204_55004131,R0043_55036252,0.875
R0204_55004131,R0043_55034675,0.875
R0204_55004131,R0043_55031083,0.875
R0204_55004131,R0043_55036209,0.875
R0204_55004131,R0043_55035181,0.875
R0204_55004131,R0043_55032758,0.775
R0204_55004131,R0043_55039681,0.875
R0204_55004131,R0043_55039682,0.875
R0204_55004131,R0043_55039683,0.875
R0204_55004131,R0043_55039684,0.875
R0204_55004131,R0043_55032632,0.8
R0204_55004131,R0043_55021537,0.8
R0204_55004131,R0043_55041926,0.725
R0204_55004131,R0043_55029012,0.875
R0204_55004131,R0043_55034882,0.875
R0204_55004131,R0043_55039679,0.875
R0204_55004131,R0043_55032862,0.875
R0204_55004131,R0043_55032759,0.875
R0204_55004131,R0043_55037980,0.875
R0204_55004131,R0043_55037979,0.875
R0204_55004131,R0043_55027552,0.875
R0204_55004131,R0043_55034879,0.875
R0204_55004131,R0043_55032908,0.875
R0204_55004131,R0043_55039686,0.725
R0204_55004131,R0043_55032863,0.875
R0204_55004131,R0043_55009127,0.725
R0204_55004131,R0043_55036250,0.875
R0204_55004131,R0043_55034880,0.775
R0204_55004131,R0043_55032860,0.875
R0204_55004131,R0043_55029506,0.8
R0204_55004131,R0043_55031288,0.775
R0204_55004131,R0043_55036124,0.875
R0204_55004131,R0043_55039830,0.875
R0204_55004131,R0043_55034325,0.775
R0204_55004131,R0043_55039829,0.875
R0204_55004131,R0043_55031080,0.65
R0204_55004131,R0043_55031077,0.875
R0204_55004131,R0043_55017366,0.8
R0204_55004131,R0043_55034335,0.875
R0204_55004131,R0043_55031005,0.725
R0204_55004131,R0055_55007584,0.725
R0204_55004131,R0055_55007583,0.775
R0204_55004131,R0204_55005925,1.0
R0204_55004131,R0204_55032685,0.925
R0204_55004131,R0204_55035156,0.9
R0204_55004131,R0204_55022352,0.925
R0204_55004131,R0207_55036375,0.8611111111111112
R0204_55004131,R0207_55032672,0.7861111111111111
R0204_55004131,R0207_55032673,0.7861111111111111
R0204_55004131,R0290_55038074,0.711111111111111
R0204_55004131,R0290_55041439,0.7861111111111111
R0204_55004131,R0290_55041442,0.7861111111111111
R0204_55004131,R0290_55041438,0.7861111111111111
R0204_55004131,R0290_55041440,0.7861111111111111
R0204_55004131,R0290_55041441,0.7861111111111111
R0204_55004131,R0290_55030423,0.7861111111111111
R0204_55004131,R0290_55039755,0.7861111111111111
R0204_55004131,R0290_55026840,0.7861111111111111
R0204_55004131,R0290_55038681,0.7861111111111111
R0204_55004131,R0290_55033209,0.7861111111111111
R0204_55004131,R0290_55043722,0.8611111111111112
R0204_55004131,R0377_55039577,0.8046296296296296
R0204_55004131,R0377_55032663,0.8046296296296296
R0204_55004131,R0377_55036003,0.8796296296296297
R0204_55004131,R0377_55036004,0.8796296296296297
R0204_55004131,R0377_55036006,0.8796296296296297
R0204_55004131,R0377_55036007,0.8796296296296297
R0204_55004131,R0377_55036008,0.8796296296296297
R0204_55004131,R0377_55036009,0.8796296296296297
R0204_55004131,R0377_55043375,0.8796296296296297
R0204_55004131,R0377_55032655,0.7796296296296297
R0204_55004131,R0377_55034860,0.8046296296296296
R0204_55004131,R0377_55042881,0.8046296296296296
R0204_55004131,R0377_55033035,0.7796296296296297
R0204_55004131,R0377_55044076,0.8796296296296297
R0204_55004131,R0377_55036698,0.8046296296296296
R0204_55004131,R0377_55032664,0.7296296296296296
R0204_55004131,R0377_55038331,0.8796296296296297
R0204_55004131,R0377_55041814,0.8796296296296297
R0204_55004131,R0377_55041025,0.8796296296296297
R0204_55004131,R0377_55039651,0.8796296296296297
R0204_55004131,R0377_55044100,0.7296296296296296
R0204_55004131,R0377_55026719,0.7296296296296296
R0207_55036375,R0002_55043311,0.6192622950819672
R0207_55036375,R0002_55036002,0.8442622950819672
R0207_55036375,R0002_55015378,0.8442622950819672
R0207_55036375,R0002_55032731,0.6192622950819672
R0207_55036375,R0002_55025944,0.7692622950819672
R0207_55036375,R0002_55024341,0.7692622950819672
R0207_55036375,R0002_55041509,0.7692622950819672
R0207_55036375,R0002_55036059,0.8442622950819672
R0207_55036375,R0002_55037787,0.8442622950819672
R0207_55036375,R0002_55039851,0.6192622950819672
R0207_55036375,R0002_55032782,0.8442622950819672
R0207_55036375,R0002_55036171,0.7692622950819672
R0207_55036375,R0002_55035505,0.7692622950819672
R0207_55036375,R0002_55011002,0.8442622950819672
R0207_55036375,R0002_55031467,0.7692622950819672
R0207_55036375,R0002_55028991,0.8442622950819672
R0207_55036375,R0002_55027831,0.7692622950819672
R0207_55036375,R0002_55038839,0.7692622950819672
R0207_55036375,R0002_55019960,0.8442622950819672
R0207_55036375,R0002_55033035,0.8442622950819672
R0207_55036375,R0002_55006197,0.8442622950819672
R0207_55036375,R0002_55036505,0.6192622950819672
R0207_55036375,R0002_55044076,0.8442622950819672
R0207_55036375,R0002_55036050,0.6192622950819672
R0207_55036375,R0002_55037530,0.7692622950819672
R0207_55036375,R0002_55040793,0.8442622950819672
R0207_55036375,R0002_55043136,0.8442622950819672
R0207_55036375,R0002_55014421,0.8442622950819672
R0207_55036375,R0002_55003518,0.6192622950819672
R0207_55036375,R0002_55027319,0.6192622950819672
R0207_55036375,R0002_55035727,0.8442622950819672
R0207_55036375,R0002_55032858,0.8442622950819672
R0207_55036375,R0002_55029026,0.7442622950819672
R0207_55036375,R0002_55039889,0.8442622950819672
R0207_55036375,R0002_55041025,0.8442622950819672
R0207_55036375,R0002_55041833,0.8442622950819672
R0207_55036375,R0002_55031084,0.8442622950819672
R0207_55036375,R0002_55030125,0.8442622950819672
R0207_55036375,R0002_55011220,0.6192622950819672
R0207_55036375,R0002_55043779,0.8442622950819672
R0207_55036375,R0002_55026664,0.8442622950819672
R0207_55036375,R0002_55037878,0.6192622950819672
R0207_55036375,R0002_55043901,0.7692622950819672
R0207_55036375,R0002_55037718,0.8442622950819672
R0207_55036375,R0002_55042075,0.7692622950819672
R0207_55036375,R0002_55031358,0.8442622950819672
R0207_55036375,R0002_55025080,0.6192622950819672
R0207_55036375,R0002_55037283,0.8442622950819672
R0207_55036375,R0002_55019387,0.7442622950819672
R0207_55036375,R0043_55035478,0.7815573770491804
R0207_55036375,R0043_55032756,0.7065573770491803
R0207_55036375,R0043_55039677,0.8565573770491803
R0207_55036375,R0043_55039678,0.8565573770491803
R0207_55036375,R0043_55029067,0.8565573770491803
R0207_55036375,R0043_55036252,0.8565573770491803
R0207_55036375,R0043_55034675,0.8565573770491803
R0207_55036375,R0043_55031083,0.8565573770491803
R0207_55036375,R0043_55036209,0.8565573770491803
R0207_55036375,R0043_55035181,0.8565573770491803
R0207_55036375,R0043_55032758,0.7565573770491802
R0207_55036375,R0043_55039681,0.8565573770491803
R0207_55036375,R0043_55039682,0.8565573770491803
R0207_55036375,R0043_55039683,0.8565573770491803
R0207_55036375,R0043_55039684,0.8565573770491803
R0207_55036375,R0043_55032632,0.7815573770491804
R0207_55036375,R0043_55021537,0.7815573770491804
R0207_55036375,R0043_55041926,0.7065573770491803
R0207_55036375,R0043_55029012,0.8565573770491803
R0207_55036375,R0043_55034882,0.8565573770491803
R0207_55036375,R0043_55039679,0.8565573770491803
R0207_55036375,R0043_55032862,0.8565573770491803
R0207_55036375,R0043_55032759,0.8565573770491803
R0207_55036375,R0043_55037980,0.8565573770491803
R0207_55036375,R0043_55037979,0.8565573770491803
R0207_55036375,R0043_55027552,0.8565573770491803
R0207_55036375,R0043_55034879,0.8565573770491803
R0207_55036375,R0043_55032908,0.8565573770491803
R0207_55036375,R0043_55039686,0.7065573770491803
R0207_55036375,R0043_55032863,0.8565573770491803
R0207_55036375,R0043_55009127,0.7065573770491803
R0207_55036375,R0043_55036250,0.8565573770491803
R0207_55036375,R0043_55034880,0.7565573770491802
R0207_55036375,R0043_55032860,0.8565573770491803
R0207_55036375,R0043_55029506,0.7815573770491804
R0207_55036375,R0043_55031288,0.7565573770491802
R0207_55036375,R0043_55036124,0.8565573770491803
R0207_55036375,R0043_55039830,0.8565573770491803
R0207_55036375,R0043_55034325,0.7565573770491802
R0207_55036375,R0043_55039829,0.8565573770491803
R0207_55036375,R0043_55031080,0.6315573770491804
R0207_55036375,R0043_55031077,0.8565573770491803
R0207_55036375,R0043_55017366,0.7815573770491804
R0207_55036375,R0043_55034335,0.8565573770491803
R0207_55036375,R0043_55031005,0.7065573770491803
R0207_55036375,R0055_55007584,0.6983606557377049
R0207_55036375,R0055_55007583,0.7483606557377049
R0207_55036375,R0204_55005925,0.8483606557377049
R0207_55036375,R0204_55032685,0.7733606557377048
R0207_55036375,R0204_55035156,0.7483606557377049
R0207_55036375,R0204_55022352,0.7733606557377048
R0207_55036375,R0204_55004131,0.8483606557377049
R0207_55036375,R0207_55032672,0.925
R0207_55036375,R0207_55032673,0.925
R0207_55036375,R0290_55038074,0.7106557377049181
R0207_55036375,R0290_55041439,0.785655737704918
R0207_55036375,R0290_55041442,0.785655737704918
R0207_55036375,R0290_55041438,0.785655737704918
R0207_55036375,R0290_55041440,0.785655737704918
R0207_55036375,R0290_55041441,0.785655737704918
R0207_55036375,R0290_55030423,0.785655737704918
R0207_55036375,R0290_55039755,0.785655737704918
R0207_55036375,R0290_55026840,0.785655737704918
R0207_55036375,R0290_55038681,0.785655737704918
R0207_55036375,R0290_55033209,0.785655737704918
R0207_55036375,R0290_55043722,0.860655737704918
R0207_55036375,R0377_55039577,0.7897540983606557
R0207_55036375,R0377_55032663,0.7897540983606557
R0207_55036375,R0377_55036003,0.8647540983606558
R0207_55036375,R0377_55036004,0.8647540983606558
R0207_55036375,R0377_55036006,0.8647540983606558
R0207_55036375,R0377_55036007,0.8647540983606558
R0207_55036375,R0377_55036008,0.8647540983606558
R0207_55036375,R0377_55036009,0.8647540983606558
R0207_55036375,R0377_55043375,0.8647540983606558
R0207_55036375,R0377_55032655,0.7647540983606558
R0207_55036375,R0377_55034860,0.7897540983606557
R0207_55036375,R0377_55042881,0.7897540983606557
R0207_55036375,R0377_55033035,0.7647540983606558
R0207_55036375,R0377_55044076,0.8647540983606558
R0207_55036375,R0377_55036698,0.7897540983606557
R0207_55036375,R0377_55032664,0.7147540983606557
R0207_55036375,R0377_55038331,0.8647540983606558
R0207_55036375,R0377_55041814,0.8647540983606558
R0207_55036375,R0377_55041025,0.8647540983606558
R0207_55036375,R0377_55039651,0.8647540983606558
R0207_55036375,R0377_55044100,0.7147540983606557
R0207_55036375,R0377_55026719,0.7147540983606557
R0207_55032672,R0002_55043311,0.5942622950819672
R0207_55032672,R0002_55036002,0.6192622950819672
R0207_55032672,R0002_55015378,0.6192622950819672
R0207_55032672,R0002_55032731,0.5942622950819672
R0207_55032672,R0002_55025944,0.8442622950819672
R0207_55032672,R0002_55024341,0.8442622950819672
R0207_55032672,R0002_55041509,0.8442622950819672
R0207_55032672,R0002_55036059,0.6192622950819672
R0207_55032672,R0002_55037787,0.6192622950819672
R0207_55032672,R0002_55039851,0.5942622950819672
R0207_55032672,R0002_55032782,0.6192622950819672
R0207_55032672,R0002_55036171,0.8442622950819672
R0207_55032672,R0002_55035505,0.8442622950819672
R0207_55032672,R0002_55011002,0.6192622950819672
R0207_55032672,R0002_55031467,0.8442622950819672
R0207_55032672,R0002_55028991,0.6192622950819672
R0207_55032672,R0002_55027831,0.8442622950819672
R0207_55032672,R0002_55038839,0.8442622950819672
R0207_55032672,R0002_55019960,0.6192622950819672
R0207_55032672,R0002_55033035,0.6192622950819672
R0207_55032672,R0002_55006197,0.6192622950819672
R0207_55032672,R0002_55036505,0.5942622950819672
R0207_55032672,R0002_55044076,0.6192622950819672
R0207_55032672,R0002_55036050,0.5942622950819672
R0207_55032672,R0002_55037530,0.8442622950819672
R0207_55032672,R0002_55040793,0.6192622950819672
R0207_55032672,R0002_55043136,0.6192622950819672
R0207_55032672,R0002_55014421,0.6192622950819672
R0207_55032672,R0002_55003518,0.5942622950819672
R0207_55032672,R0002_55027319,0.5942622950819672
R0207_55032672,R0002_55035727,0.6192622950819672
R0207_55032672,R0002_55032858,0.6192622950819672
R0207_55032672,R0002_55029026,0.7692622950819672
R0207_55032672,R0002_55039889,0.6192622950819672
R0207_55032672,R0002_55041025,0.6192622950819672
R0207_55032672,R0002_55041833,0.6192622950819672
R0207_55032672,R0002_55031084,0.6192622950819672
R0207_55032672,R0002_55030125,0.6192622950819672
R0207_55032672,R0002_55011220,0.5942622950819672
R0207_55032672,R0002_55043779,0.6192622950819672
R0207_55032672,R0002_55026664,0.6192622950819672
R0207_55032672,R0002_55037878,0.5942622950819672
R0207_55032672,R0002_55043901,0.8442622950819672
R0207_55032672,R0002_55037718,0.6192622950819672
R0207_55032672,R0002_55042075,0.8442622950819672
R0207_55032672,R0002_55031358,0.6192622950819672
R0207_55032672,R0002_55025080,0.5942622950819672
R0207_55032672,R0002_55037283,0.6192622950819672
R0207_55032672,R0002_55019387,0.7692622950819672
R0207_55032672,R0043_55035478,0.8565573770491803
R0207_55032672,R0043_55032756,0.7315573770491803
R0207_55032672,R0043_55039677,0.6315573770491804
R0207_55032672,R0043_55039678,0.6315573770491804
R0207_55032672,R0043_55029067,0.6315573770491804
R0207_55032672,R0043_55036252,0.6315573770491804
R0207_55032672,R0043_55034675,0.6315573770491804
R0207_55032672,R0043_55031083,0.6315573770491804
R0207_55032672,R0043_55036209,0.6315573770491804
R0207_55032672,R0043_55035181,0.6315573770491804
R0207_55032672,R0043_55032758,0.7815573770491804
R0207_55032672,R0043_55039681,0.6315573770491804
R0207_55032672,R0043_55039682,0.6315573770491804
R0207_55032672,R0043_55039683,0.6315573770491804
R0207_55032672,R0043_55039684,0.6315573770491804
R0207_55032672,R0043_55032632,0.8565573770491803
R0207_55032672,R0043_55021537,0.8565573770491803
R0207_55032672,R0043_55041926,0.7315573770491803
R0207_55032672,R0043_55029012,0.6315573770491804
R0207_55032672,R0043_55034882,0.6315573770491804
R0207_55032672,R0043_55039679,0.6315573770491804
R0207_55032672,R0043_55032862,0.6315573770491804
R0207_55032672,R0043_55032759,0.6315573770491804
R0207_55032672,R0043_55037980,0.6315573770491804
R0207_55032672,R0043_55037979,0.6315573770491804
R0207_55032672,R0043_55027552,0.6315573770491804
R0207_55032672,R0043_55034879,0.6315573770491804
R0207_55032672,R0043_55032908,0.6315573770491804
R0207_55032672,R0043_55039686,0.7315573770491803
R0207_55032672,R0043_55032863,0.6315573770491804
R0207_55032672,R0043_55009127,0.7315573770491803
R0207_55032672,R0043_55036250,0.6315573770491804
R0207_55032672,R0043_55034880,0.7815573770491804
R0207_55032672,R0043_55032860,0.6315573770491804
R0207_55032672,R0043_55029506,0.8565573770491803
R0207_55032672,R0043_55031288,0.7815573770491804
R0207_55032672,R0043_55036124,0.6315573770491804
R0207_55032672,R0043_55039830,0.6315573770491804
R0207_55032672,R0043_55034325,0.7815573770491804
R0207_55032672,R0043_55039829,0.6315573770491804
R0207_55032672,R0043_55031080,0.6065573770491803
R0207_55032672,R0043_55031077,0.6315573770491804
R0207_55032672,R0043_55017366,0.8565573770491803
R0207_55032672,R0043_55034335,0.6315573770491804
R0207_55032672,R0043_55031005,0.7315573770491803
R0207_55032672,R0055_55007584,0.7233606557377049
R0207_55032672,R0055_55007583,0.7733606557377048
R0207_55032672,R0204_55005925,0.6233606557377049
R0207_55032672,R0204_55032685,0.8483606557377049
R0207_55032672,R0204_55035156,0.7733606557377048
R0207_55032672,R0204_55022352,0.8483606557377049
R0207_55032672,R0204_55004131,0.6233606557377049
R0207_55032672,R0207_55036375,0.775
R0207_55032672,R0207_55032673,1.0
R0207_55032672,R0290_55038074,0.735655737704918
R0207_55032672,R0290_55041439,0.860655737704918
R0207_55032672,R0290_55041442,0.860655737704918
R0207_55032672,R0290_55041438,0.860655737704918
R0207_55032672,R0290_55041440,0.860655737704918
R0207_55032672,R0290_55041441,0.860655737704918
R0207_55032672,R0290_55030423,0.860655737704918
R0207_55032672,R0290_55039755,0.860655737704918
R0207_55032672,R0290_55026840,0.860655737704918
R0207_55032672,R0290_55038681,0.860655737704918
R0207_55032672,R0290_55033209,0.860655737704918
R0207_55032672,R0290_55043722,0.635655737704918
R0207_55032672,R0377_55039577,0.8647540983606558
R0207_55032672,R0377_55032663,0.8647540983606558
R0207_55032672,R0377_55036003,0.6397540983606558
R0207_55032672,R0377_55036004,0.6397540983606558
R0207_55032672,R0377_55036006,0.6397540983606558
R0207_55032672,R0377_55036007,0.6397540983606558
R0207_55032672,R0377_55036008,0.6397540983606558
R0207_55032672,R0377_55036009,0.6397540983606558
R0207_55032672,R0377_55043375,0.6397540983606558
R0207_55032672,R0377_55032655,0.7897540983606557
R0207_55032672,R0377_55034860,0.8647540983606558
R0207_55032672,R0377_55042881,0.8647540983606558
R0207_55032672,R0377_55033035,0.7897540983606557
R0207_55032672,R0377_55044076,0.6397540983606558
R0207_55032672,R0377_55036698,0.8647540983606558
R0207_55032672,R0377_55032664,0.7397540983606558
R0207_55032672,R0377_55038331,0.6397540983606558
R0207_55032672,R0377_55041814,0.6397540983606558
R0207_55032672,R0377_55041025,0.6397540983606558
R0207_55032672,R0377_55039651,0.6397540983606558
R0207_55032672,R0377_55044100,0.7397540983606558
R0207_55032672,R0377_55026719,0.7397540983606558
R0207_55032673,R0002_55043311,0.5942622950819672
R0207_55032673,R0002_55036002,0.6192622950819672
R0207_55032673,R0002_55015378,0.6192622950819672
R0207_55032673,R0002_55032731,0.5942622950819672
R0207_55032673,R0002_55025944,0.8442622950819672
R0207_55032673,R0002_55024341,0.8442622950819672
R0207_55032673,R0002_55041509,0.8442622950819672
R0207_55032673,R0002_55036059,0.6192622950819672
R0207_55032673,R0002_55037787,0.6192622950819672
R0207_55032673,R0002_55039851,0.5942622950819672
R0207_55032673,R0002_55032782,0.6192622950819672
R0207_55032673,R0002_55036171,0.8442622950819672
R0207_55032673,R0002_55035505,0.8442622950819672
R0207_55032673,R0002_55011002,0.6192622950819672
R0207_55032673,R0002_55031467,0.8442622950819672
R0207_55032673,R0002_55028991,0.6192622950819672
R0207_55032673,R0002_55027831,0.8442622950819672
R0207_55032673,R0002_55038839,0.8442622950819672
R0207_55032673,R0002_55019960,0.6192622950819672
R0207_55032673,R0002_55033035,0.6192622950819672
R0207_55032673,R0002_55006197,0.6192622950819672
R0207_55032673,R0002_55036505,0.5942622950819672
R0207_55032673,R0002_55044076,0.6192622950819672
R0207_55032673,R0002_55036050,0.5942622950819672
R0207_55032673,R0002_55037530,0.8442622950819672
R0207_55032673,R0002_55040793,0.6192622950819672
R0207_55032673,R0002_55043136,0.6192622950819672
R0207_55032673,R0002_55014421,0.6192622950819672
R0207_55032673,R0002_55003518,0.5942622950819672
R0207_55032673,R0002_55027319,0.5942622950819672
R0207_55032673,R0002_55035727,0.6192622950819672
R0207_55032673,R0002_55032858,0.6192622950819672
R0207_55032673,R0002_55029026,0.7692622950819672
R0207_55032673,R0002_55039889,0.6192622950819672
R0207_55032673,R0002_55041025,0.6192622950819672
R0207_55032673,R0002_55041833,0.6192622950819672
R0207_55032673,R0002_55031084,0.6192622950819672
R0207_55032673,R0002_55030125,0.6192622950819672
R0207_55032673,R0002_55011220,0.5942622950819672
R0207_55032673,R0002_55043779,0.6192622950819672
R0207_55032673,R0002_55026664,0.6192622950819672
R0207_55032673,R0002_55037878,0.5942622950819672
R0207_55032673,R0002_55043901,0.8442622950819672
R0207_55032673,R0002_55037718,0.6192622950819672
R0207_55032673,R0002_55042075,0.8442622950819672
R0207_55032673,R0002_55031358,0.6192622950819672
R0207_55032673,R0002_55025080,0.5942622950819672
R0207_55032673,R0002_55037283,0.6192622950819672
R0207_55032673,R0002_55019387,0.7692622950819672
R0207_55032673,R0043_55035478,0.8565573770491803
R0207_55032673,R0043_55032756,0.7315573770491803
R0207_55032673,R0043_55039677,0.6315573770491804
R0207_55032673,R0043_55039678,0.6315573770491804
R0207_55032673,R0043_55029067,0.6315573770491804
R0207_55032673,R0043_55036252,0.6315573770491804
R0207_55032673,R0043_55034675,0.6315573770491804
R0207_55032673,R0043_55031083,0.6315573770491804
R0207_55032673,R0043_55036209,0.6315573770491804
R0207_55032673,R0043_55035181,0.6315573770491804
R0207_55032673,R0043_55032758,0.7815573770491804
R0207_55032673,R0043_55039681,0.6315573770491804
R0207_55032673,R0043_55039682,0.6315573770491804
R0207_55032673,R0043_55039683,0.6315573770491804
R0207_55032673,R0043_55039684,0.6315573770491804
R0207_55032673,R0043_55032632,0.8565573770491803
R0207_55032673,R0043_55021537,0.8565573770491803
R0207_55032673,R0043_55041926,0.7315573770491803
R0207_55032673,R0043_55029012,0.6315573770491804
R0207_55032673,R0043_55034882,0.6315573770491804
R0207_55032673,R0043_55039679,0.6315573770491804
R0207_55032673,R0043_55032862,0.6315573770491804
R0207_55032673,R0043_55032759,0.6315573770491804
R0207_55032673,R0043_55037980,0.6315573770491804
R0207_55032673,R0043_55037979,0.6315573770491804
R0207_55032673,R0043_55027552,0.6315573770491804
R0207_55032673,R0043_55034879,0.6315573770491804
R0207_55032673,R0043_55032908,0.6315573770491804
R0207_55032673,R0043_55039686,0.7315573770491803
R0207_55032673,R0043_55032863,0.6315573770491804
R0207_55032673,R0043_55009127,0.7315573770491803
R0207_55032673,R0043_55036250,0.6315573770491804
R0207_55032673,R0043_55034880,0.7815573770491804
R0207_55032673,R0043_55032860,0.6315573770491804
R0207_55032673,R0043_55029506,0.8565573770491803
R0207_55032673,R0043_55031288,0.7815573770491804
R0207_55032673,R0043_55036124,0.6315573770491804
R0207_55032673,R0043_55039830,0.6315573770491804
R0207_55032673,R0043_55034325,0.7815573770491804
R0207_55032673,R0043_55039829,0.6315573770491804
R0207_55032673,R0043_55031080,0.6065573770491803
R0207_55032673,R0043_55031077,0.6315573770491804
R0207_55032673,R0043_55017366,0.8565573770491803
R0207_55032673,R0043_55034335,0.6315573770491804
R0207_55032673,R0043_55031005,0.7315573770491803
R0207_55032673,R0055_55007584,0.7233606557377049
R0207_55032673,R0055_55007583,0.7733606557377048
R0207_55032673,R0204_55005925,0.6233606557377049
R0207_55032673,R0204_55032685,0.8483606557377049
R0207_55032673,R0204_55035156,0.7733606557377048
R0207_55032673,R0204_55022352,0.8483606557377049
R0207_55032673,R0204_55004131,0.6233606557377049
R0207_55032673,R0207_55036375,0.775
R0207_55032673,R0207_55032672,1.0
R0207_55032673,R0290_55038074,0.735655737704918
R0207_55032673,R0290_55041439,0.860655737704918
R0207_55032673,R0290_55041442,0.860655737704918
R0207_55032673,R0290_55041438,0.860655737704918
R0207_55032673,R0290_55041440,0.860655737704918
R0207_55032673,R0290_55041441,0.860655737704918
R0207_55032673,R0290_55030423,0.860655737704918
R0207_55032673,R0290_55039755,0.860655737704918
R0207_55032673,R0290_55026840,0.860655737704918
R0207_55032673,R0290_55038681,0.860655737704918
R0207_55032673,R0290_55033209,0.860655737704918
R0207_55032673,R0290_55043722,0.635655737704918
R0207_55032673,R0377_55039577,0.8647540983606558
R0207_55032673,R0377_55032663,0.8647540983606558
R0207_55032673,R0377_55036003,0.6397540983606558
R0207_55032673,R0377_55036004,0.6397540983606558
R0207_55032673,R0377_55036006,0.6397540983606558
R0207_55032673,R0377_55036007,0.6397540983606558
R0207_55032673,R0377_55036008,0.6397540983606558
R0207_55032673,R0377_55036009,0.6397540983606558
R0207_55032673,R0377_55043375,0.6397540983606558
R0207_55032673,R0377_55032655,0.7897540983606557
R0207_55032673,R0377_55034860,0.8647540983606558
R0207_55032673,R0377_55042881,0.8647540983606558
R0207_55032673,R0377_55033035,0.7897540983606557
R0207_55032673,R0377_55044076,0.6397540983606558
R0207_55032673,R0377_55036698,0.8647540983606558
R0207_55032673,R0377_55032664,0.7397540983606558
R0207_55032673,R0377_55038331,0.6397540983606558
R0207_55032673,R0377_55041814,0.6397540983606558
R0207_55032673,R0377_55041025,0.6397540983606558
R0207_55032673,R0377_55039651,0.6397540983606558
R0207_55032673,R0377_55044100,0.7397540983606558
R0207_55032673,R0377_55026719,0.7397540983606558
R0290_55038074,R0002_55043311,0.6223404255319149
R0290_55038074,R0002_55036002,0.6223404255319149
R0290_55038074,R0002_55015378,0.6223404255319149
R0290_55038074,R0002_55032731,0.6223404255319149
R0290_55038074,R0002_55025944,0.6223404255319149
R0290_55038074,R0002_55024341,0.6223404255319149
R0290_55038074,R0002_55041509,0.6223404255319149
R0290_55038074,R0002_55036059,0.6223404255319149
R0290_55038074,R0002_55037787,0.6223404255319149
R0290_55038074,R0002_55039851,0.6223404255319149
R0290_55038074,R0002_55032782,0.6223404255319149
R0290_55038074,R0002_55036171,0.6223404255319149
R0290_55038074,R0002_55035505,0.6223404255319149
R0290_55038074,R0002_55011002,0.6223404255319149
R0290_55038074,R0002_55031467,0.6223404255319149
R0290_55038074,R0002_55028991,0.6223404255319149
R0290_55038074,R0002_55027831,0.6223404255319149
R0290_55038074,R0002_55038839,0.6223404255319149
R0290_55038074,R0002_55019960,0.6223404255319149
R0290_55038074,R0002_55033035,0.6223404255319149
R0290_55038074,R0002_55006197,0.6223404255319149
R0290_55038074,R0002_55036505,0.6223404255319149
R0290_55038074,R0002_55044076,0.6223404255319149
R0290_55038074,R0002_55036050,0.6223404255319149
R0290_55038074,R0002_55037530,0.6223404255319149
R0290_55038074,R0002_55040793,0.6223404255319149
R0290_55038074,R0002_55043136,0.6223404255319149
R0290_55038074,R0002_55014421,0.6223404255319149
R0290_55038074,R0002_55003518,0.6223404255319149
R0290_55038074,R0002_55027319,0.6223404255319149
R0290_55038074,R0002_55035727,0.6223404255319149
R0290_55038074,R0002_55032858,0.6223404255319149
R0290_55038074,R0002_55029026,0.6223404255319149
R0290_55038074,R0002_55039889,0.6223404255319149
R0290_55038074,R0002_55041025,0.6223404255319149
R0290_55038074,R0002_55041833,0.6223404255319149
R0290_55038074,R0002_55031084,0.6223404255319149
R0290_55038074,R0002_55030125,0.6223404255319149
R0290_55038074,R0002_55011220,0.6223404255319149
R0290_55038074,R0002_55043779,0.6223404255319149
R0290_55038074,R0002_55026664,0.6223404255319149
R0290_55038074,R0002_55037878,0.6223404255319149
R0290_55038074,R0002_55043901,0.6223404255319149
R0290_55038074,R0002_55037718,0.6223404255319149
R0290_55038074,R0002_55042075,0.6223404255319149
R0290_55038074,R0002_55031358,0.6223404255319149
R0290_55038074,R0002_55025080,0.6223404255319149
R0290_55038074,R0002_55037283,0.6223404255319149
R0290_55038074,R0002_55019387,0.6223404255319149
R0290_55038074,R0043_55035478,0.6382978723404256
R0290_55038074,R0043_55032756,0.8882978723404256
R0290_55038074,R0043_55039677,0.6382978723404256
R0290_55038074,R0043_55039678,0.6382978723404256
R0290_55038074,R0043_55029067,0.6382978723404256
R0290_55038074,R0043_55036252,0.6382978723404256
R0290_55038074,R0043_55034675,0.6382978723404256
R0290_55038074,R0043_55031083,0.6382978723404256
R0290_55038074,R0043_55036209,0.6382978723404256
R0290_55038074,R0043_55035181,0.6382978723404256
R0290_55038074,R0043_55032758,0.6382978723404256
R0290_55038074,R0043_55039681,0.6382978723404256
R0290_55038074,R0043_55039682,0.6382978723404256
R0290_55038074,R0043_55039683,0.6382978723404256
R0290_55038074,R0043_55039684,0.6382978723404256
R0290_55038074,R0043_55032632,0.6382978723404256
R0290_55038074,R0043_55021537,0.6382978723404256
R0290_55038074,R0043_55041926,0.8882978723404256
R0290_55038074,R0043_55029012,0.6382978723404256
R0290_55038074,R0043_55034882,0.6382978723404256
R0290_55038074,R0043_55039679,0.6382978723404256
R0290_55038074,R0043_55032862,0.6382978723404256
R0290_55038074,R0043_55032759,0.6382978723404256
R0290_55038074,R0043_55037980,0.6382978723404256
R0290_55038074,R0043_55037979,0.6382978723404256
R0290_55038074,R0043_55027552,0.6382978723404256
R0290_55038074,R0043_55034879,0.6382978723404256
R0290_55038074,R0043_55032908,0.6382978723404256
R0290_55038074,R0043_55039686,0.8882978723404256
R0290_55038074,R0043_55032863,0.6382978723404256
R0290_55038074,R0043_55009127,0.8882978723404256
R0290_55038074,R0043_55036250,0.6382978723404256
R0290_55038074,R0043_55034880,0.6382978723404256
R0290_55038074,R0043_55032860,0.6382978723404256
R0290_55038074,R0043_55029506,0.6382978723404256
R0290_55038074,R0043_55031288,0.6382978723404256
R0290_55038074,R0043_55036124,0.6382978723404256
R0290_55038074,R0043_55039830,0.6382978723404256
R0290_55038074,R0043_55034325,0.6382978723404256
R0290_55038074,R0043_55039829,0.6382978723404256
R0290_55038074,R0043_55031080,0.6382978723404256
R0290_55038074,R0043_55031077,0.6382978723404256
R0290_55038074,R0043_55017366,0.6382978723404256
R0290_55038074,R0043_55034335,0.6382978723404256
R0290_55038074,R0043_55031005,0.8882978723404256
R0290_55038074,R0055_55007584,0.8829787234042553
R0290_55038074,R0055_55007583,0.6329787234042553
R0290_55038074,R0204_55005925,0.6276595744680851
R0290_55038074,R0204_55032685,0.6276595744680851
R0290_55038074,R0204_55035156,0.6276595744680851
R0290_55038074,R0204_55022352,0.6276595744680851
R0290_55038074,R0204_55004131,0.6276595744680851
R0290_55038074,R0207_55036375,0.6436170212765957
R0290_55038074,R0207_55032672,0.6436170212765957
R0290_55038074,R0207_55032673,0.6436170212765957
R0290_55038074,R0290_55041439,0.75
R0290_55038074,R0290_55041442,0.75
R0290_55038074,R0290_55041438,0.75
R0290_55038074,R0290_55041440,0.75
R0290_55038074,R0290_55041441,0.75
R0290_55038074,R0290_55030423,0.75
R0290_55038074,R0290_55039755,0.75
R0290_55038074,R0290_55026840,0.75
R0290_55038074,R0290_55038681,0.75
R0290_55038074,R0290_55033209,0.75
R0290_55038074,R0290_55043722,0.75
R0290_55038074,R0377_55039577,0.6436170212765957
R0290_55038074,R0377_55032663,0.6436170212765957
R0290_55038074,R0377_55036003,0.6436170212765957
R0290_55038074,R0377_55036004,0.6436170212765957
R0290_55038074,R0377_55036006,0.6436170212765957
R0290_55038074,R0377_55036007,0.6436170212765957
R0290_55038074,R0377_55036008,0.6436170212765957
R0290_55038074,R0377_55036009,0.6436170212765957
R0290_55038074,R0377_55043375,0.6436170212765957
R0290_55038074,R0377_55032655,0.6436170212765957
R0290_55038074,R0377_55034860,0.6436170212765957
R0290_55038074,R0377_55042881,0.6436170212765957
R0290_55038074,R0377_55033035,0.6436170212765957
R0290_55038074,R0377_55044076,0.6436170212765957
R0290_55038074,R0377_55036698,0.6436170212765957
R0290_55038074,R0377_55032664,0.8936170212765957
R0290_55038074,R0377_55038331,0.6436170212765957
R0290_55038074,R0377_55041814,0.6436170212765957
R0290_55038074,R0377_55041025,0.6436170212765957
R0290_55038074,R0377_55039651,0.6436170212765957
R0290_55038074,R0377_55044100,0.8936170212765957
R0290_55038074,R0377_55026719,0.8936170212765957
R0290_55041439,R0002_55043311,0.6223404255319149
R0290_55041439,R0002_55036002,0.6473404255319148
R0290_55041439,R0002_55015378,0.6473404255319148
R0290_55041439,R0002_55032731,0.6223404255319149
R0290_55041439,R0002_55025944,0.8723404255319149
R0290_55041439,R0002_55024341,0.8723404255319149
R0290_55041439,R0002_55041509,0.8723404255319149
R0290_55041439,R0002_55036059,0.6473404255319148
R0290_55041439,R0002_55037787,0.6473404255319148
R0290_55041439,R0002_55039851,0.6223404255319149
R0290_55041439,R0002_55032782,0.6473404255319148
R0290_55041439,R0002_55036171,0.8723404255319149
R0290_55041439,R0002_55035505,0.8723404255319149
R0290_55041439,R0002_55011002,0.6473404255319148
R0290_55041439,R0002_55031467,0.8723404255319149
R0290_55041439,R0002_55028991,0.6473404255319148
R0290_55041439,R0002_55027831,0.8723404255319149
R0290_55041439,R0002_55038839,0.8723404255319149
R0290_55041439,R0002_55019960,0.6473404255319148
R0290_55041439,R0002_55033035,0.6473404255319148
R0290_55041439,R0002_55006197,0.6473404255319148
R0290_55041439,R0002_55036505,0.6223404255319149
R0290_55041439,R0002_55044076,0.6473404255319148
R0290_55041439,R0002_55036050,0.6223404255319149
R0290_55041439,R0002_55037530,0.8723404255319149
R0290_55041439,R0002_55040793,0.6473404255319148
R0290_55041439,R0002_55043136,0.6473404255319148
R0290_55041439,R0002_55014421,0.6473404255319148
R0290_55041439,R0002_55003518,0.6223404255319149
R0290_55041439,R0002_55027319,0.6223404255319149
R0290_55041439,R0002_55035727,0.6473404255319148
R0290_55041439,R0002_55032858,0.6473404255319148
R0290_55041439,R0002_55029026,0.7973404255319149
R0290_55041439,R0002_55039889,0.6473404255319148
R0290_55041439,R0002_55041025,0.6473404255319148
R0290_55041439,R0002_55041833,0.6473404255319148
R0290_55041439,R0002_55031084,0.6473404255319148
R0290_55041439,R0002_55030125,0.6473404255319148
R0290_55041439,R0002_55011220,0.6223404255319149
R0290_55041439,R0002_55043779,0.6473404255319148
R0290_55041439,R0002_55026664,0.6473404255319148
R0290_55041439,R0002_55037878,0.6223404255319149
R0290_55041439,R0002_55043901,0.8723404255319149
R0290_55041439,R0002_55037718,0.6473404255319148
R0290_55041439,R0002_55042075,0.8723404255319149
R0290_55041439,R0002_55031358,0.6473404255319148
R0290_55041439,R0002_55025080,0.6223404255319149
R0290_55041439,R0002_55037283,0.6473404255319148
R0290_55041439,R0002_55019387,0.7973404255319149
R0290_55041439,R0043_55035478,0.8882978723404256
R0290_55041439,R0043_55032756,0.7632978723404256
R0290_55041439,R0043_55039677,0.6632978723404255
R0290_55041439,R0043_55039678,0.6632978723404255
R0290_55041439,R0043_55029067,0.6632978723404255
R0290_55041439,R0043_55036252,0.6632978723404255
R0290_55041439,R0043_55034675,0.6632978723404255
R0290_55041439,R0043_55031083,0.6632978723404255
R0290_55041439,R0043_55036209,0.6632978723404255
R0290_55041439,R0043_55035181,0.6632978723404255
R0290_55041439,R0043_55032758,0.8132978723404255
R0290_55041439,R0043_55039681,0.6632978723404255
R0290_55041439,R0043_55039682,0.6632978723404255
R0290_55041439,R0043_55039683,0.6632978723404255
R0290_55041439,R0043_55039684,0.6632978723404255
R0290_55041439,R0043_55032632,0.8882978723404256
R0290_55041439,R0043_55021537,0.8882978723404256
R0290_55041439,R0043_55041926,0.7632978723404256
R0290_55041439,R0043_55029012,0.6632978723404255
R0290_55041439,R0043_55034882,0.6632978723404255
R0290_55041439,R0043_55039679,0.6632978723404255
R0290_55041439,R0043_55032862,0.6632978723404255
R0290_55041439,R0043_55032759,0.6632978723404255
R0290_55041439,R0043_55037980,0.6632978723404255
R0290_55041439,R0043_55037979,0.6632978723404255
R0290_55041439,R0043_55027552,0.6632978723404255
R0290_55041439,R0043_55034879,0.6632978723404255
R0290_55041439,R0043_55032908,0.6632978723404255
R0290_55041439,R0043_55039686,0.7632978723404256
R0290_55041439,R0043_55032863,0.6632978723404255
R0290_55041439,R0043_55009127,0.7632978723404256
R0290_55041439,R0043_55036250,0.6632978723404255
R0290_55041439,R0043_55034880,0.8132978723404255
R0290_55041439,R0043_55032860,0.6632978723404255
R0290_55041439,R0043_55029506,0.8882978723404256
R0290_55041439,R0043_55031288,0.8132978723404255
R0290_55041439,R0043_55036124,0.6632978723404255
R0290_55041439,R0043_55039830,0.6632978723404255
R0290_55041439,R0043_55034325,0.8132978723404255
R0290_55041439,R0043_55039829,0.6632978723404255
R0290_55041439,R0043_55031080,0.6382978723404256
R0290_55041439,R0043_55031077,0.6632978723404255
R0290_55041439,R0043_55017366,0.8882978723404256
R0290_55041439,R0043_55034335,0.6632978723404255
R0290_55041439,R0043_55031005,0.7632978723404256
R0290_55041439,R0055_55007584,0.7579787234042553
R0290_55041439,R0055_55007583,0.8079787234042553
R0290_55041439,R0204_55005925,0.6526595744680851
R0290_55041439,R0204_55032685,0.8776595744680851
R0290_55041439,R0204_55035156,0.8026595744680851
R0290_55041439,R0204_55022352,0.8776595744680851
R0290_55041439,R0204_55004131,0.6526595744680851
R0290_55041439,R0207_55036375,0.6686170212765957
R0290_55041439,R0207_55032672,0.8936170212765957
R0290_55041439,R0207_55032673,0.8936170212765957
R0290_55041439,R0290_55038074,0.875
R0290_55041439,R0290_55041442,1.0
R0290_55041439,R0290_55041438,1.0
R0290_55041439,R0290_55041440,1.0
R0290_55041439,R0290_55041441,1.0
R0290_55041439,R0290_55030423,1.0
R0290_55041439,R0290_55039755,1.0
R0290_55041439,R0290_55026840,1.0
R0290_55041439,R0290_55038681,1.0
R0290_55041439,R0290_55033209,1.0
R0290_55041439,R0290_55043722,0.775
R0290_55041439,R0377_55039577,0.8936170212765957
R0290_55041439,R0377_55032663,0.8936170212765957
R0290_55041439,R0377_55036003,0.6686170212765957
R0290_55041439,R0377_55036004,0.6686170212765957
R0290_55041439,R0377_55036006,0.6686170212765957
R0290_55041439,R0377_55036007,0.6686170212765957
R0290_55041439,R0377_55036008,0.6686170212765957
R0290_55041439,R0377_55036009,0.6686170212765957
R0290_55041439,R0377_55043375,0.6686170212765957
R0290_55041439,R0377_55032655,0.8186170212765957
R0290_55041439,R0377_55034860,0.8936170212765957
R0290_55041439,R0377_55042881,0.8936170212765957
R0290_55041439,R0377_55033035,0.8186170212765957
R0290_55041439,R0377_55044076,0.6686170212765957
R0290_55041439,R0377_55036698,0.8936170212765957
R0290_55041439,R0377_55032664,0.7686170212765957
R0290_55041439,R0377_55038331,0.6686170212765957
R0290_55041439,R0377_55041814,0.6686170212765957
R0290_55041439,R0377_55041025,0.6686170212765957
R0290_55041439,R0377_55039651,0.6686170212765957
R0290_55041439,R0377_55044100,0.7686170212765957
R0290_55041439,R0377_55026719,0.7686170212765957
R0290_55041442,R0002_55043311,0.6223404255319149
R0290_55041442,R0002_55036002,0.6473404255319148
R0290_55041442,R0002_55015378,0.6473404255319148
R0290_55041442,R0002_55032731,0.6223404255319149
R0290_55041442,R0002_55025944,0.8723404255319149
R0290_55041442,R0002_55024341,0.8723404255319149
R0290_55041442,R0002_55041509,0.8723404255319149
R0290_55041442,R0002_55036059,0.6473404255319148
R0290_55041442,R0002_55037787,0.6473404255319148
R0290_55041442,R0002_55039851,0.6223404255319149
R0290_55041442,R0002_55032782,0.6473404255319148
R0290_55041442,R0002_55036171,0.8723404255319149
R0290_55041442,R0002_55035505,0.8723404255319149
R0290_55041442,R0002_55011002,0.6473404255319148
R0290_55041442,R0002_55031467,0.8723404255319149
R0290_55041442,R0002_55028991,0.6473404255319148
R0290_55041442,R0002_55027831,0.8723404255319149
R0290_55041442,R0002_55038839,0.8723404255319149
R0290_55041442,R0002_55019960,0.6473404255319148
R0290_55041442,R0002_55033035,0.6473404255319148
R0290_55041442,R0002_55006197,0.6473404255319148
R0290_55041442,R0002_55036505,0.6223404255319149
R0290_55041442,R0002_55044076,0.6473404255319148
R0290_55041442,R0002_55036050,0.6223404255319149
R0290_55041442,R0002_55037530,0.8723404255319149
R0290_55041442,R0002_55040793,0.6473404255319148
R0290_55041442,R0002_55043136,0.6473404255319148
R0290_55041442,R0002_55014421,0.6473404255319148
R0290_55041442,R0002_55003518,0.6223404255319149
R0290_55041442,R0002_55027319,0.6223404255319149
R0290_55041442,R0002_55035727,0.6473404255319148
R0290_55041442,R0002_55032858,0.6473404255319148
R0290_55041442,R0002_55029026,0.7973404255319149
R0290_55041442,R0002_55039889,0.6473404255319148
R0290_55041442,R0002_55041025,0.6473404255319148
R0290_55041442,R0002_55041833,0.6473404255319148
R0290_55041442,R0002_55031084,0.6473404255319148
R0290_55041442,R0002_55030125,0.6473404255319148
R0290_55041442,R0002_55011220,0.6223404255319149
R0290_55041442,R0002_55043779,0.6473404255319148
R0290_55041442,R0002_55026664,0.6473404255319148
R0290_55041442,R0002_55037878,0.6223404255319149
R0290_55041442,R0002_55043901,0.8723404255319149
R0290_55041442,R0002_55037718,0.6473404255319148
R0290_55041442,R0002_55042075,0.8723404255319149
R0290_55041442,R0002_55031358,0.6473404255319148
R0290_55041442,R0002_55025080,0.6223404255319149
R0290_55041442,R0002_55037283,0.6473404255319148
R0290_55041442,R0002_55019387,0.7973404255319149
R0290_55041442,R0043_55035478,0.8882978723404256
R0290_55041442,R0043_55032756,0.7632978723404256
R0290_55041442,R0043_55039677,0.6632978723404255
R0290_55041442,R0043_55039678,0.6632978723404255
R0290_55041442,R0043_55029067,0.6632978723404255
R0290_55041442,R0043_55036252,0.6632978723404255
R0290_55041442,R0043_55034675,0.6632978723404255
R0290_55041442,R0043_55031083,0.6632978723404255
R0290_55041442,R0043_55036209,0.6632978723404255
R0290_55041442,R0043_55035181,0.6632978723404255
R0290_55041442,R0043_55032758,0.8132978723404255
R0290_55041442,R0043_55039681,0.6632978723404255
R0290_55041442,R0043_55039682,0.6632978723404255
R0290_55041442,R0043_55039683,0.6632978723404255
R0290_55041442,R0043_55039684,0.6632978723404255
R0290_55041442,R0043_55032632,0.8882978723404256
R0290_55041442,R0043_55021537,0.8882978723404256
R0290_55041442,R0043_55041926,0.7632978723404256
R0290_55041442,R0043_55029012,0.6632978723404255
R0290_55041442,R0043_55034882,0.6632978723404255
R0290_55041442,R0043_55039679,0.6632978723404255
R0290_55041442,R0043_55032862,0.6632978723404255
R0290_55041442,R0043_55032759,0.6632978723404255
R0290_55041442,R0043_55037980,0.6632978723404255
R0290_55041442,R0043_55037979,0.6632978723404255
R0290_55041442,R0043_55027552,0.6632978723404255
R0290_55041442,R0043_55034879,0.6632978723404255
R0290_55041442,R0043_55032908,0.6632978723404255
R0290_55041442,R0043_55039686,0.7632978723404256
R0290_55041442,R0043_55032863,0.6632978723404255
R0290_55041442,R0043_55009127,0.7632978723404256
R0290_55041442,R0043_55036250,0.6632978723404255
R0290_55041442,R0043_55034880,0.8132978723404255
R0290_55041442,R0043_55032860,0.6632978723404255
R0290_55041442,R0043_55029506,0.8882978723404256
R0290_55041442,R0043_55031288,0.8132978723404255
R0290_55041442,R0043_55036124,0.6632978723404255
R0290_55041442,R0043_55039830,0.6632978723404255
R0290_55041442,R0043_55034325,0.8132978723404255
R0290_55041442,R0043_55039829,0.6632978723404255
R0290_55041442,R0043_55031080,0.6382978723404256
R0290_55041442,R0043_55031077,0.6632978723404255
R0290_55041442,R0043_55017366,0.8882978723404256
R0290_55041442,R0043_55034335,0.6632978723404255
R0290_55041442,R0043_55031005,0.7632978723404256
R0290_55041442,R0055_55007584,0.7579787234042553
R0290_55041442,R0055_55007583,0.8079787234042553
R0290_55041442,R0204_55005925,0.6526595744680851
R0290_55041442,R0204_55032685,0.8776595744680851
R0290_55041442,R0204_55035156,0.8026595744680851
R0290_55041442,R0204_55022352,0.8776595744680851
R0290_55041442,R0204_55004131,0.6526595744680851
R0290_55041442,R0207_55036375,0.6686170212765957
R0290_55041442,R0207_55032672,0.8936170212765957
R0290_55041442,R0207_55032673,0.8936170212765957
R0290_55041442,R0290_55038074,0.875
R0290_55041442,R0290_55041439,1.0
R0290_55041442,R0290_55041438,1.0
R0290_55041442,R0290_55041440,1.0
R0290_55041442,R0290_55041441,1.0
R0290_55041442,R0290_55030423,1.0
R0290_55041442,R0290_55039755,1.0
R0290_55041442,R0290_55026840,1.0
R0290_55041442,R0290_55038681,1.0
R0290_55041442,R0290_55033209,1.0
R0290_55041442,R0290_55043722,0.775
R0290_55041442,R0377_55039577,0.8936170212765957
R0290_55041442,R0377_55032663,0.8936170212765957
R0290_55041442,R0377_55036003,0.6686170212765957
R0290_55041442,R0377_55036004,0.6686170212765957
R0290_55041442,R0377_55036006,0.6686170212765957
R0290_55041442,R0377_55036007,0.6686170212765957
R0290_55041442,R0377_55036008,0.6686170212765957
R0290_55041442,R0377_55036009,0.6686170212765957
R0290_55041442,R0377_55043375,0.6686170212765957
R0290_55041442,R0377_55032655,0.8186170212765957
R0290_55041442,R0377_55034860,0.8936170212765957
R0290_55041442,R0377_55042881,0.8936170212765957
R0290_55041442,R0377_55033035,0.8186170212765957
R0290_55041442,R0377_55044076,0.6686170212765957
R0290_55041442,R0377_55036698,0.8936170212765957
R0290_55041442,R0377_55032664,0.7686170212765957
R0290_55041442,R0377_55038331,0.6686170212765957
R0290_55041442,R0377_55041814,0.6686170212765957
R0290_55041442,R0377_55041025,0.6686170212765957
R0290_55041442,R0377_55039651,0.6686170212765957
R0290_55041442,R0377_55044100,0.7686170212765957
R0290_55041442,R0377_55026719,0.7686170212765957
R0290_55041438,R0002_55043311,0.6223404255319149
R0290_55041438,R0002_55036002,0.6473404255319148
R0290_55041438,R0002_55015378,0.6473404255319148
R0290_55041438,R0002_55032731,0.6223404255319149
R0290_55041438,R0002_55025944,0.8723404255319149
R0290_55041438,R0002_55024341,0.8723404255319149
R0290_55041438,R0002_55041509,0.8723404255319149
R0290_55041438,R0002_55036059,0.6473404255319148
R0290_55041438,R0002_55037787,0.6473404255319148
R0290_55041438,R0002_55039851,0.6223404255319149
R0290_55041438,R0002_55032782,0.6473404255319148
R0290_55041438,R0002_55036171,0.8723404255319149
R0290_55041438,R0002_55035505,0.8723404255319149
R0290_55041438,R0002_55011002,0.6473404255319148
R0290_55041438,R0002_55031467,0.8723404255319149
R0290_55041438,R0002_55028991,0.6473404255319148
R0290_55041438,R0002_55027831,0.8723404255319149
R0290_55041438,R0002_55038839,0.8723404255319149
R0290_55041438,R0002_55019960,0.6473404255319148
R0290_55041438,R0002_55033035,0.6473404255319148
R0290_55041438,R0002_55006197,0.6473404255319148
R0290_55041438,R0002_55036505,0.6223404255319149
R0290_55041438,R0002_55044076,0.6473404255319148
R0290_55041438,R0002_55036050,0.6223404255319149
R0290_55041438,R0002_55037530,0.8723404255319149
R0290_55041438,R0002_55040793,0.6473404255319148
R0290_55041438,R0002_55043136,0.6473404255319148
R0290_55041438,R0002_55014421,0.6473404255319148
R0290_55041438,R0002_55003518,0.6223404255319149
R0290_55041438,R0002_55027319,0.6223404255319149
R0290_55041438,R0002_55035727,0.6473404255319148
R0290_55041438,R0002_55032858,0.6473404255319148
R0290_55041438,R0002_55029026,0.7973404255319149
R0290_55041438,R0002_55039889,0.6473404255319148
R0290_55041438,R0002_55041025,0.6473404255319148
R0290_55041438,R0002_55041833,0.6473404255319148
R0290_55041438,R0002_55031084,0.6473404255319148
R0290_55041438,R0002_55030125,0.6473404255319148
R0290_55041438,R0002_55011220,0.6223404255319149
R0290_55041438,R0002_55043779,0.6473404255319148
R0290_55041438,R0002_55026664,0.6473404255319148
R0290_55041438,R0002_55037878,0.6223404255319149
R0290_55041438,R0002_55043901,0.8723404255319149
R0290_55041438,R0002_55037718,0.6473404255319148
R0290_55041438,R0002_55042075,0.8723404255319149
R0290_55041438,R0002_55031358,0.6473404255319148
R0290_55041438,R0002_55025080,0.6223404255319149
R0290_55041438,R0002_55037283,0.6473404255319148
R0290_55041438,R0002_55019387,0.7973404255319149
R0290_55041438,R0043_55035478,0.8882978723404256
R0290_55041438,R0043_55032756,0.7632978723404256
R0290_55041438,R0043_55039677,0.6632978723404255
R0290_55041438,R0043_55039678,0.6632978723404255
R0290_55041438,R0043_55029067,0.6632978723404255
R0290_55041438,R0043_55036252,0.6632978723404255
R0290_55041438,R0043_55034675,0.6632978723404255
R0290_55041438,R0043_55031083,0.6632978723404255
R0290_55041438,R0043_55036209,0.6632978723404255
R0290_55041438,R0043_55035181,0.6632978723404255
R0290_55041438,R0043_55032758,0.8132978723404255
R0290_55041438,R0043_55039681,0.6632978723404255
R0290_55041438,R0043_55039682,0.6632978723404255
R0290_55041438,R0043_55039683,0.6632978723404255
R0290_55041438,R0043_55039684,0.6632978723404255
R0290_55041438,R0043_55032632,0.8882978723404256
R0290_55041438,R0043_55021537,0.8882978723404256
R0290_55041438,R0043_55041926,0.7632978723404256
R0290_55041438,R0043_55029012,0.6632978723404255
R0290_55041438,R0043_55034882,0.6632978723404255
R0290_55041438,R0043_55039679,0.6632978723404255
R0290_55041438,R0043_55032862,0.6632978723404255
R0290_55041438,R0043_55032759,0.6632978723404255
R0290_55041438,R0043_55037980,0.6632978723404255
R0290_55041438,R0043_55037979,0.6632978723404255
R0290_55041438,R0043_55027552,0.6632978723404255
R0290_55041438,R0043_55034879,0.6632978723404255
R0290_55041438,R0043_55032908,0.6632978723404255
R0290_55041438,R0043_55039686,0.7632978723404256
R0290_55041438,R0043_55032863,0.6632978723404255
R0290_55041438,R0043_55009127,0.7632978723404256
R0290_55041438,R0043_55036250,0.6632978723404255
R0290_55041438,R0043_55034880,0.8132978723404255
R0290_55041438,R0043_55032860,0.6632978723404255
R0290_55041438,R0043_55029506,0.8882978723404256
R0290_55041438,R0043_55031288,0.8132978723404255
R0290_55041438,R0043_55036124,0.6632978723404255
R0290_55041438,R0043_55039830,0.6632978723404255
R0290_55041438,R0043_55034325,0.8132978723404255
R0290_55041438,R0043_55039829,0.6632978723404255
R0290_55041438,R0043_55031080,0.6382978723404256
R0290_55041438,R0043_55031077,0.6632978723404255
R0290_55041438,R0043_55017366,0.8882978723404256
R0290_55041438,R0043_55034335,0.6632978723404255
R0290_55041438,R0043_55031005,0.7632978723404256
R0290_55041438,R0055_55007584,0.7579787234042553
R0290_55041438,R0055_55007583,0.8079787234042553
R0290_55041438,R0204_55005925,0.6526595744680851
R0290_55041438,R0204_55032685,0.8776595744680851
R0290_55041438,R0204_55035156,0.8026595744680851
R0290_55041438,R0204_55022352,0.8776595744680851
R0290_55041438,R0204_55004131,0.6526595744680851
R0290_55041438,R0207_55036375,0.6686170212765957
R0290_55041438,R0207_55032672,0.8936170212765957
R0290_55041438,R0207_55032673,0.8936170212765957
R0290_55041438,R0290_55038074,0.875
R0290_55041438,R0290_55041439,1.0
R0290_55041438,R0290_55041442,1.0
R0290_55041438,R0290_55041440,1.0
R0290_55041438,R0290_55041441,1.0
R0290_55041438,R0290_55030423,1.0
R0290_55041438,R0290_55039755,1.0
R0290_55041438,R0290_55026840,1.0
R0290_55041438,R0290_55038681,1.0
R0290_55041438,R0290_55033209,1.0
R0290_55041438,R0290_55043722,0.775
R0290_55041438,R0377_55039577,0.8936170212765957
R0290_55041438,R0377_55032663,0.8936170212765957
R0290_55041438,R0377_55036003,0.6686170212765957
R0290_55041438,R0377_55036004,0.6686170212765957
R0290_55041438,R0377_55036006,0.6686170212765957
R0290_55041438,R0377_55036007,0.6686170212765957
R0290_55041438,R0377_55036008,0.6686170212765957
R0290_55041438,R0377_55036009,0.6686170212765957
R0290_55041438,R0377_55043375,0.6686170212765957
R0290_55041438,R0377_55032655,0.8186170212765957
R0290_55041438,R0377_55034860,0.8936170212765957
R0290_55041438,R0377_55042881,0.8936170212765957
R0290_55041438,R0377_55033035,0.8186170212765957
R0290_55041438,R0377_55044076,0.6686170212765957
R0290_55041438,R0377_55036698,0.8936170212765957
R0290_55041438,R0377_55032664,0.7686170212765957
R0290_55041438,R0377_55038331,0.6686170212765957
R0290_55041438,R0377_55041814,0.6686170212765957
R0290_55041438,R0377_55041025,0.6686170212765957
R0290_55041438,R0377_55039651,0.6686170212765957
R0290_55041438,R0377_55044100,0.7686170212765957
R0290_55041438,R0377_55026719,0.7686170212765957
R0290_55041440,R0002_55043311,0.6223404255319149
R0290_55041440,R0002_55036002,0.6473404255319148
R0290_55041440,R0002_55015378,0.6473404255319148
R0290_55041440,R0002_55032731,0.6223404255319149
R0290_55041440,R0002_55025944,0.8723404255319149
R0290_55041440,R0002_55024341,0.8723404255319149
R0290_55041440,R0002_55041509,0.8723404255319149
R0290_55041440,R0002_55036059,0.6473404255319148
R0290_55041440,R0002_55037787,0.6473404255319148
R0290_55041440,R0002_55039851,0.6223404255319149
R0290_55041440,R0002_55032782,0.6473404255319148
R0290_55041440,R0002_55036171,0.8723404255319149
R0290_55041440,R0002_55035505,0.8723404255319149
R0290_55041440,R0002_55011002,0.6473404255319148
R0290_55041440,R0002_55031467,0.8723404255319149
R0290_55041440,R0002_55028991,0.6473404255319148
R0290_55041440,R0002_55027831,0.8723404255319149
R0290_55041440,R0002_55038839,0.8723404255319149
R0290_55041440,R0002_55019960,0.6473404255319148
R0290_55041440,R0002_55033035,0.6473404255319148
R0290_55041440,R0002_55006197,0.6473404255319148
R0290_55041440,R0002_55036505,0.6223404255319149
R0290_55041440,R0002_55044076,0.6473404255319148
R0290_55041440,R0002_55036050,0.6223404255319149
R0290_55041440,R0002_55037530,0.8723404255319149
R0290_55041440,R0002_55040793,0.6473404255319148
R0290_55041440,R0002_55043136,0.6473404255319148
R0290_55041440,R0002_55014421,0.6473404255319148
R0290_55041440,R0002_55003518,0.6223404255319149
R0290_55041440,R0002_55027319,0.6223404255319149
R0290_55041440,R0002_55035727,0.6473404255319148
R0290_55041440,R0002_55032858,0.6473404255319148
R0290_55041440,R0002_55029026,0.7973404255319149
R0290_55041440,R0002_55039889,0.6473404255319148
R0290_55041440,R0002_55041025,0.6473404255319148
R0290_55041440,R0002_55041833,0.6473404255319148
R0290_55041440,R0002_55031084,0.6473404255319148
R0290_55041440,R0002_55030125,0.6473404255319148
R0290_55041440,R0002_55011220,0.6223404255319149
R0290_55041440,R0002_55043779,0.6473404255319148
R0290_55041440,R0002_55026664,0.6473404255319148
R0290_55041440,R0002_55037878,0.6223404255319149
R0290_55041440,R0002_55043901,0.8723404255319149
R0290_55041440,R0002_55037718,0.6473404255319148
R0290_55041440,R0002_55042075,0.8723404255319149
R0290_55041440,R0002_55031358,0.6473404255319148
R0290_55041440,R0002_55025080,0.6223404255319149
R0290_55041440,R0002_55037283,0.6473404255319148
R0290_55041440,R0002_55019387,0.7973404255319149
R0290_55041440,R0043_55035478,0.8882978723404256
R0290_55041440,R0043_55032756,0.7632978723404256
R0290_55041440,R0043_55039677,0.6632978723404255
R0290_55041440,R0043_55039678,0.6632978723404255
R0290_55041440,R0043_55029067,0.6632978723404255
R0290_55041440,R0043_55036252,0.6632978723404255
R0290_55041440,R0043_55034675,0.6632978723404255
R0290_55041440,R0043_55031083,0.6632978723404255
R0290_55041440,R0043_55036209,0.6632978723404255
R0290_55041440,R0043_55035181,0.6632978723404255
R0290_55041440,R0043_55032758,0.8132978723404255
R0290_55041440,R0043_55039681,0.6632978723404255
R0290_55041440,R0043_55039682,0.6632978723404255
R0290_55041440,R0043_55039683,0.6632978723404255
R0290_55041440,R0043_55039684,0.6632978723404255
R0290_55041440,R0043_55032632,0.8882978723404256
R0290_55041440,R0043_55021537,0.8882978723404256
R0290_55041440,R0043_55041926,0.7632978723404256
R0290_55041440,R0043_55029012,0.6632978723404255
R0290_55041440,R0043_55034882,0.6632978723404255
R0290_55041440,R0043_55039679,0.6632978723404255
R0290_55041440,R0043_55032862,0.6632978723404255
R0290_55041440,R0043_55032759,0.6632978723404255
R0290_55041440,R0043_55037980,0.6632978723404255
R0290_55041440,R0043_55037979,0.6632978723404255
R0290_55041440,R0043_55027552,0.6632978723404255
R0290_55041440,R0043_55034879,0.6632978723404255
R0290_55041440,R0043_55032908,0.6632978723404255
R0290_55041440,R0043_55039686,0.7632978723404256
R0290_55041440,R0043_55032863,0.6632978723404255
R0290_55041440,R0043_55009127,0.7632978723404256
R0290_55041440,R0043_55036250,0.6632978723404255
R0290_55041440,R0043_55034880,0.8132978723404255
R0290_55041440,R0043_55032860,0.6632978723404255
R0290_55041440,R0043_55029506,0.8882978723404256
R0290_55041440,R0043_55031288,0.8132978723404255
R0290_55041440,R0043_55036124,0.6632978723404255
R0290_55041440,R0043_55039830,0.6632978723404255
R0290_55041440,R0043_55034325,0.8132978723404255
R0290_55041440,R0043_55039829,0.6632978723404255
R0290_55041440,R0043_55031080,0.6382978723404256
R0290_55041440,R0043_55031077,0.6632978723404255
R0290_55041440,R0043_55017366,0.8882978723404256
R0290_55041440,R0043_55034335,0.6632978723404255
R0290_55041440,R0043_55031005,0.7632978723404256
R0290_55041440,R0055_55007584,0.7579787234042553
R0290_55041440,R0055_55007583,0.8079787234042553
R0290_55041440,R0204_55005925,0.6526595744680851
R0290_55041440,R0204_55032685,0.8776595744680851
R0290_55041440,R0204_55035156,0.8026595744680851
R0290_55041440,R0204_55022352,0.8776595744680851
R0290_55041440,R0204_55004131,0.6526595744680851
R0290_55041440,R0207_55036375,0.6686170212765957
R0290_55041440,R0207_55032672,0.8936170212765957
R0290_55041440,R0207_55032673,0.8936170212765957
R0290_55041440,R0290_55038074,0.875
R0290_55041440,R0290_55041439,1.0
R0290_55041440,R0290_55041442,1.0
R0290_55041440,R0290_55041438,1.0
R0290_55041440,R0290_55041441,1.0
R0290_55041440,R0290_55030423,1.0
R0290_55041440,R0290_55039755,1.0
R0290_55041440,R0290_55026840,1.0
R0290_55041440,R0290_55038681,1.0
R0290_55041440,R0290_55033209,1.0
R0290_55041440,R0290_55043722,0.775
R0290_55041440,R0377_55039577,0.8936170212765957
R0290_55041440,R0377_55032663,0.8936170212765957
R0290_55041440,R0377_55036003,0.6686170212765957
R0290_55041440,R0377_55036004,0.6686170212765957
R0290_55041440,R0377_55036006,0.6686170212765957
R0290_55041440,R0377_55036007,0.6686170212765957
R0290_55041440,R0377_55036008,0.6686170212765957
R0290_55041440,R0377_55036009,0.6686170212765957
R0290_55041440,R0377_55043375,0.6686170212765957
R0290_55041440,R0377_55032655,0.8186170212765957
R0290_55041440,R0377_55034860,0.8936170212765957
R0290_55041440,R0377_55042881,0.8936170212765957
R0290_55041440,R0377_55033035,0.8186170212765957
R0290_55041440,R0377_55044076,0.6686170212765957
R0290_55041440,R0377_55036698,0.8936170212765957
R0290_55041440,R0377_55032664,0.7686170212765957
R0290_55041440,R0377_55038331,0.6686170212765957
R0290_55041440,R0377_55041814,0.6686170212765957
R0290_55041440,R0377_55041025,0.6686170212765957
R0290_55041440,R0377_55039651,0.6686170212765957
R0290_55041440,R0377_55044100,0.7686170212765957
R0290_55041440,R0377_55026719,0.7686170212765957
R0290_55041441,R0002_55043311,0.6223404255319149
R0290_55041441,R0002_55036002,0.6473404255319148
R0290_55041441,R0002_55015378,0.6473404255319148
R0290_55041441,R0002_55032731,0.6223404255319149
R0290_55041441,R0002_55025944,0.8723404255319149
R0290_55041441,R0002_55024341,0.8723404255319149
R0290_55041441,R0002_55041509,0.8723404255319149
R0290_55041441,R0002_55036059,0.6473404255319148
R0290_55041441,R0002_55037787,0.6473404255319148
R0290_55041441,R0002_55039851,0.6223404255319149
R0290_55041441,R0002_55032782,0.6473404255319148
R0290_55041441,R0002_55036171,0.8723404255319149
R0290_55041441,R0002_55035505,0.8723404255319149
R0290_55041441,R0002_55011002,0.6473404255319148
R0290_55041441,R0002_55031467,0.8723404255319149
R0290_55041441,R0002_55028991,0.6473404255319148
R0290_55041441,R0002_55027831,0.8723404255319149
R0290_55041441,R0002_55038839,0.8723404255319149
R0290_55041441,R0002_55019960,0.6473404255319148
R0290_55041441,R0002_55033035,0.6473404255319148
R0290_55041441,R0002_55006197,0.6473404255319148
R0290_55041441,R0002_55036505,0.6223404255319149
R0290_55041441,R0002_55044076,0.6473404255319148
R0290_55041441,R0002_55036050,0.6223404255319149
R0290_55041441,R0002_55037530,0.8723404255319149
R0290_55041441,R0002_55040793,0.6473404255319148
R0290_55041441,R0002_55043136,0.6473404255319148
R0290_55041441,R0002_55014421,0.6473404255319148
R0290_55041441,R0002_55003518,0.6223404255319149
R0290_55041441,R0002_55027319,0.6223404255319149
R0290_55041441,R0002_55035727,0.6473404255319148
R0290_55041441,R0002_55032858,0.6473404255319148
R0290_55041441,R0002_55029026,0.7973404255319149
R0290_55041441,R0002_55039889,0.6473404255319148
R0290_55041441,R0002_55041025,0.6473404255319148
R0290_55041441,R0002_55041833,0.6473404255319148
R0290_55041441,R0002_55031084,0.6473404255319148
R0290_55041441,R0002_55030125,0.6473404255319148
R0290_55041441,R0002_55011220,0.6223404255319149
R0290_55041441,R0002_55043779,0.6473404255319148
R0290_55041441,R0002_55026664,0.6473404255319148
R0290_55041441,R0002_55037878,0.6223404255319149
R0290_55041441,R0002_55043901,0.8723404255319149
R0290_55041441,R0002_55037718,0.6473404255319148
R0290_55041441,R0002_55042075,0.8723404255319149
R0290_55041441,R0002_55031358,0.6473404255319148
R0290_55041441,R0002_55025080,0.6223404255319149
R0290_55041441,R0002_55037283,0.6473404255319148
R0290_55041441,R0002_55019387,0.7973404255319149
R0290_55041441,R0043_55035478,0.8882978723404256
R0290_55041441,R0043_55032756,0.7632978723404256
R0290_55041441,R0043_55039677,0.6632978723404255
R0290_55041441,R0043_55039678,0.6632978723404255
R0290_55041441,R0043_55029067,0.6632978723404255
R0290_55041441,R0043_55036252,0.6632978723404255
R0290_55041441,R0043_55034675,0.6632978723404255
R0290_55041441,R0043_55031083,0.6632978723404255
R0290_55041441,R0043_55036209,0.6632978723404255
R0290_55041441,R0043_55035181,0.6632978723404255
R0290_55041441,R0043_55032758,0.8132978723404255
R0290_55041441,R0043_55039681,0.6632978723404255
R0290_55041441,R0043_55039682,0.6632978723404255
R0290_55041441,R0043_55039683,0.6632978723404255
R0290_55041441,R0043_55039684,0.6632978723404255
R0290_55041441,R0043_55032632,0.8882978723404256
R0290_55041441,R0043_55021537,0.8882978723404256
R0290_55041441,R0043_55041926,0.7632978723404256
R0290_55041441,R0043_55029012,0.6632978723404255
R0290_55041441,R0043_55034882,0.6632978723404255
R0290_55041441,R0043_55039679,0.6632978723404255
R0290_55041441,R0043_55032862,0.6632978723404255
R0290_55041441,R0043_55032759,0.6632978723404255
R0290_55041441,R0043_55037980,0.6632978723404255
R0290_55041441,R0043_55037979,0.6632978723404255
R0290_55041441,R0043_55027552,0.6632978723404255
R0290_55041441,R0043_55034879,0.6632978723404255
R0290_55041441,R0043_55032908,0.6632978723404255
R0290_55041441,R0043_55039686,0.7632978723404256
R0290_55041441,R0043_55032863,0.6632978723404255
R0290_55041441,R0043_55009127,0.7632978723404256
R0290_55041441,R0043_55036250,0.6632978723404255
R0290_55041441,R0043_55034880,0.8132978723404255
R0290_55041441,R0043_55032860,0.6632978723404255
R0290_55041441,R0043_55029506,0.8882978723404256
R0290_55041441,R0043_55031288,0.8132978723404255
R0290_55041441,R0043_55036124,0.6632978723404255
R0290_55041441,R0043_55039830,0.6632978723404255
R0290_55041441,R0043_55034325,0.8132978723404255
R0290_55041441,R0043_55039829,0.6632978723404255
R0290_55041441,R0043_55031080,0.6382978723404256
R0290_55041441,R0043_55031077,0.6632978723404255
R0290_55041441,R0043_55017366,0.8882978723404256
R0290_55041441,R0043_55034335,0.6632978723404255
R0290_55041441,R0043_55031005,0.7632978723404256
R0290_55041441,R0055_55007584,0.7579787234042553
R0290_55041441,R0055_55007583,0.8079787234042553
R0290_55041441,R0204_55005925,0.6526595744680851
R0290_55041441,R0204_55032685,0.8776595744680851
R0290_55041441,R0204_55035156,0.8026595744680851
R0290_55041441,R0204_55022352,0.8776595744680851
R0290_55041441,R0204_55004131,0.6526595744680851
R0290_55041441,R0207_55036375,0.6686170212765957
R0290_55041441,R0207_55032672,0.8936170212765957
R0290_55041441,R0207_55032673,0.8936170212765957
R0290_55041441,R0290_55038074,0.875
R0290_55041441,R0290_55041439,1.0
R0290_55041441,R0290_55041442,1.0
R0290_55041441,R0290_55041438,1.0
R0290_55041441,R0290_55041440,1.0
R0290_55041441,R0290_55030423,1.0
R0290_55041441,R0290_55039755,1.0
R0290_55041441,R0290_55026840,1.0
R0290_55041441,R0290_55038681,1.0
R0290_55041441,R0290_55033209,1.0
R0290_55041441,R0290_55043722,0.775
R0290_55041441,R0377_55039577,0.8936170212765957
R0290_55041441,R0377_55032663,0.8936170212765957
R0290_55041441,R0377_55036003,0.6686170212765957
R0290_55041441,R0377_55036004,0.6686170212765957
R0290_55041441,R0377_55036006,0.6686170212765957
R0290_55041441,R0377_55036007,0.6686170212765957
R0290_55041441,R0377_55036008,0.6686170212765957
R0290_55041441,R0377_55036009,0.6686170212765957
R0290_55041441,R0377_55043375,0.6686170212765957
R0290_55041441,R0377_55032655,0.8186170212765957
R0290_55041441,R0377_55034860,0.8936170212765957
R0290_55041441,R0377_55042881,0.8936170212765957
R0290_55041441,R0377_55033035,0.8186170212765957
R0290_55041441,R0377_55044076,0.6686170212765957
R0290_55041441,R0377_55036698,0.8936170212765957
R0290_55041441,R0377_55032664,0.7686170212765957
R0290_55041441,R0377_55038331,0.6686170212765957
R0290_55041441,R0377_55041814,0.6686170212765957
R0290_55041441,R0377_55041025,0.6686170212765957
R0290_55041441,R0377_55039651,0.6686170212765957
R0290_55041441,R0377_55044100,0.7686170212765957
R0290_55041441,R0377_55026719,0.7686170212765957
R0290_55030423,R0002_55043311,0.6223404255319149
R0290_55030423,R0002_55036002,0.6473404255319148
R0290_55030423,R0002_55015378,0.6473404255319148
R0290_55030423,R0002_55032731,0.6223404255319149
R0290_55030423,R0002_55025944,0.8723404255319149
R0290_55030423,R0002_55024341,0.8723404255319149
R0290_55030423,R0002_55041509,0.8723404255319149
R0290_55030423,R0002_55036059,0.6473404255319148
R0290_55030423,R0002_55037787,0.6473404255319148
R0290_55030423,R0002_55039851,0.6223404255319149
R0290_55030423,R0002_55032782,0.6473404255319148
R0290_55030423,R0002_55036171,0.8723404255319149
R0290_55030423,R0002_55035505,0.8723404255319149
R0290_55030423,R0002_55011002,0.6473404255319148
R0290_55030423,R0002_55031467,0.8723404255319149
R0290_55030423,R0002_55028991,0.6473404255319148
R0290_55030423,R0002_55027831,0.8723404255319149
R0290_55030423,R0002_55038839,0.8723404255319149
R0290_55030423,R0002_55019960,0.6473404255319148
R0290_55030423,R0002_55033035,0.6473404255319148
R0290_55030423,R0002_55006197,0.6473404255319148
R0290_55030423,R0002_55036505,0.6223404255319149
R0290_55030423,R0002_55044076,0.6473404255319148
R0290_55030423,R0002_55036050,0.6223404255319149
R0290_55030423,R0002_55037530,0.8723404255319149
R0290_55030423,R0002_55040793,0.6473404255319148
R0290_55030423,R0002_55043136,0.6473404255319148
R0290_55030423,R0002_55014421,0.6473404255319148
R0290_55030423,R0002_55003518,0.6223404255319149
R0290_55030423,R0002_55027319,0.6223404255319149
R0290_55030423,R0002_55035727,0.6473404255319148
R0290_55030423,R0002_55032858,0.6473404255319148
R0290_55030423,R0002_55029026,0.7973404255319149
R0290_55030423,R0002_55039889,0.6473404255319148
R0290_55030423,R0002_55041025,0.6473404255319148
R0290_55030423,R0002_55041833,0.6473404255319148
R0290_55030423,R0002_55031084,0.6473404255319148
R0290_55030423,R0002_55030125,0.6473404255319148
R0290_55030423,R0002_55011220,0.6223404255319149
R0290_55030423,R0002_55043779,0.6473404255319148
R0290_55030423,R0002_55026664,0.6473404255319148
R0290_55030423,R0002_55037878,0.6223404255319149
R0290_55030423,R0002_55043901,0.8723404255319149
R0290_55030423,R0002_55037718,0.6473404255319148
R0290_55030423,R0002_55042075,0.8723404255319149
R0290_55030423,R0002_55031358,0.6473404255319148
R0290_55030423,R0002_55025080,0.6223404255319149
R0290_55030423,R0002_55037283,0.6473404255319148
R0290_55030423,R0002_55019387,0.7973404255319149
R0290_55030423,R0043_55035478,0.8882978723404256
R0290_55030423,R0043_55032756,0.7632978723404256
R0290_55030423,R0043_55039677,0.6632978723404255
R0290_55030423,R0043_55039678,0.6632978723404255
R0290_55030423,R0043_55029067,0.6632978723404255
R0290_55030423,R0043_55036252,0.6632978723404255
R0290_55030423,R0043_55034675,0.6632978723404255
R0290_55030423,R0043_55031083,0.6632978723404255
R0290_55030423,R0043_55036209,0.6632978723404255
R0290_55030423,R0043_55035181,0.6632978723404255
R0290_55030423,R0043_55032758,0.8132978723404255
R0290_55030423,R0043_55039681,0.6632978723404255
R0290_55030423,R0043_55039682,0.6632978723404255
R0290_55030423,R0043_55039683,0.6632978723404255
R0290_55030423,R0043_55039684,0.6632978723404255
R0290_55030423,R0043_55032632,0.8882978723404256
R0290_55030423,R0043_55021537,0.8882978723404256
R0290_55030423,R0043_55041926,0.7632978723404256
R0290_55030423,R0043_55029012,0.6632978723404255
R0290_55030423,R0043_55034882,0.6632978723404255
R0290_55030423,R0043_55039679,0.6632978723404255
R0290_55030423,R0043_55032862,0.6632978723404255
R0290_55030423,R0043_55032759,0.6632978723404255
R0290_55030423,R0043_55037980,0.6632978723404255
R0290_55030423,R0043_55037979,0.6632978723404255
R0290_55030423,R0043_55027552,0.6632978723404255
R0290_55030423,R0043_55034879,0.6632978723404255
R0290_55030423,R0043_55032908,0.6632978723404255
R0290_55030423,R0043_55039686,0.7632978723404256
R0290_55030423,R0043_55032863,0.6632978723404255
R0290_55030423,R0043_55009127,0.7632978723404256
R0290_55030423,R0043_55036250,0.6632978723404255
R0290_55030423,R0043_55034880,0.8132978723404255
R0290_55030423,R0043_55032860,0.6632978723404255
R0290_55030423,R0043_55029506,0.8882978723404256
R0290_55030423,R0043_55031288,0.8132978723404255
R0290_55030423,R0043_55036124,0.6632978723404255
R0290_55030423,R0043_55039830,0.6632978723404255
R0290_55030423,R0043_55034325,0.8132978723404255
R0290_55030423,R0043_55039829,0.6632978723404255
R0290_55030423,R0043_55031080,0.6382978723404256
R0290_55030423,R0043_55031077,0.6632978723404255
R0290_55030423,R0043_55017366,0.8882978723404256
R0290_55030423,R0043_55034335,0.6632978723404255
R0290_55030423,R0043_55031005,0.7632978723404256
R0290_55030423,R0055_55007584,0.7579787234042553
R0290_55030423,R0055_55007583,0.8079787234042553
R0290_55030423,R0204_55005925,0.6526595744680851
R0290_55030423,R0204_55032685,0.8776595744680851
R0290_55030423,R0204_55035156,0.8026595744680851
R0290_55030423,R0204_55022352,0.8776595744680851
R0290_55030423,R0204_55004131,0.6526595744680851
R0290_55030423,R0207_55036375,0.6686170212765957
R0290_55030423,R0207_55032672,0.8936170212765957
R0290_55030423,R0207_55032673,0.8936170212765957
R0290_55030423,R0290_55038074,0.875
R0290_55030423,R0290_55041439,1.0
R0290_55030423,R0290_55041442,1.0
R0290_55030423,R0290_55041438,1.0
R0290_55030423,R0290_55041440,1.0
R0290_55030423,R0290_55041441,1.0
R0290_55030423,R0290_55039755,1.0
R0290_55030423,R0290_55026840,1.0
R0290_55030423,R0290_55038681,1.0
R0290_55030423,R0290_55033209,1.0
R0290_55030423,R0290_55043722,0.775
R0290_55030423,R0377_55039577,0.8936170212765957
R0290_55030423,R0377_55032663,0.8936170212765957
R0290_55030423,R0377_55036003,0.6686170212765957
R0290_55030423,R0377_55036004,0.6686170212765957
R0290_55030423,R0377_55036006,0.6686170212765957
R0290_55030423,R0377_55036007,0.6686170212765957
R0290_55030423,R0377_55036008,0.6686170212765957
R0290_55030423,R0377_55036009,0.6686170212765957
R0290_55030423,R0377_55043375,0.6686170212765957
R0290_55030423,R0377_55032655,0.8186170212765957
R0290_55030423,R0377_55034860,0.8936170212765957
R0290_55030423,R0377_55042881,0.8936170212765957
R0290_55030423,R0377_55033035,0.8186170212765957
R0290_55030423,R0377_55044076,0.6686170212765957
R0290_55030423,R0377_55036698,0.8936170212765957
R0290_55030423,R0377_55032664,0.7686170212765957
R0290_55030423,R0377_55038331,0.6686170212765957
R0290_55030423,R0377_55041814,0.6686170212765957
R0290_55030423,R0377_55041025,0.6686170212765957
R0290_55030423,R0377_55039651,0.6686170212765957
R0290_55030423,R0377_55044100,0.7686170212765957
R0290_55030423,R0377_55026719,0.7686170212765957
R0290_55039755,R0002_55043311,0.6223404255319149
R0290_55039755,R0002_55036002,0.6473404255319148
R0290_55039755,R0002_55015378,0.6473404255319148
R0290_55039755,R0002_55032731,0.6223404255319149
R0290_55039755,R0002_55025944,0.8723404255319149
R0290_55039755,R0002_55024341,0.8723404255319149
R0290_55039755,R0002_55041509,0.8723404255319149
R0290_55039755,R0002_55036059,0.6473404255319148
R0290_55039755,R0002_55037787,0.6473404255319148
R0290_55039755,R0002_55039851,0.6223404255319149
R0290_55039755,R0002_55032782,0.6473404255319148
R0290_55039755,R0002_55036171,0.8723404255319149
R0290_55039755,R0002_55035505,0.8723404255319149
R0290_55039755,R0002_55011002,0.6473404255319148
R0290_55039755,R0002_55031467,0.8723404255319149
R0290_55039755,R0002_55028991,0.6473404255319148
R0290_55039755,R0002_55027831,0.8723404255319149
R0290_55039755,R0002_55038839,0.8723404255319149
R0290_55039755,R0002_55019960,0.6473404255319148
R0290_55039755,R0002_55033035,0.6473404255319148
R0290_55039755,R0002_55006197,0.6473404255319148
R0290_55039755,R0002_55036505,0.6223404255319149
R0290_55039755,R0002_55044076,0.6473404255319148
R0290_55039755,R0002_55036050,0.6223404255319149
R0290_55039755,R0002_55037530,0.8723404255319149
R0290_55039755,R0002_55040793,0.6473404255319148
R0290_55039755,R0002_55043136,0.6473404255319148
R0290_55039755,R0002_55014421,0.6473404255319148
R0290_55039755,R0002_55003518,0.6223404255319149
R0290_55039755,R0002_55027319,0.6223404255319149
R0290_55039755,R0002_55035727,0.6473404255319148
R0290_55039755,R0002_55032858,0.6473404255319148
R0290_55039755,R0002_55029026,0.7973404255319149
R0290_55039755,R0002_55039889,0.6473404255319148
R0290_55039755,R0002_55041025,0.6473404255319148
R0290_55039755,R0002_55041833,0.6473404255319148
R0290_55039755,R0002_55031084,0.6473404255319148
R0290_55039755,R0002_55030125,0.6473404255319148
R0290_55039755,R0002_55011220,0.6223404255319149
R0290_55039755,R0002_55043779,0.6473404255319148
R0290_55039755,R0002_55026664,0.6473404255319148
R0290_55039755,R0002_55037878,0.6223404255319149
R0290_55039755,R0002_55043901,0.8723404255319149
R0290_55039755,R0002_55037718,0.6473404255319148
R0290_55039755,R0002_55042075,0.8723404255319149
R0290_55039755,R0002_55031358,0.6473404255319148
R0290_55039755,R0002_55025080,0.6223404255319149
R0290_55039755,R0002_55037283,0.6473404255319148
R0290_55039755,R0002_55019387,0.7973404255319149
R0290_55039755,R0043_55035478,0.8882978723404256
R0290_55039755,R0043_55032756,0.7632978723404256
R0290_55039755,R0043_55039677,0.6632978723404255
R0290_55039755,R0043_55039678,0.6632978723404255
R0290_55039755,R0043_55029067,0.6632978723404255
R0290_55039755,R0043_55036252,0.6632978723404255
R0290_55039755,R0043_55034675,0.6632978723404255
R0290_55039755,R0043_55031083,0.6632978723404255
R0290_55039755,R0043_55036209,0.6632978723404255
R0290_55039755,R0043_55035181,0.6632978723404255
R0290_55039755,R0043_55032758,0.8132978723404255
R0290_55039755,R0043_55039681,0.6632978723404255
R0290_55039755,R0043_55039682,0.6632978723404255
R0290_55039755,R0043_55039683,0.6632978723404255
R0290_55039755,R0043_55039684,0.6632978723404255
R0290_55039755,R0043_55032632,0.8882978723404256
R0290_55039755,R0043_55021537,0.8882978723404256
R0290_55039755,R0043_55041926,0.7632978723404256
R0290_55039755,R0043_55029012,0.6632978723404255
R0290_55039755,R0043_55034882,0.6632978723404255
R0290_55039755,R0043_55039679,0.6632978723404255
R0290_55039755,R0043_55032862,0.6632978723404255
R0290_55039755,R0043_55032759,0.6632978723404255
R0290_55039755,R0043_55037980,0.6632978723404255
R0290_55039755,R0043_55037979,0.6632978723404255
R0290_55039755,R0043_55027552,0.6632978723404255
R0290_55039755,R0043_55034879,0.6632978723404255
R0290_55039755,R0043_55032908,0.6632978723404255
R0290_55039755,R0043_55039686,0.7632978723404256
R0290_55039755,R0043_55032863,0.6632978723404255
R0290_55039755,R0043_55009127,0.7632978723404256
R0290_55039755,R0043_55036250,0.6632978723404255
R0290_55039755,R0043_55034880,0.8132978723404255
R0290_55039755,R0043_55032860,0.6632978723404255
R0290_55039755,R0043_55029506,0.8882978723404256
R0290_55039755,R0043_55031288,0.8132978723404255
R0290_55039755,R0043_55036124,0.6632978723404255
R0290_55039755,R0043_55039830,0.6632978723404255
R0290_55039755,R0043_55034325,0.8132978723404255
R0290_55039755,R0043_55039829,0.6632978723404255
R0290_55039755,R0043_55031080,0.6382978723404256
R0290_55039755,R0043_55031077,0.6632978723404255
R0290_55039755,R0043_55017366,0.8882978723404256
R0290_55039755,R0043_55034335,0.6632978723404255
R0290_55039755,R0043_55031005,0.7632978723404256
R0290_55039755,R0055_55007584,0.7579787234042553
R0290_55039755,R0055_55007583,0.8079787234042553
R0290_55039755,R0204_55005925,0.6526595744680851
R0290_55039755,R0204_55032685,0.8776595744680851
R0290_55039755,R0204_55035156,0.8026595744680851
R0290_55039755,R0204_55022352,0.8776595744680851
R0290_55039755,R0204_55004131,0.6526595744680851
R0290_55039755,R0207_55036375,0.6686170212765957
R0290_55039755,R0207_55032672,0.8936170212765957
R0290_55039755,R0207_55032673,0.8936170212765957
R0290_55039755,R0290_55038074,0.875
R0290_55039755,R0290_55041439,1.0
R0290_55039755,R0290_55041442,1.0
R0290_55039755,R0290_55041438,1.0
R0290_55039755,R0290_55041440,1.0
R0290_55039755,R0290_55041441,1.0
R0290_55039755,R0290_55030423,1.0
R0290_55039755,R0290_55026840,1.0
R0290_55039755,R0290_55038681,1.0
R0290_55039755,R0290_55033209,1.0
R0290_55039755,R0290_55043722,0.775
R0290_55039755,R0377_55039577,0.8936170212765957
R0290_55039755,R0377_55032663,0.8936170212765957
R0290_55039755,R0377_55036003,0.6686170212765957
R0290_55039755,R0377_55036004,0.6686170212765957
R0290_55039755,R0377_55036006,0.6686170212765957
R0290_55039755,R0377_55036007,0.6686170212765957
R0290_55039755,R0377_55036008,0.6686170212765957
R0290_55039755,R0377_55036009,0.6686170212765957
R0290_55039755,R0377_55043375,0.6686170212765957
R0290_55039755,R0377_55032655,0.8186170212765957
R0290_55039755,R0377_55034860,0.8936170212765957
R0290_55039755,R0377_55042881,0.8936170212765957
R0290_55039755,R0377_55033035,0.8186170212765957
R0290_55039755,R0377_55044076,0.6686170212765957
R0290_55039755,R0377_55036698,0.8936170212765957
R0290_55039755,R0377_55032664,0.7686170212765957
R0290_55039755,R0377_55038331,0.6686170212765957
R0290_55039755,R0377_55041814,0.6686170212765957
R0290_55039755,R0377_55041025,0.6686170212765957
R0290_55039755,R0377_55039651,0.6686170212765957
R0290_55039755,R0377_55044100,0.7686170212765957
R0290_55039755,R0377_55026719,0.7686170212765957
R0290_55026840,R0002_55043311,0.6223404255319149
R0290_55026840,R0002_55036002,0.6473404255319148
R0290_55026840,R0002_55015378,0.6473404255319148
R0290_55026840,R0002_55032731,0.6223404255319149
R0290_55026840,R0002_55025944,0.8723404255319149
R0290_55026840,R0002_55024341,0.8723404255319149
R0290_55026840,R0002_55041509,0.8723404255319149
R0290_55026840,R0002_55036059,0.6473404255319148
R0290_55026840,R0002_55037787,0.6473404255319148
R0290_55026840,R0002_55039851,0.6223404255319149
R0290_55026840,R0002_55032782,0.6473404255319148
R0290_55026840,R0002_55036171,0.8723404255319149
R0290_55026840,R0002_55035505,0.8723404255319149
R0290_55026840,R0002_55011002,0.6473404255319148
R0290_55026840,R0002_55031467,0.8723404255319149
R0290_55026840,R0002_55028991,0.6473404255319148
R0290_55026840,R0002_55027831,0.8723404255319149
R0290_55026840,R0002_55038839,0.8723404255319149
R0290_55026840,R0002_55019960,0.6473404255319148
R0290_55026840,R0002_55033035,0.6473404255319148
R0290_55026840,R0002_55006197,0.6473404255319148
R0290_55026840,R0002_55036505,0.6223404255319149
R0290_55026840,R0002_55044076,0.6473404255319148
R0290_55026840,R0002_55036050,0.6223404255319149
R0290_55026840,R0002_55037530,0.8723404255319149
R0290_55026840,R0002_55040793,0.6473404255319148
R0290_55026840,R0002_55043136,0.6473404255319148
R0290_55026840,R0002_55014421,0.6473404255319148
R0290_55026840,R0002_55003518,0.6223404255319149
R0290_55026840,R0002_55027319,0.6223404255319149
R0290_55026840,R0002_55035727,0.6473404255319148
R0290_55026840,R0002_55032858,0.6473404255319148
R0290_55026840,R0002_55029026,0.7973404255319149
R0290_55026840,R0002_55039889,0.6473404255319148
R0290_55026840,R0002_55041025,0.6473404255319148
R0290_55026840,R0002_55041833,0.6473404255319148
R0290_55026840,R0002_55031084,0.6473404255319148
R0290_55026840,R0002_55030125,0.6473404255319148
R0290_55026840,R0002_55011220,0.6223404255319149
R0290_55026840,R0002_55043779,0.6473404255319148
R0290_55026840,R0002_55026664,0.6473404255319148
R0290_55026840,R0002_55037878,0.6223404255319149
R0290_55026840,R0002_55043901,0.8723404255319149
R0290_55026840,R0002_55037718,0.6473404255319148
R0290_55026840,R0002_55042075,0.8723404255319149
R0290_55026840,R0002_55031358,0.6473404255319148
R0290_55026840,R0002_55025080,0.6223404255319149
R0290_55026840,R0002_55037283,0.6473404255319148
R0290_55026840,R0002_55019387,0.7973404255319149
R0290_55026840,R0043_55035478,0.8882978723404256
R0290_55026840,R0043_55032756,0.7632978723404256
R0290_55026840,R0043_55039677,0.6632978723404255
R0290_55026840,R0043_55039678,0.6632978723404255
R0290_55026840,R0043_55029067,0.6632978723404255
R0290_55026840,R0043_55036252,0.6632978723404255
R0290_55026840,R0043_55034675,0.6632978723404255
R0290_55026840,R0043_55031083,0.6632978723404255
R0290_55026840,R0043_55036209,0.6632978723404255
R0290_55026840,R0043_55035181,0.6632978723404255
R0290_55026840,R0043_55032758,0.8132978723404255
R0290_55026840,R0043_55039681,0.6632978723404255
R0290_55026840,R0043_55039682,0.6632978723404255
R0290_55026840,R0043_55039683,0.6632978723404255
R0290_55026840,R0043_55039684,0.6632978723404255
R0290_55026840,R0043_55032632,0.8882978723404256
R0290_55026840,R0043_55021537,0.8882978723404256
R0290_55026840,R0043_55041926,0.7632978723404256
R0290_55026840,R0043_55029012,0.6632978723404255
R0290_55026840,R0043_55034882,0.6632978723404255
R0290_55026840,R0043_55039679,0.6632978723404255
R0290_55026840,R0043_55032862,0.6632978723404255
R0290_55026840,R0043_55032759,0.6632978723404255
R0290_55026840,R0043_55037980,0.6632978723404255
R0290_55026840,R0043_55037979,0.6632978723404255
R0290_55026840,R0043_55027552,0.6632978723404255
R0290_55026840,R0043_55034879,0.6632978723404255
R0290_55026840,R0043_55032908,0.6632978723404255
R0290_55026840,R0043_55039686,0.7632978723404256
R0290_55026840,R0043_55032863,0.6632978723404255
R0290_55026840,R0043_55009127,0.7632978723404256
R0290_55026840,R0043_55036250,0.6632978723404255
R0290_55026840,R0043_55034880,0.8132978723404255
R0290_55026840,R0043_55032860,0.6632978723404255
R0290_55026840,R0043_55029506,0.8882978723404256
R0290_55026840,R0043_55031288,0.8132978723404255
R0290_55026840,R0043_55036124,0.6632978723404255
R0290_55026840,R0043_55039830,0.6632978723404255
R0290_55026840,R0043_55034325,0.8132978723404255
R0290_55026840,R0043_55039829,0.6632978723404255
R0290_55026840,R0043_55031080,0.6382978723404256
R0290_55026840,R0043_55031077,0.6632978723404255
R0290_55026840,R0043_55017366,0.8882978723404256
R0290_55026840,R0043_55034335,0.6632978723404255
R0290_55026840,R0043_55031005,0.7632978723404256
R0290_55026840,R0055_55007584,0.7579787234042553
R0290_55026840,R0055_55007583,0.8079787234042553
R0290_55026840,R0204_55005925,0.6526595744680851
R0290_55026840,R0204_55032685,0.8776595744680851
R0290_55026840,R0204_55035156,0.8026595744680851
R0290_55026840,R0204_55022352,0.8776595744680851
R0290_55026840,R0204_55004131,0.6526595744680851
R0290_55026840,R0207_55036375,0.6686170212765957
R0290_55026840,R0207_55032672,0.8936170212765957
R0290_55026840,R0207_55032673,0.8936170212765957
R0290_55026840,R0290_55038074,0.875
R0290_55026840,R0290_55041439,1.0
R0290_55026840,R0290_55041442,1.0
R0290_55026840,R0290_55041438,1.0
R0290_55026840,R0290_55041440,1.0
R0290_55026840,R0290_55041441,1.0
R0290_55026840,R0290_55030423,1.0
R0290_55026840,R0290_55039755,1.0
R0290_55026840,R0290_55038681,1.0
R0290_55026840,R0290_55033209,1.0
R0290_55026840,R0290_55043722,0.775
R0290_55026840,R0377_55039577,0.8936170212765957
R0290_55026840,R0377_55032663,0.8936170212765957
R0290_55026840,R0377_55036003,0.6686170212765957
R0290_55026840,R0377_55036004,0.6686170212765957
R0290_55026840,R0377_55036006,0.6686170212765957
R0290_55026840,R0377_55036007,0.6686170212765957
R0290_55026840,R0377_55036008,0.6686170212765957
R0290_55026840,R0377_55036009,0.6686170212765957
R0290_55026840,R0377_55043375,0.6686170212765957
R0290_55026840,R0377_55032655,0.8186170212765957
R0290_55026840,R0377_55034860,0.8936170212765957
R0290_55026840,R0377_55042881,0.8936170212765957
R0290_55026840,R0377_55033035,0.8186170212765957
R0290_55026840,R0377_55044076,0.6686170212765957
R0290_55026840,R0377_55036698,0.8936170212765957
R0290_55026840,R0377_55032664,0.7686170212765957
R0290_55026840,R0377_55038331,0.6686170212765957
R0290_55026840,R0377_55041814,0.6686170212765957
R0290_55026840,R0377_55041025,0.6686170212765957
R0290_55026840,R0377_55039651,0.6686170212765957
R0290_55026840,R0377_55044100,0.7686170212765957
R0290_55026840,R0377_55026719,0.7686170212765957
R0290_55038681,R0002_55043311,0.6223404255319149
R0290_55038681,R0002_55036002,0.6473404255319148
R0290_55038681,R0002_55015378,0.6473404255319148
R0290_55038681,R0002_55032731,0.6223404255319149
R0290_55038681,R0002_55025944,0.8723404255319149
R0290_55038681,R0002_55024341,0.8723404255319149
R0290_55038681,R0002_55041509,0.8723404255319149
R0290_55038681,R0002_55036059,0.6473404255319148
R0290_55038681,R0002_55037787,0.6473404255319148
R0290_55038681,R0002_55039851,0.6223404255319149
R0290_55038681,R0002_55032782,0.6473404255319148
R0290_55038681,R0002_55036171,0.8723404255319149
R0290_55038681,R0002_55035505,0.8723404255319149
R0290_55038681,R0002_55011002,0.6473404255319148
R0290_55038681,R0002_55031467,0.8723404255319149
R0290_55038681,R0002_55028991,0.6473404255319148
R0290_55038681,R0002_55027831,0.8723404255319149
R0290_55038681,R0002_55038839,0.8723404255319149
R0290_55038681,R0002_55019960,0.6473404255319148
R0290_55038681,R0002_55033035,0.6473404255319148
R0290_55038681,R0002_55006197,0.6473404255319148
R0290_55038681,R0002_55036505,0.6223404255319149
R0290_55038681,R0002_55044076,0.6473404255319148
R0290_55038681,R0002_55036050,0.6223404255319149
R0290_55038681,R0002_55037530,0.8723404255319149
R0290_55038681,R0002_55040793,0.6473404255319148
R0290_55038681,R0002_55043136,0.6473404255319148
R0290_55038681,R0002_55014421,0.6473404255319148
R0290_55038681,R0002_55003518,0.6223404255319149
R0290_55038681,R0002_55027319,0.6223404255319149
R0290_55038681,R0002_55035727,0.6473404255319148
R0290_55038681,R0002_55032858,0.6473404255319148
R0290_55038681,R0002_55029026,0.7973404255319149
R0290_55038681,R0002_55039889,0.6473404255319148
R0290_55038681,R0002_55041025,0.6473404255319148
R0290_55038681,R0002_55041833,0.6473404255319148
R0290_55038681,R0002_55031084,0.6473404255319148
R0290_55038681,R0002_55030125,0.6473404255319148
R0290_55038681,R0002_55011220,0.6223404255319149
R0290_55038681,R0002_55043779,0.6473404255319148
R0290_55038681,R0002_55026664,0.6473404255319148
R0290_55038681,R0002_55037878,0.6223404255319149
R0290_55038681,R0002_55043901,0.8723404255319149
R0290_55038681,R0002_55037718,0.6473404255319148
R0290_55038681,R0002_55042075,0.8723404255319149
R0290_55038681,R0002_55031358,0.6473404255319148
R0290_55038681,R0002_55025080,0.6223404255319149
R0290_55038681,R0002_55037283,0.6473404255319148
R0290_55038681,R0002_55019387,0.7973404255319149
R0290_55038681,R0043_55035478,0.8882978723404256
R0290_55038681,R0043_55032756,0.7632978723404256
R0290_55038681,R0043_55039677,0.6632978723404255
R0290_55038681,R0043_55039678,0.6632978723404255
R0290_55038681,R0043_55029067,0.6632978723404255
R0290_55038681,R0043_55036252,0.6632978723404255
R0290_55038681,R0043_55034675,0.6632978723404255
R0290_55038681,R0043_55031083,0.6632978723404255
R0290_55038681,R0043_55036209,0.6632978723404255
R0290_55038681,R0043_55035181,0.6632978723404255
R0290_55038681,R0043_55032758,0.8132978723404255
R0290_55038681,R0043_55039681,0.6632978723404255
R0290_55038681,R0043_55039682,0.6632978723404255
R0290_55038681,R0043_55039683,0.6632978723404255
R0290_55038681,R0043_55039684,0.6632978723404255
R0290_55038681,R0043_55032632,0.8882978723404256
R0290_55038681,R0043_55021537,0.8882978723404256
R0290_55038681,R0043_55041926,0.7632978723404256
R0290_55038681,R0043_55029012,0.6632978723404255
R0290_55038681,R0043_55034882,0.6632978723404255
R0290_55038681,R0043_55039679,0.6632978723404255
R0290_55038681,R0043_55032862,0.6632978723404255
R0290_55038681,R0043_55032759,0.6632978723404255
R0290_55038681,R0043_55037980,0.6632978723404255
R0290_55038681,R0043_55037979,0.6632978723404255
R0290_55038681,R0043_55027552,0.6632978723404255
R0290_55038681,R0043_55034879,0.6632978723404255
R0290_55038681,R0043_55032908,0.6632978723404255
R0290_55038681,R0043_55039686,0.7632978723404256
R0290_55038681,R0043_55032863,0.6632978723404255
R0290_55038681,R0043_55009127,0.7632978723404256
R0290_55038681,R0043_55036250,0.6632978723404255
R0290_55038681,R0043_55034880,0.8132978723404255
R0290_55038681,R0043_55032860,0.6632978723404255
R0290_55038681,R0043_55029506,0.8882978723404256
R0290_55038681,R0043_55031288,0.8132978723404255
R0290_55038681,R0043_55036124,0.6632978723404255
R0290_55038681,R0043_55039830,0.6632978723404255
R0290_55038681,R0043_55034325,0.8132978723404255
R0290_55038681,R0043_55039829,0.6632978723404255
R0290_55038681,R0043_55031080,0.6382978723404256
R0290_55038681,R0043_55031077,0.6632978723404255
R0290_55038681,R0043_55017366,0.8882978723404256
R0290_55038681,R0043_55034335,0.6632978723404255
R0290_55038681,R0043_55031005,0.7632978723404256
R0290_55038681,R0055_55007584,0.7579787234042553
R0290_55038681,R0055_55007583,0.8079787234042553
R0290_55038681,R0204_55005925,0.6526595744680851
R0290_55038681,R0204_55032685,0.8776595744680851
R0290_55038681,R0204_55035156,0.8026595744680851
R0290_55038681,R0204_55022352,0.8776595744680851
R0290_55038681,R0204_55004131,0.6526595744680851
R0290_55038681,R0207_55036375,0.6686170212765957
R0290_55038681,R0207_55032672,0.8936170212765957
R0290_55038681,R0207_55032673,0.8936170212765957
R0290_55038681,R0290_55038074,0.875
R0290_55038681,R0290_55041439,1.0
R0290_55038681,R0290_55041442,1.0
R0290_55038681,R0290_55041438,1.0
R0290_55038681,R0290_55041440,1.0
R0290_55038681,R0290_55041441,1.0
R0290_55038681,R0290_55030423,1.0
R0290_55038681,R0290_55039755,1.0
R0290_55038681,R0290_55026840,1.0
R0290_55038681,R0290_55033209,1.0
R0290_55038681,R0290_55043722,0.775
R0290_55038681,R0377_55039577,0.8936170212765957
R0290_55038681,R0377_55032663,0.8936170212765957
R0290_55038681,R0377_55036003,0.6686170212765957
R0290_55038681,R0377_55036004,0.6686170212765957
R0290_55038681,R0377_55036006,0.6686170212765957
R0290_55038681,R0377_55036007,0.6686170212765957
R0290_55038681,R0377_55036008,0.6686170212765957
R0290_55038681,R0377_55036009,0.6686170212765957
R0290_55038681,R0377_55043375,0.6686170212765957
R0290_55038681,R0377_55032655,0.8186170212765957
R0290_55038681,R0377_55034860,0.8936170212765957
R0290_55038681,R0377_55042881,0.8936170212765957
R0290_55038681,R0377_55033035,0.8186170212765957
R0290_55038681,R0377_55044076,0.6686170212765957
R0290_55038681,R0377_55036698,0.8936170212765957
R0290_55038681,R0377_55032664,0.7686170212765957
R0290_55038681,R0377_55038331,0.6686170212765957
R0290_55038681,R0377_55041814,0.6686170212765957
R0290_55038681,R0377_55041025,0.6686170212765957
R0290_55038681,R0377_55039651,0.6686170212765957
R0290_55038681,R0377_55044100,0.7686170212765957
R0290_55038681,R0377_55026719,0.7686170212765957
R0290_55033209,R0002_55043311,0.6223404255319149
R0290_55033209,R0002_55036002,0.6473404255319148
R0290_55033209,R0002_55015378,0.6473404255319148
R0290_55033209,R0002_55032731,0.6223404255319149
R0290_55033209,R0002_55025944,0.8723404255319149
R0290_55033209,R0002_55024341,0.8723404255319149
R0290_55033209,R0002_55041509,0.8723404255319149
R0290_55033209,R0002_55036059,0.6473404255319148
R0290_55033209,R0002_55037787,0.6473404255319148
R0290_55033209,R0002_55039851,0.6223404255319149
R0290_55033209,R0002_55032782,0.6473404255319148
R0290_55033209,R0002_55036171,0.8723404255319149
R0290_55033209,R0002_55035505,0.8723404255319149
R0290_55033209,R0002_55011002,0.6473404255319148
R0290_55033209,R0002_55031467,0.8723404255319149
R0290_55033209,R0002_55028991,0.6473404255319148
R0290_55033209,R0002_55027831,0.8723404255319149
R0290_55033209,R0002_55038839,0.8723404255319149
R0290_55033209,R0002_55019960,0.6473404255319148
R0290_55033209,R0002_55033035,0.6473404255319148
R0290_55033209,R0002_55006197,0.6473404255319148
R0290_55033209,R0002_55036505,0.6223404255319149
R0290_55033209,R0002_55044076,0.6473404255319148
R0290_55033209,R0002_55036050,0.6223404255319149
R0290_55033209,R0002_55037530,0.8723404255319149
R0290_55033209,R0002_55040793,0.6473404255319148
R0290_55033209,R0002_55043136,0.6473404255319148
R0290_55033209,R0002_55014421,0.6473404255319148
R0290_55033209,R0002_55003518,0.6223404255319149
R0290_55033209,R0002_55027319,0.6223404255319149
R0290_55033209,R0002_55035727,0.6473404255319148
R0290_55033209,R0002_55032858,0.6473404255319148
R0290_55033209,R0002_55029026,0.7973404255319149
R0290_55033209,R0002_55039889,0.6473404255319148
R0290_55033209,R0002_55041025,0.6473404255319148
R0290_55033209,R0002_55041833,0.6473404255319148
R0290_55033209,R0002_55031084,0.6473404255319148
R0290_55033209,R0002_55030125,0.6473404255319148
R0290_55033209,R0002_55011220,0.6223404255319149
R0290_55033209,R0002_55043779,0.6473404255319148
R0290_55033209,R0002_55026664,0.6473404255319148
R0290_55033209,R0002_55037878,0.6223404255319149
R0290_55033209,R0002_55043901,0.8723404255319149
R0290_55033209,R0002_55037718,0.6473404255319148
R0290_55033209,R0002_55042075,0.8723404255319149
R0290_55033209,R0002_55031358,0.6473404255319148
R0290_55033209,R0002_55025080,0.6223404255319149
R0290_55033209,R0002_55037283,0.6473404255319148
R0290_55033209,R0002_55019387,0.7973404255319149
R0290_55033209,R0043_55035478,0.8882978723404256
R0290_55033209,R0043_55032756,0.7632978723404256
R0290_55033209,R0043_55039677,0.6632978723404255
R0290_55033209,R0043_55039678,0.6632978723404255
R0290_55033209,R0043_55029067,0.6632978723404255
R0290_55033209,R0043_55036252,0.6632978723404255
R0290_55033209,R0043_55034675,0.6632978723404255
R0290_55033209,R0043_55031083,0.6632978723404255
R0290_55033209,R0043_55036209,0.6632978723404255
R0290_55033209,R0043_55035181,0.6632978723404255
R0290_55033209,R0043_55032758,0.8132978723404255
R0290_55033209,R0043_55039681,0.6632978723404255
R0290_55033209,R0043_55039682,0.6632978723404255
R0290_55033209,R0043_55039683,0.6632978723404255
R0290_55033209,R0043_55039684,0.6632978723404255
R0290_55033209,R0043_55032632,0.8882978723404256
R0290_55033209,R0043_55021537,0.8882978723404256
R0290_55033209,R0043_55041926,0.7632978723404256
R0290_55033209,R0043_55029012,0.6632978723404255
R0290_55033209,R0043_55034882,0.6632978723404255
R0290_55033209,R0043_55039679,0.6632978723404255
R0290_55033209,R0043_55032862,0.6632978723404255
R0290_55033209,R0043_55032759,0.6632978723404255
R0290_55033209,R0043_55037980,0.6632978723404255
R0290_55033209,R0043_55037979,0.6632978723404255
R0290_55033209,R0043_55027552,0.6632978723404255
R0290_55033209,R0043_55034879,0.6632978723404255
R0290_55033209,R0043_55032908,0.6632978723404255
R0290_55033209,R0043_55039686,0.7632978723404256
R0290_55033209,R0043_55032863,0.6632978723404255
R0290_55033209,R0043_55009127,0.7632978723404256
R0290_55033209,R0043_55036250,0.6632978723404255
R0290_55033209,R0043_55034880,0.8132978723404255
R0290_55033209,R0043_55032860,0.6632978723404255
R0290_55033209,R0043_55029506,0.8882978723404256
R0290_55033209,R0043_55031288,0.8132978723404255
R0290_55033209,R0043_55036124,0.6632978723404255
R0290_55033209,R0043_55039830,0.6632978723404255
R0290_55033209,R0043_55034325,0.8132978723404255
R0290_55033209,R0043_55039829,0.6632978723404255
R0290_55033209,R0043_55031080,0.6382978723404256
R0290_55033209,R0043_55031077,0.6632978723404255
R0290_55033209,R0043_55017366,0.8882978723404256
R0290_55033209,R0043_55034335,0.6632978723404255
R0290_55033209,R0043_55031005,0.7632978723404256
R0290_55033209,R0055_55007584,0.7579787234042553
R0290_55033209,R0055_55007583,0.8079787234042553
R0290_55033209,R0204_55005925,0.6526595744680851
R0290_55033209,R0204_55032685,0.8776595744680851
R0290_55033209,R0204_55035156,0.8026595744680851
R0290_55033209,R0204_55022352,0.8776595744680851
R0290_55033209,R0204_55004131,0.6526595744680851
R0290_55033209,R0207_55036375,0.6686170212765957
R0290_55033209,R0207_55032672,0.8936170212765957
R0290_55033209,R0207_55032673,0.8936170212765957
R0290_55033209,R0290_55038074,0.875
R0290_55033209,R0290_55041439,1.0
R0290_55033209,R0290_55041442,1.0
R0290_55033209,R0290_55041438,1.0
R0290_55033209,R0290_55041440,1.0
R0290_55033209,R0290_55041441,1.0
R0290_55033209,R0290_55030423,1.0
R0290_55033209,R0290_55039755,1.0
R0290_55033209,R0290_55026840,1.0
R0290_55033209,R0290_55038681,1.0
R0290_55033209,R0290_55043722,0.775
R0290_55033209,R0377_55039577,0.8936170212765957
R0290_55033209,R0377_55032663,0.8936170212765957
R0290_55033209,R0377_55036003,0.6686170212765957
R0290_55033209,R0377_55036004,0.6686170212765957
R0290_55033209,R0377_55036006,0.6686170212765957
R0290_55033209,R0377_55036007,0.6686170212765957
R0290_55033209,R0377_55036008,0.6686170212765957
R0290_55033209,R0377_55036009,0.6686170212765957
R0290_55033209,R0377_55043375,0.6686170212765957
R0290_55033209,R0377_55032655,0.8186170212765957
R0290_55033209,R0377_55034860,0.8936170212765957
R0290_55033209,R0377_55042881,0.8936170212765957
R0290_55033209,R0377_55033035,0.8186170212765957
R0290_55033209,R0377_55044076,0.6686170212765957
R0290_55033209,R0377_55036698,0.8936170212765957
R0290_55033209,R0377_55032664,0.7686170212765957
R0290_55033209,R0377_55038331,0.6686170212765957
R0290_55033209,R0377_55041814,0.6686170212765957
R0290_55033209,R0377_55041025,0.6686170212765957
R0290_55033209,R0377_55039651,0.6686170212765957
R0290_55033209,R0377_55044100,0.7686170212765957
R0290_55033209,R0377_55026719,0.7686170212765957
R0290_55043722,R0002_55043311,0.6473404255319148
R0290_55043722,R0002_55036002,0.8723404255319149
R0290_55043722,R0002_55015378,0.8723404255319149
R0290_55043722,R0002_55032731,0.6473404255319148
R0290_55043722,R0002_55025944,0.7973404255319149
R0290_55043722,R0002_55024341,0.7973404255319149
R0290_55043722,R0002_55041509,0.7973404255319149
R0290_55043722,R0002_55036059,0.8723404255319149
R0290_55043722,R0002_55037787,0.8723404255319149
R0290_55043722,R0002_55039851,0.6473404255319148
R0290_55043722,R0002_55032782,0.8723404255319149
R0290_55043722,R0002_55036171,0.7973404255319149
R0290_55043722,R0002_55035505,0.7973404255319149
R0290_55043722,R0002_55011002,0.8723404255319149
R0290_55043722,R0002_55031467,0.7973404255319149
R0290_55043722,R0002_55028991,0.8723404255319149
R0290_55043722,R0002_55027831,0.7973404255319149
R0290_55043722,R0002_55038839,0.7973404255319149
R0290_55043722,R0002_55019960,0.8723404255319149
R0290_55043722,R0002_55033035,0.8723404255319149
R0290_55043722,R0002_55006197,0.8723404255319149
R0290_55043722,R0002_55036505,0.6473404255319148
R0290_55043722,R0002_55044076,0.8723404255319149
R0290_55043722,R0002_55036050,0.6473404255319148
R0290_55043722,R0002_55037530,0.7973404255319149
R0290_55043722,R0002_55040793,0.8723404255319149
R0290_55043722,R0002_55043136,0.8723404255319149
R0290_55043722,R0002_55014421,0.8723404255319149
R0290_55043722,R0002_55003518,0.6473404255319148
R0290_55043722,R0002_55027319,0.6473404255319148
R0290_55043722,R0002_55035727,0.8723404255319149
R0290_55043722,R0002_55032858,0.8723404255319149
R0290_55043722,R0002_55029026,0.7723404255319148
R0290_55043722,R0002_55039889,0.8723404255319149
R0290_55043722,R0002_55041025,0.8723404255319149
R0290_55043722,R0002_55041833,0.8723404255319149
R0290_55043722,R0002_55031084,0.8723404255319149
R0290_55043722,R0002_55030125,0.8723404255319149
R0290_55043722,R0002_55011220,0.6473404255319148
R0290_55043722,R0002_55043779,0.8723404255319149
R0290_55043722,R0002_55026664,0.8723404255319149
R0290_55043722,R0002_55037878,0.6473404255319148
R0290_55043722,R0002_55043901,0.7973404255319149
R0290_55043722,R0002_55037718,0.8723404255319149
R0290_55043722,R0002_55042075,0.7973404255319149
R0290_55043722,R0002_55031358,0.8723404255319149
R0290_55043722,R0002_55025080,0.6473404255319148
R0290_55043722,R0002_55037283,0.8723404255319149
R0290_55043722,R0002_55019387,0.7723404255319148
R0290_55043722,R0043_55035478,0.8132978723404255
R0290_55043722,R0043_55032756,0.7382978723404255
R0290_55043722,R0043_55039677,0.8882978723404256
R0290_55043722,R0043_55039678,0.8882978723404256
R0290_55043722,R0043_55029067,0.8882978723404256
R0290_55043722,R0043_55036252,0.8882978723404256
R0290_55043722,R0043_55034675,0.8882978723404256
R0290_55043722,R0043_55031083,0.8882978723404256
R0290_55043722,R0043_55036209,0.8882978723404256
R0290_55043722,R0043_55035181,0.8882978723404256
R0290_55043722,R0043_55032758,0.7882978723404255
R0290_55043722,R0043_55039681,0.8882978723404256
R0290_55043722,R0043_55039682,0.8882978723404256
R0290_55043722,R0043_55039683,0.8882978723404256
R0290_55043722,R0043_55039684,0.8882978723404256
R0290_55043722,R0043_55032632,0.8132978723404255
R0290_55043722,R0043_55021537,0.8132978723404255
R0290_55043722,R0043_55041926,0.7382978723404255
R0290_55043722,R0043_55029012,0.8882978723404256
R0290_55043722,R0043_55034882,0.8882978723404256
R0290_55043722,R0043_55039679,0.8882978723404256
R0290_55043722,R0043_55032862,0.8882978723404256
R0290_55043722,R0043_55032759,0.8882978723404256
R0290_55043722,R0043_55037980,0.8882978723404256
R0290_55043722,R0043_55037979,0.8882978723404256
R0290_55043722,R0043_55027552,0.8882978723404256
R0290_55043722,R0043_55034879,0.8882978723404256
R0290_55043722,R0043_55032908,0.8882978723404256
R0290_55043722,R0043_55039686,0.7382978723404255
R0290_55043722,R0043_55032863,0.8882978723404256
R0290_55043722,R0043_55009127,0.7382978723404255
R0290_55043722,R0043_55036250,0.8882978723404256
R0290_55043722,R0043_55034880,0.7882978723404255
R0290_55043722,R0043_55032860,0.8882978723404256
R0290_55043722,R0043_55029506,0.8132978723404255
R0290_55043722,R0043_55031288,0.7882978723404255
R0290_55043722,R0043_55036124,0.8882978723404256
R0290_55043722,R0043_55039830,0.8882978723404256
R0290_55043722,R0043_55034325,0.7882978723404255
R0290_55043722,R0043_55039829,0.8882978723404256
R0290_55043722,R0043_55031080,0.6632978723404255
R0290_55043722,R0043_55031077,0.8882978723404256
R0290_55043722,R0043_55017366,0.8132978723404255
R0290_55043722,R0043_55034335,0.8882978723404256
R0290_55043722,R0043_55031005,0.7382978723404255
R0290_55043722,R0055_55007584,0.7329787234042553
R0290_55043722,R0055_55007583,0.7829787234042553
R0290_55043722,R0204_55005925,0.8776595744680851
R0290_55043722,R0204_55032685,0.8026595744680851
R0290_55043722,R0204_55035156,0.7776595744680851
R0290_55043722,R0204_55022352,0.8026595744680851
R0290_55043722,R0204_55004131,0.8776595744680851
R0290_55043722,R0207_55036375,0.8936170212765957
R0290_55043722,R0207_55032672,0.8186170212765957
R0290_55043722,R0207_55032673,0.8186170212765957
R0290_55043722,R0290_55038074,0.85
R0290_55043722,R0290_55041439,0.925
R0290_55043722,R0290_55041442,0.925
R0290_55043722,R0290_55041438,0.925
R0290_55043722,R0290_55041440,0.925
R0290_55043722,R0290_55041441,0.925
R0290_55043722,R0290_55030423,0.925
R0290_55043722,R0290_55039755,0.925
R0290_55043722,R0290_55026840,0.925
R0290_55043722,R0290_55038681,0.925
R0290_55043722,R0290_55033209,0.925
R0290_55043722,R0377_55039577,0.8186170212765957
R0290_55043722,R0377_55032663,0.8186170212765957
R0290_55043722,R0377_55036003,0.8936170212765957
R0290_55043722,R0377_55036004,0.8936170212765957
R0290_55043722,R0377_55036006,0.8936170212765957
R0290_55043722,R0377_55036007,0.8936170212765957
R0290_55043722,R0377_55036008,0.8936170212765957
R0290_55043722,R0377_55036009,0.8936170212765957
R0290_55043722,R0377_55043375,0.8936170212765957
R0290_55043722,R0377_55032655,0.7936170212765957
R0290_55043722,R0377_55034860,0.8186170212765957
R0290_55043722,R0377_55042881,0.8186170212765957
R0290_55043722,R0377_55033035,0.7936170212765957
R0290_55043722,R0377_55044076,0.8936170212765957
R0290_55043722,R0377_55036698,0.8186170212765957
R0290_55043722,R0377_55032664,0.7436170212765958
R0290_55043722,R0377_55038331,0.8936170212765957
R0290_55043722,R0377_55041814,0.8936170212765957
R0290_55043722,R0377_55041025,0.8936170212765957
R0290_55043722,R0377_55039651,0.8936170212765957
R0290_55043722,R0377_55044100,0.7436170212765958
R0290_55043722,R0377_55026719,0.7436170212765958
R0377_55039577,R0002_55043311,0.6125
R0377_55039577,R0002_55036002,0.6375
R0377_55039577,R0002_55015378,0.6375
R0377_55039577,R0002_55032731,0.6125
R0377_55039577,R0002_55025944,0.8625
R0377_55039577,R0002_55024341,0.8625
R0377_55039577,R0002_55041509,0.8625
R0377_55039577,R0002_55036059,0.6375
R0377_55039577,R0002_55037787,0.6375
R0377_55039577,R0002_55039851,0.6125
R0377_55039577,R0002_55032782,0.6375
R0377_55039577,R0002_55036171,0.8625
R0377_55039577,R0002_55035505,0.8625
R0377_55039577,R0002_55011002,0.6375
R0377_55039577,R0002_55031467,0.8625
R0377_55039577,R0002_55028991,0.6375
R0377_55039577,R0002_55027831,0.8625
R0377_55039577,R0002_55038839,0.8625
R0377_55039577,R0002_55019960,0.6375
R0377_55039577,R0002_55033035,0.6375
R0377_55039577,R0002_55006197,0.6375
R0377_55039577,R0002_55036505,0.6125
R0377_55039577,R0002_55044076,0.6375
R0377_55039577,R0002_55036050,0.6125
R0377_55039577,R0002_55037530,0.8625
R0377_55039577,R0002_55040793,0.6375
R0377_55039577,R0002_55043136,0.6375
R0377_55039577,R0002_55014421,0.6375
R0377_55039577,R0002_55003518,0.6125
R0377_55039577,R0002_55027319,0.6125
R0377_55039577,R0002_55035727,0.6375
R0377_55039577,R0002_55032858,0.6375
R0377_55039577,R0002_55029026,0.7875
R0377_55039577,R0002_55039889,0.6375
R0377_55039577,R0002_55041025,0.6375
R0377_55039577,R0002_55041833,0.6375
R0377_55039577,R0002_55031084,0.6375
R0377_55039577,R0002_55030125,0.6375
R0377_55039577,R0002_55011220,0.6125
R0377_55039577,R0002_55043779,0.6375
R0377_55039577,R0002_55026664,0.6375
R0377_55039577,R0002_55037878,0.6125
R0377_55039577,R0002_55043901,0.8625
R0377_55039577,R0002_55037718,0.6375
R0377_55039577,R0002_55042075,0.8625
R0377_55039577,R0002_55031358,0.6375
R0377_55039577,R0002_55025080,0.6125
R0377_55039577,R0002_55037283,0.6375
R0377_55039577,R0002_55019387,0.7875
R0377_55039577,R0043_55035478,0.8625
R0377_55039577,R0043_55032756,0.7375
R0377_55039577,R0043_55039677,0.6375
R0377_55039577,R0043_55039678,0.6375
R0377_55039577,R0043_55029067,0.6375
R0377_55039577,R0043_55036252,0.6375
R0377_55039577,R0043_55034675,0.6375
R0377_55039577,R0043_55031083,0.6375
R0377_55039577,R0043_55036209,0.6375
R0377_55039577,R0043_55035181,0.6375
R0377_55039577,R0043_55032758,0.7875
R0377_55039577,R0043_55039681,0.6375
R0377_55039577,R0043_55039682,0.6375
R0377_55039577,R0043_55039683,0.6375
R0377_55039577,R0043_55039684,0.6375
R0377_55039577,R0043_55032632,0.8625
R0377_55039577,R0043_55021537,0.8625
R0377_55039577,R0043_55041926,0.7375
R0377_55039577,R0043_55029012,0.6375
R0377_55039577,R0043_55034882,0.6375
R0377_55039577,R0043_55039679,0.6375
R0377_55039577,R0043_55032862,0.6375
R0377_55039577,R0043_55032759,0.6375
R0377_55039577,R0043_55037980,0.6375
R0377_55039577,R0043_55037979,0.6375
R0377_55039577,R0043_55027552,0.6375
R0377_55039577,R0043_55034879,0.6375
R0377_55039577,R0043_55032908,0.6375
R0377_55039577,R0043_55039686,0.7375
R0377_55039577,R0043_55032863,0.6375
R0377_55039577,R0043_55009127,0.7375
R0377_55039577,R0043_55036250,0.6375
R0377_55039577,R0043_55034880,0.7875
R0377_55039577,R0043_55032860,0.6375
R0377_55039577,R0043_55029506,0.8625
R0377_55039577,R0043_55031288,0.7875
R0377_55039577,R0043_55036124,0.6375
R0377_55039577,R0043_55039830,0.6375
R0377_55039577,R0043_55034325,0.7875
R0377_55039577,R0043_55039829,0.6375
R0377_55039577,R0043_55031080,0.6125
R0377_55039577,R0043_55031077,0.6375
R0377_55039577,R0043_55017366,0.8625
R0377_55039577,R0043_55034335,0.6375
R0377_55039577,R0043_55031005,0.7375
R0377_55039577,R0055_55007584,0.7375
R0377_55039577,R0055_55007583,0.7875
R0377_55039577,R0204_55005925,0.6416666666666666
R0377_55039577,R0204_55032685,0.8666666666666667
R0377_55039577,R0204_55035156,0.7916666666666666
R0377_55039577,R0204_55022352,0.8666666666666667
R0377_55039577,R0204_55004131,0.6416666666666666
R0377_55039577,R0207_55036375,0.6416666666666666
R0377_55039577,R0207_55032672,0.8666666666666667
R0377_55039577,R0207_55032673,0.8666666666666667
R0377_55039577,R0290_55038074,0.7375
R0377_55039577,R0290_55041439,0.8625
R0377_55039577,R0290_55041442,0.8625
R0377_55039577,R0290_55041438,0.8625
R0377_55039577,R0290_55041440,0.8625
R0377_55039577,R0290_55041441,0.8625
R0377_55039577,R0290_55030423,0.8625
R0377_55039577,R0290_55039755,0.8625
R0377_55039577,R0290_55026840,0.8625
R0377_55039577,R0290_55038681,0.8625
R0377_55039577,R0290_55033209,0.8625
R0377_55039577,R0290_55043722,0.6375
R0377_55039577,R0377_55032663,1.0
R0377_55039577,R0377_55036003,0.775
R0377_55039577,R0377_55036004,0.775
R0377_55039577,R0377_55036006,0.775
R0377_55039577,R0377_55036007,0.775
R0377_55039577,R0377_55036008,0.775
R0377_55039577,R0377_55036009,0.775
R0377_55039577,R0377_55043375,0.775
R0377_55039577,R0377_55032655,0.925
R0377_55039577,R0377_55034860,1.0
R0377_55039577,R0377_55042881,1.0
R0377_55039577,R0377_55033035,0.925
R0377_55039577,R0377_55044076,0.775
R0377_55039577,R0377_55036698,1.0
R0377_55039577,R0377_55032664,0.875
R0377_55039577,R0377_55038331,0.775
R0377_55039577,R0377_55041814,0.775
R0377_55039577,R0377_55041025,0.775
R0377_55039577,R0377_55039651,0.775
R0377_55039577,R0377_55044100,0.875
R0377_55039577,R0377_55026719,0.875
R0377_55032663,R0002_55043311,0.6125
R0377_55032663,R0002_55036002,0.6375
R0377_55032663,R0002_55015378,0.6375
R0377_55032663,R0002_55032731,0.6125
R0377_55032663,R0002_55025944,0.8625
R0377_55032663,R0002_55024341,0.8625
R0377_55032663,R0002_55041509,0.8625
R0377_55032663,R0002_55036059,0.6375
R0377_55032663,R0002_55037787,0.6375
R0377_55032663,R0002_55039851,0.6125
R0377_55032663,R0002_55032782,0.6375
R0377_55032663,R0002_55036171,0.8625
R0377_55032663,R0002_55035505,0.8625
R0377_55032663,R0002_55011002,0.6375
R0377_55032663,R0002_55031467,0.8625
R0377_55032663,R0002_55028991,0.6375
R0377_55032663,R0002_55027831,0.8625
R0377_55032663,R0002_55038839,0.8625
R0377_55032663,R0002_55019960,0.6375
R0377_55032663,R0002_55033035,0.6375
R0377_55032663,R0002_55006197,0.6375
R0377_55032663,R0002_55036505,0.6125
R0377_55032663,R0002_55044076,0.6375
R0377_55032663,R0002_55036050,0.6125
R0377_55032663,R0002_55037530,0.8625
R0377_55032663,R0002_55040793,0.6375
R0377_55032663,R0002_55043136,0.6375
R0377_55032663,R0002_55014421,0.6375
R0377_55032663,R0002_55003518,0.6125
R0377_55032663,R0002_55027319,0.6125
R0377_55032663,R0002_55035727,0.6375
R0377_55032663,R0002_55032858,0.6375
R0377_55032663,R0002_55029026,0.7875
R0377_55032663,R0002_55039889,0.6375
R0377_55032663,R0002_55041025,0.6375
R0377_55032663,R0002_55041833,0.6375
R0377_55032663,R0002_55031084,0.6375
R0377_55032663,R0002_55030125,0.6375
R0377_55032663,R0002_55011220,0.6125
R0377_55032663,R0002_55043779,0.6375
R0377_55032663,R0002_55026664,0.6375
R0377_55032663,R0002_55037878,0.6125
R0377_55032663,R0002_55043901,0.8625
R0377_55032663,R0002_55037718,0.6375
R0377_55032663,R0002_55042075,0.8625
R0377_55032663,R0002_55031358,0.6375
R0377_55032663,R0002_55025080,0.6125
R0377_55032663,R0002_55037283,0.6375
R0377_55032663,R0002_55019387,0.7875
R0377_55032663,R0043_55035478,0.8625
R0377_55032663,R0043_55032756,0.7375
R0377_55032663,R0043_55039677,0.6375
R0377_55032663,R0043_55039678,0.6375
R0377_55032663,R0043_55029067,0.6375
R0377_55032663,R0043_55036252,0.6375
R0377_55032663,R0043_55034675,0.6375
R0377_55032663,R0043_55031083,0.6375
R0377_55032663,R0043_55036209,0.6375
R0377_55032663,R0043_55035181,0.6375
R0377_55032663,R0043_55032758,0.7875
R0377_55032663,R0043_55039681,0.6375
R0377_55032663,R0043_55039682,0.6375
R0377_55032663,R0043_55039683,0.6375
R0377_55032663,R0043_55039684,0.6375
R0377_55032663,R0043_55032632,0.8625
R0377_55032663,R0043_55021537,0.8625
R0377_55032663,R0043_55041926,0.7375
R0377_55032663,R0043_55029012,0.6375
R0377_55032663,R0043_55034882,0.6375
R0377_55032663,R0043_55039679,0.6375
R0377_55032663,R0043_55032862,0.6375
R0377_55032663,R0043_55032759,0.6375
R0377_55032663,R0043_55037980,0.6375
R0377_55032663,R0043_55037979,0.6375
R0377_55032663,R0043_55027552,0.6375
R0377_55032663,R0043_55034879,0.6375
R0377_55032663,R0043_55032908,0.6375
R0377_55032663,R0043_55039686,0.7375
R0377_55032663,R0043_55032863,0.6375
R0377_55032663,R0043_55009127,0.7375
R0377_55032663,R0043_55036250,0.6375
R0377_55032663,R0043_55034880,0.7875
R0377_55032663,R0043_55032860,0.6375
R0377_55032663,R0043_55029506,0.8625
R0377_55032663,R0043_55031288,0.7875
R0377_55032663,R0043_55036124,0.6375
R0377_55032663,R0043_55039830,0.6375
R0377_55032663,R0043_55034325,0.7875
R0377_55032663,R0043_55039829,0.6375
R0377_55032663,R0043_55031080,0.6125
R0377_55032663,R0043_55031077,0.6375
R0377_55032663,R0043_55017366,0.8625
R0377_55032663,R0043_55034335,0.6375
R0377_55032663,R0043_55031005,0.7375
R0377_55032663,R0055_55007584,0.7375
R0377_55032663,R0055_55007583,0.7875
R0377_55032663,R0204_55005925,0.6416666666666666
R0377_55032663,R0204_55032685,0.8666666666666667
R0377_55032663,R0204_55035156,0.7916666666666666
R0377_55032663,R0204_55022352,0.8666666666666667
R0377_55032663,R0204_55004131,0.6416666666666666
R0377_55032663,R0207_55036375,0.6416666666666666
R0377_55032663,R0207_55032672,0.8666666666666667
R0377_55032663,R0207_55032673,0.8666666666666667
R0377_55032663,R0290_55038074,0.7375
R0377_55032663,R0290_55041439,0.8625
R0377_55032663,R0290_55041442,0.8625
R0377_55032663,R0290_55041438,0.8625
R0377_55032663,R0290_55041440,0.8625
R0377_55032663,R0290_55041441,0.8625
R0377_55032663,R0290_55030423,0.8625
R0377_55032663,R0290_55039755,0.8625
R0377_55032663,R0290_55026840,0.8625
R0377_55032663,R0290_55038681,0.8625
R0377_55032663,R0290_55033209,0.8625
R0377_55032663,R0290_55043722,0.6375
R0377_55032663,R0377_55039577,1.0
R0377_55032663,R0377_55036003,0.775
R0377_55032663,R0377_55036004,0.775
R0377_55032663,R0377_55036006,0.775
R0377_55032663,R0377_55036007,0.775
R0377_55032663,R0377_55036008,0.775
R0377_55032663,R0377_55036009,0.775
R0377_55032663,R0377_55043375,0.775
R0377_55032663,R0377_55032655,0.925
R0377_55032663,R0377_55034860,1.0
R0377_55032663,R0377_55042881,1.0
R0377_55032663,R0377_55033035,0.925
R0377_55032663,R0377_55044076,0.775
R0377_55032663,R0377_55036698,1.0
R0377_55032663,R0377_55032664,0.875
R0377_55032663,R0377_55038331,0.775
R0377_55032663,R0377_55041814,0.775
R0377_55032663,R0377_55041025,0.775
R0377_55032663,R0377_55039651,0.775
R0377_55032663,R0377_55044100,0.875
R0377_55032663,R0377_55026719,0.875
R0377_55036003,R0002_55043311,0.6375
R0377_55036003,R0002_55036002,0.8625
R0377_55036003,R0002_55015378,0.8625
R0377_55036003,R0002_55032731,0.6375
R0377_55036003,R0002_55025944,0.7875
R0377_55036003,R0002_55024341,0.7875
R0377_55036003,R0002_55041509,0.7875
R0377_55036003,R0002_55036059,0.8625
R0377_55036003,R0002_55037787,0.8625
R0377_55036003,R0002_55039851,0.6375
R0377_55036003,R0002_55032782,0.8625
R0377_55036003,R0002_55036171,0.7875
R0377_55036003,R0002_55035505,0.7875
R0377_55036003,R0002_55011002,0.8625
R0377_55036003,R0002_55031467,0.7875
R0377_55036003,R0002_55028991,0.8625
R0377_55036003,R0002_55027831,0.7875
R0377_55036003,R0002_55038839,0.7875
R0377_55036003,R0002_55019960,0.8625
R0377_55036003,R0002_55033035,0.8625
R0377_55036003,R0002_55006197,0.8625
R0377_55036003,R0002_55036505,0.6375
R0377_55036003,R0002_55044076,0.8625
R0377_55036003,R0002_55036050,0.6375
R0377_55036003,R0002_55037530,0.7875
R0377_55036003,R0002_55040793,0.8625
R0377_55036003,R0002_55043136,0.8625
R0377_55036003,R0002_55014421,0.8625
R0377_55036003,R0002_55003518,0.6375
R0377_55036003,R0002_55027319,0.6375
R0377_55036003,R0002_55035727,0.8625
R0377_55036003,R0002_55032858,0.8625
R0377_55036003,R0002_55029026,0.7625
R0377_55036003,R0002_55039889,0.8625
R0377_55036003,R0002_55041025,0.8625
R0377_55036003,R0002_55041833,0.8625
R0377_55036003,R0002_55031084,0.8625
R0377_55036003,R0002_55030125,0.8625
R0377_55036003,R0002_55011220,0.6375
R0377_55036003,R0002_55043779,0.8625
R0377_55036003,R0002_55026664,0.8625
R0377_55036003,R0002_55037878,0.6375
R0377_55036003,R0002_55043901,0.7875
R0377_55036003,R0002_55037718,0.8625
R0377_55036003,R0002_55042075,0.7875
R0377_55036003,R0002_55031358,0.8625
R0377_55036003,R0002_55025080,0.6375
R0377_55036003,R0002_55037283,0.8625
R0377_55036003,R0002_55019387,0.7625
R0377_55036003,R0043_55035478,0.7875
R0377_55036003,R0043_55032756,0.7124999999999999
R0377_55036003,R0043_55039677,0.8625
R0377_55036003,R0043_55039678,0.8625
R0377_55036003,R0043_55029067,0.8625
R0377_55036003,R0043_55036252,0.8625
R0377_55036003,R0043_55034675,0.8625
R0377_55036003,R0043_55031083,0.8625
R0377_55036003,R0043_55036209,0.8625
R0377_55036003,R0043_55035181,0.8625
R0377_55036003,R0043_55032758,0.7625
R0377_55036003,R0043_55039681,0.8625
R0377_55036003,R0043_55039682,0.8625
R0377_55036003,R0043_55039683,0.8625
R0377_55036003,R0043_55039684,0.8625
R0377_55036003,R0043_55032632,0.7875
R0377_55036003,R0043_55021537,0.7875
R0377_55036003,R0043_55041926,0.7124999999999999
R0377_55036003,R0043_55029012,0.8625
R0377_55036003,R0043_55034882,0.8625
R0377_55036003,R0043_55039679,0.8625
R0377_55036003,R0043_55032862,0.8625
R0377_55036003,R0043_55032759,0.8625
R0377_55036003,R0043_55037980,0.8625
R0377_55036003,R0043_55037979,0.8625
R0377_55036003,R0043_55027552,0.8625
R0377_55036003,R0043_55034879,0.8625
R0377_55036003,R0043_55032908,0.8625
R0377_55036003,R0043_55039686,0.7124999999999999
R0377_55036003,R0043_55032863,0.8625
R0377_55036003,R0043_55009127,0.7124999999999999
R0377_55036003,R0043_55036250,0.8625
R0377_55036003,R0043_55034880,0.7625
R0377_55036003,R0043_55032860,0.8625
R0377_55036003,R0043_55029506,0.7875
R0377_55036003,R0043_55031288,0.7625
R0377_55036003,R0043_55036124,0.8625
R0377_55036003,R0043_55039830,0.8625
R0377_55036003,R0043_55034325,0.7625
R0377_55036003,R0043_55039829,0.8625
R0377_55036003,R0043_55031080,0.6375
R0377_55036003,R0043_55031077,0.8625
R0377_55036003,R0043_55017366,0.7875
R0377_55036003,R0043_55034335,0.8625
R0377_55036003,R0043_55031005,0.7124999999999999
R0377_55036003,R0055_55007584,0.7124999999999999
R0377_55036003,R0055_55007583,0.7625
R0377_55036003,R0204_55005925,0.8666666666666667
R0377_55036003,R0204_55032685,0.7916666666666666
R0377_55036003,R0204_55035156,0.7666666666666666
R0377_55036003,R0204_55022352,0.7916666666666666
R0377_55036003,R0204_55004131,0.8666666666666667
R0377_55036003,R0207_55036375,0.8666666666666667
R0377_55036003,R0207_55032672,0.7916666666666666
R0377_55036003,R0207_55032673,0.7916666666666666
R0377_55036003,R0290_55038074,0.7124999999999999
R0377_55036003,R0290_55041439,0.7875
R0377_55036003,R0290_55041442,0.7875
R0377_55036003,R0290_55041438,0.7875
R0377_55036003,R0290_55041440,0.7875
R0377_55036003,R0290_55041441,0.7875
R0377_55036003,R0290_55030423,0.7875
R0377_55036003,R0290_55039755,0.7875
R0377_55036003,R0290_55026840,0.7875
R0377_55036003,R0290_55038681,0.7875
R0377_55036003,R0290_55033209,0.7875
R0377_55036003,R0290_55043722,0.8625
R0377_55036003,R0377_55039577,0.925
R0377_55036003,R0377_55032663,0.925
R0377_55036003,R0377_55036004,1.0
R0377_55036003,R0377_55036006,1.0
R0377_55036003,R0377_55036007,1.0
R0377_55036003,R0377_55036008,1.0
R0377_55036003,R0377_55036009,1.0
R0377_55036003,R0377_55043375,1.0
R0377_55036003,R0377_55032655,0.9
R0377_55036003,R0377_55034860,0.925
R0377_55036003,R0377_55042881,0.925
R0377_55036003,R0377_55033035,0.9
R0377_55036003,R0377_55044076,1.0
R0377_55036003,R0377_55036698,0.925
R0377_55036003,R0377_55032664,0.85
R0377_55036003,R0377_55038331,1.0
R0377_55036003,R0377_55041814,1.0
R0377_55036003,R0377_55041025,1.0
R0377_55036003,R0377_55039651,1.0
R0377_55036003,R0377_55044100,0.85
R0377_55036003,R0377_55026719,0.85
R0377_55036004,R0002_55043311,0.6375
R0377_55036004,R0002_55036002,0.8625
R0377_55036004,R0002_55015378,0.8625
R0377_55036004,R0002_55032731,0.6375
R0377_55036004,R0002_55025944,0.7875
R0377_55036004,R0002_55024341,0.7875
R0377_55036004,R0002_55041509,0.7875
R0377_55036004,R0002_55036059,0.8625
R0377_55036004,R0002_55037787,0.8625
R0377_55036004,R0002_55039851,0.6375
R0377_55036004,R0002_55032782,0.8625
R0377_55036004,R0002_55036171,0.7875
R0377_55036004,R0002_55035505,0.7875
R0377_55036004,R0002_55011002,0.8625
R0377_55036004,R0002_55031467,0.7875
R0377_55036004,R0002_55028991,0.8625
R0377_55036004,R0002_55027831,0.7875
R0377_55036004,R0002_55038839,0.7875
R0377_55036004,R0002_55019960,0.8625
R0377_55036004,R0002_55033035,0.8625
R0377_55036004,R0002_55006197,0.8625
R0377_55036004,R0002_55036505,0.6375
R0377_55036004,R0002_55044076,0.8625
R0377_55036004,R0002_55036050,0.6375
R0377_55036004,R0002_55037530,0.7875
R0377_55036004,R0002_55040793,0.8625
R0377_55036004,R0002_55043136,0.8625
R0377_55036004,R0002_55014421,0.8625
R0377_55036004,R0002_55003518,0.6375
R0377_55036004,R0002_55027319,0.6375
R0377_55036004,R0002_55035727,0.8625
R0377_55036004,R0002_55032858,0.8625
R0377_55036004,R0002_55029026,0.7625
R0377_55036004,R0002_55039889,0.8625
R0377_55036004,R0002_55041025,0.8625
R0377_55036004,R0002_55041833,0.8625
R0377_55036004,R0002_55031084,0.8625
R0377_55036004,R0002_55030125,0.8625
R0377_55036004,R0002_55011220,0.6375
R0377_55036004,R0002_55043779,0.8625
R0377_55036004,R0002_55026664,0.8625
R0377_55036004,R0002_55037878,0.6375
R0377_55036004,R0002_55043901,0.7875
R0377_55036004,R0002_55037718,0.8625
R0377_55036004,R0002_55042075,0.7875
R0377_55036004,R0002_55031358,0.8625
R0377_55036004,R0002_55025080,0.6375
R0377_55036004,R0002_55037283,0.8625
R0377_55036004,R0002_55019387,0.7625
R0377_55036004,R0043_55035478,0.7875
R0377_55036004,R0043_55032756,0.7124999999999999
R0377_55036004,R0043_55039677,0.8625
R0377_55036004,R0043_55039678,0.8625
R0377_55036004,R0043_55029067,0.8625
R0377_55036004,R0043_55036252,0.8625
R0377_55036004,R0043_55034675,0.8625
R0377_55036004,R0043_55031083,0.8625
R0377_55036004,R0043_55036209,0.8625
R0377_55036004,R0043_55035181,0.8625
R0377_55036004,R0043_55032758,0.7625
R0377_55036004,R0043_55039681,0.8625
R0377_55036004,R0043_55039682,0.8625
R0377_55036004,R0043_55039683,0.8625
R0377_55036004,R0043_55039684,0.8625
R0377_55036004,R0043_55032632,0.7875
R0377_55036004,R0043_55021537,0.7875
R0377_55036004,R0043_55041926,0.7124999999999999
R0377_55036004,R0043_55029012,0.8625
R0377_55036004,R0043_55034882,0.8625
R0377_55036004,R0043_55039679,0.8625
R0377_55036004,R0043_55032862,0.8625
R0377_55036004,R0043_55032759,0.8625
R0377_55036004,R0043_55037980,0.8625
R0377_55036004,R0043_55037979,0.8625
R0377_55036004,R0043_55027552,0.8625
R0377_55036004,R0043_55034879,0.8625
R0377_55036004,R0043_55032908,0.8625
R0377_55036004,R0043_55039686,0.7124999999999999
R0377_55036004,R0043_55032863,0.8625
R0377_55036004,R0043_55009127,0.7124999999999999
R0377_55036004,R0043_55036250,0.8625
R0377_55036004,R0043_55034880,0.7625
R0377_55036004,R0043_55032860,0.8625
R0377_55036004,R0043_55029506,0.7875
R0377_55036004,R0043_55031288,0.7625
R0377_55036004,R0043_55036124,0.8625
R0377_55036004,R0043_55039830,0.8625
R0377_55036004,R0043_55034325,0.7625
R0377_55036004,R0043_55039829,0.8625
R0377_55036004,R0043_55031080,0.6375
R0377_55036004,R0043_55031077,0.8625
R0377_55036004,R0043_55017366,0.7875
R0377_55036004,R0043_55034335,0.8625
R0377_55036004,R0043_55031005,0.7124999999999999
R0377_55036004,R0055_55007584,0.7124999999999999
R0377_55036004,R0055_55007583,0.7625
R0377_55036004,R0204_55005925,0.8666666666666667
R0377_55036004,R0204_55032685,0.7916666666666666
R0377_55036004,R0204_55035156,0.7666666666666666
R0377_55036004,R0204_55022352,0.7916666666666666
R0377_55036004,R0204_55004131,0.8666666666666667
R0377_55036004,R0207_55036375,0.8666666666666667
R0377_55036004,R0207_55032672,0.7916666666666666
R0377_55036004,R0207_55032673,0.7916666666666666
R0377_55036004,R0290_55038074,0.7124999999999999
R0377_55036004,R0290_55041439,0.7875
R0377_55036004,R0290_55041442,0.7875
R0377_55036004,R0290_55041438,0.7875
R0377_55036004,R0290_55041440,0.7875
R0377_55036004,R0290_55041441,0.7875
R0377_55036004,R0290_55030423,0.7875
R0377_55036004,R0290_55039755,0.7875
R0377_55036004,R0290_55026840,0.7875
R0377_55036004,R0290_55038681,0.7875
R0377_55036004,R0290_55033209,0.7875
R0377_55036004,R0290_55043722,0.8625
R0377_55036004,R0377_55039577,0.925
R0377_55036004,R0377_55032663,0.925
R0377_55036004,R0377_55036003,1.0
R0377_55036004,R0377_55036006,1.0
R0377_55036004,R0377_55036007,1.0
R0377_55036004,R0377_55036008,1.0
R0377_55036004,R0377_55036009,1.0
R0377_55036004,R0377_55043375,1.0
R0377_55036004,R0377_55032655,0.9
R0377_55036004,R0377_55034860,0.925
R0377_55036004,R0377_55042881,0.925
R0377_55036004,R0377_55033035,0.9
R0377_55036004,R0377_55044076,1.0
R0377_55036004,R0377_55036698,0.925
R0377_55036004,R0377_55032664,0.85
R0377_55036004,R0377_55038331,1.0
R0377_55036004,R0377_55041814,1.0
R0377_55036004,R0377_55041025,1.0
R0377_55036004,R0377_55039651,1.0
R0377_55036004,R0377_55044100,0.85
R0377_55036004,R0377_55026719,0.85
R0377_55036006,R0002_55043311,0.6375
R0377_55036006,R0002_55036002,0.8625
R0377_55036006,R0002_55015378,0.8625
R0377_55036006,R0002_55032731,0.6375
R0377_55036006,R0002_55025944,0.7875
R0377_55036006,R0002_55024341,0.7875
R0377_55036006,R0002_55041509,0.7875
R0377_55036006,R0002_55036059,0.8625
R0377_55036006,R0002_55037787,0.8625
R0377_55036006,R0002_55039851,0.6375
R0377_55036006,R0002_55032782,0.8625
R0377_55036006,R0002_55036171,0.7875
R0377_55036006,R0002_55035505,0.7875
R0377_55036006,R0002_55011002,0.8625
R0377_55036006,R0002_55031467,0.7875
R0377_55036006,R0002_55028991,0.8625
R0377_55036006,R0002_55027831,0.7875
R0377_55036006,R0002_55038839,0.7875
R0377_55036006,R0002_55019960,0.8625
R0377_55036006,R0002_55033035,0.8625
R0377_55036006,R0002_55006197,0.8625
R0377_55036006,R0002_55036505,0.6375
R0377_55036006,R0002_55044076,0.8625
R0377_55036006,R0002_55036050,0.6375
R0377_55036006,R0002_55037530,0.7875
R0377_55036006,R0002_55040793,0.8625
R0377_55036006,R0002_55043136,0.8625
R0377_55036006,R0002_55014421,0.8625
R0377_55036006,R0002_55003518,0.6375
R0377_55036006,R0002_55027319,0.6375
R0377_55036006,R0002_55035727,0.8625
R0377_55036006,R0002_55032858,0.8625
R0377_55036006,R0002_55029026,0.7625
R0377_55036006,R0002_55039889,0.8625
R0377_55036006,R0002_55041025,0.8625
R0377_55036006,R0002_55041833,0.8625
R0377_55036006,R0002_55031084,0.8625
R0377_55036006,R0002_55030125,0.8625
R0377_55036006,R0002_55011220,0.6375
R0377_55036006,R0002_55043779,0.8625
R0377_55036006,R0002_55026664,0.8625
R0377_55036006,R0002_55037878,0.6375
R0377_55036006,R0002_55043901,0.7875
R0377_55036006,R0002_55037718,0.8625
R0377_55036006,R0002_55042075,0.7875
R0377_55036006,R0002_55031358,0.8625
R0377_55036006,R0002_55025080,0.6375
R0377_55036006,R0002_55037283,0.8625
R0377_55036006,R0002_55019387,0.7625
R0377_55036006,R0043_55035478,0.7875
R0377_55036006,R0043_55032756,0.7124999999999999
R0377_55036006,R0043_55039677,0.8625
R0377_55036006,R0043_55039678,0.8625
R0377_55036006,R0043_55029067,0.8625
R0377_55036006,R0043_55036252,0.8625
R0377_55036006,R0043_55034675,0.8625
R0377_55036006,R0043_55031083,0.8625
R0377_55036006,R0043_55036209,0.8625
R0377_55036006,R0043_55035181,0.8625
R0377_55036006,R0043_55032758,0.7625
R0377_55036006,R0043_55039681,0.8625
R0377_55036006,R0043_55039682,0.8625
R0377_55036006,R0043_55039683,0.8625
R0377_55036006,R0043_55039684,0.8625
R0377_55036006,R0043_55032632,0.7875
R0377_55036006,R0043_55021537,0.7875
R0377_55036006,R0043_55041926,0.7124999999999999
R0377_55036006,R0043_55029012,0.8625
R0377_55036006,R0043_55034882,0.8625
R0377_55036006,R0043_55039679,0.8625
R0377_55036006,R0043_55032862,0.8625
R0377_55036006,R0043_55032759,0.8625
R0377_55036006,R0043_55037980,0.8625
R0377_55036006,R0043_55037979,0.8625
R0377_55036006,R0043_55027552,0.8625
R0377_55036006,R0043_55034879,0.8625
R0377_55036006,R0043_55032908,0.8625
R0377_55036006,R0043_55039686,0.7124999999999999
R0377_55036006,R0043_55032863,0.8625
R0377_55036006,R0043_55009127,0.7124999999999999
R0377_55036006,R0043_55036250,0.8625
R0377_55036006,R0043_55034880,0.7625
R0377_55036006,R0043_55032860,0.8625
R0377_55036006,R0043_55029506,0.7875
R0377_55036006,R0043_55031288,0.7625
R0377_55036006,R0043_55036124,0.8625
R0377_55036006,R0043_55039830,0.8625
R0377_55036006,R0043_55034325,0.7625
R0377_55036006,R0043_55039829,0.8625
R0377_55036006,R0043_55031080,0.6375
R0377_55036006,R0043_55031077,0.8625
R0377_55036006,R0043_55017366,0.7875
R0377_55036006,R0043_55034335,0.8625
R0377_55036006,R0043_55031005,0.7124999999999999
R0377_55036006,R0055_55007584,0.7124999999999999
R0377_55036006,R0055_55007583,0.7625
R0377_55036006,R0204_55005925,0.8666666666666667
R0377_55036006,R0204_55032685,0.7916666666666666
R0377_55036006,R0204_55035156,0.7666666666666666
R0377_55036006,R0204_55022352,0.7916666666666666
R0377_55036006,R0204_55004131,0.8666666666666667
R0377_55036006,R0207_55036375,0.8666666666666667
R0377_55036006,R0207_55032672,0.7916666666666666
R0377_55036006,R0207_55032673,0.7916666666666666
R0377_55036006,R0290_55038074,0.7124999999999999
R0377_55036006,R0290_55041439,0.7875
R0377_55036006,R0290_55041442,0.7875
R0377_55036006,R0290_55041438,0.7875
R0377_55036006,R0290_55041440,0.7875
R0377_55036006,R0290_55041441,0.7875
R0377_55036006,R0290_55030423,0.7875
R0377_55036006,R0290_55039755,0.7875
R0377_55036006,R0290_55026840,0.7875
R0377_55036006,R0290_55038681,0.7875
R0377_55036006,R0290_55033209,0.7875
R0377_55036006,R0290_55043722,0.8625
R0377_55036006,R0377_55039577,0.925
R0377_55036006,R0377_55032663,0.925
R0377_55036006,R0377_55036003,1.0
R0377_55036006,R0377_55036004,1.0
R0377_55036006,R0377_55036007,1.0
R0377_55036006,R0377_55036008,1.0
R0377_55036006,R0377_55036009,1.0
R0377_55036006,R0377_55043375,1.0
R0377_55036006,R0377_55032655,0.9
R0377_55036006,R0377_55034860,0.925
R0377_55036006,R0377_55042881,0.925
R0377_55036006,R0377_55033035,0.9
R0377_55036006,R0377_55044076,1.0
R0377_55036006,R0377_55036698,0.925
R0377_55036006,R0377_55032664,0.85
R0377_55036006,R0377_55038331,1.0
R0377_55036006,R0377_55041814,1.0
R0377_55036006,R0377_55041025,1.0
R0377_55036006,R0377_55039651,1.0
R0377_55036006,R0377_55044100,0.85
R0377_55036006,R0377_55026719,0.85
R0377_55036007,R0002_55043311,0.6375
R0377_55036007,R0002_55036002,0.8625
R0377_55036007,R0002_55015378,0.8625
R0377_55036007,R0002_55032731,0.6375
R0377_55036007,R0002_55025944,0.7875
R0377_55036007,R0002_55024341,0.7875
R0377_55036007,R0002_55041509,0.7875
R0377_55036007,R0002_55036059,0.8625
R0377_55036007,R0002_55037787,0.8625
R0377_55036007,R0002_55039851,0.6375
R0377_55036007,R0002_55032782,0.8625
R0377_55036007,R0002_55036171,0.7875
R0377_55036007,R0002_55035505,0.7875
R0377_55036007,R0002_55011002,0.8625
R0377_55036007,R0002_55031467,0.7875
R0377_55036007,R0002_55028991,0.8625
R0377_55036007,R0002_55027831,0.7875
R0377_55036007,R0002_55038839,0.7875
R0377_55036007,R0002_55019960,0.8625
R0377_55036007,R0002_55033035,0.8625
R0377_55036007,R0002_55006197,0.8625
R0377_55036007,R0002_55036505,0.6375
R0377_55036007,R0002_55044076,0.8625
R0377_55036007,R0002_55036050,0.6375
R0377_55036007,R0002_55037530,0.7875
R0377_55036007,R0002_55040793,0.8625
R0377_55036007,R0002_55043136,0.8625
R0377_55036007,R0002_55014421,0.8625
R0377_55036007,R0002_55003518,0.6375
R0377_55036007,R0002_55027319,0.6375
R0377_55036007,R0002_55035727,0.8625
R0377_55036007,R0002_55032858,0.8625
R0377_55036007,R0002_55029026,0.7625
R0377_55036007,R0002_55039889,0.8625
R0377_55036007,R0002_55041025,0.8625
R0377_55036007,R0002_55041833,0.8625
R0377_55036007,R0002_55031084,0.8625
R0377_55036007,R0002_55030125,0.8625
R0377_55036007,R0002_55011220,0.6375
R0377_55036007,R0002_55043779,0.8625
R0377_55036007,R0002_55026664,0.8625
R0377_55036007,R0002_55037878,0.6375
R0377_55036007,R0002_55043901,0.7875
R0377_55036007,R0002_55037718,0.8625
R0377_55036007,R0002_55042075,0.7875
R0377_55036007,R0002_55031358,0.8625
R0377_55036007,R0002_55025080,0.6375
R0377_55036007,R0002_55037283,0.8625
R0377_55036007,R0002_55019387,0.7625
R0377_55036007,R0043_55035478,0.7875
R0377_55036007,R0043_55032756,0.7124999999999999
R0377_55036007,R0043_55039677,0.8625
R0377_55036007,R0043_55039678,0.8625
R0377_55036007,R0043_55029067,0.8625
R0377_55036007,R0043_55036252,0.8625
R0377_55036007,R0043_55034675,0.8625
R0377_55036007,R0043_55031083,0.8625
R0377_55036007,R0043_55036209,0.8625
R0377_55036007,R0043_55035181,0.8625
R0377_55036007,R0043_55032758,0.7625
R0377_55036007,R0043_55039681,0.8625
R0377_55036007,R0043_55039682,0.8625
R0377_55036007,R0043_55039683,0.8625
R0377_55036007,R0043_55039684,0.8625
R0377_55036007,R0043_55032632,0.7875
R0377_55036007,R0043_55021537,0.7875
R0377_55036007,R0043_55041926,0.7124999999999999
R0377_55036007,R0043_55029012,0.8625
R0377_55036007,R0043_55034882,0.8625
R0377_55036007,R0043_55039679,0.8625
R0377_55036007,R0043_55032862,0.8625
R0377_55036007,R0043_55032759,0.8625
R0377_55036007,R0043_55037980,0.8625
R0377_55036007,R0043_55037979,0.8625
R0377_55036007,R0043_55027552,0.8625
R0377_55036007,R0043_55034879,0.8625
R0377_55036007,R0043_55032908,0.8625
R0377_55036007,R0043_55039686,0.7124999999999999
R0377_55036007,R0043_55032863,0.8625
R0377_55036007,R0043_55009127,0.7124999999999999
R0377_55036007,R0043_55036250,0.8625
R0377_55036007,R0043_55034880,0.7625
R0377_55036007,R0043_55032860,0.8625
R0377_55036007,R0043_55029506,0.7875
R0377_55036007,R0043_55031288,0.7625
R0377_55036007,R0043_55036124,0.8625
R0377_55036007,R0043_55039830,0.8625
R0377_55036007,R0043_55034325,0.7625
R0377_55036007,R0043_55039829,0.8625
R0377_55036007,R0043_55031080,0.6375
R0377_55036007,R0043_55031077,0.8625
R0377_55036007,R0043_55017366,0.7875
R0377_55036007,R0043_55034335,0.8625
R0377_55036007,R0043_55031005,0.7124999999999999
R0377_55036007,R0055_55007584,0.7124999999999999
R0377_55036007,R0055_55007583,0.7625
R0377_55036007,R0204_55005925,0.8666666666666667
R0377_55036007,R0204_55032685,0.7916666666666666
R0377_55036007,R0204_55035156,0.7666666666666666
R0377_55036007,R0204_55022352,0.7916666666666666
R0377_55036007,R0204_55004131,0.8666666666666667
R0377_55036007,R0207_55036375,0.8666666666666667
R0377_55036007,R0207_55032672,0.7916666666666666
R0377_55036007,R0207_55032673,0.7916666666666666
R0377_55036007,R0290_55038074,0.7124999999999999
R0377_55036007,R0290_55041439,0.7875
R0377_55036007,R0290_55041442,0.7875
R0377_55036007,R0290_55041438,0.7875
R0377_55036007,R0290_55041440,0.7875
R0377_55036007,R0290_55041441,0.7875
R0377_55036007,R0290_55030423,0.7875
R0377_55036007,R0290_55039755,0.7875
R0377_55036007,R0290_55026840,0.7875
R0377_55036007,R0290_55038681,0.7875
R0377_55036007,R0290_55033209,0.7875
R0377_55036007,R0290_55043722,0.8625
R0377_55036007,R0377_55039577,0.925
R0377_55036007,R0377_55032663,0.925
R0377_55036007,R0377_55036003,1.0
R0377_55036007,R0377_55036004,1.0
R0377_55036007,R0377_55036006,1.0
R0377_55036007,R0377_55036008,1.0
R0377_55036007,R0377_55036009,1.0
R0377_55036007,R0377_55043375,1.0
R0377_55036007,R0377_55032655,0.9
R0377_55036007,R0377_55034860,0.925
R0377_55036007,R0377_55042881,0.925
R0377_55036007,R0377_55033035,0.9
R0377_55036007,R0377_55044076,1.0
R0377_55036007,R0377_55036698,0.925
R0377_55036007,R0377_55032664,0.85
R0377_55036007,R0377_55038331,1.0
R0377_55036007,R0377_55041814,1.0
R0377_55036007,R0377_55041025,1.0
R0377_55036007,R0377_55039651,1.0
R0377_55036007,R0377_55044100,0.85
R0377_55036007,R0377_55026719,0.85
R0377_55036008,R0002_55043311,0.6375
R0377_55036008,R0002_55036002,0.8625
R0377_55036008,R0002_55015378,0.8625
R0377_55036008,R0002_55032731,0.6375
R0377_55036008,R0002_55025944,0.7875
R0377_55036008,R0002_55024341,0.7875
R0377_55036008,R0002_55041509,0.7875
R0377_55036008,R0002_55036059,0.8625
R0377_55036008,R0002_55037787,0.8625
R0377_55036008,R0002_55039851,0.6375
R0377_55036008,R0002_55032782,0.8625
R0377_55036008,R0002_55036171,0.7875
R0377_55036008,R0002_55035505,0.7875
R0377_55036008,R0002_55011002,0.8625
R0377_55036008,R0002_55031467,0.7875
R0377_55036008,R0002_55028991,0.8625
R0377_55036008,R0002_55027831,0.7875
R0377_55036008,R0002_55038839,0.7875
R0377_55036008,R0002_55019960,0.8625
R0377_55036008,R0002_55033035,0.8625
R0377_55036008,R0002_55006197,0.8625
R0377_55036008,R0002_55036505,0.6375
R0377_55036008,R0002_55044076,0.8625
R0377_55036008,R0002_55036050,0.6375
R0377_55036008,R0002_55037530,0.7875
R0377_55036008,R0002_55040793,0.8625
R0377_55036008,R0002_55043136,0.8625
R0377_55036008,R0002_55014421,0.8625
R0377_55036008,R0002_55003518,0.6375
R0377_55036008,R0002_55027319,0.6375
R0377_55036008,R0002_55035727,0.8625
R0377_55036008,R0002_55032858,0.8625
R0377_55036008,R0002_55029026,0.7625
R0377_55036008,R0002_55039889,0.8625
R0377_55036008,R0002_55041025,0.8625
R0377_55036008,R0002_55041833,0.8625
R0377_55036008,R0002_55031084,0.8625
R0377_55036008,R0002_55030125,0.8625
R0377_55036008,R0002_55011220,0.6375
R0377_55036008,R0002_55043779,0.8625
R0377_55036008,R0002_55026664,0.8625
R0377_55036008,R0002_55037878,0.6375
R0377_55036008,R0002_55043901,0.7875
R0377_55036008,R0002_55037718,0.8625
R0377_55036008,R0002_55042075,0.7875
R0377_55036008,R0002_55031358,0.8625
R0377_55036008,R0002_55025080,0.6375
R0377_55036008,R0002_55037283,0.8625
R0377_55036008,R0002_55019387,0.7625
R0377_55036008,R0043_55035478,0.7875
R0377_55036008,R0043_55032756,0.7124999999999999
R0377_55036008,R0043_55039677,0.8625
R0377_55036008,R0043_55039678,0.8625
R0377_55036008,R0043_55029067,0.8625
R0377_55036008,R0043_55036252,0.8625
R0377_55036008,R0043_55034675,0.8625
R0377_55036008,R0043_55031083,0.8625
R0377_55036008,R0043_55036209,0.8625
R0377_55036008,R0043_55035181,0.8625
R0377_55036008,R0043_55032758,0.7625
R0377_55036008,R0043_55039681,0.8625
R0377_55036008,R0043_55039682,0.8625
R0377_55036008,R0043_55039683,0.8625
R0377_55036008,R0043_55039684,0.8625
R0377_55036008,R0043_55032632,0.7875
R0377_55036008,R0043_55021537,0.7875
R0377_55036008,R0043_55041926,0.7124999999999999
R0377_55036008,R0043_55029012,0.8625
R0377_55036008,R0043_55034882,0.8625
R0377_55036008,R0043_55039679,0.8625
R0377_55036008,R0043_55032862,0.8625
R0377_55036008,R0043_55032759,0.8625
R0377_55036008,R0043_55037980,0.8625
R0377_55036008,R0043_55037979,0.8625
R0377_55036008,R0043_55027552,0.8625
R0377_55036008,R0043_55034879,0.8625
R0377_55036008,R0043_55032908,0.8625
R0377_55036008,R0043_55039686,0.7124999999999999
R0377_55036008,R0043_55032863,0.8625
R0377_55036008,R0043_55009127,0.7124999999999999
R0377_55036008,R0043_55036250,0.8625
R0377_55036008,R0043_55034880,0.7625
R0377_55036008,R0043_55032860,0.8625
R0377_55036008,R0043_55029506,0.7875
R0377_55036008,R0043_55031288,0.7625
R0377_55036008,R0043_55036124,0.8625
R0377_55036008,R0043_55039830,0.8625
R0377_55036008,R0043_55034325,0.7625
R0377_55036008,R0043_55039829,0.8625
R0377_55036008,R0043_55031080,0.6375
R0377_55036008,R0043_55031077,0.8625
R0377_55036008,R0043_55017366,0.7875
R0377_55036008,R0043_55034335,0.8625
R0377_55036008,R0043_55031005,0.7124999999999999
R0377_55036008,R0055_55007584,0.7124999999999999
R0377_55036008,R0055_55007583,0.7625
R0377_55036008,R0204_55005925,0.8666666666666667
R0377_55036008,R0204_55032685,0.7916666666666666
R0377_55036008,R0204_55035156,0.7666666666666666
R0377_55036008,R0204_55022352,0.7916666666666666
R0377_55036008,R0204_55004131,0.8666666666666667
R0377_55036008,R0207_55036375,0.8666666666666667
R0377_55036008,R0207_55032672,0.7916666666666666
R0377_55036008,R0207_55032673,0.7916666666666666
R0377_55036008,R0290_55038074,0.7124999999999999
R0377_55036008,R0290_55041439,0.7875
R0377_55036008,R0290_55041442,0.7875
R0377_55036008,R0290_55041438,0.7875
R0377_55036008,R0290_55041440,0.7875
R0377_55036008,R0290_55041441,0.7875
R0377_55036008,R0290_55030423,0.7875
R0377_55036008,R0290_55039755,0.7875
R0377_55036008,R0290_55026840,0.7875
R0377_55036008,R0290_55038681,0.7875
R0377_55036008,R0290_55033209,0.7875
R0377_55036008,R0290_55043722,0.8625
R0377_55036008,R0377_55039577,0.925
R0377_55036008,R0377_55032663,0.925
R0377_55036008,R0377_55036003,1.0
R0377_55036008,R0377_55036004,1.0
R0377_55036008,R0377_55036006,1.0
R0377_55036008,R0377_55036007,1.0
R0377_55036008,R0377_55036009,1.0
R0377_55036008,R0377_55043375,1.0
R0377_55036008,R0377_55032655,0.9
R0377_55036008,R0377_55034860,0.925
R0377_55036008,R0377_55042881,0.925
R0377_55036008,R0377_55033035,0.9
R0377_55036008,R0377_55044076,1.0
R0377_55036008,R0377_55036698,0.925
R0377_55036008,R0377_55032664,0.85
R0377_55036008,R0377_55038331,1.0
R0377_55036008,R0377_55041814,1.0
R0377_55036008,R0377_55041025,1.0
R0377_55036008,R0377_55039651,1.0
R0377_55036008,R0377_55044100,0.85
R0377_55036008,R0377_55026719,0.85
R0377_55036009,R0002_55043311,0.6375
R0377_55036009,R0002_55036002,0.8625
R0377_55036009,R0002_55015378,0.8625
R0377_55036009,R0002_55032731,0.6375
R0377_55036009,R0002_55025944,0.7875
R0377_55036009,R0002_55024341,0.7875
R0377_55036009,R0002_55041509,0.7875
R0377_55036009,R0002_55036059,0.8625
R0377_55036009,R0002_55037787,0.8625
R0377_55036009,R0002_55039851,0.6375
R0377_55036009,R0002_55032782,0.8625
R0377_55036009,R0002_55036171,0.7875
R0377_55036009,R0002_55035505,0.7875
R0377_55036009,R0002_55011002,0.8625
R0377_55036009,R0002_55031467,0.7875
R0377_55036009,R0002_55028991,0.8625
R0377_55036009,R0002_55027831,0.7875
R0377_55036009,R0002_55038839,0.7875
R0377_55036009,R0002_55019960,0.8625
R0377_55036009,R0002_55033035,0.8625
R0377_55036009,R0002_55006197,0.8625
R0377_55036009,R0002_55036505,0.6375
R0377_55036009,R0002_55044076,0.8625
R0377_55036009,R0002_55036050,0.6375
R0377_55036009,R0002_55037530,0.7875
R0377_55036009,R0002_55040793,0.8625
R0377_55036009,R0002_55043136,0.8625
R0377_55036009,R0002_55014421,0.8625
R0377_55036009,R0002_55003518,0.6375
R0377_55036009,R0002_55027319,0.6375
R0377_55036009,R0002_55035727,0.8625
R0377_55036009,R0002_55032858,0.8625
R0377_55036009,R0002_55029026,0.7625
R0377_55036009,R0002_55039889,0.8625
R0377_55036009,R0002_55041025,0.8625
R0377_55036009,R0002_55041833,0.8625
R0377_55036009,R0002_55031084,0.8625
R0377_55036009,R0002_55030125,0.8625
R0377_55036009,R0002_55011220,0.6375
R0377_55036009,R0002_55043779,0.8625
R0377_55036009,R0002_55026664,0.8625
R0377_55036009,R0002_55037878,0.6375
R0377_55036009,R0002_55043901,0.7875
R0377_55036009,R0002_55037718,0.8625
R0377_55036009,R0002_55042075,0.7875
R0377_55036009,R0002_55031358,0.8625
R0377_55036009,R0002_55025080,0.6375
R0377_55036009,R0002_55037283,0.8625
R0377_55036009,R0002_55019387,0.7625
R0377_55036009,R0043_55035478,0.7875
R0377_55036009,R0043_55032756,0.7124999999999999
R0377_55036009,R0043_55039677,0.8625
R0377_55036009,R0043_55039678,0.8625
R0377_55036009,R0043_55029067,0.8625
R0377_55036009,R0043_55036252,0.8625
R0377_55036009,R0043_55034675,0.8625
R0377_55036009,R0043_55031083,0.8625
R0377_55036009,R0043_55036209,0.8625
R0377_55036009,R0043_55035181,0.8625
R0377_55036009,R0043_55032758,0.7625
R0377_55036009,R0043_55039681,0.8625
R0377_55036009,R0043_55039682,0.8625
R0377_55036009,R0043_55039683,0.8625
R0377_55036009,R0043_55039684,0.8625
R0377_55036009,R0043_55032632,0.7875
R0377_55036009,R0043_55021537,0.7875
R0377_55036009,R0043_55041926,0.7124999999999999
R0377_55036009,R0043_55029012,0.8625
R0377_55036009,R0043_55034882,0.8625
R0377_55036009,R0043_55039679,0.8625
R0377_55036009,R0043_55032862,0.8625
R0377_55036009,R0043_55032759,0.8625
R0377_55036009,R0043_55037980,0.8625
R0377_55036009,R0043_55037979,0.8625
R0377_55036009,R0043_55027552,0.8625
R0377_55036009,R0043_55034879,0.8625
R0377_55036009,R0043_55032908,0.8625
R0377_55036009,R0043_55039686,0.7124999999999999
R0377_55036009,R0043_55032863,0.8625
R0377_55036009,R0043_55009127,0.7124999999999999
R0377_55036009,R0043_55036250,0.8625
R0377_55036009,R0043_55034880,0.7625
R0377_55036009,R0043_55032860,0.8625
R0377_55036009,R0043_55029506,0.7875
R0377_55036009,R0043_55031288,0.7625
R0377_55036009,R0043_55036124,0.8625
R0377_55036009,R0043_55039830,0.8625
R0377_55036009,R0043_55034325,0.7625
R0377_55036009,R0043_55039829,0.8625
R0377_55036009,R0043_55031080,0.6375
R0377_55036009,R0043_55031077,0.8625
R0377_55036009,R0043_55017366,0.7875
R0377_55036009,R0043_55034335,0.8625
R0377_55036009,R0043_55031005,0.7124999999999999
R0377_55036009,R0055_55007584,0.7124999999999999
R0377_55036009,R0055_55007583,0.7625
R0377_55036009,R0204_55005925,0.8666666666666667
R0377_55036009,R0204_55032685,0.7916666666666666
R0377_55036009,R0204_55035156,0.7666666666666666
R0377_55036009,R0204_55022352,0.7916666666666666
R0377_55036009,R0204_55004131,0.8666666666666667
R0377_55036009,R0207_55036375,0.8666666666666667
R0377_55036009,R0207_55032672,0.7916666666666666
R0377_55036009,R0207_55032673,0.7916666666666666
R0377_55036009,R0290_55038074,0.7124999999999999
R0377_55036009,R0290_55041439,0.7875
R0377_55036009,R0290_55041442,0.7875
R0377_55036009,R0290_55041438,0.7875
R0377_55036009,R0290_55041440,0.7875
R0377_55036009,R0290_55041441,0.7875
R0377_55036009,R0290_55030423,0.7875
R0377_55036009,R0290_55039755,0.7875
R0377_55036009,R0290_55026840,0.7875
R0377_55036009,R0290_55038681,0.7875
R0377_55036009,R0290_55033209,0.7875
R0377_55036009,R0290_55043722,0.8625
R0377_55036009,R0377_55039577,0.925
R0377_55036009,R0377_55032663,0.925
R0377_55036009,R0377_55036003,1.0
R0377_55036009,R0377_55036004,1.0
R0377_55036009,R0377_55036006,1.0
R0377_55036009,R0377_55036007,1.0
R0377_55036009,R0377_55036008,1.0
R0377_55036009,R0377_55043375,1.0
R0377_55036009,R0377_55032655,0.9
R0377_55036009,R0377_55034860,0.925
R0377_55036009,R0377_55042881,0.925
R0377_55036009,R0377_55033035,0.9
R0377_55036009,R0377_55044076,1.0
R0377_55036009,R0377_55036698,0.925
R0377_55036009,R0377_55032664,0.85
R0377_55036009,R0377_55038331,1.0
R0377_55036009,R0377_55041814,1.0
R0377_55036009,R0377_55041025,1.0
R0377_55036009,R0377_55039651,1.0
R0377_55036009,R0377_55044100,0.85
R0377_55036009,R0377_55026719,0.85
R0377_55043375,R0002_55043311,0.6375
R0377_55043375,R0002_55036002,0.8625
R0377_55043375,R0002_55015378,0.8625
R0377_55043375,R0002_55032731,0.6375
R0377_55043375,R0002_55025944,0.7875
R0377_55043375,R0002_55024341,0.7875
R0377_55043375,R0002_55041509,0.7875
R0377_55043375,R0002_55036059,0.8625
R0377_55043375,R0002_55037787,0.8625
R0377_55043375,R0002_55039851,0.6375
R0377_55043375,R0002_55032782,0.8625
R0377_55043375,R0002_55036171,0.7875
R0377_55043375,R0002_55035505,0.7875
R0377_55043375,R0002_55011002,0.8625
R0377_55043375,R0002_55031467,0.7875
R0377_55043375,R0002_55028991,0.8625
R0377_55043375,R0002_55027831,0.7875
R0377_55043375,R0002_55038839,0.7875
R0377_55043375,R0002_55019960,0.8625
R0377_55043375,R0002_55033035,0.8625
R0377_55043375,R0002_55006197,0.8625
R0377_55043375,R0002_55036505,0.6375
R0377_55043375,R0002_55044076,0.8625
R0377_55043375,R0002_55036050,0.6375
R0377_55043375,R0002_55037530,0.7875
R0377_55043375,R0002_55040793,0.8625
R0377_55043375,R0002_55043136,0.8625
R0377_55043375,R0002_55014421,0.8625
R0377_55043375,R0002_55003518,0.6375
R0377_55043375,R0002_55027319,0.6375
R0377_55043375,R0002_55035727,0.8625
R0377_55043375,R0002_55032858,0.8625
R0377_55043375,R0002_55029026,0.7625
R0377_55043375,R0002_55039889,0.8625
R0377_55043375,R0002_55041025,0.8625
R0377_55043375,R0002_55041833,0.8625
R0377_55043375,R0002_55031084,0.8625
R0377_55043375,R0002_55030125,0.8625
R0377_55043375,R0002_55011220,0.6375
R0377_55043375,R0002_55043779,0.8625
R0377_55043375,R0002_55026664,0.8625
R0377_55043375,R0002_55037878,0.6375
R0377_55043375,R0002_55043901,0.7875
R0377_55043375,R0002_55037718,0.8625
R0377_55043375,R0002_55042075,0.7875
R0377_55043375,R0002_55031358,0.8625
R0377_55043375,R0002_55025080,0.6375
R0377_55043375,R0002_55037283,0.8625
R0377_55043375,R0002_55019387,0.7625
R0377_55043375,R0043_55035478,0.7875
R0377_55043375,R0043_55032756,0.7124999999999999
R0377_55043375,R0043_55039677,0.8625
R0377_55043375,R0043_55039678,0.8625
R0377_55043375,R0043_55029067,0.8625
R0377_55043375,R0043_55036252,0.8625
R0377_55043375,R0043_55034675,0.8625
R0377_55043375,R0043_55031083,0.8625
R0377_55043375,R0043_55036209,0.8625
R0377_55043375,R0043_55035181,0.8625
R0377_55043375,R0043_55032758,0.7625
R0377_55043375,R0043_55039681,0.8625
R0377_55043375,R0043_55039682,0.8625
R0377_55043375,R0043_55039683,0.8625
R0377_55043375,R0043_55039684,0.8625
R0377_55043375,R0043_55032632,0.7875
R0377_55043375,R0043_55021537,0.7875
R0377_55043375,R0043_55041926,0.7124999999999999
R0377_55043375,R0043_55029012,0.8625
R0377_55043375,R0043_55034882,0.8625
R0377_55043375,R0043_55039679,0.8625
R0377_55043375,R0043_55032862,0.8625
R0377_55043375,R0043_55032759,0.8625
R0377_55043375,R0043_55037980,0.8625
R0377_55043375,R0043_55037979,0.8625
R0377_55043375,R0043_55027552,0.8625
R0377_55043375,R0043_55034879,0.8625
R0377_55043375,R0043_55032908,0.8625
R0377_55043375,R0043_55039686,0.7124999999999999
R0377_55043375,R0043_55032863,0.8625
R0377_55043375,R0043_55009127,0.7124999999999999
R0377_55043375,R0043_55036250,0.8625
R0377_55043375,R0043_55034880,0.7625
R0377_55043375,R0043_55032860,0.8625
R0377_55043375,R0043_55029506,0.7875
R0377_55043375,R0043_55031288,0.7625
R0377_55043375,R0043_55036124,0.8625
R0377_55043375,R0043_55039830,0.8625
R0377_55043375,R0043_55034325,0.7625
R0377_55043375,R0043_55039829,0.8625
R0377_55043375,R0043_55031080,0.6375
R0377_55043375,R0043_55031077,0.8625
R0377_55043375,R0043_55017366,0.7875
R0377_55043375,R0043_55034335,0.8625
R0377_55043375,R0043_55031005,0.7124999999999999
R0377_55043375,R0055_55007584,0.7124999999999999
R0377_55043375,R0055_55007583,0.7625
R0377_55043375,R0204_55005925,0.8666666666666667
R0377_55043375,R0204_55032685,0.7916666666666666
R0377_55043375,R0204_55035156,0.7666666666666666
R0377_55043375,R0204_55022352,0.7916666666666666
R0377_55043375,R0204_55004131,0.8666666666666667
R0377_55043375,R0207_55036375,0.8666666666666667
R0377_55043375,R0207_55032672,0.7916666666666666
R0377_55043375,R0207_55032673,0.7916666666666666
R0377_55043375,R0290_55038074,0.7124999999999999
R0377_55043375,R0290_55041439,0.7875
R0377_55043375,R0290_55041442,0.7875
R0377_55043375,R0290_55041438,0.7875
R0377_55043375,R0290_55041440,0.7875
R0377_55043375,R0290_55041441,0.7875
R0377_55043375,R0290_55030423,0.7875
R0377_55043375,R0290_55039755,0.7875
R0377_55043375,R0290_55026840,0.7875
R0377_55043375,R0290_55038681,0.7875
R0377_55043375,R0290_55033209,0.7875
R0377_55043375,R0290_55043722,0.8625
R0377_55043375,R0377_55039577,0.925
R0377_55043375,R0377_55032663,0.925
R0377_55043375,R0377_55036003,1.0
R0377_55043375,R0377_55036004,1.0
R0377_55043375,R0377_55036006,1.0
R0377_55043375,R0377_55036007,1.0
R0377_55043375,R0377_55036008,1.0
R0377_55043375,R0377_55036009,1.0
R0377_55043375,R0377_55032655,0.9
R0377_55043375,R0377_55034860,0.925
R0377_55043375,R0377_55042881,0.925
R0377_55043375,R0377_55033035,0.9
R0377_55043375,R0377_55044076,1.0
R0377_55043375,R0377_55036698,0.925
R0377_55043375,R0377_55032664,0.85
R0377_55043375,R0377_55038331,1.0
R0377_55043375,R0377_55041814,1.0
R0377_55043375,R0377_55041025,1.0
R0377_55043375,R0377_55039651,1.0
R0377_55043375,R0377_55044100,0.85
R0377_55043375,R0377_55026719,0.85
R0377_55032655,R0002_55043311,0.6125
R0377_55032655,R0002_55036002,0.6125
R0377_55032655,R0002_55015378,0.6125
R0377_55032655,R0002_55032731,0.6125
R0377_55032655,R0002_55025944,0.6375
R0377_55032655,R0002_55024341,0.6375
R0377_55032655,R0002_55041509,0.6375
R0377_55032655,R0002_55036059,0.6125
R0377_55032655,R0002_55037787,0.6125
R0377_55032655,R0002_55039851,0.6125
R0377_55032655,R0002_55032782,0.6125
R0377_55032655,R0002_55036171,0.6375
R0377_55032655,R0002_55035505,0.6375
R0377_55032655,R0002_55011002,0.6125
R0377_55032655,R0002_55031467,0.6375
R0377_55032655,R0002_55028991,0.6125
R0377_55032655,R0002_55027831,0.6375
R0377_55032655,R0002_55038839,0.6375
R0377_55032655,R0002_55019960,0.6125
R0377_55032655,R0002_55033035,0.6125
R0377_55032655,R0002_55006197,0.6125
R0377_55032655,R0002_55036505,0.6125
R0377_55032655,R0002_55044076,0.6125
R0377_55032655,R0002_55036050,0.6125
R0377_55032655,R0002_55037530,0.6375
R0377_55032655,R0002_55040793,0.6125
R0377_55032655,R0002_55043136,0.6125
R0377_55032655,R0002_55014421,0.6125
R0377_55032655,R0002_55003518,0.6125
R0377_55032655,R0002_55027319,0.6125
R0377_55032655,R0002_55035727,0.6125
R0377_55032655,R0002_55032858,0.6125
R0377_55032655,R0002_55029026,0.8625
R0377_55032655,R0002_55039889,0.6125
R0377_55032655,R0002_55041025,0.6125
R0377_55032655,R0002_55041833,0.6125
R0377_55032655,R0002_55031084,0.6125
R0377_55032655,R0002_55030125,0.6125
R0377_55032655,R0002_55011220,0.6125
R0377_55032655,R0002_55043779,0.6125
R0377_55032655,R0002_55026664,0.6125
R0377_55032655,R0002_55037878,0.6125
R0377_55032655,R0002_55043901,0.6375
R0377_55032655,R0002_55037718,0.6125
R0377_55032655,R0002_55042075,0.6375
R0377_55032655,R0002_55031358,0.6125
R0377_55032655,R0002_55025080,0.6125
R0377_55032655,R0002_55037283,0.6125
R0377_55032655,R0002_55019387,0.8625
R0377_55032655,R0043_55035478,0.6375
R0377_55032655,R0043_55032756,0.7625
R0377_55032655,R0043_55039677,0.6125
R0377_55032655,R0043_55039678,0.6125
R0377_55032655,R0043_55029067,0.6125
R0377_55032655,R0043_55036252,0.6125
R0377_55032655,R0043_55034675,0.6125
R0377_55032655,R0043_55031083,0.6125
R0377_55032655,R0043_55036209,0.6125
R0377_55032655,R0043_55035181,0.6125
R0377_55032655,R0043_55032758,0.8625
R0377_55032655,R0043_55039681,0.6125
R0377_55032655,R0043_55039682,0.6125
R0377_55032655,R0043_55039683,0.6125
R0377_55032655,R0043_55039684,0.6125
R0377_55032655,R0043_55032632,0.6375
R0377_55032655,R0043_55021537,0.6375
R0377_55032655,R0043_55041926,0.7625
R0377_55032655,R0043_55029012,0.6125
R0377_55032655,R0043_55034882,0.6125
R0377_55032655,R0043_55039679,0.6125
R0377_55032655,R0043_55032862,0.6125
R0377_55032655,R0043_55032759,0.6125
R0377_55032655,R0043_55037980,0.6125
R0377_55032655,R0043_55037979,0.6125
R0377_55032655,R0043_55027552,0.6125
R0377_55032655,R0043_55034879,0.6125
R0377_55032655,R0043_55032908,0.6125
R0377_55032655,R0043_55039686,0.7625
R0377_55032655,R0043_55032863,0.6125
R0377_55032655,R0043_55009127,0.7625
R0377_55032655,R0043_55036250,0.6125
R0377_55032655,R0043_55034880,0.8625
R0377_55032655,R0043_55032860,0.6125
R0377_55032655,R0043_55029506,0.6375
R0377_55032655,R0043_55031288,0.8625
R0377_55032655,R0043_55036124,0.6125
R0377_55032655,R0043_55039830,0.6125
R0377_55032655,R0043_55034325,0.8625
R0377_55032655,R0043_55039829,0.6125
R0377_55032655,R0043_55031080,0.6125
R0377_55032655,R0043_55031077,0.6125
R0377_55032655,R0043_55017366,0.6375
R0377_55032655,R0043_55034335,0.6125
R0377_55032655,R0043_55031005,0.7625
R0377_55032655,R0055_55007584,0.7625
R0377_55032655,R0055_55007583,0.8625
R0377_55032655,R0204_55005925,0.6166666666666667
R0377_55032655,R0204_55032685,0.6416666666666666
R0377_55032655,R0204_55035156,0.8666666666666667
R0377_55032655,R0204_55022352,0.6416666666666666
R0377_55032655,R0204_55004131,0.6166666666666667
R0377_55032655,R0207_55036375,0.6166666666666667
R0377_55032655,R0207_55032672,0.6416666666666666
R0377_55032655,R0207_55032673,0.6416666666666666
R0377_55032655,R0290_55038074,0.7625
R0377_55032655,R0290_55041439,0.6375
R0377_55032655,R0290_55041442,0.6375
R0377_55032655,R0290_55041438,0.6375
R0377_55032655,R0290_55041440,0.6375
R0377_55032655,R0290_55041441,0.6375
R0377_55032655,R0290_55030423,0.6375
R0377_55032655,R0290_55039755,0.6375
R0377_55032655,R0290_55026840,0.6375
R0377_55032655,R0290_55038681,0.6375
R0377_55032655,R0290_55033209,0.6375
R0377_55032655,R0290_55043722,0.6125
R0377_55032655,R0377_55039577,0.775
R0377_55032655,R0377_55032663,0.775
R0377_55032655,R0377_55036003,0.75
R0377_55032655,R0377_55036004,0.75
R0377_55032655,R0377_55036006,0.75
R0377_55032655,R0377_55036007,0.75
R0377_55032655,R0377_55036008,0.75
R0377_55032655,R0377_55036009,0.75
R0377_55032655,R0377_55043375,0.75
R0377_55032655,R0377_55034860,0.775
R0377_55032655,R0377_55042881,0.775
R0377_55032655,R0377_55033035,1.0
R0377_55032655,R0377_55044076,0.75
R0377_55032655,R0377_55036698,0.775
R0377_55032655,R0377_55032664,0.9
R0377_55032655,R0377_55038331,0.75
R0377_55032655,R0377_55041814,0.75
R0377_55032655,R0377_55041025,0.75
R0377_55032655,R0377_55039651,0.75
R0377_55032655,R0377_55044100,0.9
R0377_55032655,R0377_55026719,0.9
R0377_55034860,R0002_55043311,0.6125
R0377_55034860,R0002_55036002,0.6375
R0377_55034860,R0002_55015378,0.6375
R0377_55034860,R0002_55032731,0.6125
R0377_55034860,R0002_55025944,0.8625
R0377_55034860,R0002_55024341,0.8625
R0377_55034860,R0002_55041509,0.8625
R0377_55034860,R0002_55036059,0.6375
R0377_55034860,R0002_55037787,0.6375
R0377_55034860,R0002_55039851,0.6125
R0377_55034860,R0002_55032782,0.6375
R0377_55034860,R0002_55036171,0.8625
R0377_55034860,R0002_55035505,0.8625
R0377_55034860,R0002_55011002,0.6375
R0377_55034860,R0002_55031467,0.8625
R0377_55034860,R0002_55028991,0.6375
R0377_55034860,R0002_55027831,0.8625
R0377_55034860,R0002_55038839,0.8625
R0377_55034860,R0002_55019960,0.6375
R0377_55034860,R0002_55033035,0.6375
R0377_55034860,R0002_55006197,0.6375
R0377_55034860,R0002_55036505,0.6125
R0377_55034860,R0002_55044076,0.6375
R0377_55034860,R0002_55036050,0.6125
R0377_55034860,R0002_55037530,0.8625
R0377_55034860,R0002_55040793,0.6375
R0377_55034860,R0002_55043136,0.6375
R0377_55034860,R0002_55014421,0.6375
R0377_55034860,R0002_55003518,0.6125
R0377_55034860,R0002_55027319,0.6125
R0377_55034860,R0002_55035727,0.6375
R0377_55034860,R0002_55032858,0.6375
R0377_55034860,R0002_55029026,0.7875
R0377_55034860,R0002_55039889,0.6375
R0377_55034860,R0002_55041025,0.6375
R0377_55034860,R0002_55041833,0.6375
R0377_55034860,R0002_55031084,0.6375
R0377_55034860,R0002_55030125,0.6375
R0377_55034860,R0002_55011220,0.6125
R0377_55034860,R0002_55043779,0.6375
R0377_55034860,R0002_55026664,0.6375
R0377_55034860,R0002_55037878,0.6125
R0377_55034860,R0002_55043901,0.8625
R0377_55034860,R0002_55037718,0.6375
R0377_55034860,R0002_55042075,0.8625
R0377_55034860,R0002_55031358,0.6375
R0377_55034860,R0002_55025080,0.6125
R0377_55034860,R0002_55037283,0.6375
R0377_55034860,R0002_55019387,0.7875
R0377_55034860,R0043_55035478,0.8625
R0377_55034860,R0043_55032756,0.7375
R0377_55034860,R0043_55039677,0.6375
R0377_55034860,R0043_55039678,0.6375
R0377_55034860,R0043_55029067,0.6375
R0377_55034860,R0043_55036252,0.6375
R0377_55034860,R0043_55034675,0.6375
R0377_55034860,R0043_55031083,0.6375
R0377_55034860,R0043_55036209,0.6375
R0377_55034860,R0043_55035181,0.6375
R0377_55034860,R0043_55032758,0.7875
R0377_55034860,R0043_55039681,0.6375
R0377_55034860,R0043_55039682,0.6375
R0377_55034860,R0043_55039683,0.6375
R0377_55034860,R0043_55039684,0.6375
R0377_55034860,R0043_55032632,0.8625
R0377_55034860,R0043_55021537,0.8625
R0377_55034860,R0043_55041926,0.7375
R0377_55034860,R0043_55029012,0.6375
R0377_55034860,R0043_55034882,0.6375
R0377_55034860,R0043_55039679,0.6375
R0377_55034860,R0043_55032862,0.6375
R0377_55034860,R0043_55032759,0.6375
R0377_55034860,R0043_55037980,0.6375
R0377_55034860,R0043_55037979,0.6375
R0377_55034860,R0043_55027552,0.6375
R0377_55034860,R0043_55034879,0.6375
R0377_55034860,R0043_55032908,0.6375
R0377_55034860,R0043_55039686,0.7375
R0377_55034860,R0043_55032863,0.6375
R0377_55034860,R0043_55009127,0.7375
R0377_55034860,R0043_55036250,0.6375
R0377_55034860,R0043_55034880,0.7875
R0377_55034860,R0043_55032860,0.6375
R0377_55034860,R0043_55029506,0.8625
R0377_55034860,R0043_55031288,0.7875
R0377_55034860,R0043_55036124,0.6375
R0377_55034860,R0043_55039830,0.6375
R0377_55034860,R0043_55034325,0.7875
R0377_55034860,R0043_55039829,0.6375
R0377_55034860,R0043_55031080,0.6125
R0377_55034860,R0043_55031077,0.6375
R0377_55034860,R0043_55017366,0.8625
R0377_55034860,R0043_55034335,0.6375
R0377_55034860,R0043_55031005,0.7375
R0377_55034860,R0055_55007584,0.7375
R0377_55034860,R0055_55007583,0.7875
R0377_55034860,R0204_55005925,0.6416666666666666
R0377_55034860,R0204_55032685,0.8666666666666667
R0377_55034860,R0204_55035156,0.7916666666666666
R0377_55034860,R0204_55022352,0.8666666666666667
R0377_55034860,R0204_55004131,0.6416666666666666
R0377_55034860,R0207_55036375,0.6416666666666666
R0377_55034860,R0207_55032672,0.8666666666666667
R0377_55034860,R0207_55032673,0.8666666666666667
R0377_55034860,R0290_55038074,0.7375
R0377_55034860,R0290_55041439,0.8625
R0377_55034860,R0290_55041442,0.8625
R0377_55034860,R0290_55041438,0.8625
R0377_55034860,R0290_55041440,0.8625
R0377_55034860,R0290_55041441,0.8625
R0377_55034860,R0290_55030423,0.8625
R0377_55034860,R0290_55039755,0.8625
R0377_55034860,R0290_55026840,0.8625
R0377_55034860,R0290_55038681,0.8625
R0377_55034860,R0290_55033209,0.8625
R0377_55034860,R0290_55043722,0.6375
R0377_55034860,R0377_55039577,1.0
R0377_55034860,R0377_55032663,1.0
R0377_55034860,R0377_55036003,0.775
R0377_55034860,R0377_55036004,0.775
R0377_55034860,R0377_55036006,0.775
R0377_55034860,R0377_55036007,0.775
R0377_55034860,R0377_55036008,0.775
R0377_55034860,R0377_55036009,0.775
R0377_55034860,R0377_55043375,0.775
R0377_55034860,R0377_55032655,0.925
R0377_55034860,R0377_55042881,1.0
R0377_55034860,R0377_55033035,0.925
R0377_55034860,R0377_55044076,0.775
R0377_55034860,R0377_55036698,1.0
R0377_55034860,R0377_55032664,0.875
R0377_55034860,R0377_55038331,0.775
R0377_55034860,R0377_55041814,0.775
R0377_55034860,R0377_55041025,0.775
R0377_55034860,R0377_55039651,0.775
R0377_55034860,R0377_55044100,0.875
R0377_55034860,R0377_55026719,0.875
R0377_55042881,R0002_55043311,0.6125
R0377_55042881,R0002_55036002,0.6375
R0377_55042881,R0002_55015378,0.6375
R0377_55042881,R0002_55032731,0.6125
R0377_55042881,R0002_55025944,0.8625
R0377_55042881,R0002_55024341,0.8625
R0377_55042881,R0002_55041509,0.8625
R0377_55042881,R0002_55036059,0.6375
R0377_55042881,R0002_55037787,0.6375
R0377_55042881,R0002_55039851,0.6125
R0377_55042881,R0002_55032782,0.6375
R0377_55042881,R0002_55036171,0.8625
R0377_55042881,R0002_55035505,0.8625
R0377_55042881,R0002_55011002,0.6375
R0377_55042881,R0002_55031467,0.8625
R0377_55042881,R0002_55028991,0.6375
R0377_55042881,R0002_55027831,0.8625
R0377_55042881,R0002_55038839,0.8625
R0377_55042881,R0002_55019960,0.6375
R0377_55042881,R0002_55033035,0.6375
R0377_55042881,R0002_55006197,0.6375
R0377_55042881,R0002_55036505,0.6125
R0377_55042881,R0002_55044076,0.6375
R0377_55042881,R0002_55036050,0.6125
R0377_55042881,R0002_55037530,0.8625
R0377_55042881,R0002_55040793,0.6375
R0377_55042881,R0002_55043136,0.6375
R0377_55042881,R0002_55014421,0.6375
R0377_55042881,R0002_55003518,0.6125
R0377_55042881,R0002_55027319,0.6125
R0377_55042881,R0002_55035727,0.6375
R0377_55042881,R0002_55032858,0.6375
R0377_55042881,R0002_55029026,0.7875
R0377_55042881,R0002_55039889,0.6375
R0377_55042881,R0002_55041025,0.6375
R0377_55042881,R0002_55041833,0.6375
R0377_55042881,R0002_55031084,0.6375
R0377_55042881,R0002_55030125,0.6375
R0377_55042881,R0002_55011220,0.6125
R0377_55042881,R0002_55043779,0.6375
R0377_55042881,R0002_55026664,0.6375
R0377_55042881,R0002_55037878,0.6125
R0377_55042881,R0002_55043901,0.8625
R0377_55042881,R0002_55037718,0.6375
R0377_55042881,R0002_55042075,0.8625
R0377_55042881,R0002_55031358,0.6375
R0377_55042881,R0002_55025080,0.6125
R0377_55042881,R0002_55037283,0.6375
R0377_55042881,R0002_55019387,0.7875
R0377_55042881,R0043_55035478,0.8625
R0377_55042881,R0043_55032756,0.7375
R0377_55042881,R0043_55039677,0.6375
R0377_55042881,R0043_55039678,0.6375
R0377_55042881,R0043_55029067,0.6375
R0377_55042881,R0043_55036252,0.6375
R0377_55042881,R0043_55034675,0.6375
R0377_55042881,R0043_55031083,0.6375
R0377_55042881,R0043_55036209,0.6375
R0377_55042881,R0043_55035181,0.6375
R0377_55042881,R0043_55032758,0.7875
R0377_55042881,R0043_55039681,0.6375
R0377_55042881,R0043_55039682,0.6375
R0377_55042881,R0043_55039683,0.6375
R0377_55042881,R0043_55039684,0.6375
R0377_55042881,R0043_55032632,0.8625
R0377_55042881,R0043_55021537,0.8625
R0377_55042881,R0043_55041926,0.7375
R0377_55042881,R0043_55029012,0.6375
R0377_55042881,R0043_55034882,0.6375
R0377_55042881,R0043_55039679,0.6375
R0377_55042881,R0043_55032862,0.6375
R0377_55042881,R0043_55032759,0.6375
R0377_55042881,R0043_55037980,0.6375
R0377_55042881,R0043_55037979,0.6375
R0377_55042881,R0043_55027552,0.6375
R0377_55042881,R0043_55034879,0.6375
R0377_55042881,R0043_55032908,0.6375
R0377_55042881,R0043_55039686,0.7375
R0377_55042881,R0043_55032863,0.6375
R0377_55042881,R0043_55009127,0.7375
R0377_55042881,R0043_55036250,0.6375
R0377_55042881,R0043_55034880,0.7875
R0377_55042881,R0043_55032860,0.6375
R0377_55042881,R0043_55029506,0.8625
R0377_55042881,R0043_55031288,0.7875
R0377_55042881,R0043_55036124,0.6375
R0377_55042881,R0043_55039830,0.6375
R0377_55042881,R0043_55034325,0.7875
R0377_55042881,R0043_55039829,0.6375
R0377_55042881,R0043_55031080,0.6125
R0377_55042881,R0043_55031077,0.6375
R0377_55042881,R0043_55017366,0.8625
R0377_55042881,R0043_55034335,0.6375
R0377_55042881,R0043_55031005,0.7375
R0377_55042881,R0055_55007584,0.7375
R0377_55042881,R0055_55007583,0.7875
R0377_55042881,R0204_55005925,0.6416666666666666
R0377_55042881,R0204_55032685,0.8666666666666667
R0377_55042881,R0204_55035156,0.7916666666666666
R0377_55042881,R0204_55022352,0.8666666666666667
R0377_55042881,R0204_55004131,0.6416666666666666
R0377_55042881,R0207_55036375,0.6416666666666666
R0377_55042881,R0207_55032672,0.8666666666666667
R0377_55042881,R0207_55032673,0.8666666666666667
R0377_55042881,R0290_55038074,0.7375
R0377_55042881,R0290_55041439,0.8625
R0377_55042881,R0290_55041442,0.8625
R0377_55042881,R0290_55041438,0.8625
R0377_55042881,R0290_55041440,0.8625
R0377_55042881,R0290_55041441,0.8625
R0377_55042881,R0290_55030423,0.8625
R0377_55042881,R0290_55039755,0.8625
R0377_55042881,R0290_55026840,0.8625
R0377_55042881,R0290_55038681,0.8625
R0377_55042881,R0290_55033209,0.8625
R0377_55042881,R0290_55043722,0.6375
R0377_55042881,R0377_55039577,1.0
R0377_55042881,R0377_55032663,1.0
R0377_55042881,R0377_55036003,0.775
R0377_55042881,R0377_55036004,0.775
R0377_55042881,R0377_55036006,0.775
R0377_55042881,R0377_55036007,0.775
R0377_55042881,R0377_55036008,0.775
R0377_55042881,R0377_55036009,0.775
R0377_55042881,R0377_55043375,0.775
R0377_55042881,R0377_55032655,0.925
R0377_55042881,R0377_55034860,1.0
R0377_55042881,R0377_55033035,0.925
R0377_55042881,R0377_55044076,0.775
R0377_55042881,R0377_55036698,1.0
R0377_55042881,R0377_55032664,0.875
R0377_55042881,R0377_55038331,0.775
R0377_55042881,R0377_55041814,0.775
R0377_55042881,R0377_55041025,0.775
R0377_55042881,R0377_55039651,0.775
R0377_55042881,R0377_55044100,0.875
R0377_55042881,R0377_55026719,0.875
R0377_55033035,R0002_55043311,0.6125
R0377_55033035,R0002_55036002,0.6125
R0377_55033035,R0002_55015378,0.6125
R0377_55033035,R0002_55032731,0.6125
R0377_55033035,R0002_55025944,0.6375
R0377_55033035,R0002_55024341,0.6375
R0377_55033035,R0002_55041509,0.6375
R0377_55033035,R0002_55036059,0.6125
R0377_55033035,R0002_55037787,0.6125
R0377_55033035,R0002_55039851,0.6125
R0377_55033035,R0002_55032782,0.6125
R0377_55033035,R0002_55036171,0.6375
R0377_55033035,R0002_55035505,0.6375
R0377_55033035,R0002_55011002,0.6125
R0377_55033035,R0002_55031467,0.6375
R0377_55033035,R0002_55028991,0.6125
R0377_55033035,R0002_55027831,0.6375
R0377_55033035,R0002_55038839,0.6375
R0377_55033035,R0002_55019960,0.6125
R0377_55033035,R0002_55033035,0.6125
R0377_55033035,R0002_55006197,0.6125
R0377_55033035,R0002_55036505,0.6125
R0377_55033035,R0002_55044076,0.6125
R0377_55033035,R0002_55036050,0.6125
R0377_55033035,R0002_55037530,0.6375
R0377_55033035,R0002_55040793,0.6125
R0377_55033035,R0002_55043136,0.6125
R0377_55033035,R0002_55014421,0.6125
R0377_55033035,R0002_55003518,0.6125
R0377_55033035,R0002_55027319,0.6125
R0377_55033035,R0002_55035727,0.6125
R0377_55033035,R0002_55032858,0.6125
R0377_55033035,R0002_55029026,0.8625
R0377_55033035,R0002_55039889,0.6125
R0377_55033035,R0002_55041025,0.6125
R0377_55033035,R0002_55041833,0.6125
R0377_55033035,R0002_55031084,0.6125
R0377_55033035,R0002_55030125,0.6125
R0377_55033035,R0002_55011220,0.6125
R0377_55033035,R0002_55043779,0.6125
R0377_55033035,R0002_55026664,0.6125
R0377_55033035,R0002_55037878,0.6125
R0377_55033035,R0002_55043901,0.6375
R0377_55033035,R0002_55037718,0.6125
R0377_55033035,R0002_55042075,0.6375
R0377_55033035,R0002_55031358,0.6125
R0377_55033035,R0002_55025080,0.6125
R0377_55033035,R0002_55037283,0.6125
R0377_55033035,R0002_55019387,0.8625
R0377_55033035,R0043_55035478,0.6375
R0377_55033035,R0043_55032756,0.7625
R0377_55033035,R0043_55039677,0.6125
R0377_55033035,R0043_55039678,0.6125
R0377_55033035,R0043_55029067,0.6125
R0377_55033035,R0043_55036252,0.6125
R0377_55033035,R0043_55034675,0.6125
R0377_55033035,R0043_55031083,0.6125
R0377_55033035,R0043_55036209,0.6125
R0377_55033035,R0043_55035181,0.6125
R0377_55033035,R0043_55032758,0.8625
R0377_55033035,R0043_55039681,0.6125
R0377_55033035,R0043_55039682,0.6125
R0377_55033035,R0043_55039683,0.6125
R0377_55033035,R0043_55039684,0.6125
R0377_55033035,R0043_55032632,0.6375
R0377_55033035,R0043_55021537,0.6375
R0377_55033035,R0043_55041926,0.7625
R0377_55033035,R0043_55029012,0.6125
R0377_55033035,R0043_55034882,0.6125
R0377_55033035,R0043_55039679,0.6125
R0377_55033035,R0043_55032862,0.6125
R0377_55033035,R0043_55032759,0.6125
R0377_55033035,R0043_55037980,0.6125
R0377_55033035,R0043_55037979,0.6125
R0377_55033035,R0043_55027552,0.6125
R0377_55033035,R0043_55034879,0.6125
R0377_55033035,R0043_55032908,0.6125
R0377_55033035,R0043_55039686,0.7625
R0377_55033035,R0043_55032863,0.6125
R0377_55033035,R0043_55009127,0.7625
R0377_55033035,R0043_55036250,0.6125
R0377_55033035,R0043_55034880,0.8625
R0377_55033035,R0043_55032860,0.6125
R0377_55033035,R0043_55029506,0.6375
R0377_55033035,R0043_55031288,0.8625
R0377_55033035,R0043_55036124,0.6125
R0377_55033035,R0043_55039830,0.6125
R0377_55033035,R0043_55034325,0.8625
R0377_55033035,R0043_55039829,0.6125
R0377_55033035,R0043_55031080,0.6125
R0377_55033035,R0043_55031077,0.6125
R0377_55033035,R0043_55017366,0.6375
R0377_55033035,R0043_55034335,0.6125
R0377_55033035,R0043_55031005,0.7625
R0377_55033035,R0055_55007584,0.7625
R0377_55033035,R0055_55007583,0.8625
R0377_55033035,R0204_55005925,0.6166666666666667
R0377_55033035,R0204_55032685,0.6416666666666666
R0377_55033035,R0204_55035156,0.8666666666666667
R0377_55033035,R0204_55022352,0.6416666666666666
R0377_55033035,R0204_55004131,0.6166666666666667
R0377_55033035,R0207_55036375,0.6166666666666667
R0377_55033035,R0207_55032672,0.6416666666666666
R0377_55033035,R0207_55032673,0.6416666666666666
R0377_55033035,R0290_55038074,0.7625
R0377_55033035,R0290_55041439,0.6375
R0377_55033035,R0290_55041442,0.6375
R0377_55033035,R0290_55041438,0.6375
R0377_55033035,R0290_55041440,0.6375
R0377_55033035,R0290_55041441,0.6375
R0377_55033035,R0290_55030423,0.6375
R0377_55033035,R0290_55039755,0.6375
R0377_55033035,R0290_55026840,0.6375
R0377_55033035,R0290_55038681,0.6375
R0377_55033035,R0290_55033209,0.6375
R0377_55033035,R0290_55043722,0.6125
R0377_55033035,R0377_55039577,0.775
R0377_55033035,R0377_55032663,0.775
R0377_55033035,R0377_55036003,0.75
R0377_55033035,R0377_55036004,0.75
R0377_55033035,R0377_55036006,0.75
R0377_55033035,R0377_55036007,0.75
R0377_55033035,R0377_55036008,0.75
R0377_55033035,R0377_55036009,0.75
R0377_55033035,R0377_55043375,0.75
R0377_55033035,R0377_55032655,1.0
R0377_55033035,R0377_55034860,0.775
R0377_55033035,R0377_55042881,0.775
R0377_55033035,R0377_55044076,0.75
R0377_55033035,R0377_55036698,0.775
R0377_55033035,R0377_55032664,0.9
R0377_55033035,R0377_55038331,0.75
R0377_55033035,R0377_55041814,0.75
R0377_55033035,R0377_55041025,0.75
R0377_55033035,R0377_55039651,0.75
R0377_55033035,R0377_55044100,0.9
R0377_55033035,R0377_55026719,0.9
R0377_55044076,R0002_55043311,0.6375
R0377_55044076,R0002_55036002,0.8625
R0377_55044076,R0002_55015378,0.8625
R0377_55044076,R0002_55032731,0.6375
R0377_55044076,R0002_55025944,0.7875
R0377_55044076,R0002_55024341,0.7875
R0377_55044076,R0002_55041509,0.7875
R0377_55044076,R0002_55036059,0.8625
R0377_55044076,R0002_55037787,0.8625
R0377_55044076,R0002_55039851,0.6375
R0377_55044076,R0002_55032782,0.8625
R0377_55044076,R0002_55036171,0.7875
R0377_55044076,R0002_55035505,0.7875
R0377_55044076,R0002_55011002,0.8625
R0377_55044076,R0002_55031467,0.7875
R0377_55044076,R0002_55028991,0.8625
R0377_55044076,R0002_55027831,0.7875
R0377_55044076,R0002_55038839,0.7875
R0377_55044076,R0002_55019960,0.8625
R0377_55044076,R0002_55033035,0.8625
R0377_55044076,R0002_55006197,0.8625
R0377_55044076,R0002_55036505,0.6375
R0377_55044076,R0002_55044076,0.8625
R0377_55044076,R0002_55036050,0.6375
R0377_55044076,R0002_55037530,0.7875
R0377_55044076,R0002_55040793,0.8625
R0377_55044076,R0002_55043136,0.8625
R0377_55044076,R0002_55014421,0.8625
R0377_55044076,R0002_55003518,0.6375
R0377_55044076,R0002_55027319,0.6375
R0377_55044076,R0002_55035727,0.8625
R0377_55044076,R0002_55032858,0.8625
R0377_55044076,R0002_55029026,0.7625
R0377_55044076,R0002_55039889,0.8625
R0377_55044076,R0002_55041025,0.8625
R0377_55044076,R0002_55041833,0.8625
R0377_55044076,R0002_55031084,0.8625
R0377_55044076,R0002_55030125,0.8625
R0377_55044076,R0002_55011220,0.6375
R0377_55044076,R0002_55043779,0.8625
R0377_55044076,R0002_55026664,0.8625
R0377_55044076,R0002_55037878,0.6375
R0377_55044076,R0002_55043901,0.7875
R0377_55044076,R0002_55037718,0.8625
R0377_55044076,R0002_55042075,0.7875
R0377_55044076,R0002_55031358,0.8625
R0377_55044076,R0002_55025080,0.6375
R0377_55044076,R0002_55037283,0.8625
R0377_55044076,R0002_55019387,0.7625
R0377_55044076,R0043_55035478,0.7875
R0377_55044076,R0043_55032756,0.7124999999999999
R0377_55044076,R0043_55039677,0.8625
R0377_55044076,R0043_55039678,0.8625
R0377_55044076,R0043_55029067,0.8625
R0377_55044076,R0043_55036252,0.8625
R0377_55044076,R0043_55034675,0.8625
R0377_55044076,R0043_55031083,0.8625
R0377_55044076,R0043_55036209,0.8625
R0377_55044076,R0043_55035181,0.8625
R0377_55044076,R0043_55032758,0.7625
R0377_55044076,R0043_55039681,0.8625
R0377_55044076,R0043_55039682,0.8625
R0377_55044076,R0043_55039683,0.8625
R0377_55044076,R0043_55039684,0.8625
R0377_55044076,R0043_55032632,0.7875
R0377_55044076,R0043_55021537,0.7875
R0377_55044076,R0043_55041926,0.7124999999999999
R0377_55044076,R0043_55029012,0.8625
R0377_55044076,R0043_55034882,0.8625
R0377_55044076,R0043_55039679,0.8625
R0377_55044076,R0043_55032862,0.8625
R0377_55044076,R0043_55032759,0.8625
R0377_55044076,R0043_55037980,0.8625
R0377_55044076,R0043_55037979,0.8625
R0377_55044076,R0043_55027552,0.8625
R0377_55044076,R0043_55034879,0.8625
R0377_55044076,R0043_55032908,0.8625
R0377_55044076,R0043_55039686,0.7124999999999999
R0377_55044076,R0043_55032863,0.8625
R0377_55044076,R0043_55009127,0.7124999999999999
R0377_55044076,R0043_55036250,0.8625
R0377_55044076,R0043_55034880,0.7625
R0377_55044076,R0043_55032860,0.8625
R0377_55044076,R0043_55029506,0.7875
R0377_55044076,R0043_55031288,0.7625
R0377_55044076,R0043_55036124,0.8625
R0377_55044076,R0043_55039830,0.8625
R0377_55044076,R0043_55034325,0.7625
R0377_55044076,R0043_55039829,0.8625
R0377_55044076,R0043_55031080,0.6375
R0377_55044076,R0043_55031077,0.8625
R0377_55044076,R0043_55017366,0.7875
R0377_55044076,R0043_55034335,0.8625
R0377_55044076,R0043_55031005,0.7124999999999999
R0377_55044076,R0055_55007584,0.7124999999999999
R0377_55044076,R0055_55007583,0.7625
R0377_55044076,R0204_55005925,0.8666666666666667
R0377_55044076,R0204_55032685,0.7916666666666666
R0377_55044076,R0204_55035156,0.7666666666666666
R0377_55044076,R0204_55022352,0.7916666666666666
R0377_55044076,R0204_55004131,0.8666666666666667
R0377_55044076,R0207_55036375,0.8666666666666667
R0377_55044076,R0207_55032672,0.7916666666666666
R0377_55044076,R0207_55032673,0.7916666666666666
R0377_55044076,R0290_55038074,0.7124999999999999
R0377_55044076,R0290_55041439,0.7875
R0377_55044076,R0290_55041442,0.7875
R0377_55044076,R0290_55041438,0.7875
R0377_55044076,R0290_55041440,0.7875
R0377_55044076,R0290_55041441,0.7875
R0377_55044076,R0290_55030423,0.7875
R0377_55044076,R0290_55039755,0.7875
R0377_55044076,R0290_55026840,0.7875
R0377_55044076,R0290_55038681,0.7875
R0377_55044076,R0290_55033209,0.7875
R0377_55044076,R0290_55043722,0.8625
R0377_55044076,R0377_55039577,0.925
R0377_55044076,R0377_55032663,0.925
R0377_55044076,R0377_55036003,1.0
R0377_55044076,R0377_55036004,1.0
R0377_55044076,R0377_55036006,1.0
R0377_55044076,R0377_55036007,1.0
R0377_55044076,R0377_55036008,1.0
R0377_55044076,R0377_55036009,1.0
R0377_55044076,R0377_55043375,1.0
R0377_55044076,R0377_55032655,0.9
R0377_55044076,R0377_55034860,0.925
R0377_55044076,R0377_55042881,0.925
R0377_55044076,R0377_55033035,0.9
R0377_55044076,R0377_55036698,0.925
R0377_55044076,R0377_55032664,0.85
R0377_55044076,R0377_55038331,1.0
R0377_55044076,R0377_55041814,1.0
R0377_55044076,R0377_55041025,1.0
R0377_55044076,R0377_55039651,1.0
R0377_55044076,R0377_55044100,0.85
R0377_55044076,R0377_55026719,0.85
R0377_55036698,R0002_55043311,0.6125
R0377_55036698,R0002_55036002,0.6375
R0377_55036698,R0002_55015378,0.6375
R0377_55036698,R0002_55032731,0.6125
R0377_55036698,R0002_55025944,0.8625
R0377_55036698,R0002_55024341,0.8625
R0377_55036698,R0002_55041509,0.8625
R0377_55036698,R0002_55036059,0.6375
R0377_55036698,R0002_55037787,0.6375
R0377_55036698,R0002_55039851,0.6125
R0377_55036698,R0002_55032782,0.6375
R0377_55036698,R0002_55036171,0.8625
R0377_55036698,R0002_55035505,0.8625
R0377_55036698,R0002_55011002,0.6375
R0377_55036698,R0002_55031467,0.8625
R0377_55036698,R0002_55028991,0.6375
R0377_55036698,R0002_55027831,0.8625
R0377_55036698,R0002_55038839,0.8625
R0377_55036698,R0002_55019960,0.6375
R0377_55036698,R0002_55033035,0.6375
R0377_55036698,R0002_55006197,0.6375
R0377_55036698,R0002_55036505,0.6125
R0377_55036698,R0002_55044076,0.6375
R0377_55036698,R0002_55036050,0.6125
R0377_55036698,R0002_55037530,0.8625
R0377_55036698,R0002_55040793,0.6375
R0377_55036698,R0002_55043136,0.6375
R0377_55036698,R0002_55014421,0.6375
R0377_55036698,R0002_55003518,0.6125
R0377_55036698,R0002_55027319,0.6125
R0377_55036698,R0002_55035727,0.6375
R0377_55036698,R0002_55032858,0.6375
R0377_55036698,R0002_55029026,0.7875
R0377_55036698,R0002_55039889,0.6375
R0377_55036698,R0002_55041025,0.6375
R0377_55036698,R0002_55041833,0.6375
R0377_55036698,R0002_55031084,0.6375
R0377_55036698,R0002_55030125,0.6375
R0377_55036698,R0002_55011220,0.6125
R0377_55036698,R0002_55043779,0.6375
R0377_55036698,R0002_55026664,0.6375
R0377_55036698,R0002_55037878,0.6125
R0377_55036698,R0002_55043901,0.8625
R0377_55036698,R0002_55037718,0.6375
R0377_55036698,R0002_55042075,0.8625
R0377_55036698,R0002_55031358,0.6375
R0377_55036698,R0002_55025080,0.6125
R0377_55036698,R0002_55037283,0.6375
R0377_55036698,R0002_55019387,0.7875
R0377_55036698,R0043_55035478,0.8625
R0377_55036698,R0043_55032756,0.7375
R0377_55036698,R0043_55039677,0.6375
R0377_55036698,R0043_55039678,0.6375
R0377_55036698,R0043_55029067,0.6375
R0377_55036698,R0043_55036252,0.6375
R0377_55036698,R0043_55034675,0.6375
R0377_55036698,R0043_55031083,0.6375
R0377_55036698,R0043_55036209,0.6375
R0377_55036698,R0043_55035181,0.6375
R0377_55036698,R0043_55032758,0.7875
R0377_55036698,R0043_55039681,0.6375
R0377_55036698,R0043_55039682,0.6375
R0377_55036698,R0043_55039683,0.6375
R0377_55036698,R0043_55039684,0.6375
R0377_55036698,R0043_55032632,0.8625
R0377_55036698,R0043_55021537,0.8625
R0377_55036698,R0043_55041926,0.7375
R0377_55036698,R0043_55029012,0.6375
R0377_55036698,R0043_55034882,0.6375
R0377_55036698,R0043_55039679,0.6375
R0377_55036698,R0043_55032862,0.6375
R0377_55036698,R0043_55032759,0.6375
R0377_55036698,R0043_55037980,0.6375
R0377_55036698,R0043_55037979,0.6375
R0377_55036698,R0043_55027552,0.6375
R0377_55036698,R0043_55034879,0.6375
R0377_55036698,R0043_55032908,0.6375
R0377_55036698,R0043_55039686,0.7375
R0377_55036698,R0043_55032863,0.6375
R0377_55036698,R0043_55009127,0.7375
R0377_55036698,R0043_55036250,0.6375
R0377_55036698,R0043_55034880,0.7875
R0377_55036698,R0043_55032860,0.6375
R0377_55036698,R0043_55029506,0.8625
R0377_55036698,R0043_55031288,0.7875
R0377_55036698,R0043_55036124,0.6375
R0377_55036698,R0043_55039830,0.6375
R0377_55036698,R0043_55034325,0.7875
R0377_55036698,R0043_55039829,0.6375
R0377_55036698,R0043_55031080,0.6125
R0377_55036698,R0043_55031077,0.6375
R0377_55036698,R0043_55017366,0.8625
R0377_55036698,R0043_55034335,0.6375
R0377_55036698,R0043_55031005,0.7375
R0377_55036698,R0055_55007584,0.7375
R0377_55036698,R0055_55007583,0.7875
R0377_55036698,R0204_55005925,0.6416666666666666
R0377_55036698,R0204_55032685,0.8666666666666667
R0377_55036698,R0204_55035156,0.7916666666666666
R0377_55036698,R0204_55022352,0.8666666666666667
R0377_55036698,R0204_55004131,0.6416666666666666
R0377_55036698,R0207_55036375,0.6416666666666666
R0377_55036698,R0207_55032672,0.8666666666666667
R0377_55036698,R0207_55032673,0.8666666666666667
R0377_55036698,R0290_55038074,0.7375
R0377_55036698,R0290_55041439,0.8625
R0377_55036698,R0290_55041442,0.8625
R0377_55036698,R0290_55041438,0.8625
R0377_55036698,R0290_55041440,0.8625
R0377_55036698,R0290_55041441,0.8625
R0377_55036698,R0290_55030423,0.8625
R0377_55036698,R0290_55039755,0.8625
R0377_55036698,R0290_55026840,0.8625
R0377_55036698,R0290_55038681,0.8625
R0377_55036698,R0290_55033209,0.8625
R0377_55036698,R0290_55043722,0.6375
R0377_55036698,R0377_55039577,1.0
R0377_55036698,R0377_55032663,1.0
R0377_55036698,R0377_55036003,0.775
R0377_55036698,R0377_55036004,0.775
R0377_55036698,R0377_55036006,0.775
R0377_55036698,R0377_55036007,0.775
R0377_55036698,R0377_55036008,0.775
R0377_55036698,R0377_55036009,0.775
R0377_55036698,R0377_55043375,0.775
R0377_55036698,R0377_55032655,0.925
R0377_55036698,R0377_55034860,1.0
R0377_55036698,R0377_55042881,1.0
R0377_55036698,R0377_55033035,0.925
R0377_55036698,R0377_55044076,0.775
R0377_55036698,R0377_55032664,0.875
R0377_55036698,R0377_55038331,0.775
R0377_55036698,R0377_55041814,0.775
R0377_55036698,R0377_55041025,0.775
R0377_55036698,R0377_55039651,0.775
R0377_55036698,R0377_55044100,0.875
R0377_55036698,R0377_55026719,0.875
R0377_55032664,R0002_55043311,0.6125
R0377_55032664,R0002_55036002,0.6125
R0377_55032664,R0002_55015378,0.6125
R0377_55032664,R0002_55032731,0.6125
R0377_55032664,R0002_55025944,0.6125
R0377_55032664,R0002_55024341,0.6125
R0377_55032664,R0002_55041509,0.6125
R0377_55032664,R0002_55036059,0.6125
R0377_55032664,R0002_55037787,0.6125
R0377_55032664,R0002_55039851,0.6125
R0377_55032664,R0002_55032782,0.6125
R0377_55032664,R0002_55036171,0.6125
R0377_55032664,R0002_55035505,0.6125
R0377_55032664,R0002_55011002,0.6125
R0377_55032664,R0002_55031467,0.6125
R0377_55032664,R0002_55028991,0.6125
R0377_55032664,R0002_55027831,0.6125
R0377_55032664,R0002_55038839,0.6125
R0377_55032664,R0002_55019960,0.6125
R0377_55032664,R0002_55033035,0.6125
R0377_55032664,R0002_55006197,0.6125
R0377_55032664,R0002_55036505,0.6125
R0377_55032664,R0002_55044076,0.6125
R0377_55032664,R0002_55036050,0.6125
R0377_55032664,R0002_55037530,0.6125
R0377_55032664,R0002_55040793,0.6125
R0377_55032664,R0002_55043136,0.6125
R0377_55032664,R0002_55014421,0.6125
R0377_55032664,R0002_55003518,0.6125
R0377_55032664,R0002_55027319,0.6125
R0377_55032664,R0002_55035727,0.6125
R0377_55032664,R0002_55032858,0.6125
R0377_55032664,R0002_55029026,0.6125
R0377_55032664,R0002_55039889,0.6125
R0377_55032664,R0002_55041025,0.6125
R0377_55032664,R0002_55041833,0.6125
R0377_55032664,R0002_55031084,0.6125
R0377_55032664,R0002_55030125,0.6125
R0377_55032664,R0002_55011220,0.6125
R0377_55032664,R0002_55043779,0.6125
R0377_55032664,R0002_55026664,0.6125
R0377_55032664,R0002_55037878,0.6125
R0377_55032664,R0002_55043901,0.6125
R0377_55032664,R0002_55037718,0.6125
R0377_55032664,R0002_55042075,0.6125
R0377_55032664,R0002_55031358,0.6125
R0377_55032664,R0002_55025080,0.6125
R0377_55032664,R0002_55037283,0.6125
R0377_55032664,R0002_55019387,0.6125
R0377_55032664,R0043_55035478,0.6125
R0377_55032664,R0043_55032756,0.8625
R0377_55032664,R0043_55039677,0.6125
R0377_55032664,R0043_55039678,0.6125
R0377_55032664,R0043_55029067,0.6125
R0377_55032664,R0043_55036252,0.6125
R0377_55032664,R0043_55034675,0.6125
R0377_55032664,R0043_55031083,0.6125
R0377_55032664,R0043_55036209,0.6125
R0377_55032664,R0043_55035181,0.6125
R0377_55032664,R0043_55032758,0.6125
R0377_55032664,R0043_55039681,0.6125
R0377_55032664,R0043_55039682,0.6125
R0377_55032664,R0043_55039683,0.6125
R0377_55032664,R0043_55039684,0.6125
R0377_55032664,R0043_55032632,0.6125
R0377_55032664,R0043_55021537,0.6125
R0377_55032664,R0043_55041926,0.8625
R0377_55032664,R0043_55029012,0.6125
R0377_55032664,R0043_55034882,0.6125
R0377_55032664,R0043_55039679,0.6125
R0377_55032664,R0043_55032862,0.6125
R0377_55032664,R0043_55032759,0.6125
R0377_55032664,R0043_55037980,0.6125
R0377_55032664,R0043_55037979,0.6125
R0377_55032664,R0043_55027552,0.6125
R0377_55032664,R0043_55034879,0.6125
R0377_55032664,R0043_55032908,0.6125
R0377_55032664,R0043_55039686,0.8625
R0377_55032664,R0043_55032863,0.6125
R0377_55032664,R0043_55009127,0.8625
R0377_55032664,R0043_55036250,0.6125
R0377_55032664,R0043_55034880,0.6125
R0377_55032664,R0043_55032860,0.6125
R0377_55032664,R0043_55029506,0.6125
R0377_55032664,R0043_55031288,0.6125
R0377_55032664,R0043_55036124,0.6125
R0377_55032664,R0043_55039830,0.6125
R0377_55032664,R0043_55034325,0.6125
R0377_55032664,R0043_55039829,0.6125
R0377_55032664,R0043_55031080,0.6125
R0377_55032664,R0043_55031077,0.6125
R0377_55032664,R0043_55017366,0.6125
R0377_55032664,R0043_55034335,0.6125
R0377_55032664,R0043_55031005,0.8625
R0377_55032664,R0055_55007584,0.8625
R0377_55032664,R0055_55007583,0.6125
R0377_55032664,R0204_55005925,0.6166666666666667
R0377_55032664,R0204_55032685,0.6166666666666667
R0377_55032664,R0204_55035156,0.6166666666666667
R0377_55032664,R0204_55022352,0.6166666666666667
R0377_55032664,R0204_55004131,0.6166666666666667
R0377_55032664,R0207_55036375,0.6166666666666667
R0377_55032664,R0207_55032672,0.6166666666666667
R0377_55032664,R0207_55032673,0.6166666666666667
R0377_55032664,R0290_55038074,0.8625
R0377_55032664,R0290_55041439,0.6125
R0377_55032664,R0290_55041442,0.6125
R0377_55032664,R0290_55041438,0.6125
R0377_55032664,R0290_55041440,0.6125
R0377_55032664,R0290_55041441,0.6125
R0377_55032664,R0290_55030423,0.6125
R0377_55032664,R0290_55039755,0.6125
R0377_55032664,R0290_55026840,0.6125
R0377_55032664,R0290_55038681,0.6125
R0377_55032664,R0290_55033209,0.6125
R0377_55032664,R0290_55043722,0.6125
R0377_55032664,R0377_55039577,0.75
R0377_55032664,R0377_55032663,0.75
R0377_55032664,R0377_55036003,0.75
R0377_55032664,R0377_55036004,0.75
R0377_55032664,R0377_55036006,0.75
R0377_55032664,R0377_55036007,0.75
R0377_55032664,R0377_55036008,0.75
R0377_55032664,R0377_55036009,0.75
R0377_55032664,R0377_55043375,0.75
R0377_55032664,R0377_55032655,0.75
R0377_55032664,R0377_55034860,0.75
R0377_55032664,R0377_55042881,0.75
R0377_55032664,R0377_55033035,0.75
R0377_55032664,R0377_55044076,0.75
R0377_55032664,R0377_55036698,0.75
R0377_55032664,R0377_55038331,0.75
R0377_55032664,R0377_55041814,0.75
R0377_55032664,R0377_55041025,0.75
R0377_55032664,R0377_55039651,0.75
R0377_55032664,R0377_55044100,1.0
R0377_55032664,R0377_55026719,1.0
R0377_55038331,R0002_55043311,0.6375
R0377_55038331,R0002_55036002,0.8625
R0377_55038331,R0002_55015378,0.8625
R0377_55038331,R0002_55032731,0.6375
R0377_55038331,R0002_55025944,0.7875
R0377_55038331,R0002_55024341,0.7875
R0377_55038331,R0002_55041509,0.7875
R0377_55038331,R0002_55036059,0.8625
R0377_55038331,R0002_55037787,0.8625
R0377_55038331,R0002_55039851,0.6375
R0377_55038331,R0002_55032782,0.8625
R0377_55038331,R0002_55036171,0.7875
R0377_55038331,R0002_55035505,0.7875
R0377_55038331,R0002_55011002,0.8625
R0377_55038331,R0002_55031467,0.7875
R0377_55038331,R0002_55028991,0.8625
R0377_55038331,R0002_55027831,0.7875
R0377_55038331,R0002_55038839,0.7875
R0377_55038331,R0002_55019960,0.8625
R0377_55038331,R0002_55033035,0.8625
R0377_55038331,R0002_55006197,0.8625
R0377_55038331,R0002_55036505,0.6375
R0377_55038331,R0002_55044076,0.8625
R0377_55038331,R0002_55036050,0.6375
R0377_55038331,R0002_55037530,0.7875
R0377_55038331,R0002_55040793,0.8625
R0377_55038331,R0002_55043136,0.8625
R0377_55038331,R0002_55014421,0.8625
R0377_55038331,R0002_55003518,0.6375
R0377_55038331,R0002_55027319,0.6375
R0377_55038331,R0002_55035727,0.8625
R0377_55038331,R0002_55032858,0.8625
R0377_55038331,R0002_55029026,0.7625
R0377_55038331,R0002_55039889,0.8625
R0377_55038331,R0002_55041025,0.8625
R0377_55038331,R0002_55041833,0.8625
R0377_55038331,R0002_55031084,0.8625
R0377_55038331,R0002_55030125,0.8625
R0377_55038331,R0002_55011220,0.6375
R0377_55038331,R0002_55043779,0.8625
R0377_55038331,R0002_55026664,0.8625
R0377_55038331,R0002_55037878,0.6375
R0377_55038331,R0002_55043901,0.7875
R0377_55038331,R0002_55037718,0.8625
R0377_55038331,R0002_55042075,0.7875
R0377_55038331,R0002_55031358,0.8625
R0377_55038331,R0002_55025080,0.6375
R0377_55038331,R0002_55037283,0.8625
R0377_55038331,R0002_55019387,0.7625
R0377_55038331,R0043_55035478,0.7875
R0377_55038331,R0043_55032756,0.7124999999999999
R0377_55038331,R0043_55039677,0.8625
R0377_55038331,R0043_55039678,0.8625
R0377_55038331,R0043_55029067,0.8625
R0377_55038331,R0043_55036252,0.8625
R0377_55038331,R0043_55034675,0.8625
R0377_55038331,R0043_55031083,0.8625
R0377_55038331,R0043_55036209,0.8625
R0377_55038331,R0043_55035181,0.8625
R0377_55038331,R0043_55032758,0.7625
R0377_55038331,R0043_55039681,0.8625
R0377_55038331,R0043_55039682,0.8625
R0377_55038331,R0043_55039683,0.8625
R0377_55038331,R0043_55039684,0.8625
R0377_55038331,R0043_55032632,0.7875
R0377_55038331,R0043_55021537,0.7875
R0377_55038331,R0043_55041926,0.7124999999999999
R0377_55038331,R0043_55029012,0.8625
R0377_55038331,R0043_55034882,0.8625
R0377_55038331,R0043_55039679,0.8625
R0377_55038331,R0043_55032862,0.8625
R0377_55038331,R0043_55032759,0.8625
R0377_55038331,R0043_55037980,0.8625
R0377_55038331,R0043_55037979,0.8625
R0377_55038331,R0043_55027552,0.8625
R0377_55038331,R0043_55034879,0.8625
R0377_55038331,R0043_55032908,0.8625
R0377_55038331,R0043_55039686,0.7124999999999999
R0377_55038331,R0043_55032863,0.8625
R0377_55038331,R0043_55009127,0.7124999999999999
R0377_55038331,R0043_55036250,0.8625
R0377_55038331,R0043_55034880,0.7625
R0377_55038331,R0043_55032860,0.8625
R0377_55038331,R0043_55029506,0.7875
R0377_55038331,R0043_55031288,0.7625
R0377_55038331,R0043_55036124,0.8625
R0377_55038331,R0043_55039830,0.8625
R0377_55038331,R0043_55034325,0.7625
R0377_55038331,R0043_55039829,0.8625
R0377_55038331,R0043_55031080,0.6375
R0377_55038331,R0043_55031077,0.8625
R0377_55038331,R0043_55017366,0.7875
R0377_55038331,R0043_55034335,0.8625
R0377_55038331,R0043_55031005,0.7124999999999999
R0377_55038331,R0055_55007584,0.7124999999999999
R0377_55038331,R0055_55007583,0.7625
R0377_55038331,R0204_55005925,0.8666666666666667
R0377_55038331,R0204_55032685,0.7916666666666666
R0377_55038331,R0204_55035156,0.7666666666666666
R0377_55038331,R0204_55022352,0.7916666666666666
R0377_55038331,R0204_55004131,0.8666666666666667
R0377_55038331,R0207_55036375,0.8666666666666667
R0377_55038331,R0207_55032672,0.7916666666666666
R0377_55038331,R0207_55032673,0.7916666666666666
R0377_55038331,R0290_55038074,0.7124999999999999
R0377_55038331,R0290_55041439,0.7875
R0377_55038331,R0290_55041442,0.7875
R0377_55038331,R0290_55041438,0.7875
R0377_55038331,R0290_55041440,0.7875
R0377_55038331,R0290_55041441,0.7875
R0377_55038331,R0290_55030423,0.7875
R0377_55038331,R0290_55039755,0.7875
R0377_55038331,R0290_55026840,0.7875
R0377_55038331,R0290_55038681,0.7875
R0377_55038331,R0290_55033209,0.7875
R0377_55038331,R0290_55043722,0.8625
R0377_55038331,R0377_55039577,0.925
R0377_55038331,R0377_55032663,0.925
R0377_55038331,R0377_55036003,1.0
R0377_55038331,R0377_55036004,1.0
R0377_55038331,R0377_55036006,1.0
R0377_55038331,R0377_55036007,1.0
R0377_55038331,R0377_55036008,1.0
R0377_55038331,R0377_55036009,1.0
R0377_55038331,R0377_55043375,1.0
R0377_55038331,R0377_55032655,0.9
R0377_55038331,R0377_55034860,0.925
R0377_55038331,R0377_55042881,0.925
R0377_55038331,R0377_55033035,0.9
R0377_55038331,R0377_55044076,1.0
R0377_55038331,R0377_55036698,0.925
R0377_55038331,R0377_55032664,0.85
R0377_55038331,R0377_55041814,1.0
R0377_55038331,R0377_55041025,1.0
R0377_55038331,R0377_55039651,1.0
R0377_55038331,R0377_55044100,0.85
R0377_55038331,R0377_55026719,0.85
R0377_55041814,R0002_55043311,0.6375
R0377_55041814,R0002_55036002,0.8625
R0377_55041814,R0002_55015378,0.8625
R0377_55041814,R0002_55032731,0.6375
R0377_55041814,R0002_55025944,0.7875
R0377_55041814,R0002_55024341,0.7875
R0377_55041814,R0002_55041509,0.7875
R0377_55041814,R0002_55036059,0.8625
R0377_55041814,R0002_55037787,0.8625
R0377_55041814,R0002_55039851,0.6375
R0377_55041814,R0002_55032782,0.8625
R0377_55041814,R0002_55036171,0.7875
R0377_55041814,R0002_55035505,0.7875
R0377_55041814,R0002_55011002,0.8625
R0377_55041814,R0002_55031467,0.7875
R0377_55041814,R0002_55028991,0.8625
R0377_55041814,R0002_55027831,0.7875
R0377_55041814,R0002_55038839,0.7875
R0377_55041814,R0002_55019960,0.8625
R0377_55041814,R0002_55033035,0.8625
R0377_55041814,R0002_55006197,0.8625
R0377_55041814,R0002_55036505,0.6375
R0377_55041814,R0002_55044076,0.8625
R0377_55041814,R0002_55036050,0.6375
R0377_55041814,R0002_55037530,0.7875
R0377_55041814,R0002_55040793,0.8625
R0377_55041814,R0002_55043136,0.8625
R0377_55041814,R0002_55014421,0.8625
R0377_55041814,R0002_55003518,0.6375
R0377_55041814,R0002_55027319,0.6375
R0377_55041814,R0002_55035727,0.8625
R0377_55041814,R0002_55032858,0.8625
R0377_55041814,R0002_55029026,0.7625
R0377_55041814,R0002_55039889,0.8625
R0377_55041814,R0002_55041025,0.8625
R0377_55041814,R0002_55041833,0.8625
R0377_55041814,R0002_55031084,0.8625
R0377_55041814,R0002_55030125,0.8625
R0377_55041814,R0002_55011220,0.6375
R0377_55041814,R0002_55043779,0.8625
R0377_55041814,R0002_55026664,0.8625
R0377_55041814,R0002_55037878,0.6375
R0377_55041814,R0002_55043901,0.7875
R0377_55041814,R0002_55037718,0.8625
R0377_55041814,R0002_55042075,0.7875
R0377_55041814,R0002_55031358,0.8625
R0377_55041814,R0002_55025080,0.6375
R0377_55041814,R0002_55037283,0.8625
R0377_55041814,R0002_55019387,0.7625
R0377_55041814,R0043_55035478,0.7875
R0377_55041814,R0043_55032756,0.7124999999999999
R0377_55041814,R0043_55039677,0.8625
R0377_55041814,R0043_55039678,0.8625
R0377_55041814,R0043_55029067,0.8625
R0377_55041814,R0043_55036252,0.8625
R0377_55041814,R0043_55034675,0.8625
R0377_55041814,R0043_55031083,0.8625
R0377_55041814,R0043_55036209,0.8625
R0377_55041814,R0043_55035181,0.8625
R0377_55041814,R0043_55032758,0.7625
R0377_55041814,R0043_55039681,0.8625
R0377_55041814,R0043_55039682,0.8625
R0377_55041814,R0043_55039683,0.8625
R0377_55041814,R0043_55039684,0.8625
R0377_55041814,R0043_55032632,0.7875
R0377_55041814,R0043_55021537,0.7875
R0377_55041814,R0043_55041926,0.7124999999999999
R0377_55041814,R0043_55029012,0.8625
R0377_55041814,R0043_55034882,0.8625
R0377_55041814,R0043_55039679,0.8625
R0377_55041814,R0043_55032862,0.8625
R0377_55041814,R0043_55032759,0.8625
R0377_55041814,R0043_55037980,0.8625
R0377_55041814,R0043_55037979,0.8625
R0377_55041814,R0043_55027552,0.8625
R0377_55041814,R0043_55034879,0.8625
R0377_55041814,R0043_55032908,0.8625
R0377_55041814,R0043_55039686,0.7124999999999999
R0377_55041814,R0043_55032863,0.8625
R0377_55041814,R0043_55009127,0.7124999999999999
R0377_55041814,R0043_55036250,0.8625
R0377_55041814,R0043_55034880,0.7625
R0377_55041814,R0043_55032860,0.8625
R0377_55041814,R0043_55029506,0.7875
R0377_55041814,R0043_55031288,0.7625
R0377_55041814,R0043_55036124,0.8625
R0377_55041814,R0043_55039830,0.8625
R0377_55041814,R0043_55034325,0.7625
R0377_55041814,R0043_55039829,0.8625
R0377_55041814,R0043_55031080,0.6375
R0377_55041814,R0043_55031077,0.8625
R0377_55041814,R0043_55017366,0.7875
R0377_55041814,R0043_55034335,0.8625
R0377_55041814,R0043_55031005,0.7124999999999999
R0377_55041814,R0055_55007584,0.7124999999999999
R0377_55041814,R0055_55007583,0.7625
R0377_55041814,R0204_55005925,0.8666666666666667
R0377_55041814,R0204_55032685,0.7916666666666666
R0377_55041814,R0204_55035156,0.7666666666666666
R0377_55041814,R0204_55022352,0.7916666666666666
R0377_55041814,R0204_55004131,0.8666666666666667
R0377_55041814,R0207_55036375,0.8666666666666667
R0377_55041814,R0207_55032672,0.7916666666666666
R0377_55041814,R0207_55032673,0.7916666666666666
R0377_55041814,R0290_55038074,0.7124999999999999
R0377_55041814,R0290_55041439,0.7875
R0377_55041814,R0290_55041442,0.7875
R0377_55041814,R0290_55041438,0.7875
R0377_55041814,R0290_55041440,0.7875
R0377_55041814,R0290_55041441,0.7875
R0377_55041814,R0290_55030423,0.7875
R0377_55041814,R0290_55039755,0.7875
R0377_55041814,R0290_55026840,0.7875
R0377_55041814,R0290_55038681,0.7875
R0377_55041814,R0290_55033209,0.7875
R0377_55041814,R0290_55043722,0.8625
R0377_55041814,R0377_55039577,0.925
R0377_55041814,R0377_55032663,0.925
R0377_55041814,R0377_55036003,1.0
R0377_55041814,R0377_55036004,1.0
R0377_55041814,R0377_55036006,1.0
R0377_55041814,R0377_55036007,1.0
R0377_55041814,R0377_55036008,1.0
R0377_55041814,R0377_55036009,1.0
R0377_55041814,R0377_55043375,1.0
R0377_55041814,R0377_55032655,0.9
R0377_55041814,R0377_55034860,0.925
R0377_55041814,R0377_55042881,0.925
R0377_55041814,R0377_55033035,0.9
R0377_55041814,R0377_55044076,1.0
R0377_55041814,R0377_55036698,0.925
R0377_55041814,R0377_55032664,0.85
R0377_55041814,R0377_55038331,1.0
R0377_55041814,R0377_55041025,1.0
R0377_55041814,R0377_55039651,1.0
R0377_55041814,R0377_55044100,0.85
R0377_55041814,R0377_55026719,0.85
R0377_55041025,R0002_55043311,0.6375
R0377_55041025,R0002_55036002,0.8625
R0377_55041025,R0002_55015378,0.8625
R0377_55041025,R0002_55032731,0.6375
R0377_55041025,R0002_55025944,0.7875
R0377_55041025,R0002_55024341,0.7875
R0377_55041025,R0002_55041509,0.7875
R0377_55041025,R0002_55036059,0.8625
R0377_55041025,R0002_55037787,0.8625
R0377_55041025,R0002_55039851,0.6375
R0377_55041025,R0002_55032782,0.8625
R0377_55041025,R0002_55036171,0.7875
R0377_55041025,R0002_55035505,0.7875
R0377_55041025,R0002_55011002,0.8625
R0377_55041025,R0002_55031467,0.7875
R0377_55041025,R0002_55028991,0.8625
R0377_55041025,R0002_55027831,0.7875
R0377_55041025,R0002_55038839,0.7875
R0377_55041025,R0002_55019960,0.8625
R0377_55041025,R0002_55033035,0.8625
R0377_55041025,R0002_55006197,0.8625
R0377_55041025,R0002_55036505,0.6375
R0377_55041025,R0002_55044076,0.8625
R0377_55041025,R0002_55036050,0.6375
R0377_55041025,R0002_55037530,0.7875
R0377_55041025,R0002_55040793,0.8625
R0377_55041025,R0002_55043136,0.8625
R0377_55041025,R0002_55014421,0.8625
R0377_55041025,R0002_55003518,0.6375
R0377_55041025,R0002_55027319,0.6375
R0377_55041025,R0002_55035727,0.8625
R0377_55041025,R0002_55032858,0.8625
R0377_55041025,R0002_55029026,0.7625
R0377_55041025,R0002_55039889,0.8625
R0377_55041025,R0002_55041025,0.8625
R0377_55041025,R0002_55041833,0.8625
R0377_55041025,R0002_55031084,0.8625
R0377_55041025,R0002_55030125,0.8625
R0377_55041025,R0002_55011220,0.6375
R0377_55041025,R0002_55043779,0.8625
R0377_55041025,R0002_55026664,0.8625
R0377_55041025,R0002_55037878,0.6375
R0377_55041025,R0002_55043901,0.7875
R0377_55041025,R0002_55037718,0.8625
R0377_55041025,R0002_55042075,0.7875
R0377_55041025,R0002_55031358,0.8625
R0377_55041025,R0002_55025080,0.6375
R0377_55041025,R0002_55037283,0.8625
R0377_55041025,R0002_55019387,0.7625
R0377_55041025,R0043_55035478,0.7875
R0377_55041025,R0043_55032756,0.7124999999999999
R0377_55041025,R0043_55039677,0.8625
R0377_55041025,R0043_55039678,0.8625
R0377_55041025,R0043_55029067,0.8625
R0377_55041025,R0043_55036252,0.8625
R0377_55041025,R0043_55034675,0.8625
R0377_55041025,R0043_55031083,0.8625
R0377_55041025,R0043_55036209,0.8625
R0377_55041025,R0043_55035181,0.8625
R0377_55041025,R0043_55032758,0.7625
R0377_55041025,R0043_55039681,0.8625
R0377_55041025,R0043_55039682,0.8625
R0377_55041025,R0043_55039683,0.8625
R0377_55041025,R0043_55039684,0.8625
R0377_55041025,R0043_55032632,0.7875
R0377_55041025,R0043_55021537,0.7875
R0377_55041025,R0043_55041926,0.7124999999999999
R0377_55041025,R0043_55029012,0.8625
R0377_55041025,R0043_55034882,0.8625
R0377_55041025,R0043_55039679,0.8625
R0377_55041025,R0043_55032862,0.8625
R0377_55041025,R0043_55032759,0.8625
R0377_55041025,R0043_55037980,0.8625
R0377_55041025,R0043_55037979,0.8625
R0377_55041025,R0043_55027552,0.8625
R0377_55041025,R0043_55034879,0.8625
R0377_55041025,R0043_55032908,0.8625
R0377_55041025,R0043_55039686,0.7124999999999999
R0377_55041025,R0043_55032863,0.8625
R0377_55041025,R0043_55009127,0.7124999999999999
R0377_55041025,R0043_55036250,0.8625
R0377_55041025,R0043_55034880,0.7625
R0377_55041025,R0043_55032860,0.8625
R0377_55041025,R0043_55029506,0.7875
R0377_55041025,R0043_55031288,0.7625
R0377_55041025,R0043_55036124,0.8625
R0377_55041025,R0043_55039830,0.8625
R0377_55041025,R0043_55034325,0.7625
R0377_55041025,R0043_55039829,0.8625
R0377_55041025,R0043_55031080,0.6375
R0377_55041025,R0043_55031077,0.8625
R0377_55041025,R0043_55017366,0.7875
R0377_55041025,R0043_55034335,0.8625
R0377_55041025,R0043_55031005,0.7124999999999999
R0377_55041025,R0055_55007584,0.7124999999999999
R0377_55041025,R0055_55007583,0.7625
R0377_55041025,R0204_55005925,0.8666666666666667
R0377_55041025,R0204_55032685,0.7916666666666666
R0377_55041025,R0204_55035156,0.7666666666666666
R0377_55041025,R0204_55022352,0.7916666666666666
R0377_55041025,R0204_55004131,0.8666666666666667
R0377_55041025,R0207_55036375,0.8666666666666667
R0377_55041025,R0207_55032672,0.7916666666666666
R0377_55041025,R0207_55032673,0.7916666666666666
R0377_55041025,R0290_55038074,0.7124999999999999
R0377_55041025,R0290_55041439,0.7875
R0377_55041025,R0290_55041442,0.7875
R0377_55041025,R0290_55041438,0.7875
R0377_55041025,R0290_55041440,0.7875
R0377_55041025,R0290_55041441,0.7875
R0377_55041025,R0290_55030423,0.7875
R0377_55041025,R0290_55039755,0.7875
R0377_55041025,R0290_55026840,0.7875
R0377_55041025,R0290_55038681,0.7875
R0377_55041025,R0290_55033209,0.7875
R0377_55041025,R0290_55043722,0.8625
R0377_55041025,R0377_55039577,0.925
R0377_55041025,R0377_55032663,0.925
R0377_55041025,R0377_55036003,1.0
R0377_55041025,R0377_55036004,1.0
R0377_55041025,R0377_55036006,1.0
R0377_55041025,R0377_55036007,1.0
R0377_55041025,R0377_55036008,1.0
R0377_55041025,R0377_55036009,1.0
R0377_55041025,R0377_55043375,1.0
R0377_55041025,R0377_55032655,0.9
R0377_55041025,R0377_55034860,0.925
R0377_55041025,R0377_55042881,0.925
R0377_55041025,R0377_55033035,0.9
R0377_55041025,R0377_55044076,1.0
R0377_55041025,R0377_55036698,0.925
R0377_55041025,R0377_55032664,0.85
R0377_55041025,R0377_55038331,1.0
R0377_55041025,R0377_55041814,1.0
R0377_55041025,R0377_55039651,1.0
R0377_55041025,R0377_55044100,0.85
R0377_55041025,R0377_55026719,0.85
R0377_55039651,R0002_55043311,0.6375
R0377_55039651,R0002_55036002,0.8625
R0377_55039651,R0002_55015378,0.8625
R0377_55039651,R0002_55032731,0.6375
R0377_55039651,R0002_55025944,0.7875
R0377_55039651,R0002_55024341,0.7875
R0377_55039651,R0002_55041509,0.7875
R0377_55039651,R0002_55036059,0.8625
R0377_55039651,R0002_55037787,0.8625
R0377_55039651,R0002_55039851,0.6375
R0377_55039651,R0002_55032782,0.8625
R0377_55039651,R0002_55036171,0.7875
R0377_55039651,R0002_55035505,0.7875
R0377_55039651,R0002_55011002,0.8625
R0377_55039651,R0002_55031467,0.7875
R0377_55039651,R0002_55028991,0.8625
R0377_55039651,R0002_55027831,0.7875
R0377_55039651,R0002_55038839,0.7875
R0377_55039651,R0002_55019960,0.8625
R0377_55039651,R0002_55033035,0.8625
R0377_55039651,R0002_55006197,0.8625
R0377_55039651,R0002_55036505,0.6375
R0377_55039651,R0002_55044076,0.8625
R0377_55039651,R0002_55036050,0.6375
R0377_55039651,R0002_55037530,0.7875
R0377_55039651,R0002_55040793,0.8625
R0377_55039651,R0002_55043136,0.8625
R0377_55039651,R0002_55014421,0.8625
R0377_55039651,R0002_55003518,0.6375
R0377_55039651,R0002_55027319,0.6375
R0377_55039651,R0002_55035727,0.8625
R0377_55039651,R0002_55032858,0.8625
R0377_55039651,R0002_55029026,0.7625
R0377_55039651,R0002_55039889,0.8625
R0377_55039651,R0002_55041025,0.8625
R0377_55039651,R0002_55041833,0.8625
R0377_55039651,R0002_55031084,0.8625
R0377_55039651,R0002_55030125,0.8625
R0377_55039651,R0002_55011220,0.6375
R0377_55039651,R0002_55043779,0.8625
R0377_55039651,R0002_55026664,0.8625
R0377_55039651,R0002_55037878,0.6375
R0377_55039651,R0002_55043901,0.7875
R0377_55039651,R0002_55037718,0.8625
R0377_55039651,R0002_55042075,0.7875
R0377_55039651,R0002_55031358,0.8625
R0377_55039651,R0002_55025080,0.6375
R0377_55039651,R0002_55037283,0.8625
R0377_55039651,R0002_55019387,0.7625
R0377_55039651,R0043_55035478,0.7875
R0377_55039651,R0043_55032756,0.7124999999999999
R0377_55039651,R0043_55039677,0.8625
R0377_55039651,R0043_55039678,0.8625
R0377_55039651,R0043_55029067,0.8625
R0377_55039651,R0043_55036252,0.8625
R0377_55039651,R0043_55034675,0.8625
R0377_55039651,R0043_55031083,0.8625
R0377_55039651,R0043_55036209,0.8625
R0377_55039651,R0043_55035181,0.8625
R0377_55039651,R0043_55032758,0.7625
R0377_55039651,R0043_55039681,0.8625
R0377_55039651,R0043_55039682,0.8625
R0377_55039651,R0043_55039683,0.8625
R0377_55039651,R0043_55039684,0.8625
R0377_55039651,R0043_55032632,0.7875
R0377_55039651,R0043_55021537,0.7875
R0377_55039651,R0043_55041926,0.7124999999999999
R0377_55039651,R0043_55029012,0.8625
R0377_55039651,R0043_55034882,0.8625
R0377_55039651,R0043_55039679,0.8625
R0377_55039651,R0043_55032862,0.8625
R0377_55039651,R0043_55032759,0.8625
R0377_55039651,R0043_55037980,0.8625
R0377_55039651,R0043_55037979,0.8625
R0377_55039651,R0043_55027552,0.8625
R0377_55039651,R0043_55034879,0.8625
R0377_55039651,R0043_55032908,0.8625
R0377_55039651,R0043_55039686,0.7124999999999999
R0377_55039651,R0043_55032863,0.8625
R0377_55039651,R0043_55009127,0.7124999999999999
R0377_55039651,R0043_55036250,0.8625
R0377_55039651,R0043_55034880,0.7625
R0377_55039651,R0043_55032860,0.8625
R0377_55039651,R0043_55029506,0.7875
R0377_55039651,R0043_55031288,0.7625
R0377_55039651,R0043_55036124,0.8625
R0377_55039651,R0043_55039830,0.8625
R0377_55039651,R0043_55034325,0.7625
R0377_55039651,R0043_55039829,0.8625
R0377_55039651,R0043_55031080,0.6375
R0377_55039651,R0043_55031077,0.8625
R0377_55039651,R0043_55017366,0.7875
R0377_55039651,R0043_55034335,0.8625
R0377_55039651,R0043_55031005,0.7124999999999999
R0377_55039651,R0055_55007584,0.7124999999999999
R0377_55039651,R0055_55007583,0.7625
R0377_55039651,R0204_55005925,0.8666666666666667
R0377_55039651,R0204_55032685,0.7916666666666666
R0377_55039651,R0204_55035156,0.7666666666666666
R0377_55039651,R0204_55022352,0.7916666666666666
R0377_55039651,R0204_55004131,0.8666666666666667
R0377_55039651,R0207_55036375,0.8666666666666667
R0377_55039651,R0207_55032672,0.7916666666666666
R0377_55039651,R0207_55032673,0.7916666666666666
R0377_55039651,R0290_55038074,0.7124999999999999
R0377_55039651,R0290_55041439,0.7875
R0377_55039651,R0290_55041442,0.7875
R0377_55039651,R0290_55041438,0.7875
R0377_55039651,R0290_55041440,0.7875
R0377_55039651,R0290_55041441,0.7875
R0377_55039651,R0290_55030423,0.7875
R0377_55039651,R0290_55039755,0.7875
R0377_55039651,R0290_55026840,0.7875
R0377_55039651,R0290_55038681,0.7875
R0377_55039651,R0290_55033209,0.7875
R0377_55039651,R0290_55043722,0.8625
R0377_55039651,R0377_55039577,0.925
R0377_55039651,R0377_55032663,0.925
R0377_55039651,R0377_55036003,1.0
R0377_55039651,R0377_55036004,1.0
R0377_55039651,R0377_55036006,1.0
R0377_55039651,R0377_55036007,1.0
R0377_55039651,R0377_55036008,1.0
R0377_55039651,R0377_55036009,1.0
R0377_55039651,R0377_55043375,1.0
R0377_55039651,R0377_55032655,0.9
R0377_55039651,R0377_55034860,0.925
R0377_55039651,R0377_55042881,0.925
R0377_55039651,R0377_55033035,0.9
R0377_55039651,R0377_55044076,1.0
R0377_55039651,R0377_55036698,0.925
R0377_55039651,R0377_55032664,0.85
R0377_55039651,R0377_55038331,1.0
R0377_55039651,R0377_55041814,1.0
R0377_55039651,R0377_55041025,1.0
R0377_55039651,R0377_55044100,0.85
R0377_55039651,R0377_55026719,0.85
R0377_55044100,R0002_55043311,0.6125
R0377_55044100,R0002_55036002,0.6125
R0377_55044100,R0002_55015378,0.6125
R0377_55044100,R0002_55032731,0.6125
R0377_55044100,R0002_55025944,0.6125
R0377_55044100,R0002_55024341,0.6125
R0377_55044100,R0002_55041509,0.6125
R0377_55044100,R0002_55036059,0.6125
R0377_55044100,R0002_55037787,0.6125
R0377_55044100,R0002_55039851,0.6125
R0377_55044100,R0002_55032782,0.6125
R0377_55044100,R0002_55036171,0.6125
R0377_55044100,R0002_55035505,0.6125
R0377_55044100,R0002_55011002,0.6125
R0377_55044100,R0002_55031467,0.6125
R0377_55044100,R0002_55028991,0.6125
R0377_55044100,R0002_55027831,0.6125
R0377_55044100,R0002_55038839,0.6125
R0377_55044100,R0002_55019960,0.6125
R0377_55044100,R0002_55033035,0.6125
R0377_55044100,R0002_55006197,0.6125
R0377_55044100,R0002_55036505,0.6125
R0377_55044100,R0002_55044076,0.6125
R0377_55044100,R0002_55036050,0.6125
R0377_55044100,R0002_55037530,0.6125
R0377_55044100,R0002_55040793,0.6125
R0377_55044100,R0002_55043136,0.6125
R0377_55044100,R0002_55014421,0.6125
R0377_55044100,R0002_55003518,0.6125
R0377_55044100,R0002_55027319,0.6125
R0377_55044100,R0002_55035727,0.6125
R0377_55044100,R0002_55032858,0.6125
R0377_55044100,R0002_55029026,0.6125
R0377_55044100,R0002_55039889,0.6125
R0377_55044100,R0002_55041025,0.6125
R0377_55044100,R0002_55041833,0.6125
R0377_55044100,R0002_55031084,0.6125
R0377_55044100,R0002_55030125,0.6125
R0377_55044100,R0002_55011220,0.6125
R0377_55044100,R0002_55043779,0.6125
R0377_55044100,R0002_55026664,0.6125
R0377_55044100,R0002_55037878,0.6125
R0377_55044100,R0002_55043901,0.6125
R0377_55044100,R0002_55037718,0.6125
R0377_55044100,R0002_55042075,0.6125
R0377_55044100,R0002_55031358,0.6125
R0377_55044100,R0002_55025080,0.6125
R0377_55044100,R0002_55037283,0.6125
R0377_55044100,R0002_55019387,0.6125
R0377_55044100,R0043_55035478,0.6125
R0377_55044100,R0043_55032756,0.8625
R0377_55044100,R0043_55039677,0.6125
R0377_55044100,R0043_55039678,0.6125
R0377_55044100,R0043_55029067,0.6125
R0377_55044100,R0043_55036252,0.6125
R0377_55044100,R0043_55034675,0.6125
R0377_55044100,R0043_55031083,0.6125
R0377_55044100,R0043_55036209,0.6125
R0377_55044100,R0043_55035181,0.6125
R0377_55044100,R0043_55032758,0.6125
R0377_55044100,R0043_55039681,0.6125
R0377_55044100,R0043_55039682,0.6125
R0377_55044100,R0043_55039683,0.6125
R0377_55044100,R0043_55039684,0.6125
R0377_55044100,R0043_55032632,0.6125
R0377_55044100,R0043_55021537,0.6125
R0377_55044100,R0043_55041926,0.8625
R0377_55044100,R0043_55029012,0.6125
R0377_55044100,R0043_55034882,0.6125
R0377_55044100,R0043_55039679,0.6125
R0377_55044100,R0043_55032862,0.6125
R0377_55044100,R0043_55032759,0.6125
R0377_55044100,R0043_55037980,0.6125
R0377_55044100,R0043_55037979,0.6125
R0377_55044100,R0043_55027552,0.6125
R0377_55044100,R0043_55034879,0.6125
R0377_55044100,R0043_55032908,0.6125
R0377_55044100,R0043_55039686,0.8625
R0377_55044100,R0043_55032863,0.6125
R0377_55044100,R0043_55009127,0.8625
R0377_55044100,R0043_55036250,0.6125
R0377_55044100,R0043_55034880,0.6125
R0377_55044100,R0043_55032860,0.6125
R0377_55044100,R0043_55029506,0.6125
R0377_55044100,R0043_55031288,0.6125
R0377_55044100,R0043_55036124,0.6125
R0377_55044100,R0043_55039830,0.6125
R0377_55044100,R0043_55034325,0.6125
R0377_55044100,R0043_55039829,0.6125
R0377_55044100,R0043_55031080,0.6125
R0377_55044100,R0043_55031077,0.6125
R0377_55044100,R0043_55017366,0.6125
R0377_55044100,R0043_55034335,0.6125
R0377_55044100,R0043_55031005,0.8625
R0377_55044100,R0055_55007584,0.8625
R0377_55044100,R0055_55007583,0.6125
R0377_55044100,R0204_55005925,0.6166666666666667
R0377_55044100,R0204_55032685,0.6166666666666667
R0377_55044100,R0204_55035156,0.6166666666666667
R0377_55044100,R0204_55022352,0.6166666666666667
R0377_55044100,R0204_55004131,0.6166666666666667
R0377_55044100,R0207_55036375,0.6166666666666667
R0377_55044100,R0207_55032672,0.6166666666666667
R0377_55044100,R0207_55032673,0.6166666666666667
R0377_55044100,R0290_55038074,0.8625
R0377_55044100,R0290_55041439,0.6125
R0377_55044100,R0290_55041442,0.6125
R0377_55044100,R0290_55041438,0.6125
R0377_55044100,R0290_55041440,0.6125
R0377_55044100,R0290_55041441,0.6125
R0377_55044100,R0290_55030423,0.6125
R0377_55044100,R0290_55039755,0.6125
R0377_55044100,R0290_55026840,0.6125
R0377_55044100,R0290_55038681,0.6125
R0377_55044100,R0290_55033209,0.6125
R0377_55044100,R0290_55043722,0.6125
R0377_55044100,R0377_55039577,0.75
R0377_55044100,R0377_55032663,0.75
R0377_55044100,R0377_55036003,0.75
R0377_55044100,R0377_55036004,0.75
R0377_55044100,R0377_55036006,0.75
R0377_55044100,R0377_55036007,0.75
R0377_55044100,R0377_55036008,0.75
R0377_55044100,R0377_55036009,0.75
R0377_55044100,R0377_55043375,0.75
R0377_55044100,R0377_55032655,0.75
R0377_55044100,R0377_55034860,0.75
R0377_55044100,R0377_55042881,0.75
R0377_55044100,R0377_55033035,0.75
R0377_55044100,R0377_55044076,0.75
R0377_55044100,R0377_55036698,0.75
R0377_55044100,R0377_55032664,1.0
R0377_55044100,R0377_55038331,0.75
R0377_55044100,R0377_55041814,0.75
R0377_55044100,R0377_55041025,0.75
R0377_55044100,R0377_55039651,0.75
R0377_55044100,R0377_55026719,1.0
R0377_55026719,R0002_55043311,0.6125
R0377_55026719,R0002_55036002,0.6125
R0377_55026719,R0002_55015378,0.6125
R0377_55026719,R0002_55032731,0.6125
R0377_55026719,R0002_55025944,0.6125
R0377_55026719,R0002_55024341,0.6125
R0377_55026719,R0002_55041509,0.6125
R0377_55026719,R0002_55036059,0.6125
R0377_55026719,R0002_55037787,0.6125
R0377_55026719,R0002_55039851,0.6125
R0377_55026719,R0002_55032782,0.6125
R0377_55026719,R0002_55036171,0.6125
R0377_55026719,R0002_55035505,0.6125
R0377_55026719,R0002_55011002,0.6125
R0377_55026719,R0002_55031467,0.6125
R0377_55026719,R0002_55028991,0.6125
R0377_55026719,R0002_55027831,0.6125
R0377_55026719,R0002_55038839,0.6125
R0377_55026719,R0002_55019960,0.6125
R0377_55026719,R0002_55033035,0.6125
R0377_55026719,R0002_55006197,0.6125
R0377_55026719,R0002_55036505,0.6125
R0377_55026719,R0002_55044076,0.6125
R0377_55026719,R0002_55036050,0.6125
R0377_55026719,R0002_55037530,0.6125
R0377_55026719,R0002_55040793,0.6125
R0377_55026719,R0002_55043136,0.6125
R0377_55026719,R0002_55014421,0.6125
R0377_55026719,R0002_55003518,0.6125
R0377_55026719,R0002_55027319,0.6125
R0377_55026719,R0002_55035727,0.6125
R0377_55026719,R0002_55032858,0.6125
R0377_55026719,R0002_55029026,0.6125
R0377_55026719,R0002_55039889,0.6125
R0377_55026719,R0002_55041025,0.6125
R0377_55026719,R0002_55041833,0.6125
R0377_55026719,R0002_55031084,0.6125
R0377_55026719,R0002_55030125,0.6125
R0377_55026719,R0002_55011220,0.6125
R0377_55026719,R0002_55043779,0.6125
R0377_55026719,R0002_55026664,0.6125
R0377_55026719,R0002_55037878,0.6125
R0377_55026719,R0002_55043901,0.6125
R0377_55026719,R0002_55037718,0.6125
R0377_55026719,R0002_55042075,0.6125
R0377_55026719,R0002_55031358,0.6125
R0377_55026719,R0002_55025080,0.6125
R0377_55026719,R0002_55037283,0.6125
R0377_55026719,R0002_55019387,0.6125
R0377_55026719,R0043_55035478,0.6125
R0377_55026719,R0043_55032756,0.8625
R0377_55026719,R0043_55039677,0.6125
R0377_55026719,R0043_55039678,0.6125
R0377_55026719,R0043_55029067,0.6125
R0377_55026719,R0043_55036252,0.6125
R0377_55026719,R0043_55034675,0.6125
R0377_55026719,R0043_55031083,0.6125
R0377_55026719,R0043_55036209,0.6125
R0377_55026719,R0043_55035181,0.6125
R0377_55026719,R0043_55032758,0.6125
R0377_55026719,R0043_55039681,0.6125
R0377_55026719,R0043_55039682,0.6125
R0377_55026719,R0043_55039683,0.6125
R0377_55026719,R0043_55039684,0.6125
R0377_55026719,R0043_55032632,0.6125
R0377_55026719,R0043_55021537,0.6125
R0377_55026719,R0043_55041926,0.8625
R0377_55026719,R0043_55029012,0.6125
R0377_55026719,R0043_55034882,0.6125
R0377_55026719,R0043_55039679,0.6125
R0377_55026719,R0043_55032862,0.6125
R0377_55026719,R0043_55032759,0.6125
R0377_55026719,R0043_55037980,0.6125
R0377_55026719,R0043_55037979,0.6125
R0377_55026719,R0043_55027552,0.6125
R0377_55026719,R0043_55034879,0.6125
R0377_55026719,R0043_55032908,0.6125
R0377_55026719,R0043_55039686,0.8625
R0377_55026719,R0043_55032863,0.6125
R0377_55026719,R0043_55009127,0.8625
R0377_55026719,R0043_55036250,0.6125
R0377_55026719,R0043_55034880,0.6125
R0377_55026719,R0043_55032860,0.6125
R0377_55026719,R0043_55029506,0.6125
R0377_55026719,R0043_55031288,0.6125
R0377_55026719,R0043_55036124,0.6125
R0377_55026719,R0043_55039830,0.6125
R0377_55026719,R0043_55034325,0.6125
R0377_55026719,R0043_55039829,0.6125
R0377_55026719,R0043_55031080,0.6125
R0377_55026719,R0043_55031077,0.6125
R0377_55026719,R0043_55017366,0.6125
R0377_55026719,R0043_55034335,0.6125
R0377_55026719,R0043_55031005,0.8625
R0377_55026719,R0055_55007584,0.8625
R0377_55026719,R0055_55007583,0.6125
R0377_55026719,R0204_55005925,0.6166666666666667
R0377_55026719,R0204_55032685,0.6166666666666667
R0377_55026719,R0204_55035156,0.6166666666666667
R0377_55026719,R0204_55022352,0.6166666666666667
R0377_55026719,R0204_55004131,0.6166666666666667
R0377_55026719,R0207_55036375,0.6166666666666667
R0377_55026719,R0207_55032672,0.6166666666666667
R0377_55026719,R0207_55032673,0.6166666666666667
R0377_55026719,R0290_55038074,0.8625
R0377_55026719,R0290_55041439,0.6125
R0377_55026719,R0290_55041442,0.6125
R0377_55026719,R0290_55041438,0.6125
R0377_55026719,R0290_55041440,0.6125
R0377_55026719,R0290_55041441,0.6125
R0377_55026719,R0290_55030423,0.6125
R0377_55026719,R0290_55039755,0.6125
R0377_55026719,R0290_55026840,0.6125
R0377_55026719,R0290_55038681,0.6125
R0377_55026719,R0290_55033209,0.6125
R0377_55026719,R0290_55043722,0.6125
R0377_55026719,R0377_55039577,0.75
R0377_55026719,R0377_55032663,0.75
R0377_55026719,R0377_55036003,0.75
R0377_55026719,R0377_55036004,0.75
R0377_55026719,R0377_55036006,0.75
R0377_55026719,R0377_55036007,0.75
R0377_55026719,R0377_55036008,0.75
R0377_55026719,R0377_55036009,0.75
R0377_55026719,R0377_55043375,0.75
R0377_55026719,R0377_55032655,0.75
R0377_55026719,R0377_55034860,0.75
R0377_55026719,R0377_55042881,0.75
R0377_55026719,R0377_55033035,0.75
R0377_55026719,R0377_55044076,0.75
R0377_55026719,R0377_55036698,0.75
R0377_55026719,R0377_55032664,1.0
R0377_55026719,R0377_55038331,0.75
R0377_55026719,R0377_55041814,0.75
R0377_55026719,R0377_55041025,0.75
R0377_55026719,R0377_55039651,0.75
R0377_55026719,R0377_55044100,1.0
