job1_id,job2_id,similarity,job1_title,job2_title,job1_department,job2_department,is_same_department
R0207_55032673,R0207_55032672,1.0000000000000004,People Systems,People Systems,People Systems 2,People Systems 1,False
R0207_55036375,R0207_55032672,1.0000000000000004,People Systems,People Systems,Business Transformation,People Systems 1,False
R0207_55032672,R0207_55036375,1.0000000000000004,People Systems,People Systems,People Systems 1,Business Transformation,False
R0207_55036375,R0207_55032673,1.0000000000000004,People Systems,People Systems,Business Transformation,People Systems 2,False
R0207_55032673,R0207_55036375,1.0000000000000004,People Systems,People Systems,People Systems 2,Business Transformation,False
R0207_55032672,R0207_55032673,1.0000000000000004,People Systems,People Systems,People Systems 1,People Systems 2,False
R0377_55026719,R0377_55044100,1.0000000000000002,People Operations,People Operations,"Technology, Technology Platforms",RPWR Portfolio Execution,False
R0377_55033035,R0377_55036004,1.0000000000000002,People Operations,People Operations,GPO Process Design & Control,Colleague Services 1,False
R0377_55036004,R0377_55033035,1.0000000000000002,People Operations,People Operations,Colleague Services 1,GPO Process Design & Control,False
R0377_55044076,R0377_55036004,1.0000000000000002,People Operations,People Operations,IPP - Data Reporting and Governance,Colleague Services 1,False
R0377_55042881,R0377_55036004,1.0000000000000002,People Operations,People Operations,Executive Reward Services 4,Colleague Services 1,False
R0377_55036004,R0377_55042881,1.0000000000000002,People Operations,People Operations,Colleague Services 1,Executive Reward Services 4,False
R0377_55034860,R0377_55036004,1.0000000000000002,People Operations,People Operations,Executive Reward Services 2,Colleague Services 1,False
R0377_55036004,R0377_55034860,1.0000000000000002,People Operations,People Operations,Colleague Services 1,Executive Reward Services 2,False
R0377_55032655,R0377_55036004,1.0000000000000002,People Operations,People Operations,Executive Reward Services 1,Colleague Services 1,False
R0377_55036004,R0377_55032655,1.0000000000000002,People Operations,People Operations,Colleague Services 1,Executive Reward Services 1,False
R0377_55036004,R0377_55044076,1.0000000000000002,People Operations,People Operations,Colleague Services 1,IPP - Data Reporting and Governance,False
R0377_55036004,R0377_55036698,1.0000000000000002,People Operations,People Operations,Colleague Services 1,Org Change Execution,False
R0377_55036004,R0377_55043375,1.0000000000000002,People Operations,People Operations,Colleague Services 1,Commercial Operations,False
R0377_55041025,R0377_55036004,1.0000000000000002,People Operations,People Operations,People Reporting,Colleague Services 1,False
R0377_55026719,R0377_55036004,1.0000000000000002,People Operations,People Operations,"Technology, Technology Platforms",Colleague Services 1,False
R0377_55036004,R0377_55026719,1.0000000000000002,People Operations,People Operations,Colleague Services 1,"Technology, Technology Platforms",False
R0377_55044100,R0377_55036004,1.0000000000000002,People Operations,People Operations,RPWR Portfolio Execution,Colleague Services 1,False
R0377_55036004,R0377_55044100,1.0000000000000002,People Operations,People Operations,Colleague Services 1,RPWR Portfolio Execution,False
R0377_55039651,R0377_55036004,1.0000000000000002,People Operations,People Operations,PMO Lead,Colleague Services 1,False
R0377_55036004,R0377_55039651,1.0000000000000002,People Operations,People Operations,Colleague Services 1,PMO Lead,False
R0377_55036004,R0377_55041025,1.0000000000000002,People Operations,People Operations,Colleague Services 1,People Reporting,False
R0377_55036698,R0377_55036004,1.0000000000000002,People Operations,People Operations,Org Change Execution,Colleague Services 1,False
R0377_55041814,R0377_55036004,1.0000000000000002,People Operations,People Operations,People Operations,Colleague Services 1,False
R0377_55036004,R0377_55041814,1.0000000000000002,People Operations,People Operations,Colleague Services 1,People Operations,False
R0377_55038331,R0377_55036004,1.0000000000000002,People Operations,People Operations,People & Culture ubank,Colleague Services 1,False
R0377_55036004,R0377_55038331,1.0000000000000002,People Operations,People Operations,Colleague Services 1,People & Culture ubank,False
R0377_55032664,R0377_55036004,1.0000000000000002,People Operations,People Operations,Payroll Services,Colleague Services 1,False
R0377_55036004,R0377_55032664,1.0000000000000002,People Operations,People Operations,Colleague Services 1,Payroll Services,False
R0377_55043375,R0377_55036004,1.0000000000000002,People Operations,People Operations,Commercial Operations,Colleague Services 1,False
R0377_55036004,R0377_55036008,1.0000000000000002,People Operations,People Operations,Colleague Services 1,Colleague Services 5,False
R0377_55036009,R0377_55036004,1.0000000000000002,People Operations,People Operations,Colleague Services 6,Colleague Services 1,False
R0377_55036003,R0377_55041025,1.0000000000000002,People Operations,People Operations,Colleague Services,People Reporting,False
R0377_55036003,R0377_55033035,1.0000000000000002,People Operations,People Operations,Colleague Services,GPO Process Design & Control,False
R0377_55033035,R0377_55036003,1.0000000000000002,People Operations,People Operations,GPO Process Design & Control,Colleague Services,False
R0377_55036003,R0377_55044076,1.0000000000000002,People Operations,People Operations,Colleague Services,IPP - Data Reporting and Governance,False
R0377_55044076,R0377_55036003,1.0000000000000002,People Operations,People Operations,IPP - Data Reporting and Governance,Colleague Services,False
R0377_55036003,R0377_55036698,1.0000000000000002,People Operations,People Operations,Colleague Services,Org Change Execution,False
R0377_55036698,R0377_55036003,1.0000000000000002,People Operations,People Operations,Org Change Execution,Colleague Services,False
R0377_55036003,R0377_55032664,1.0000000000000002,People Operations,People Operations,Colleague Services,Payroll Services,False
R0377_55032664,R0377_55036003,1.0000000000000002,People Operations,People Operations,Payroll Services,Colleague Services,False
R0377_55036003,R0377_55038331,1.0000000000000002,People Operations,People Operations,Colleague Services,People & Culture ubank,False
R0377_55038331,R0377_55036003,1.0000000000000002,People Operations,People Operations,People & Culture ubank,Colleague Services,False
R0377_55036003,R0377_55041814,1.0000000000000002,People Operations,People Operations,Colleague Services,People Operations,False
R0377_55041814,R0377_55036003,1.0000000000000002,People Operations,People Operations,People Operations,Colleague Services,False
R0377_55041025,R0377_55036003,1.0000000000000002,People Operations,People Operations,People Reporting,Colleague Services,False
R0377_55036004,R0377_55036009,1.0000000000000002,People Operations,People Operations,Colleague Services 1,Colleague Services 6,False
R0377_55036003,R0377_55039651,1.0000000000000002,People Operations,People Operations,Colleague Services,PMO Lead,False
R0377_55039651,R0377_55036003,1.0000000000000002,People Operations,People Operations,PMO Lead,Colleague Services,False
R0377_55036003,R0377_55044100,1.0000000000000002,People Operations,People Operations,Colleague Services,RPWR Portfolio Execution,False
R0377_55044100,R0377_55036003,1.0000000000000002,People Operations,People Operations,RPWR Portfolio Execution,Colleague Services,False
R0377_55036003,R0377_55026719,1.0000000000000002,People Operations,People Operations,Colleague Services,"Technology, Technology Platforms",False
R0377_55026719,R0377_55036003,1.0000000000000002,People Operations,People Operations,"Technology, Technology Platforms",Colleague Services,False
R0377_55036004,R0377_55036006,1.0000000000000002,People Operations,People Operations,Colleague Services 1,Colleague Services 3,False
R0377_55036006,R0377_55036004,1.0000000000000002,People Operations,People Operations,Colleague Services 3,Colleague Services 1,False
R0377_55036004,R0377_55036007,1.0000000000000002,People Operations,People Operations,Colleague Services 1,Colleague Services 4,False
R0377_55036007,R0377_55036004,1.0000000000000002,People Operations,People Operations,Colleague Services 4,Colleague Services 1,False
R0377_55036007,R0377_55036006,1.0000000000000002,People Operations,People Operations,Colleague Services 4,Colleague Services 3,False
R0377_55036008,R0377_55036004,1.0000000000000002,People Operations,People Operations,Colleague Services 5,Colleague Services 1,False
R0377_55036006,R0377_55036007,1.0000000000000002,People Operations,People Operations,Colleague Services 3,Colleague Services 4,False
R0377_55036009,R0377_55036006,1.0000000000000002,People Operations,People Operations,Colleague Services 6,Colleague Services 3,False
R0377_55036006,R0377_55036008,1.0000000000000002,People Operations,People Operations,Colleague Services 3,Colleague Services 5,False
R0377_55036007,R0377_55033035,1.0000000000000002,People Operations,People Operations,Colleague Services 4,GPO Process Design & Control,False
R0377_55036007,R0377_55036008,1.0000000000000002,People Operations,People Operations,Colleague Services 4,Colleague Services 5,False
R0377_55036008,R0377_55036007,1.0000000000000002,People Operations,People Operations,Colleague Services 5,Colleague Services 4,False
R0377_55036007,R0377_55036009,1.0000000000000002,People Operations,People Operations,Colleague Services 4,Colleague Services 6,False
R0377_55036009,R0377_55036007,1.0000000000000002,People Operations,People Operations,Colleague Services 6,Colleague Services 4,False
R0377_55036007,R0377_55043375,1.0000000000000002,People Operations,People Operations,Colleague Services 4,Commercial Operations,False
R0377_55043375,R0377_55036007,1.0000000000000002,People Operations,People Operations,Commercial Operations,Colleague Services 4,False
R0377_55036007,R0377_55032655,1.0000000000000002,People Operations,People Operations,Colleague Services 4,Executive Reward Services 1,False
R0377_55032655,R0377_55036007,1.0000000000000002,People Operations,People Operations,Executive Reward Services 1,Colleague Services 4,False
R0377_55036007,R0377_55034860,1.0000000000000002,People Operations,People Operations,Colleague Services 4,Executive Reward Services 2,False
R0377_55034860,R0377_55036007,1.0000000000000002,People Operations,People Operations,Executive Reward Services 2,Colleague Services 4,False
R0377_55036007,R0377_55042881,1.0000000000000002,People Operations,People Operations,Colleague Services 4,Executive Reward Services 4,False
R0377_55042881,R0377_55036007,1.0000000000000002,People Operations,People Operations,Executive Reward Services 4,Colleague Services 4,False
R0377_55033035,R0377_55036007,1.0000000000000002,People Operations,People Operations,GPO Process Design & Control,Colleague Services 4,False
R0377_55036006,R0377_55026719,1.0000000000000002,People Operations,People Operations,Colleague Services 3,"Technology, Technology Platforms",False
R0377_55036007,R0377_55044076,1.0000000000000002,People Operations,People Operations,Colleague Services 4,IPP - Data Reporting and Governance,False
R0377_55044076,R0377_55036007,1.0000000000000002,People Operations,People Operations,IPP - Data Reporting and Governance,Colleague Services 4,False
R0377_55036007,R0377_55036698,1.0000000000000002,People Operations,People Operations,Colleague Services 4,Org Change Execution,False
R0377_55036698,R0377_55036007,1.0000000000000002,People Operations,People Operations,Org Change Execution,Colleague Services 4,False
R0377_55036007,R0377_55032664,1.0000000000000002,People Operations,People Operations,Colleague Services 4,Payroll Services,False
R0377_55032664,R0377_55036007,1.0000000000000002,People Operations,People Operations,Payroll Services,Colleague Services 4,False
R0377_55036007,R0377_55038331,1.0000000000000002,People Operations,People Operations,Colleague Services 4,People & Culture ubank,False
R0377_55038331,R0377_55036007,1.0000000000000002,People Operations,People Operations,People & Culture ubank,Colleague Services 4,False
R0377_55036007,R0377_55041814,1.0000000000000002,People Operations,People Operations,Colleague Services 4,People Operations,False
R0377_55041814,R0377_55036007,1.0000000000000002,People Operations,People Operations,People Operations,Colleague Services 4,False
R0377_55036007,R0377_55041025,1.0000000000000002,People Operations,People Operations,Colleague Services 4,People Reporting,False
R0377_55041025,R0377_55036007,1.0000000000000002,People Operations,People Operations,People Reporting,Colleague Services 4,False
R0377_55026719,R0377_55036006,1.0000000000000002,People Operations,People Operations,"Technology, Technology Platforms",Colleague Services 3,False
R0377_55044100,R0377_55036006,1.0000000000000002,People Operations,People Operations,RPWR Portfolio Execution,Colleague Services 3,False
R0377_55036008,R0377_55036006,1.0000000000000002,People Operations,People Operations,Colleague Services 5,Colleague Services 3,False
R0377_55036006,R0377_55044076,1.0000000000000002,People Operations,People Operations,Colleague Services 3,IPP - Data Reporting and Governance,False
R0377_55036006,R0377_55036009,1.0000000000000002,People Operations,People Operations,Colleague Services 3,Colleague Services 6,False
R0377_55036003,R0377_55042881,1.0000000000000002,People Operations,People Operations,Colleague Services,Executive Reward Services 4,False
R0377_55036006,R0377_55043375,1.0000000000000002,People Operations,People Operations,Colleague Services 3,Commercial Operations,False
R0377_55043375,R0377_55036006,1.0000000000000002,People Operations,People Operations,Commercial Operations,Colleague Services 3,False
R0377_55036006,R0377_55032655,1.0000000000000002,People Operations,People Operations,Colleague Services 3,Executive Reward Services 1,False
R0377_55032655,R0377_55036006,1.0000000000000002,People Operations,People Operations,Executive Reward Services 1,Colleague Services 3,False
R0377_55036006,R0377_55034860,1.0000000000000002,People Operations,People Operations,Colleague Services 3,Executive Reward Services 2,False
R0377_55034860,R0377_55036006,1.0000000000000002,People Operations,People Operations,Executive Reward Services 2,Colleague Services 3,False
R0377_55036006,R0377_55042881,1.0000000000000002,People Operations,People Operations,Colleague Services 3,Executive Reward Services 4,False
R0377_55042881,R0377_55036006,1.0000000000000002,People Operations,People Operations,Executive Reward Services 4,Colleague Services 3,False
R0377_55036006,R0377_55033035,1.0000000000000002,People Operations,People Operations,Colleague Services 3,GPO Process Design & Control,False
R0377_55033035,R0377_55036006,1.0000000000000002,People Operations,People Operations,GPO Process Design & Control,Colleague Services 3,False
R0377_55044076,R0377_55036006,1.0000000000000002,People Operations,People Operations,IPP - Data Reporting and Governance,Colleague Services 3,False
R0377_55036006,R0377_55044100,1.0000000000000002,People Operations,People Operations,Colleague Services 3,RPWR Portfolio Execution,False
R0377_55036006,R0377_55036698,1.0000000000000002,People Operations,People Operations,Colleague Services 3,Org Change Execution,False
R0377_55036698,R0377_55036006,1.0000000000000002,People Operations,People Operations,Org Change Execution,Colleague Services 3,False
R0377_55036006,R0377_55032664,1.0000000000000002,People Operations,People Operations,Colleague Services 3,Payroll Services,False
R0377_55032664,R0377_55036006,1.0000000000000002,People Operations,People Operations,Payroll Services,Colleague Services 3,False
R0377_55036006,R0377_55038331,1.0000000000000002,People Operations,People Operations,Colleague Services 3,People & Culture ubank,False
R0377_55038331,R0377_55036006,1.0000000000000002,People Operations,People Operations,People & Culture ubank,Colleague Services 3,False
R0377_55036006,R0377_55041814,1.0000000000000002,People Operations,People Operations,Colleague Services 3,People Operations,False
R0377_55041814,R0377_55036006,1.0000000000000002,People Operations,People Operations,People Operations,Colleague Services 3,False
R0377_55036006,R0377_55041025,1.0000000000000002,People Operations,People Operations,Colleague Services 3,People Reporting,False
R0377_55041025,R0377_55036006,1.0000000000000002,People Operations,People Operations,People Reporting,Colleague Services 3,False
R0377_55036006,R0377_55039651,1.0000000000000002,People Operations,People Operations,Colleague Services 3,PMO Lead,False
R0377_55039651,R0377_55036006,1.0000000000000002,People Operations,People Operations,PMO Lead,Colleague Services 3,False
R0377_55042881,R0377_55036003,1.0000000000000002,People Operations,People Operations,Executive Reward Services 4,Colleague Services,False
R0377_55032655,R0377_55036003,1.0000000000000002,People Operations,People Operations,Executive Reward Services 1,Colleague Services,False
R0377_55034860,R0377_55036003,1.0000000000000002,People Operations,People Operations,Executive Reward Services 2,Colleague Services,False
R0377_55033035,R0377_55039577,1.0000000000000002,People Operations,People Operations,GPO Process Design & Control,Business Improvement,False
R0377_55036008,R0377_55039577,1.0000000000000002,People Operations,People Operations,Colleague Services 5,Business Improvement,False
R0377_55039577,R0377_55036009,1.0000000000000002,People Operations,People Operations,Business Improvement,Colleague Services 6,False
R0377_55036009,R0377_55039577,1.0000000000000002,People Operations,People Operations,Colleague Services 6,Business Improvement,False
R0377_55039577,R0377_55043375,1.0000000000000002,People Operations,People Operations,Business Improvement,Commercial Operations,False
R0377_55043375,R0377_55039577,1.0000000000000002,People Operations,People Operations,Commercial Operations,Business Improvement,False
R0377_55039577,R0377_55032655,1.0000000000000002,People Operations,People Operations,Business Improvement,Executive Reward Services 1,False
R0377_55032655,R0377_55039577,1.0000000000000002,People Operations,People Operations,Executive Reward Services 1,Business Improvement,False
R0377_55039577,R0377_55034860,1.0000000000000002,People Operations,People Operations,Business Improvement,Executive Reward Services 2,False
R0377_55034860,R0377_55039577,1.0000000000000002,People Operations,People Operations,Executive Reward Services 2,Business Improvement,False
R0377_55039577,R0377_55042881,1.0000000000000002,People Operations,People Operations,Business Improvement,Executive Reward Services 4,False
R0377_55042881,R0377_55039577,1.0000000000000002,People Operations,People Operations,Executive Reward Services 4,Business Improvement,False
R0377_55039577,R0377_55033035,1.0000000000000002,People Operations,People Operations,Business Improvement,GPO Process Design & Control,False
R0377_55039577,R0377_55044076,1.0000000000000002,People Operations,People Operations,Business Improvement,IPP - Data Reporting and Governance,False
R0377_55036007,R0377_55039577,1.0000000000000002,People Operations,People Operations,Colleague Services 4,Business Improvement,False
R0377_55044076,R0377_55039577,1.0000000000000002,People Operations,People Operations,IPP - Data Reporting and Governance,Business Improvement,False
R0377_55039577,R0377_55036698,1.0000000000000002,People Operations,People Operations,Business Improvement,Org Change Execution,False
R0377_55036698,R0377_55039577,1.0000000000000002,People Operations,People Operations,Org Change Execution,Business Improvement,False
R0377_55039577,R0377_55032664,1.0000000000000002,People Operations,People Operations,Business Improvement,Payroll Services,False
R0377_55032664,R0377_55039577,1.0000000000000002,People Operations,People Operations,Payroll Services,Business Improvement,False
R0377_55039577,R0377_55038331,1.0000000000000002,People Operations,People Operations,Business Improvement,People & Culture ubank,False
R0377_55038331,R0377_55039577,1.0000000000000002,People Operations,People Operations,People & Culture ubank,Business Improvement,False
R0377_55039577,R0377_55041814,1.0000000000000002,People Operations,People Operations,Business Improvement,People Operations,False
R0377_55041814,R0377_55039577,1.0000000000000002,People Operations,People Operations,People Operations,Business Improvement,False
R0377_55039577,R0377_55041025,1.0000000000000002,People Operations,People Operations,Business Improvement,People Reporting,False
R0377_55041025,R0377_55039577,1.0000000000000002,People Operations,People Operations,People Reporting,Business Improvement,False
R0377_55039577,R0377_55039651,1.0000000000000002,People Operations,People Operations,Business Improvement,PMO Lead,False
R0377_55039577,R0377_55036008,1.0000000000000002,People Operations,People Operations,Business Improvement,Colleague Services 5,False
R0377_55039577,R0377_55036007,1.0000000000000002,People Operations,People Operations,Business Improvement,Colleague Services 4,False
R0377_55036003,R0377_55034860,1.0000000000000002,People Operations,People Operations,Colleague Services,Executive Reward Services 2,False
R0204_55004131,R0204_55032685,1.0000000000000002,"Health, Safety & Wellbeing","Health, Safety & Wellbeing",Workers Compensation,Health Management,False
R0204_55005925,R0204_55032685,1.0000000000000002,"Health, Safety & Wellbeing","Health, Safety & Wellbeing",Ex Employee Compensation,Health Management,False
R0204_55032685,R0204_55005925,1.0000000000000002,"Health, Safety & Wellbeing","Health, Safety & Wellbeing",Health Management,Ex Employee Compensation,False
R0204_55005925,R0204_55035156,1.0000000000000002,"Health, Safety & Wellbeing","Health, Safety & Wellbeing",Ex Employee Compensation,"Health, Safety & Wellbeing",False
R0204_55035156,R0204_55005925,1.0000000000000002,"Health, Safety & Wellbeing","Health, Safety & Wellbeing","Health, Safety & Wellbeing",Ex Employee Compensation,False
R0204_55022352,R0204_55005925,1.0000000000000002,"Health, Safety & Wellbeing","Health, Safety & Wellbeing","Health, Safety & Wellbeing Consulting",Ex Employee Compensation,False
R0204_55005925,R0204_55004131,1.0000000000000002,"Health, Safety & Wellbeing","Health, Safety & Wellbeing",Ex Employee Compensation,Workers Compensation,False
R0204_55004131,R0204_55005925,1.0000000000000002,"Health, Safety & Wellbeing","Health, Safety & Wellbeing",Workers Compensation,Ex Employee Compensation,False
R0204_55032685,R0204_55035156,1.0000000000000002,"Health, Safety & Wellbeing","Health, Safety & Wellbeing",Health Management,"Health, Safety & Wellbeing",False
R0204_55035156,R0204_55032685,1.0000000000000002,"Health, Safety & Wellbeing","Health, Safety & Wellbeing","Health, Safety & Wellbeing",Health Management,False
R0204_55032685,R0204_55022352,1.0000000000000002,"Health, Safety & Wellbeing","Health, Safety & Wellbeing",Health Management,"Health, Safety & Wellbeing Consulting",False
R0204_55022352,R0204_55032685,1.0000000000000002,"Health, Safety & Wellbeing","Health, Safety & Wellbeing","Health, Safety & Wellbeing Consulting",Health Management,False
R0204_55032685,R0204_55004131,1.0000000000000002,"Health, Safety & Wellbeing","Health, Safety & Wellbeing",Health Management,Workers Compensation,False
R0204_55035156,R0204_55022352,1.0000000000000002,"Health, Safety & Wellbeing","Health, Safety & Wellbeing","Health, Safety & Wellbeing","Health, Safety & Wellbeing Consulting",False
R0377_55036006,R0377_55039577,1.0000000000000002,People Operations,People Operations,Colleague Services 3,Business Improvement,False
R0204_55022352,R0204_55035156,1.0000000000000002,"Health, Safety & Wellbeing","Health, Safety & Wellbeing","Health, Safety & Wellbeing Consulting","Health, Safety & Wellbeing",False
R0204_55035156,R0204_55004131,1.0000000000000002,"Health, Safety & Wellbeing","Health, Safety & Wellbeing","Health, Safety & Wellbeing",Workers Compensation,False
R0204_55004131,R0204_55035156,1.0000000000000002,"Health, Safety & Wellbeing","Health, Safety & Wellbeing",Workers Compensation,"Health, Safety & Wellbeing",False
R0204_55022352,R0204_55004131,1.0000000000000002,"Health, Safety & Wellbeing","Health, Safety & Wellbeing","Health, Safety & Wellbeing Consulting",Workers Compensation,False
R0204_55004131,R0204_55022352,1.0000000000000002,"Health, Safety & Wellbeing","Health, Safety & Wellbeing",Workers Compensation,"Health, Safety & Wellbeing Consulting",False
R0377_55039577,R0377_55032663,1.0000000000000002,People Operations,People Operations,Business Improvement,Colleague Services,False
R0377_55032663,R0377_55039577,1.0000000000000002,People Operations,People Operations,Colleague Services,Business Improvement,False
R0377_55039577,R0377_55036003,1.0000000000000002,People Operations,People Operations,Business Improvement,Colleague Services,False
R0377_55036003,R0377_55039577,1.0000000000000002,People Operations,People Operations,Colleague Services,Business Improvement,False
R0377_55039577,R0377_55036004,1.0000000000000002,People Operations,People Operations,Business Improvement,Colleague Services 1,False
R0377_55036004,R0377_55039577,1.0000000000000002,People Operations,People Operations,Colleague Services 1,Business Improvement,False
R0377_55039577,R0377_55036006,1.0000000000000002,People Operations,People Operations,Business Improvement,Colleague Services 3,False
R0377_55039651,R0377_55039577,1.0000000000000002,People Operations,People Operations,PMO Lead,Business Improvement,False
R0377_55039577,R0377_55044100,1.0000000000000002,People Operations,People Operations,Business Improvement,RPWR Portfolio Execution,False
R0377_55044100,R0377_55039577,1.0000000000000002,People Operations,People Operations,RPWR Portfolio Execution,Business Improvement,False
R0377_55036003,R0377_55036004,1.0000000000000002,People Operations,People Operations,Colleague Services,Colleague Services 1,False
R0377_55032663,R0377_55038331,1.0000000000000002,People Operations,People Operations,Colleague Services,People & Culture ubank,False
R0377_55038331,R0377_55032663,1.0000000000000002,People Operations,People Operations,People & Culture ubank,Colleague Services,False
R0377_55032663,R0377_55041814,1.0000000000000002,People Operations,People Operations,Colleague Services,People Operations,False
R0377_55041814,R0377_55032663,1.0000000000000002,People Operations,People Operations,People Operations,Colleague Services,False
R0377_55032663,R0377_55041025,1.0000000000000002,People Operations,People Operations,Colleague Services,People Reporting,False
R0377_55041025,R0377_55032663,1.0000000000000002,People Operations,People Operations,People Reporting,Colleague Services,False
R0377_55032663,R0377_55039651,1.0000000000000002,People Operations,People Operations,Colleague Services,PMO Lead,False
R0377_55039651,R0377_55032663,1.0000000000000002,People Operations,People Operations,PMO Lead,Colleague Services,False
R0377_55032663,R0377_55044100,1.0000000000000002,People Operations,People Operations,Colleague Services,RPWR Portfolio Execution,False
R0377_55044100,R0377_55032663,1.0000000000000002,People Operations,People Operations,RPWR Portfolio Execution,Colleague Services,False
R0377_55032663,R0377_55026719,1.0000000000000002,People Operations,People Operations,Colleague Services,"Technology, Technology Platforms",False
R0377_55026719,R0377_55032663,1.0000000000000002,People Operations,People Operations,"Technology, Technology Platforms",Colleague Services,False
R0377_55036004,R0377_55036003,1.0000000000000002,People Operations,People Operations,Colleague Services 1,Colleague Services,False
R0377_55039577,R0377_55026719,1.0000000000000002,People Operations,People Operations,Business Improvement,"Technology, Technology Platforms",False
R0377_55036003,R0377_55036006,1.0000000000000002,People Operations,People Operations,Colleague Services,Colleague Services 3,False
R0377_55036006,R0377_55036003,1.0000000000000002,People Operations,People Operations,Colleague Services 3,Colleague Services,False
R0377_55036003,R0377_55036007,1.0000000000000002,People Operations,People Operations,Colleague Services,Colleague Services 4,False
R0377_55036007,R0377_55036003,1.0000000000000002,People Operations,People Operations,Colleague Services 4,Colleague Services,False
R0377_55036003,R0377_55036008,1.0000000000000002,People Operations,People Operations,Colleague Services,Colleague Services 5,False
R0377_55036008,R0377_55036003,1.0000000000000002,People Operations,People Operations,Colleague Services 5,Colleague Services,False
R0377_55036003,R0377_55036009,1.0000000000000002,People Operations,People Operations,Colleague Services,Colleague Services 6,False
R0377_55036009,R0377_55036003,1.0000000000000002,People Operations,People Operations,Colleague Services 6,Colleague Services,False
R0377_55036003,R0377_55043375,1.0000000000000002,People Operations,People Operations,Colleague Services,Commercial Operations,False
R0377_55043375,R0377_55036003,1.0000000000000002,People Operations,People Operations,Commercial Operations,Colleague Services,False
R0377_55036003,R0377_55032655,1.0000000000000002,People Operations,People Operations,Colleague Services,Executive Reward Services 1,False
R0377_55039651,R0377_55036007,1.0000000000000002,People Operations,People Operations,PMO Lead,Colleague Services 4,False
R0377_55032664,R0377_55032663,1.0000000000000002,People Operations,People Operations,Payroll Services,Colleague Services,False
R0377_55032663,R0377_55032664,1.0000000000000002,People Operations,People Operations,Colleague Services,Payroll Services,False
R0377_55036698,R0377_55032663,1.0000000000000002,People Operations,People Operations,Org Change Execution,Colleague Services,False
R0377_55032663,R0377_55036698,1.0000000000000002,People Operations,People Operations,Colleague Services,Org Change Execution,False
R0377_55026719,R0377_55039577,1.0000000000000002,People Operations,People Operations,"Technology, Technology Platforms",Business Improvement,False
R0377_55032663,R0377_55036003,1.0000000000000002,People Operations,People Operations,Colleague Services,Colleague Services,True
R0377_55036003,R0377_55032663,1.0000000000000002,People Operations,People Operations,Colleague Services,Colleague Services,True
R0377_55032663,R0377_55036004,1.0000000000000002,People Operations,People Operations,Colleague Services,Colleague Services 1,False
R0377_55036004,R0377_55032663,1.0000000000000002,People Operations,People Operations,Colleague Services 1,Colleague Services,False
R0377_55032663,R0377_55036006,1.0000000000000002,People Operations,People Operations,Colleague Services,Colleague Services 3,False
R0377_55036006,R0377_55032663,1.0000000000000002,People Operations,People Operations,Colleague Services 3,Colleague Services,False
R0377_55032663,R0377_55036007,1.0000000000000002,People Operations,People Operations,Colleague Services,Colleague Services 4,False
R0377_55036007,R0377_55032663,1.0000000000000002,People Operations,People Operations,Colleague Services 4,Colleague Services,False
R0377_55032663,R0377_55036008,1.0000000000000002,People Operations,People Operations,Colleague Services,Colleague Services 5,False
R0377_55036008,R0377_55032663,1.0000000000000002,People Operations,People Operations,Colleague Services 5,Colleague Services,False
R0377_55032663,R0377_55036009,1.0000000000000002,People Operations,People Operations,Colleague Services,Colleague Services 6,False
R0377_55036009,R0377_55032663,1.0000000000000002,People Operations,People Operations,Colleague Services 6,Colleague Services,False
R0377_55032663,R0377_55043375,1.0000000000000002,People Operations,People Operations,Colleague Services,Commercial Operations,False
R0377_55043375,R0377_55032663,1.0000000000000002,People Operations,People Operations,Commercial Operations,Colleague Services,False
R0377_55032663,R0377_55032655,1.0000000000000002,People Operations,People Operations,Colleague Services,Executive Reward Services 1,False
R0377_55032655,R0377_55032663,1.0000000000000002,People Operations,People Operations,Executive Reward Services 1,Colleague Services,False
R0377_55032663,R0377_55034860,1.0000000000000002,People Operations,People Operations,Colleague Services,Executive Reward Services 2,False
R0377_55034860,R0377_55032663,1.0000000000000002,People Operations,People Operations,Executive Reward Services 2,Colleague Services,False
R0377_55032663,R0377_55042881,1.0000000000000002,People Operations,People Operations,Colleague Services,Executive Reward Services 4,False
R0377_55042881,R0377_55032663,1.0000000000000002,People Operations,People Operations,Executive Reward Services 4,Colleague Services,False
R0377_55032663,R0377_55033035,1.0000000000000002,People Operations,People Operations,Colleague Services,GPO Process Design & Control,False
R0377_55033035,R0377_55032663,1.0000000000000002,People Operations,People Operations,GPO Process Design & Control,Colleague Services,False
R0377_55032663,R0377_55044076,1.0000000000000002,People Operations,People Operations,Colleague Services,IPP - Data Reporting and Governance,False
R0377_55044076,R0377_55032663,1.0000000000000002,People Operations,People Operations,IPP - Data Reporting and Governance,Colleague Services,False
R0377_55036007,R0377_55039651,1.0000000000000002,People Operations,People Operations,Colleague Services 4,PMO Lead,False
R0204_55005925,R0204_55022352,1.0000000000000002,"Health, Safety & Wellbeing","Health, Safety & Wellbeing",Ex Employee Compensation,"Health, Safety & Wellbeing Consulting",False
R0377_55036007,R0377_55044100,1.0000000000000002,People Operations,People Operations,Colleague Services 4,RPWR Portfolio Execution,False
R0377_55026719,R0377_55042881,1.0000000000000002,People Operations,People Operations,"Technology, Technology Platforms",Executive Reward Services 4,False
R0377_55044076,R0377_55033035,1.0000000000000002,People Operations,People Operations,IPP - Data Reporting and Governance,GPO Process Design & Control,False
R0377_55033035,R0377_55036698,1.0000000000000002,People Operations,People Operations,GPO Process Design & Control,Org Change Execution,False
R0377_55036698,R0377_55033035,1.0000000000000002,People Operations,People Operations,Org Change Execution,GPO Process Design & Control,False
R0377_55033035,R0377_55032664,1.0000000000000002,People Operations,People Operations,GPO Process Design & Control,Payroll Services,False
R0377_55032664,R0377_55033035,1.0000000000000002,People Operations,People Operations,Payroll Services,GPO Process Design & Control,False
R0377_55033035,R0377_55038331,1.0000000000000002,People Operations,People Operations,GPO Process Design & Control,People & Culture ubank,False
R0377_55038331,R0377_55033035,1.0000000000000002,People Operations,People Operations,People & Culture ubank,GPO Process Design & Control,False
R0377_55033035,R0377_55041814,1.0000000000000002,People Operations,People Operations,GPO Process Design & Control,People Operations,False
R0377_55041814,R0377_55033035,1.0000000000000002,People Operations,People Operations,People Operations,GPO Process Design & Control,False
R0377_55033035,R0377_55041025,1.0000000000000002,People Operations,People Operations,GPO Process Design & Control,People Reporting,False
R0377_55041025,R0377_55033035,1.0000000000000002,People Operations,People Operations,People Reporting,GPO Process Design & Control,False
R0377_55033035,R0377_55039651,1.0000000000000002,People Operations,People Operations,GPO Process Design & Control,PMO Lead,False
R0377_55039651,R0377_55033035,1.0000000000000002,People Operations,People Operations,PMO Lead,GPO Process Design & Control,False
R0377_55033035,R0377_55044100,1.0000000000000002,People Operations,People Operations,GPO Process Design & Control,RPWR Portfolio Execution,False
R0377_55044100,R0377_55033035,1.0000000000000002,People Operations,People Operations,RPWR Portfolio Execution,GPO Process Design & Control,False
R0377_55033035,R0377_55026719,1.0000000000000002,People Operations,People Operations,GPO Process Design & Control,"Technology, Technology Platforms",False
R0377_55026719,R0377_55033035,1.0000000000000002,People Operations,People Operations,"Technology, Technology Platforms",GPO Process Design & Control,False
R0377_55044076,R0377_55036698,1.0000000000000002,People Operations,People Operations,IPP - Data Reporting and Governance,Org Change Execution,False
R0377_55036698,R0377_55044076,1.0000000000000002,People Operations,People Operations,Org Change Execution,IPP - Data Reporting and Governance,False
R0377_55044076,R0377_55032664,1.0000000000000002,People Operations,People Operations,IPP - Data Reporting and Governance,Payroll Services,False
R0377_55032664,R0377_55044076,1.0000000000000002,People Operations,People Operations,Payroll Services,IPP - Data Reporting and Governance,False
R0377_55044076,R0377_55038331,1.0000000000000002,People Operations,People Operations,IPP - Data Reporting and Governance,People & Culture ubank,False
R0377_55038331,R0377_55044076,1.0000000000000002,People Operations,People Operations,People & Culture ubank,IPP - Data Reporting and Governance,False
R0377_55044076,R0377_55041814,1.0000000000000002,People Operations,People Operations,IPP - Data Reporting and Governance,People Operations,False
R0377_55041814,R0377_55044076,1.0000000000000002,People Operations,People Operations,People Operations,IPP - Data Reporting and Governance,False
R0377_55044076,R0377_55041025,1.0000000000000002,People Operations,People Operations,IPP - Data Reporting and Governance,People Reporting,False
R0377_55041025,R0377_55044076,1.0000000000000002,People Operations,People Operations,People Reporting,IPP - Data Reporting and Governance,False
R0377_55033035,R0377_55044076,1.0000000000000002,People Operations,People Operations,GPO Process Design & Control,IPP - Data Reporting and Governance,False
R0377_55042881,R0377_55026719,1.0000000000000002,People Operations,People Operations,Executive Reward Services 4,"Technology, Technology Platforms",False
R0377_55034860,R0377_55038331,1.0000000000000002,People Operations,People Operations,Executive Reward Services 2,People & Culture ubank,False
R0377_55044100,R0377_55042881,1.0000000000000002,People Operations,People Operations,RPWR Portfolio Execution,Executive Reward Services 4,False
R0377_55034860,R0377_55041814,1.0000000000000002,People Operations,People Operations,Executive Reward Services 2,People Operations,False
R0377_55041814,R0377_55034860,1.0000000000000002,People Operations,People Operations,People Operations,Executive Reward Services 2,False
R0377_55034860,R0377_55041025,1.0000000000000002,People Operations,People Operations,Executive Reward Services 2,People Reporting,False
R0377_55041025,R0377_55034860,1.0000000000000002,People Operations,People Operations,People Reporting,Executive Reward Services 2,False
R0377_55034860,R0377_55039651,1.0000000000000002,People Operations,People Operations,Executive Reward Services 2,PMO Lead,False
R0377_55039651,R0377_55034860,1.0000000000000002,People Operations,People Operations,PMO Lead,Executive Reward Services 2,False
R0377_55034860,R0377_55044100,1.0000000000000002,People Operations,People Operations,Executive Reward Services 2,RPWR Portfolio Execution,False
R0377_55044100,R0377_55034860,1.0000000000000002,People Operations,People Operations,RPWR Portfolio Execution,Executive Reward Services 2,False
R0377_55034860,R0377_55026719,1.0000000000000002,People Operations,People Operations,Executive Reward Services 2,"Technology, Technology Platforms",False
R0377_55026719,R0377_55034860,1.0000000000000002,People Operations,People Operations,"Technology, Technology Platforms",Executive Reward Services 2,False
R0377_55042881,R0377_55033035,1.0000000000000002,People Operations,People Operations,Executive Reward Services 4,GPO Process Design & Control,False
R0377_55033035,R0377_55042881,1.0000000000000002,People Operations,People Operations,GPO Process Design & Control,Executive Reward Services 4,False
R0377_55042881,R0377_55044076,1.0000000000000002,People Operations,People Operations,Executive Reward Services 4,IPP - Data Reporting and Governance,False
R0377_55044076,R0377_55042881,1.0000000000000002,People Operations,People Operations,IPP - Data Reporting and Governance,Executive Reward Services 4,False
R0377_55042881,R0377_55036698,1.0000000000000002,People Operations,People Operations,Executive Reward Services 4,Org Change Execution,False
R0377_55036698,R0377_55042881,1.0000000000000002,People Operations,People Operations,Org Change Execution,Executive Reward Services 4,False
R0377_55042881,R0377_55032664,1.0000000000000002,People Operations,People Operations,Executive Reward Services 4,Payroll Services,False
R0377_55032664,R0377_55042881,1.0000000000000002,People Operations,People Operations,Payroll Services,Executive Reward Services 4,False
R0377_55042881,R0377_55038331,1.0000000000000002,People Operations,People Operations,Executive Reward Services 4,People & Culture ubank,False
R0377_55038331,R0377_55042881,1.0000000000000002,People Operations,People Operations,People & Culture ubank,Executive Reward Services 4,False
R0377_55042881,R0377_55041814,1.0000000000000002,People Operations,People Operations,Executive Reward Services 4,People Operations,False
R0377_55041814,R0377_55042881,1.0000000000000002,People Operations,People Operations,People Operations,Executive Reward Services 4,False
R0377_55042881,R0377_55041025,1.0000000000000002,People Operations,People Operations,Executive Reward Services 4,People Reporting,False
R0377_55041025,R0377_55042881,1.0000000000000002,People Operations,People Operations,People Reporting,Executive Reward Services 4,False
R0377_55042881,R0377_55039651,1.0000000000000002,People Operations,People Operations,Executive Reward Services 4,PMO Lead,False
R0377_55039651,R0377_55042881,1.0000000000000002,People Operations,People Operations,PMO Lead,Executive Reward Services 4,False
R0377_55042881,R0377_55044100,1.0000000000000002,People Operations,People Operations,Executive Reward Services 4,RPWR Portfolio Execution,False
R0377_55044076,R0377_55039651,1.0000000000000002,People Operations,People Operations,IPP - Data Reporting and Governance,PMO Lead,False
R0377_55039651,R0377_55044076,1.0000000000000002,People Operations,People Operations,PMO Lead,IPP - Data Reporting and Governance,False
R0377_55044076,R0377_55044100,1.0000000000000002,People Operations,People Operations,IPP - Data Reporting and Governance,RPWR Portfolio Execution,False
R0377_55044100,R0377_55044076,1.0000000000000002,People Operations,People Operations,RPWR Portfolio Execution,IPP - Data Reporting and Governance,False
R0377_55038331,R0377_55041025,1.0000000000000002,People Operations,People Operations,People & Culture ubank,People Reporting,False
R0377_55041025,R0377_55038331,1.0000000000000002,People Operations,People Operations,People Reporting,People & Culture ubank,False
R0377_55038331,R0377_55039651,1.0000000000000002,People Operations,People Operations,People & Culture ubank,PMO Lead,False
R0377_55039651,R0377_55038331,1.0000000000000002,People Operations,People Operations,PMO Lead,People & Culture ubank,False
R0377_55038331,R0377_55044100,1.0000000000000002,People Operations,People Operations,People & Culture ubank,RPWR Portfolio Execution,False
R0377_55044100,R0377_55038331,1.0000000000000002,People Operations,People Operations,RPWR Portfolio Execution,People & Culture ubank,False
R0377_55038331,R0377_55026719,1.0000000000000002,People Operations,People Operations,People & Culture ubank,"Technology, Technology Platforms",False
R0377_55026719,R0377_55038331,1.0000000000000002,People Operations,People Operations,"Technology, Technology Platforms",People & Culture ubank,False
R0377_55041814,R0377_55041025,1.0000000000000002,People Operations,People Operations,People Operations,People Reporting,False
R0377_55041025,R0377_55041814,1.0000000000000002,People Operations,People Operations,People Reporting,People Operations,False
R0377_55041814,R0377_55039651,1.0000000000000002,People Operations,People Operations,People Operations,PMO Lead,False
R0377_55039651,R0377_55041814,1.0000000000000002,People Operations,People Operations,PMO Lead,People Operations,False
R0377_55041814,R0377_55044100,1.0000000000000002,People Operations,People Operations,People Operations,RPWR Portfolio Execution,False
R0377_55044100,R0377_55041814,1.0000000000000002,People Operations,People Operations,RPWR Portfolio Execution,People Operations,False
R0377_55041814,R0377_55026719,1.0000000000000002,People Operations,People Operations,People Operations,"Technology, Technology Platforms",False
R0377_55026719,R0377_55041814,1.0000000000000002,People Operations,People Operations,"Technology, Technology Platforms",People Operations,False
R0377_55041025,R0377_55039651,1.0000000000000002,People Operations,People Operations,People Reporting,PMO Lead,False
R0377_55039651,R0377_55041025,1.0000000000000002,People Operations,People Operations,PMO Lead,People Reporting,False
R0377_55041025,R0377_55044100,1.0000000000000002,People Operations,People Operations,People Reporting,RPWR Portfolio Execution,False
R0377_55044100,R0377_55041025,1.0000000000000002,People Operations,People Operations,RPWR Portfolio Execution,People Reporting,False
R0377_55041025,R0377_55026719,1.0000000000000002,People Operations,People Operations,People Reporting,"Technology, Technology Platforms",False
R0377_55026719,R0377_55041025,1.0000000000000002,People Operations,People Operations,"Technology, Technology Platforms",People Reporting,False
R0377_55039651,R0377_55044100,1.0000000000000002,People Operations,People Operations,PMO Lead,RPWR Portfolio Execution,False
R0377_55044100,R0377_55039651,1.0000000000000002,People Operations,People Operations,RPWR Portfolio Execution,PMO Lead,False
R0377_55026719,R0377_55039651,1.0000000000000002,People Operations,People Operations,"Technology, Technology Platforms",PMO Lead,False
R0377_55044100,R0377_55026719,1.0000000000000002,People Operations,People Operations,RPWR Portfolio Execution,"Technology, Technology Platforms",False
R0377_55044100,R0377_55036007,1.0000000000000002,People Operations,People Operations,RPWR Portfolio Execution,Colleague Services 4,False
R0377_55041814,R0377_55038331,1.0000000000000002,People Operations,People Operations,People Operations,People & Culture ubank,False
R0377_55038331,R0377_55041814,1.0000000000000002,People Operations,People Operations,People & Culture ubank,People Operations,False
R0377_55026719,R0377_55032664,1.0000000000000002,People Operations,People Operations,"Technology, Technology Platforms",Payroll Services,False
R0377_55036698,R0377_55044100,1.0000000000000002,People Operations,People Operations,Org Change Execution,RPWR Portfolio Execution,False
R0377_55044076,R0377_55026719,1.0000000000000002,People Operations,People Operations,IPP - Data Reporting and Governance,"Technology, Technology Platforms",False
R0377_55026719,R0377_55044076,1.0000000000000002,People Operations,People Operations,"Technology, Technology Platforms",IPP - Data Reporting and Governance,False
R0377_55036698,R0377_55032664,1.0000000000000002,People Operations,People Operations,Org Change Execution,Payroll Services,False
R0377_55032664,R0377_55036698,1.0000000000000002,People Operations,People Operations,Payroll Services,Org Change Execution,False
R0377_55036698,R0377_55038331,1.0000000000000002,People Operations,People Operations,Org Change Execution,People & Culture ubank,False
R0377_55038331,R0377_55036698,1.0000000000000002,People Operations,People Operations,People & Culture ubank,Org Change Execution,False
R0377_55036698,R0377_55041814,1.0000000000000002,People Operations,People Operations,Org Change Execution,People Operations,False
R0377_55041814,R0377_55036698,1.0000000000000002,People Operations,People Operations,People Operations,Org Change Execution,False
R0377_55036698,R0377_55041025,1.0000000000000002,People Operations,People Operations,Org Change Execution,People Reporting,False
R0377_55041025,R0377_55036698,1.0000000000000002,People Operations,People Operations,People Reporting,Org Change Execution,False
R0377_55036698,R0377_55039651,1.0000000000000002,People Operations,People Operations,Org Change Execution,PMO Lead,False
R0377_55039651,R0377_55036698,1.0000000000000002,People Operations,People Operations,PMO Lead,Org Change Execution,False
R0377_55044100,R0377_55036698,1.0000000000000002,People Operations,People Operations,RPWR Portfolio Execution,Org Change Execution,False
R0377_55032664,R0377_55026719,1.0000000000000002,People Operations,People Operations,Payroll Services,"Technology, Technology Platforms",False
R0377_55036698,R0377_55026719,1.0000000000000002,People Operations,People Operations,Org Change Execution,"Technology, Technology Platforms",False
R0377_55026719,R0377_55036698,1.0000000000000002,People Operations,People Operations,"Technology, Technology Platforms",Org Change Execution,False
R0377_55032664,R0377_55038331,1.0000000000000002,People Operations,People Operations,Payroll Services,People & Culture ubank,False
R0377_55038331,R0377_55032664,1.0000000000000002,People Operations,People Operations,People & Culture ubank,Payroll Services,False
R0377_55032664,R0377_55041814,1.0000000000000002,People Operations,People Operations,Payroll Services,People Operations,False
R0377_55041814,R0377_55032664,1.0000000000000002,People Operations,People Operations,People Operations,Payroll Services,False
R0377_55032664,R0377_55041025,1.0000000000000002,People Operations,People Operations,Payroll Services,People Reporting,False
R0377_55041025,R0377_55032664,1.0000000000000002,People Operations,People Operations,People Reporting,Payroll Services,False
R0377_55032664,R0377_55039651,1.0000000000000002,People Operations,People Operations,Payroll Services,PMO Lead,False
R0377_55039651,R0377_55032664,1.0000000000000002,People Operations,People Operations,PMO Lead,Payroll Services,False
R0377_55032664,R0377_55044100,1.0000000000000002,People Operations,People Operations,Payroll Services,RPWR Portfolio Execution,False
R0377_55044100,R0377_55032664,1.0000000000000002,People Operations,People Operations,RPWR Portfolio Execution,Payroll Services,False
R0377_55038331,R0377_55034860,1.0000000000000002,People Operations,People Operations,People & Culture ubank,Executive Reward Services 2,False
R0377_55039651,R0377_55026719,1.0000000000000002,People Operations,People Operations,PMO Lead,"Technology, Technology Platforms",False
R0377_55032664,R0377_55034860,1.0000000000000002,People Operations,People Operations,Payroll Services,Executive Reward Services 2,False
R0377_55026719,R0377_55036009,1.0000000000000002,People Operations,People Operations,"Technology, Technology Platforms",Colleague Services 6,False
R0377_55026719,R0377_55036008,1.0000000000000002,People Operations,People Operations,"Technology, Technology Platforms",Colleague Services 5,False
R0377_55036009,R0377_55043375,1.0000000000000002,People Operations,People Operations,Colleague Services 6,Commercial Operations,False
R0377_55043375,R0377_55036009,1.0000000000000002,People Operations,People Operations,Commercial Operations,Colleague Services 6,False
R0377_55036009,R0377_55032655,1.0000000000000002,People Operations,People Operations,Colleague Services 6,Executive Reward Services 1,False
R0377_55032655,R0377_55036009,1.0000000000000002,People Operations,People Operations,Executive Reward Services 1,Colleague Services 6,False
R0377_55036009,R0377_55034860,1.0000000000000002,People Operations,People Operations,Colleague Services 6,Executive Reward Services 2,False
R0377_55034860,R0377_55036009,1.0000000000000002,People Operations,People Operations,Executive Reward Services 2,Colleague Services 6,False
R0377_55036009,R0377_55042881,1.0000000000000002,People Operations,People Operations,Colleague Services 6,Executive Reward Services 4,False
R0377_55042881,R0377_55036009,1.0000000000000002,People Operations,People Operations,Executive Reward Services 4,Colleague Services 6,False
R0377_55036009,R0377_55033035,1.0000000000000002,People Operations,People Operations,Colleague Services 6,GPO Process Design & Control,False
R0377_55033035,R0377_55036009,1.0000000000000002,People Operations,People Operations,GPO Process Design & Control,Colleague Services 6,False
R0377_55036009,R0377_55044076,1.0000000000000002,People Operations,People Operations,Colleague Services 6,IPP - Data Reporting and Governance,False
R0377_55044076,R0377_55036009,1.0000000000000002,People Operations,People Operations,IPP - Data Reporting and Governance,Colleague Services 6,False
R0377_55036009,R0377_55036698,1.0000000000000002,People Operations,People Operations,Colleague Services 6,Org Change Execution,False
R0377_55036698,R0377_55036009,1.0000000000000002,People Operations,People Operations,Org Change Execution,Colleague Services 6,False
R0377_55036009,R0377_55032664,1.0000000000000002,People Operations,People Operations,Colleague Services 6,Payroll Services,False
R0377_55032664,R0377_55036009,1.0000000000000002,People Operations,People Operations,Payroll Services,Colleague Services 6,False
R0377_55036009,R0377_55038331,1.0000000000000002,People Operations,People Operations,Colleague Services 6,People & Culture ubank,False
R0377_55038331,R0377_55036009,1.0000000000000002,People Operations,People Operations,People & Culture ubank,Colleague Services 6,False
R0377_55036009,R0377_55041814,1.0000000000000002,People Operations,People Operations,Colleague Services 6,People Operations,False
R0377_55041814,R0377_55036009,1.0000000000000002,People Operations,People Operations,People Operations,Colleague Services 6,False
R0377_55036009,R0377_55041025,1.0000000000000002,People Operations,People Operations,Colleague Services 6,People Reporting,False
R0377_55041025,R0377_55036009,1.0000000000000002,People Operations,People Operations,People Reporting,Colleague Services 6,False
R0377_55036009,R0377_55039651,1.0000000000000002,People Operations,People Operations,Colleague Services 6,PMO Lead,False
R0377_55039651,R0377_55036009,1.0000000000000002,People Operations,People Operations,PMO Lead,Colleague Services 6,False
R0377_55036009,R0377_55044100,1.0000000000000002,People Operations,People Operations,Colleague Services 6,RPWR Portfolio Execution,False
R0377_55044100,R0377_55036009,1.0000000000000002,People Operations,People Operations,RPWR Portfolio Execution,Colleague Services 6,False
R0377_55036008,R0377_55026719,1.0000000000000002,People Operations,People Operations,Colleague Services 5,"Technology, Technology Platforms",False
R0377_55044100,R0377_55036008,1.0000000000000002,People Operations,People Operations,RPWR Portfolio Execution,Colleague Services 5,False
R0377_55036008,R0377_55044100,1.0000000000000002,People Operations,People Operations,Colleague Services 5,RPWR Portfolio Execution,False
R0377_55033035,R0377_55036008,1.0000000000000002,People Operations,People Operations,GPO Process Design & Control,Colleague Services 5,False
R0377_55034860,R0377_55032664,1.0000000000000002,People Operations,People Operations,Executive Reward Services 2,Payroll Services,False
R0377_55026719,R0377_55036007,1.0000000000000002,People Operations,People Operations,"Technology, Technology Platforms",Colleague Services 4,False
R0377_55036009,R0377_55036008,1.0000000000000002,People Operations,People Operations,Colleague Services 6,Colleague Services 5,False
R0377_55036008,R0377_55043375,1.0000000000000002,People Operations,People Operations,Colleague Services 5,Commercial Operations,False
R0377_55043375,R0377_55036008,1.0000000000000002,People Operations,People Operations,Commercial Operations,Colleague Services 5,False
R0377_55036008,R0377_55032655,1.0000000000000002,People Operations,People Operations,Colleague Services 5,Executive Reward Services 1,False
R0377_55032655,R0377_55036008,1.0000000000000002,People Operations,People Operations,Executive Reward Services 1,Colleague Services 5,False
R0377_55036008,R0377_55034860,1.0000000000000002,People Operations,People Operations,Colleague Services 5,Executive Reward Services 2,False
R0377_55034860,R0377_55036008,1.0000000000000002,People Operations,People Operations,Executive Reward Services 2,Colleague Services 5,False
R0377_55036008,R0377_55042881,1.0000000000000002,People Operations,People Operations,Colleague Services 5,Executive Reward Services 4,False
R0377_55042881,R0377_55036008,1.0000000000000002,People Operations,People Operations,Executive Reward Services 4,Colleague Services 5,False
R0377_55036008,R0377_55033035,1.0000000000000002,People Operations,People Operations,Colleague Services 5,GPO Process Design & Control,False
R0377_55036008,R0377_55044076,1.0000000000000002,People Operations,People Operations,Colleague Services 5,IPP - Data Reporting and Governance,False
R0377_55039651,R0377_55036008,1.0000000000000002,People Operations,People Operations,PMO Lead,Colleague Services 5,False
R0377_55044076,R0377_55036008,1.0000000000000002,People Operations,People Operations,IPP - Data Reporting and Governance,Colleague Services 5,False
R0377_55036008,R0377_55036698,1.0000000000000002,People Operations,People Operations,Colleague Services 5,Org Change Execution,False
R0377_55036698,R0377_55036008,1.0000000000000002,People Operations,People Operations,Org Change Execution,Colleague Services 5,False
R0377_55036008,R0377_55032664,1.0000000000000002,People Operations,People Operations,Colleague Services 5,Payroll Services,False
R0377_55032664,R0377_55036008,1.0000000000000002,People Operations,People Operations,Payroll Services,Colleague Services 5,False
R0377_55036008,R0377_55038331,1.0000000000000002,People Operations,People Operations,Colleague Services 5,People & Culture ubank,False
R0377_55038331,R0377_55036008,1.0000000000000002,People Operations,People Operations,People & Culture ubank,Colleague Services 5,False
R0377_55036008,R0377_55041814,1.0000000000000002,People Operations,People Operations,Colleague Services 5,People Operations,False
R0377_55041814,R0377_55036008,1.0000000000000002,People Operations,People Operations,People Operations,Colleague Services 5,False
R0377_55036008,R0377_55041025,1.0000000000000002,People Operations,People Operations,Colleague Services 5,People Reporting,False
R0377_55041025,R0377_55036008,1.0000000000000002,People Operations,People Operations,People Reporting,Colleague Services 5,False
R0377_55036008,R0377_55039651,1.0000000000000002,People Operations,People Operations,Colleague Services 5,PMO Lead,False
R0377_55036009,R0377_55026719,1.0000000000000002,People Operations,People Operations,Colleague Services 6,"Technology, Technology Platforms",False
R0377_55036008,R0377_55036009,1.0000000000000002,People Operations,People Operations,Colleague Services 5,Colleague Services 6,False
R0377_55043375,R0377_55032655,1.0000000000000002,People Operations,People Operations,Commercial Operations,Executive Reward Services 1,False
R0377_55032655,R0377_55033035,1.0000000000000002,People Operations,People Operations,Executive Reward Services 1,GPO Process Design & Control,False
R0377_55032655,R0377_55044076,1.0000000000000002,People Operations,People Operations,Executive Reward Services 1,IPP - Data Reporting and Governance,False
R0377_55044076,R0377_55032655,1.0000000000000002,People Operations,People Operations,IPP - Data Reporting and Governance,Executive Reward Services 1,False
R0377_55032655,R0377_55036698,1.0000000000000002,People Operations,People Operations,Executive Reward Services 1,Org Change Execution,False
R0377_55036698,R0377_55032655,1.0000000000000002,People Operations,People Operations,Org Change Execution,Executive Reward Services 1,False
R0377_55032655,R0377_55032664,1.0000000000000002,People Operations,People Operations,Executive Reward Services 1,Payroll Services,False
R0377_55032664,R0377_55032655,1.0000000000000002,People Operations,People Operations,Payroll Services,Executive Reward Services 1,False
R0377_55032655,R0377_55038331,1.0000000000000002,People Operations,People Operations,Executive Reward Services 1,People & Culture ubank,False
R0377_55038331,R0377_55032655,1.0000000000000002,People Operations,People Operations,People & Culture ubank,Executive Reward Services 1,False
R0377_55032655,R0377_55041814,1.0000000000000002,People Operations,People Operations,Executive Reward Services 1,People Operations,False
R0377_55041814,R0377_55032655,1.0000000000000002,People Operations,People Operations,People Operations,Executive Reward Services 1,False
R0377_55032655,R0377_55041025,1.0000000000000002,People Operations,People Operations,Executive Reward Services 1,People Reporting,False
R0377_55041025,R0377_55032655,1.0000000000000002,People Operations,People Operations,People Reporting,Executive Reward Services 1,False
R0377_55032655,R0377_55039651,1.0000000000000002,People Operations,People Operations,Executive Reward Services 1,PMO Lead,False
R0377_55039651,R0377_55032655,1.0000000000000002,People Operations,People Operations,PMO Lead,Executive Reward Services 1,False
R0377_55032655,R0377_55044100,1.0000000000000002,People Operations,People Operations,Executive Reward Services 1,RPWR Portfolio Execution,False
R0377_55044100,R0377_55032655,1.0000000000000002,People Operations,People Operations,RPWR Portfolio Execution,Executive Reward Services 1,False
R0377_55032655,R0377_55026719,1.0000000000000002,People Operations,People Operations,Executive Reward Services 1,"Technology, Technology Platforms",False
R0377_55026719,R0377_55032655,1.0000000000000002,People Operations,People Operations,"Technology, Technology Platforms",Executive Reward Services 1,False
R0377_55034860,R0377_55042881,1.0000000000000002,People Operations,People Operations,Executive Reward Services 2,Executive Reward Services 4,False
R0377_55042881,R0377_55034860,1.0000000000000002,People Operations,People Operations,Executive Reward Services 4,Executive Reward Services 2,False
R0377_55034860,R0377_55033035,1.0000000000000002,People Operations,People Operations,Executive Reward Services 2,GPO Process Design & Control,False
R0377_55033035,R0377_55034860,1.0000000000000002,People Operations,People Operations,GPO Process Design & Control,Executive Reward Services 2,False
R0377_55034860,R0377_55044076,1.0000000000000002,People Operations,People Operations,Executive Reward Services 2,IPP - Data Reporting and Governance,False
R0377_55044076,R0377_55034860,1.0000000000000002,People Operations,People Operations,IPP - Data Reporting and Governance,Executive Reward Services 2,False
R0377_55034860,R0377_55036698,1.0000000000000002,People Operations,People Operations,Executive Reward Services 2,Org Change Execution,False
R0377_55032655,R0377_55043375,1.0000000000000002,People Operations,People Operations,Executive Reward Services 1,Commercial Operations,False
R0377_55036698,R0377_55034860,1.0000000000000002,People Operations,People Operations,Org Change Execution,Executive Reward Services 2,False
R0377_55033035,R0377_55032655,1.0000000000000002,People Operations,People Operations,GPO Process Design & Control,Executive Reward Services 1,False
R0377_55036007,R0377_55026719,1.0000000000000002,People Operations,People Operations,Colleague Services 4,"Technology, Technology Platforms",False
R0377_55042881,R0377_55032655,1.0000000000000002,People Operations,People Operations,Executive Reward Services 4,Executive Reward Services 1,False
R0377_55043375,R0377_55038331,1.0000000000000002,People Operations,People Operations,Commercial Operations,People & Culture ubank,False
R0377_55032655,R0377_55042881,1.0000000000000002,People Operations,People Operations,Executive Reward Services 1,Executive Reward Services 4,False
R0377_55043375,R0377_55034860,1.0000000000000002,People Operations,People Operations,Commercial Operations,Executive Reward Services 2,False
R0377_55043375,R0377_55042881,1.0000000000000002,People Operations,People Operations,Commercial Operations,Executive Reward Services 4,False
R0377_55042881,R0377_55043375,1.0000000000000002,People Operations,People Operations,Executive Reward Services 4,Commercial Operations,False
R0377_55034860,R0377_55043375,1.0000000000000002,People Operations,People Operations,Executive Reward Services 2,Commercial Operations,False
R0377_55043375,R0377_55033035,1.0000000000000002,People Operations,People Operations,Commercial Operations,GPO Process Design & Control,False
R0377_55033035,R0377_55043375,1.0000000000000002,People Operations,People Operations,GPO Process Design & Control,Commercial Operations,False
R0377_55043375,R0377_55044076,1.0000000000000002,People Operations,People Operations,Commercial Operations,IPP - Data Reporting and Governance,False
R0377_55043375,R0377_55036698,1.0000000000000002,People Operations,People Operations,Commercial Operations,Org Change Execution,False
R0377_55036698,R0377_55043375,1.0000000000000002,People Operations,People Operations,Org Change Execution,Commercial Operations,False
R0377_55043375,R0377_55032664,1.0000000000000002,People Operations,People Operations,Commercial Operations,Payroll Services,False
R0377_55032664,R0377_55043375,1.0000000000000002,People Operations,People Operations,Payroll Services,Commercial Operations,False
R0377_55044076,R0377_55043375,1.0000000000000002,People Operations,People Operations,IPP - Data Reporting and Governance,Commercial Operations,False
R0377_55038331,R0377_55043375,1.0000000000000002,People Operations,People Operations,People & Culture ubank,Commercial Operations,False
R0377_55044100,R0377_55043375,1.0000000000000002,People Operations,People Operations,RPWR Portfolio Execution,Commercial Operations,False
R0377_55032655,R0377_55034860,1.0000000000000002,People Operations,People Operations,Executive Reward Services 1,Executive Reward Services 2,False
R0377_55026719,R0377_55043375,1.0000000000000002,People Operations,People Operations,"Technology, Technology Platforms",Commercial Operations,False
R0377_55043375,R0377_55041814,1.0000000000000002,People Operations,People Operations,Commercial Operations,People Operations,False
R0377_55034860,R0377_55032655,1.0000000000000002,People Operations,People Operations,Executive Reward Services 2,Executive Reward Services 1,False
R0377_55043375,R0377_55026719,1.0000000000000002,People Operations,People Operations,Commercial Operations,"Technology, Technology Platforms",False
R0377_55043375,R0377_55044100,1.0000000000000002,People Operations,People Operations,Commercial Operations,RPWR Portfolio Execution,False
R0377_55039651,R0377_55043375,1.0000000000000002,People Operations,People Operations,PMO Lead,Commercial Operations,False
R0377_55043375,R0377_55039651,1.0000000000000002,People Operations,People Operations,Commercial Operations,PMO Lead,False
R0377_55041025,R0377_55043375,1.0000000000000002,People Operations,People Operations,People Reporting,Commercial Operations,False
R0377_55043375,R0377_55041025,1.0000000000000002,People Operations,People Operations,Commercial Operations,People Reporting,False
R0377_55041814,R0377_55043375,1.0000000000000002,People Operations,People Operations,People Operations,Commercial Operations,False
R0043_55029506,R0043_55036209,1.0,Wealth Remediation,Wealth Remediation,"Planning, Governance and Capability",Client Restoration,False
R0043_55036209,R0043_55036124,1.0,Wealth Remediation,Wealth Remediation,Client Restoration,Remediation Logistics and Planning,False
R0043_55031288,R0043_55036209,1.0,Wealth Remediation,Wealth Remediation,Quality Assurance Case Assessment,Client Restoration,False
R0043_55036209,R0043_55031288,1.0,Wealth Remediation,Wealth Remediation,Client Restoration,Quality Assurance Case Assessment,False
R0043_55036209,R0043_55034880,1.0,Wealth Remediation,Wealth Remediation,Client Restoration,Methodology & QA,False
R0043_55036209,R0043_55029506,1.0,Wealth Remediation,Wealth Remediation,Client Restoration,"Planning, Governance and Capability",False
R0043_55032860,R0043_55036209,1.0,Wealth Remediation,Wealth Remediation,Operational Excellence,Client Restoration,False
R0043_55036209,R0043_55032860,1.0,Wealth Remediation,Wealth Remediation,Client Restoration,Operational Excellence,False
R0043_55034880,R0043_55036209,1.0,Wealth Remediation,Wealth Remediation,Methodology & QA,Client Restoration,False
R0043_55036250,R0043_55036209,1.0,Wealth Remediation,Wealth Remediation,Logistics Support,Client Restoration,False
R0043_55036209,R0043_55039830,1.0,Wealth Remediation,Wealth Remediation,Client Restoration,Remediation Resolve,False
R0043_55036124,R0043_55036209,1.0,Wealth Remediation,Wealth Remediation,Remediation Logistics and Planning,Client Restoration,False
R0043_55017366,R0043_55036209,1.0,Wealth Remediation,Wealth Remediation,Third Party Engagement,Client Restoration,False
R0043_55039830,R0043_55036209,1.0,Wealth Remediation,Wealth Remediation,Remediation Resolve,Client Restoration,False
R0043_55036209,R0043_55034325,1.0,Wealth Remediation,Wealth Remediation,Client Restoration,Remediation Support Centre,False
R0043_55034325,R0043_55036209,1.0,Wealth Remediation,Wealth Remediation,Remediation Support Centre,Client Restoration,False
R0043_55036209,R0043_55039829,1.0,Wealth Remediation,Wealth Remediation,Client Restoration,RSC Squad - 1,False
R0043_55039829,R0043_55036209,1.0,Wealth Remediation,Wealth Remediation,RSC Squad - 1,Client Restoration,False
R0043_55036209,R0043_55031080,1.0,Wealth Remediation,Wealth Remediation,Client Restoration,RSC Squad - 2,False
R0043_55031080,R0043_55036209,1.0,Wealth Remediation,Wealth Remediation,RSC Squad - 2,Client Restoration,False
R0043_55036209,R0043_55031077,1.0,Wealth Remediation,Wealth Remediation,Client Restoration,RSC Squad - 3,False
R0043_55031077,R0043_55036209,1.0,Wealth Remediation,Wealth Remediation,RSC Squad - 3,Client Restoration,False
R0043_55036209,R0043_55017366,1.0,Wealth Remediation,Wealth Remediation,Client Restoration,Third Party Engagement,False
R0043_55009127,R0043_55036209,1.0,Wealth Remediation,Wealth Remediation,JBWere Remediation,Client Restoration,False
R0043_55036209,R0043_55034335,1.0,Wealth Remediation,Wealth Remediation,Client Restoration,Triage & Investigations,False
R0043_55034335,R0043_55036209,1.0,Wealth Remediation,Wealth Remediation,Triage & Investigations,Client Restoration,False
R0043_55036209,R0043_55036250,1.0,Wealth Remediation,Wealth Remediation,Client Restoration,Logistics Support,False
R0043_55036209,R0043_55037979,1.0,Wealth Remediation,Wealth Remediation,Client Restoration,JBW Remediation Calculations,False
R0043_55036209,R0043_55009127,1.0,Wealth Remediation,Wealth Remediation,Client Restoration,JBWere Remediation,False
R0043_55032863,R0043_55036209,1.0,Wealth Remediation,Wealth Remediation,JBW Remediation File Collection & Liaiso,Client Restoration,False
R0043_55032632,R0043_55036209,1.0,Wealth Remediation,Wealth Remediation,CRI Calcs Team - Jane,Client Restoration,False
R0043_55036209,R0043_55021537,1.0,Wealth Remediation,Wealth Remediation,Client Restoration,CRI Calcs Team - Kate,False
R0043_55021537,R0043_55036209,1.0,Wealth Remediation,Wealth Remediation,CRI Calcs Team - Kate,Client Restoration,False
R0043_55036209,R0043_55041926,1.0,Wealth Remediation,Wealth Remediation,Client Restoration,CRI Remediation,False
R0043_55041926,R0043_55036209,1.0,Wealth Remediation,Wealth Remediation,CRI Remediation,Client Restoration,False
R0043_55036209,R0043_55029012,1.0,Wealth Remediation,Wealth Remediation,Client Restoration,CRI Remediation Data,False
R0043_55029012,R0043_55036209,1.0,Wealth Remediation,Wealth Remediation,CRI Remediation Data,Client Restoration,False
R0043_55036209,R0043_55034882,1.0,Wealth Remediation,Wealth Remediation,Client Restoration,JBW ASF Assessment,False
R0043_55034882,R0043_55036209,1.0,Wealth Remediation,Wealth Remediation,JBW ASF Assessment,Client Restoration,False
R0043_55036209,R0043_55039679,1.0,Wealth Remediation,Wealth Remediation,Client Restoration,JBW CRI Assessment,False
R0043_55039679,R0043_55036209,1.0,Wealth Remediation,Wealth Remediation,JBW CRI Assessment,Client Restoration,False
R0043_55036209,R0043_55032862,1.0,Wealth Remediation,Wealth Remediation,Client Restoration,JBW CRI Remediation Methodology,False
R0043_55032862,R0043_55036209,1.0,Wealth Remediation,Wealth Remediation,JBW CRI Remediation Methodology,Client Restoration,False
R0043_55036209,R0043_55032759,1.0,Wealth Remediation,Wealth Remediation,Client Restoration,JBW Remediation ASF,False
R0043_55032759,R0043_55036209,1.0,Wealth Remediation,Wealth Remediation,JBW Remediation ASF,Client Restoration,False
R0043_55036209,R0043_55037980,1.0,Wealth Remediation,Wealth Remediation,Client Restoration,JBW Remediation Assurance,False
R0043_55037980,R0043_55036209,1.0,Wealth Remediation,Wealth Remediation,JBW Remediation Assurance,Client Restoration,False
R0043_55037979,R0043_55036209,1.0,Wealth Remediation,Wealth Remediation,JBW Remediation Calculations,Client Restoration,False
R0043_55036209,R0043_55027552,1.0,Wealth Remediation,Wealth Remediation,Client Restoration,JBW Remediation Case Construction,False
R0043_55027552,R0043_55036209,1.0,Wealth Remediation,Wealth Remediation,JBW Remediation Case Construction,Client Restoration,False
R0043_55036209,R0043_55034879,1.0,Wealth Remediation,Wealth Remediation,Client Restoration,JBW Remediation Case Construction 2,False
R0043_55034879,R0043_55036209,1.0,Wealth Remediation,Wealth Remediation,JBW Remediation Case Construction 2,Client Restoration,False
R0043_55036209,R0043_55032908,1.0,Wealth Remediation,Wealth Remediation,Client Restoration,JBW Remediation CRI,False
R0043_55032908,R0043_55036209,1.0,Wealth Remediation,Wealth Remediation,JBW Remediation CRI,Client Restoration,False
R0043_55036209,R0043_55039686,1.0,Wealth Remediation,Wealth Remediation,Client Restoration,JBW Remediation Engagement,False
R0043_55039686,R0043_55036209,1.0,Wealth Remediation,Wealth Remediation,JBW Remediation Engagement,Client Restoration,False
R0043_55036209,R0043_55032863,1.0,Wealth Remediation,Wealth Remediation,Client Restoration,JBW Remediation File Collection & Liaiso,False
R0043_55036209,R0043_55031005,1.0,Wealth Remediation,Wealth Remediation,Client Restoration,Wealth Remediation Support Centre,False
R0043_55035181,R0043_55021537,1.0,Wealth Remediation,Wealth Remediation,Competency,CRI Calcs Team - Kate,False
R0043_55031005,R0043_55036209,1.0,Wealth Remediation,Wealth Remediation,Wealth Remediation Support Centre,Client Restoration,False
R0043_55035181,R0043_55032758,1.0,Wealth Remediation,Wealth Remediation,Competency,Complex Executions,False
R0043_55034879,R0043_55035181,1.0,Wealth Remediation,Wealth Remediation,JBW Remediation Case Construction 2,Competency,False
R0043_55035181,R0043_55032908,1.0,Wealth Remediation,Wealth Remediation,Competency,JBW Remediation CRI,False
R0043_55032908,R0043_55035181,1.0,Wealth Remediation,Wealth Remediation,JBW Remediation CRI,Competency,False
R0043_55035181,R0043_55039686,1.0,Wealth Remediation,Wealth Remediation,Competency,JBW Remediation Engagement,False
R0043_55039686,R0043_55035181,1.0,Wealth Remediation,Wealth Remediation,JBW Remediation Engagement,Competency,False
R0043_55035181,R0043_55032863,1.0,Wealth Remediation,Wealth Remediation,Competency,JBW Remediation File Collection & Liaiso,False
R0043_55032863,R0043_55035181,1.0,Wealth Remediation,Wealth Remediation,JBW Remediation File Collection & Liaiso,Competency,False
R0043_55035181,R0043_55009127,1.0,Wealth Remediation,Wealth Remediation,Competency,JBWere Remediation,False
R0043_55009127,R0043_55035181,1.0,Wealth Remediation,Wealth Remediation,JBWere Remediation,Competency,False
R0043_55035181,R0043_55036250,1.0,Wealth Remediation,Wealth Remediation,Competency,Logistics Support,False
R0043_55036250,R0043_55035181,1.0,Wealth Remediation,Wealth Remediation,Logistics Support,Competency,False
R0043_55035181,R0043_55034880,1.0,Wealth Remediation,Wealth Remediation,Competency,Methodology & QA,False
R0043_55034880,R0043_55035181,1.0,Wealth Remediation,Wealth Remediation,Methodology & QA,Competency,False
R0043_55035181,R0043_55032860,1.0,Wealth Remediation,Wealth Remediation,Competency,Operational Excellence,False
R0043_55032860,R0043_55035181,1.0,Wealth Remediation,Wealth Remediation,Operational Excellence,Competency,False
R0043_55035181,R0043_55029506,1.0,Wealth Remediation,Wealth Remediation,Competency,"Planning, Governance and Capability",False
R0043_55029506,R0043_55035181,1.0,Wealth Remediation,Wealth Remediation,"Planning, Governance and Capability",Competency,False
R0043_55035181,R0043_55031288,1.0,Wealth Remediation,Wealth Remediation,Competency,Quality Assurance Case Assessment,False
R0043_55031288,R0043_55035181,1.0,Wealth Remediation,Wealth Remediation,Quality Assurance Case Assessment,Competency,False
R0043_55035181,R0043_55036124,1.0,Wealth Remediation,Wealth Remediation,Competency,Remediation Logistics and Planning,False
R0043_55036124,R0043_55035181,1.0,Wealth Remediation,Wealth Remediation,Remediation Logistics and Planning,Competency,False
R0043_55035181,R0043_55039830,1.0,Wealth Remediation,Wealth Remediation,Competency,Remediation Resolve,False
R0043_55039830,R0043_55035181,1.0,Wealth Remediation,Wealth Remediation,Remediation Resolve,Competency,False
R0043_55035181,R0043_55034325,1.0,Wealth Remediation,Wealth Remediation,Competency,Remediation Support Centre,False
R0043_55036209,R0043_55032632,1.0,Wealth Remediation,Wealth Remediation,Client Restoration,CRI Calcs Team - Jane,False
R0043_55034325,R0043_55035181,1.0,Wealth Remediation,Wealth Remediation,Remediation Support Centre,Competency,False
R0043_55035181,R0043_55039829,1.0,Wealth Remediation,Wealth Remediation,Competency,RSC Squad - 1,False
R0043_55035181,R0043_55034879,1.0,Wealth Remediation,Wealth Remediation,Competency,JBW Remediation Case Construction 2,False
R0043_55027552,R0043_55035181,1.0,Wealth Remediation,Wealth Remediation,JBW Remediation Case Construction,Competency,False
R0043_55035181,R0043_55027552,1.0,Wealth Remediation,Wealth Remediation,Competency,JBW Remediation Case Construction,False
R0043_55035181,R0043_55041926,1.0,Wealth Remediation,Wealth Remediation,Competency,CRI Remediation,False
R0043_55032758,R0043_55035181,1.0,Wealth Remediation,Wealth Remediation,Complex Executions,Competency,False
R0043_55035181,R0043_55039681,1.0,Wealth Remediation,Wealth Remediation,Competency,CRI Assessment Team 1,False
R0043_55039681,R0043_55035181,1.0,Wealth Remediation,Wealth Remediation,CRI Assessment Team 1,Competency,False
R0043_55035181,R0043_55039682,1.0,Wealth Remediation,Wealth Remediation,Competency,CRI Assessment Team 2,False
R0043_55039682,R0043_55035181,1.0,Wealth Remediation,Wealth Remediation,CRI Assessment Team 2,Competency,False
R0043_55035181,R0043_55039683,1.0,Wealth Remediation,Wealth Remediation,Competency,CRI Assessment Team 3,False
R0043_55039683,R0043_55035181,1.0,Wealth Remediation,Wealth Remediation,CRI Assessment Team 3,Competency,False
R0043_55035181,R0043_55039684,1.0,Wealth Remediation,Wealth Remediation,Competency,CRI Assessment Team 4,False
R0043_55039684,R0043_55035181,1.0,Wealth Remediation,Wealth Remediation,CRI Assessment Team 4,Competency,False
R0043_55035181,R0043_55032632,1.0,Wealth Remediation,Wealth Remediation,Competency,CRI Calcs Team - Jane,False
R0043_55032632,R0043_55035181,1.0,Wealth Remediation,Wealth Remediation,CRI Calcs Team - Jane,Competency,False
R0043_55021537,R0043_55035181,1.0,Wealth Remediation,Wealth Remediation,CRI Calcs Team - Kate,Competency,False
R0043_55041926,R0043_55035181,1.0,Wealth Remediation,Wealth Remediation,CRI Remediation,Competency,False
R0043_55037979,R0043_55035181,1.0,Wealth Remediation,Wealth Remediation,JBW Remediation Calculations,Competency,False
R0043_55035181,R0043_55029012,1.0,Wealth Remediation,Wealth Remediation,Competency,CRI Remediation Data,False
R0043_55029012,R0043_55035181,1.0,Wealth Remediation,Wealth Remediation,CRI Remediation Data,Competency,False
R0043_55035181,R0043_55034882,1.0,Wealth Remediation,Wealth Remediation,Competency,JBW ASF Assessment,False
R0043_55034882,R0043_55035181,1.0,Wealth Remediation,Wealth Remediation,JBW ASF Assessment,Competency,False
R0043_55035181,R0043_55039679,1.0,Wealth Remediation,Wealth Remediation,Competency,JBW CRI Assessment,False
R0043_55039679,R0043_55035181,1.0,Wealth Remediation,Wealth Remediation,JBW CRI Assessment,Competency,False
R0043_55035181,R0043_55032862,1.0,Wealth Remediation,Wealth Remediation,Competency,JBW CRI Remediation Methodology,False
R0043_55032862,R0043_55035181,1.0,Wealth Remediation,Wealth Remediation,JBW CRI Remediation Methodology,Competency,False
R0043_55035181,R0043_55032759,1.0,Wealth Remediation,Wealth Remediation,Competency,JBW Remediation ASF,False
R0043_55032759,R0043_55035181,1.0,Wealth Remediation,Wealth Remediation,JBW Remediation ASF,Competency,False
R0043_55035181,R0043_55037980,1.0,Wealth Remediation,Wealth Remediation,Competency,JBW Remediation Assurance,False
R0043_55035181,R0043_55037979,1.0,Wealth Remediation,Wealth Remediation,Competency,JBW Remediation Calculations,False
R0043_55037980,R0043_55035181,1.0,Wealth Remediation,Wealth Remediation,JBW Remediation Assurance,Competency,False
R0043_55032862,R0043_55031083,1.0,Wealth Remediation,Wealth Remediation,JBW CRI Remediation Methodology,Campaign Execution,False
R0043_55039684,R0043_55036209,1.0,Wealth Remediation,Wealth Remediation,CRI Assessment Team 4,Client Restoration,False
R0043_55039682,R0043_55031083,1.0,Wealth Remediation,Wealth Remediation,CRI Assessment Team 2,Campaign Execution,False
R0043_55034335,R0043_55034675,1.0,Wealth Remediation,Wealth Remediation,Triage & Investigations,Business Enablement,False
R0043_55034675,R0043_55031005,1.0,Wealth Remediation,Wealth Remediation,Business Enablement,Wealth Remediation Support Centre,False
R0043_55031005,R0043_55034675,1.0,Wealth Remediation,Wealth Remediation,Wealth Remediation Support Centre,Business Enablement,False
R0043_55031083,R0043_55036209,1.0,Wealth Remediation,Wealth Remediation,Campaign Execution,Client Restoration,False
R0043_55036209,R0043_55031083,1.0,Wealth Remediation,Wealth Remediation,Client Restoration,Campaign Execution,False
R0043_55031083,R0043_55035181,1.0,Wealth Remediation,Wealth Remediation,Campaign Execution,Competency,False
R0043_55035181,R0043_55031083,1.0,Wealth Remediation,Wealth Remediation,Competency,Campaign Execution,False
R0043_55031083,R0043_55032758,1.0,Wealth Remediation,Wealth Remediation,Campaign Execution,Complex Executions,False
R0043_55032758,R0043_55031083,1.0,Wealth Remediation,Wealth Remediation,Complex Executions,Campaign Execution,False
R0043_55031083,R0043_55039681,1.0,Wealth Remediation,Wealth Remediation,Campaign Execution,CRI Assessment Team 1,False
R0043_55039681,R0043_55031083,1.0,Wealth Remediation,Wealth Remediation,CRI Assessment Team 1,Campaign Execution,False
R0043_55031083,R0043_55039682,1.0,Wealth Remediation,Wealth Remediation,Campaign Execution,CRI Assessment Team 2,False
R0043_55031083,R0043_55039683,1.0,Wealth Remediation,Wealth Remediation,Campaign Execution,CRI Assessment Team 3,False
R0043_55017366,R0043_55034675,1.0,Wealth Remediation,Wealth Remediation,Third Party Engagement,Business Enablement,False
R0043_55039683,R0043_55031083,1.0,Wealth Remediation,Wealth Remediation,CRI Assessment Team 3,Campaign Execution,False
R0043_55031083,R0043_55039684,1.0,Wealth Remediation,Wealth Remediation,Campaign Execution,CRI Assessment Team 4,False
R0043_55039684,R0043_55031083,1.0,Wealth Remediation,Wealth Remediation,CRI Assessment Team 4,Campaign Execution,False
R0043_55031083,R0043_55032632,1.0,Wealth Remediation,Wealth Remediation,Campaign Execution,CRI Calcs Team - Jane,False
R0043_55032632,R0043_55031083,1.0,Wealth Remediation,Wealth Remediation,CRI Calcs Team - Jane,Campaign Execution,False
R0043_55031083,R0043_55021537,1.0,Wealth Remediation,Wealth Remediation,Campaign Execution,CRI Calcs Team - Kate,False
R0043_55021537,R0043_55031083,1.0,Wealth Remediation,Wealth Remediation,CRI Calcs Team - Kate,Campaign Execution,False
R0043_55031083,R0043_55041926,1.0,Wealth Remediation,Wealth Remediation,Campaign Execution,CRI Remediation,False
R0043_55041926,R0043_55031083,1.0,Wealth Remediation,Wealth Remediation,CRI Remediation,Campaign Execution,False
R0043_55031083,R0043_55029012,1.0,Wealth Remediation,Wealth Remediation,Campaign Execution,CRI Remediation Data,False
R0043_55029012,R0043_55031083,1.0,Wealth Remediation,Wealth Remediation,CRI Remediation Data,Campaign Execution,False
R0043_55031083,R0043_55034882,1.0,Wealth Remediation,Wealth Remediation,Campaign Execution,JBW ASF Assessment,False
R0043_55034675,R0043_55034335,1.0,Wealth Remediation,Wealth Remediation,Business Enablement,Triage & Investigations,False
R0043_55034675,R0043_55017366,1.0,Wealth Remediation,Wealth Remediation,Business Enablement,Third Party Engagement,False
R0043_55031083,R0043_55039679,1.0,Wealth Remediation,Wealth Remediation,Campaign Execution,JBW CRI Assessment,False
R0043_55029506,R0043_55034675,1.0,Wealth Remediation,Wealth Remediation,"Planning, Governance and Capability",Business Enablement,False
R0043_55034675,R0043_55032863,1.0,Wealth Remediation,Wealth Remediation,Business Enablement,JBW Remediation File Collection & Liaiso,False
R0043_55035181,R0043_55031080,1.0,Wealth Remediation,Wealth Remediation,Competency,RSC Squad - 2,False
R0043_55032863,R0043_55034675,1.0,Wealth Remediation,Wealth Remediation,JBW Remediation File Collection & Liaiso,Business Enablement,False
R0043_55034675,R0043_55009127,1.0,Wealth Remediation,Wealth Remediation,Business Enablement,JBWere Remediation,False
R0043_55009127,R0043_55034675,1.0,Wealth Remediation,Wealth Remediation,JBWere Remediation,Business Enablement,False
R0043_55034675,R0043_55036250,1.0,Wealth Remediation,Wealth Remediation,Business Enablement,Logistics Support,False
R0043_55036250,R0043_55034675,1.0,Wealth Remediation,Wealth Remediation,Logistics Support,Business Enablement,False
R0043_55034675,R0043_55034880,1.0,Wealth Remediation,Wealth Remediation,Business Enablement,Methodology & QA,False
R0043_55034880,R0043_55034675,1.0,Wealth Remediation,Wealth Remediation,Methodology & QA,Business Enablement,False
R0043_55034675,R0043_55032860,1.0,Wealth Remediation,Wealth Remediation,Business Enablement,Operational Excellence,False
R0043_55032860,R0043_55034675,1.0,Wealth Remediation,Wealth Remediation,Operational Excellence,Business Enablement,False
R0043_55034675,R0043_55029506,1.0,Wealth Remediation,Wealth Remediation,Business Enablement,"Planning, Governance and Capability",False
R0043_55034675,R0043_55031288,1.0,Wealth Remediation,Wealth Remediation,Business Enablement,Quality Assurance Case Assessment,False
R0043_55031077,R0043_55034675,1.0,Wealth Remediation,Wealth Remediation,RSC Squad - 3,Business Enablement,False
R0043_55031288,R0043_55034675,1.0,Wealth Remediation,Wealth Remediation,Quality Assurance Case Assessment,Business Enablement,False
R0043_55034675,R0043_55036124,1.0,Wealth Remediation,Wealth Remediation,Business Enablement,Remediation Logistics and Planning,False
R0043_55036124,R0043_55034675,1.0,Wealth Remediation,Wealth Remediation,Remediation Logistics and Planning,Business Enablement,False
R0043_55034675,R0043_55039830,1.0,Wealth Remediation,Wealth Remediation,Business Enablement,Remediation Resolve,False
R0043_55039830,R0043_55034675,1.0,Wealth Remediation,Wealth Remediation,Remediation Resolve,Business Enablement,False
R0043_55034675,R0043_55034325,1.0,Wealth Remediation,Wealth Remediation,Business Enablement,Remediation Support Centre,False
R0043_55034325,R0043_55034675,1.0,Wealth Remediation,Wealth Remediation,Remediation Support Centre,Business Enablement,False
R0043_55034675,R0043_55039829,1.0,Wealth Remediation,Wealth Remediation,Business Enablement,RSC Squad - 1,False
R0043_55039829,R0043_55034675,1.0,Wealth Remediation,Wealth Remediation,RSC Squad - 1,Business Enablement,False
R0043_55034675,R0043_55031080,1.0,Wealth Remediation,Wealth Remediation,Business Enablement,RSC Squad - 2,False
R0043_55031080,R0043_55034675,1.0,Wealth Remediation,Wealth Remediation,RSC Squad - 2,Business Enablement,False
R0043_55034675,R0043_55031077,1.0,Wealth Remediation,Wealth Remediation,Business Enablement,RSC Squad - 3,False
R0043_55034882,R0043_55031083,1.0,Wealth Remediation,Wealth Remediation,JBW ASF Assessment,Campaign Execution,False
R0043_55039679,R0043_55031083,1.0,Wealth Remediation,Wealth Remediation,JBW CRI Assessment,Campaign Execution,False
R0043_55036209,R0043_55039684,1.0,Wealth Remediation,Wealth Remediation,Client Restoration,CRI Assessment Team 4,False
R0043_55031083,R0043_55034335,1.0,Wealth Remediation,Wealth Remediation,Campaign Execution,Triage & Investigations,False
R0043_55031083,R0043_55039830,1.0,Wealth Remediation,Wealth Remediation,Campaign Execution,Remediation Resolve,False
R0043_55039830,R0043_55031083,1.0,Wealth Remediation,Wealth Remediation,Remediation Resolve,Campaign Execution,False
R0043_55031083,R0043_55034325,1.0,Wealth Remediation,Wealth Remediation,Campaign Execution,Remediation Support Centre,False
R0043_55034325,R0043_55031083,1.0,Wealth Remediation,Wealth Remediation,Remediation Support Centre,Campaign Execution,False
R0043_55031083,R0043_55039829,1.0,Wealth Remediation,Wealth Remediation,Campaign Execution,RSC Squad - 1,False
R0043_55039829,R0043_55031083,1.0,Wealth Remediation,Wealth Remediation,RSC Squad - 1,Campaign Execution,False
R0043_55031083,R0043_55031080,1.0,Wealth Remediation,Wealth Remediation,Campaign Execution,RSC Squad - 2,False
R0043_55031080,R0043_55031083,1.0,Wealth Remediation,Wealth Remediation,RSC Squad - 2,Campaign Execution,False
R0043_55031083,R0043_55031077,1.0,Wealth Remediation,Wealth Remediation,Campaign Execution,RSC Squad - 3,False
R0043_55031077,R0043_55031083,1.0,Wealth Remediation,Wealth Remediation,RSC Squad - 3,Campaign Execution,False
R0043_55031083,R0043_55017366,1.0,Wealth Remediation,Wealth Remediation,Campaign Execution,Third Party Engagement,False
R0043_55017366,R0043_55031083,1.0,Wealth Remediation,Wealth Remediation,Third Party Engagement,Campaign Execution,False
R0043_55034335,R0043_55031083,1.0,Wealth Remediation,Wealth Remediation,Triage & Investigations,Campaign Execution,False
R0043_55031083,R0043_55036124,1.0,Wealth Remediation,Wealth Remediation,Campaign Execution,Remediation Logistics and Planning,False
R0043_55031083,R0043_55031005,1.0,Wealth Remediation,Wealth Remediation,Campaign Execution,Wealth Remediation Support Centre,False
R0043_55031005,R0043_55031083,1.0,Wealth Remediation,Wealth Remediation,Wealth Remediation Support Centre,Campaign Execution,False
R0043_55036209,R0043_55035181,1.0,Wealth Remediation,Wealth Remediation,Client Restoration,Competency,False
R0043_55035181,R0043_55036209,1.0,Wealth Remediation,Wealth Remediation,Competency,Client Restoration,False
R0043_55036209,R0043_55032758,1.0,Wealth Remediation,Wealth Remediation,Client Restoration,Complex Executions,False
R0043_55032758,R0043_55036209,1.0,Wealth Remediation,Wealth Remediation,Complex Executions,Client Restoration,False
R0043_55036209,R0043_55039681,1.0,Wealth Remediation,Wealth Remediation,Client Restoration,CRI Assessment Team 1,False
R0043_55039681,R0043_55036209,1.0,Wealth Remediation,Wealth Remediation,CRI Assessment Team 1,Client Restoration,False
R0043_55036209,R0043_55039682,1.0,Wealth Remediation,Wealth Remediation,Client Restoration,CRI Assessment Team 2,False
R0043_55039682,R0043_55036209,1.0,Wealth Remediation,Wealth Remediation,CRI Assessment Team 2,Client Restoration,False
R0043_55036209,R0043_55039683,1.0,Wealth Remediation,Wealth Remediation,Client Restoration,CRI Assessment Team 3,False
R0043_55039683,R0043_55036209,1.0,Wealth Remediation,Wealth Remediation,CRI Assessment Team 3,Client Restoration,False
R0043_55036124,R0043_55031083,1.0,Wealth Remediation,Wealth Remediation,Remediation Logistics and Planning,Campaign Execution,False
R0043_55031288,R0043_55031083,1.0,Wealth Remediation,Wealth Remediation,Quality Assurance Case Assessment,Campaign Execution,False
R0043_55031083,R0043_55032862,1.0,Wealth Remediation,Wealth Remediation,Campaign Execution,JBW CRI Remediation Methodology,False
R0043_55031083,R0043_55039686,1.0,Wealth Remediation,Wealth Remediation,Campaign Execution,JBW Remediation Engagement,False
R0043_55031083,R0043_55032759,1.0,Wealth Remediation,Wealth Remediation,Campaign Execution,JBW Remediation ASF,False
R0043_55032759,R0043_55031083,1.0,Wealth Remediation,Wealth Remediation,JBW Remediation ASF,Campaign Execution,False
R0043_55031083,R0043_55037980,1.0,Wealth Remediation,Wealth Remediation,Campaign Execution,JBW Remediation Assurance,False
R0043_55037980,R0043_55031083,1.0,Wealth Remediation,Wealth Remediation,JBW Remediation Assurance,Campaign Execution,False
R0043_55031083,R0043_55037979,1.0,Wealth Remediation,Wealth Remediation,Campaign Execution,JBW Remediation Calculations,False
R0043_55037979,R0043_55031083,1.0,Wealth Remediation,Wealth Remediation,JBW Remediation Calculations,Campaign Execution,False
R0043_55031083,R0043_55027552,1.0,Wealth Remediation,Wealth Remediation,Campaign Execution,JBW Remediation Case Construction,False
R0043_55027552,R0043_55031083,1.0,Wealth Remediation,Wealth Remediation,JBW Remediation Case Construction,Campaign Execution,False
R0043_55031083,R0043_55034879,1.0,Wealth Remediation,Wealth Remediation,Campaign Execution,JBW Remediation Case Construction 2,False
R0043_55034879,R0043_55031083,1.0,Wealth Remediation,Wealth Remediation,JBW Remediation Case Construction 2,Campaign Execution,False
R0043_55031083,R0043_55032908,1.0,Wealth Remediation,Wealth Remediation,Campaign Execution,JBW Remediation CRI,False
R0043_55032908,R0043_55031083,1.0,Wealth Remediation,Wealth Remediation,JBW Remediation CRI,Campaign Execution,False
R0043_55039686,R0043_55031083,1.0,Wealth Remediation,Wealth Remediation,JBW Remediation Engagement,Campaign Execution,False
R0043_55031083,R0043_55031288,1.0,Wealth Remediation,Wealth Remediation,Campaign Execution,Quality Assurance Case Assessment,False
R0043_55031083,R0043_55032863,1.0,Wealth Remediation,Wealth Remediation,Campaign Execution,JBW Remediation File Collection & Liaiso,False
R0043_55032863,R0043_55031083,1.0,Wealth Remediation,Wealth Remediation,JBW Remediation File Collection & Liaiso,Campaign Execution,False
R0043_55031083,R0043_55009127,1.0,Wealth Remediation,Wealth Remediation,Campaign Execution,JBWere Remediation,False
R0043_55009127,R0043_55031083,1.0,Wealth Remediation,Wealth Remediation,JBWere Remediation,Campaign Execution,False
R0043_55031083,R0043_55036250,1.0,Wealth Remediation,Wealth Remediation,Campaign Execution,Logistics Support,False
R0043_55036250,R0043_55031083,1.0,Wealth Remediation,Wealth Remediation,Logistics Support,Campaign Execution,False
R0043_55031083,R0043_55034880,1.0,Wealth Remediation,Wealth Remediation,Campaign Execution,Methodology & QA,False
R0043_55034880,R0043_55031083,1.0,Wealth Remediation,Wealth Remediation,Methodology & QA,Campaign Execution,False
R0043_55031083,R0043_55032860,1.0,Wealth Remediation,Wealth Remediation,Campaign Execution,Operational Excellence,False
R0043_55032860,R0043_55031083,1.0,Wealth Remediation,Wealth Remediation,Operational Excellence,Campaign Execution,False
R0043_55031083,R0043_55029506,1.0,Wealth Remediation,Wealth Remediation,Campaign Execution,"Planning, Governance and Capability",False
R0043_55029506,R0043_55031083,1.0,Wealth Remediation,Wealth Remediation,"Planning, Governance and Capability",Campaign Execution,False
R0043_55039829,R0043_55035181,1.0,Wealth Remediation,Wealth Remediation,RSC Squad - 1,Competency,False
R0043_55039681,R0043_55029506,1.0,Wealth Remediation,Wealth Remediation,CRI Assessment Team 1,"Planning, Governance and Capability",False
R0043_55031080,R0043_55035181,1.0,Wealth Remediation,Wealth Remediation,RSC Squad - 2,Competency,False
R0043_55035181,R0043_55031077,1.0,Wealth Remediation,Wealth Remediation,Competency,RSC Squad - 3,False
R0043_55039682,R0043_55029012,1.0,Wealth Remediation,Wealth Remediation,CRI Assessment Team 2,CRI Remediation Data,False
R0043_55029012,R0043_55039682,1.0,Wealth Remediation,Wealth Remediation,CRI Remediation Data,CRI Assessment Team 2,False
R0043_55039682,R0043_55034882,1.0,Wealth Remediation,Wealth Remediation,CRI Assessment Team 2,JBW ASF Assessment,False
R0043_55034882,R0043_55039682,1.0,Wealth Remediation,Wealth Remediation,JBW ASF Assessment,CRI Assessment Team 2,False
R0043_55039682,R0043_55039679,1.0,Wealth Remediation,Wealth Remediation,CRI Assessment Team 2,JBW CRI Assessment,False
R0043_55039679,R0043_55039682,1.0,Wealth Remediation,Wealth Remediation,JBW CRI Assessment,CRI Assessment Team 2,False
R0043_55039682,R0043_55032862,1.0,Wealth Remediation,Wealth Remediation,CRI Assessment Team 2,JBW CRI Remediation Methodology,False
R0043_55032862,R0043_55039682,1.0,Wealth Remediation,Wealth Remediation,JBW CRI Remediation Methodology,CRI Assessment Team 2,False
R0043_55039682,R0043_55032759,1.0,Wealth Remediation,Wealth Remediation,CRI Assessment Team 2,JBW Remediation ASF,False
R0043_55032759,R0043_55039682,1.0,Wealth Remediation,Wealth Remediation,JBW Remediation ASF,CRI Assessment Team 2,False
R0043_55039682,R0043_55037980,1.0,Wealth Remediation,Wealth Remediation,CRI Assessment Team 2,JBW Remediation Assurance,False
R0043_55037980,R0043_55039682,1.0,Wealth Remediation,Wealth Remediation,JBW Remediation Assurance,CRI Assessment Team 2,False
R0043_55039682,R0043_55037979,1.0,Wealth Remediation,Wealth Remediation,CRI Assessment Team 2,JBW Remediation Calculations,False
R0043_55037979,R0043_55039682,1.0,Wealth Remediation,Wealth Remediation,JBW Remediation Calculations,CRI Assessment Team 2,False
R0043_55039682,R0043_55027552,1.0,Wealth Remediation,Wealth Remediation,CRI Assessment Team 2,JBW Remediation Case Construction,False
R0043_55027552,R0043_55039682,1.0,Wealth Remediation,Wealth Remediation,JBW Remediation Case Construction,CRI Assessment Team 2,False
R0043_55039682,R0043_55034879,1.0,Wealth Remediation,Wealth Remediation,CRI Assessment Team 2,JBW Remediation Case Construction 2,False
R0043_55034879,R0043_55039682,1.0,Wealth Remediation,Wealth Remediation,JBW Remediation Case Construction 2,CRI Assessment Team 2,False
R0043_55039682,R0043_55032908,1.0,Wealth Remediation,Wealth Remediation,CRI Assessment Team 2,JBW Remediation CRI,False
R0043_55032908,R0043_55039682,1.0,Wealth Remediation,Wealth Remediation,JBW Remediation CRI,CRI Assessment Team 2,False
R0043_55039682,R0043_55039686,1.0,Wealth Remediation,Wealth Remediation,CRI Assessment Team 2,JBW Remediation Engagement,False
R0043_55039686,R0043_55039682,1.0,Wealth Remediation,Wealth Remediation,JBW Remediation Engagement,CRI Assessment Team 2,False
R0043_55039682,R0043_55032863,1.0,Wealth Remediation,Wealth Remediation,CRI Assessment Team 2,JBW Remediation File Collection & Liaiso,False
R0043_55032863,R0043_55039682,1.0,Wealth Remediation,Wealth Remediation,JBW Remediation File Collection & Liaiso,CRI Assessment Team 2,False
R0043_55039682,R0043_55009127,1.0,Wealth Remediation,Wealth Remediation,CRI Assessment Team 2,JBWere Remediation,False
R0043_55009127,R0043_55039682,1.0,Wealth Remediation,Wealth Remediation,JBWere Remediation,CRI Assessment Team 2,False
R0043_55039682,R0043_55036250,1.0,Wealth Remediation,Wealth Remediation,CRI Assessment Team 2,Logistics Support,False
R0043_55041926,R0043_55039682,1.0,Wealth Remediation,Wealth Remediation,CRI Remediation,CRI Assessment Team 2,False
R0043_55039682,R0043_55041926,1.0,Wealth Remediation,Wealth Remediation,CRI Assessment Team 2,CRI Remediation,False
R0043_55021537,R0043_55039682,1.0,Wealth Remediation,Wealth Remediation,CRI Calcs Team - Kate,CRI Assessment Team 2,False
R0043_55039681,R0043_55031077,1.0,Wealth Remediation,Wealth Remediation,CRI Assessment Team 1,RSC Squad - 3,False
R0043_55039681,R0043_55031288,1.0,Wealth Remediation,Wealth Remediation,CRI Assessment Team 1,Quality Assurance Case Assessment,False
R0043_55031288,R0043_55039681,1.0,Wealth Remediation,Wealth Remediation,Quality Assurance Case Assessment,CRI Assessment Team 1,False
R0043_55039681,R0043_55036124,1.0,Wealth Remediation,Wealth Remediation,CRI Assessment Team 1,Remediation Logistics and Planning,False
R0043_55036124,R0043_55039681,1.0,Wealth Remediation,Wealth Remediation,Remediation Logistics and Planning,CRI Assessment Team 1,False
R0043_55039681,R0043_55039830,1.0,Wealth Remediation,Wealth Remediation,CRI Assessment Team 1,Remediation Resolve,False
R0043_55039830,R0043_55039681,1.0,Wealth Remediation,Wealth Remediation,Remediation Resolve,CRI Assessment Team 1,False
R0043_55039681,R0043_55034325,1.0,Wealth Remediation,Wealth Remediation,CRI Assessment Team 1,Remediation Support Centre,False
R0043_55034325,R0043_55039681,1.0,Wealth Remediation,Wealth Remediation,Remediation Support Centre,CRI Assessment Team 1,False
R0043_55039681,R0043_55039829,1.0,Wealth Remediation,Wealth Remediation,CRI Assessment Team 1,RSC Squad - 1,False
R0043_55039829,R0043_55039681,1.0,Wealth Remediation,Wealth Remediation,RSC Squad - 1,CRI Assessment Team 1,False
R0043_55039681,R0043_55031080,1.0,Wealth Remediation,Wealth Remediation,CRI Assessment Team 1,RSC Squad - 2,False
R0043_55031080,R0043_55039681,1.0,Wealth Remediation,Wealth Remediation,RSC Squad - 2,CRI Assessment Team 1,False
R0043_55031077,R0043_55039681,1.0,Wealth Remediation,Wealth Remediation,RSC Squad - 3,CRI Assessment Team 1,False
R0043_55039682,R0043_55021537,1.0,Wealth Remediation,Wealth Remediation,CRI Assessment Team 2,CRI Calcs Team - Kate,False
R0043_55039681,R0043_55017366,1.0,Wealth Remediation,Wealth Remediation,CRI Assessment Team 1,Third Party Engagement,False
R0043_55017366,R0043_55039681,1.0,Wealth Remediation,Wealth Remediation,Third Party Engagement,CRI Assessment Team 1,False
R0043_55039681,R0043_55034335,1.0,Wealth Remediation,Wealth Remediation,CRI Assessment Team 1,Triage & Investigations,False
R0043_55034335,R0043_55039681,1.0,Wealth Remediation,Wealth Remediation,Triage & Investigations,CRI Assessment Team 1,False
R0043_55039681,R0043_55031005,1.0,Wealth Remediation,Wealth Remediation,CRI Assessment Team 1,Wealth Remediation Support Centre,False
R0043_55031005,R0043_55039681,1.0,Wealth Remediation,Wealth Remediation,Wealth Remediation Support Centre,CRI Assessment Team 1,False
R0043_55039682,R0043_55039683,1.0,Wealth Remediation,Wealth Remediation,CRI Assessment Team 2,CRI Assessment Team 3,False
R0043_55039683,R0043_55039682,1.0,Wealth Remediation,Wealth Remediation,CRI Assessment Team 3,CRI Assessment Team 2,False
R0043_55039682,R0043_55039684,1.0,Wealth Remediation,Wealth Remediation,CRI Assessment Team 2,CRI Assessment Team 4,False
R0043_55039684,R0043_55039682,1.0,Wealth Remediation,Wealth Remediation,CRI Assessment Team 4,CRI Assessment Team 2,False
R0043_55039682,R0043_55032632,1.0,Wealth Remediation,Wealth Remediation,CRI Assessment Team 2,CRI Calcs Team - Jane,False
R0043_55032632,R0043_55039682,1.0,Wealth Remediation,Wealth Remediation,CRI Calcs Team - Jane,CRI Assessment Team 2,False
R0043_55036250,R0043_55039682,1.0,Wealth Remediation,Wealth Remediation,Logistics Support,CRI Assessment Team 2,False
R0043_55039682,R0043_55034880,1.0,Wealth Remediation,Wealth Remediation,CRI Assessment Team 2,Methodology & QA,False
R0043_55034880,R0043_55039682,1.0,Wealth Remediation,Wealth Remediation,Methodology & QA,CRI Assessment Team 2,False
R0043_55037980,R0043_55039683,1.0,Wealth Remediation,Wealth Remediation,JBW Remediation Assurance,CRI Assessment Team 3,False
R0043_55041926,R0043_55039683,1.0,Wealth Remediation,Wealth Remediation,CRI Remediation,CRI Assessment Team 3,False
R0043_55039683,R0043_55029012,1.0,Wealth Remediation,Wealth Remediation,CRI Assessment Team 3,CRI Remediation Data,False
R0043_55029012,R0043_55039683,1.0,Wealth Remediation,Wealth Remediation,CRI Remediation Data,CRI Assessment Team 3,False
R0043_55039683,R0043_55034882,1.0,Wealth Remediation,Wealth Remediation,CRI Assessment Team 3,JBW ASF Assessment,False
R0043_55034882,R0043_55039683,1.0,Wealth Remediation,Wealth Remediation,JBW ASF Assessment,CRI Assessment Team 3,False
R0043_55039683,R0043_55039679,1.0,Wealth Remediation,Wealth Remediation,CRI Assessment Team 3,JBW CRI Assessment,False
R0043_55039679,R0043_55039683,1.0,Wealth Remediation,Wealth Remediation,JBW CRI Assessment,CRI Assessment Team 3,False
R0043_55039683,R0043_55032862,1.0,Wealth Remediation,Wealth Remediation,CRI Assessment Team 3,JBW CRI Remediation Methodology,False
R0043_55032862,R0043_55039683,1.0,Wealth Remediation,Wealth Remediation,JBW CRI Remediation Methodology,CRI Assessment Team 3,False
R0043_55039683,R0043_55032759,1.0,Wealth Remediation,Wealth Remediation,CRI Assessment Team 3,JBW Remediation ASF,False
R0043_55032759,R0043_55039683,1.0,Wealth Remediation,Wealth Remediation,JBW Remediation ASF,CRI Assessment Team 3,False
R0043_55039683,R0043_55037980,1.0,Wealth Remediation,Wealth Remediation,CRI Assessment Team 3,JBW Remediation Assurance,False
R0043_55039683,R0043_55037979,1.0,Wealth Remediation,Wealth Remediation,CRI Assessment Team 3,JBW Remediation Calculations,False
R0043_55021537,R0043_55039683,1.0,Wealth Remediation,Wealth Remediation,CRI Calcs Team - Kate,CRI Assessment Team 3,False
R0043_55037979,R0043_55039683,1.0,Wealth Remediation,Wealth Remediation,JBW Remediation Calculations,CRI Assessment Team 3,False
R0043_55039683,R0043_55027552,1.0,Wealth Remediation,Wealth Remediation,CRI Assessment Team 3,JBW Remediation Case Construction,False
R0043_55027552,R0043_55039683,1.0,Wealth Remediation,Wealth Remediation,JBW Remediation Case Construction,CRI Assessment Team 3,False
R0043_55039683,R0043_55034879,1.0,Wealth Remediation,Wealth Remediation,CRI Assessment Team 3,JBW Remediation Case Construction 2,False
R0043_55034879,R0043_55039683,1.0,Wealth Remediation,Wealth Remediation,JBW Remediation Case Construction 2,CRI Assessment Team 3,False
R0043_55039683,R0043_55032908,1.0,Wealth Remediation,Wealth Remediation,CRI Assessment Team 3,JBW Remediation CRI,False
R0043_55032908,R0043_55039683,1.0,Wealth Remediation,Wealth Remediation,JBW Remediation CRI,CRI Assessment Team 3,False
R0043_55039683,R0043_55039686,1.0,Wealth Remediation,Wealth Remediation,CRI Assessment Team 3,JBW Remediation Engagement,False
R0043_55039686,R0043_55039683,1.0,Wealth Remediation,Wealth Remediation,JBW Remediation Engagement,CRI Assessment Team 3,False
R0043_55039683,R0043_55032863,1.0,Wealth Remediation,Wealth Remediation,CRI Assessment Team 3,JBW Remediation File Collection & Liaiso,False
R0043_55032863,R0043_55039683,1.0,Wealth Remediation,Wealth Remediation,JBW Remediation File Collection & Liaiso,CRI Assessment Team 3,False
R0043_55034675,R0043_55039686,1.0,Wealth Remediation,Wealth Remediation,Business Enablement,JBW Remediation Engagement,False
R0043_55039683,R0043_55041926,1.0,Wealth Remediation,Wealth Remediation,CRI Assessment Team 3,CRI Remediation,False
R0043_55039683,R0043_55021537,1.0,Wealth Remediation,Wealth Remediation,CRI Assessment Team 3,CRI Calcs Team - Kate,False
R0043_55039682,R0043_55032860,1.0,Wealth Remediation,Wealth Remediation,CRI Assessment Team 2,Operational Excellence,False
R0043_55039829,R0043_55039682,1.0,Wealth Remediation,Wealth Remediation,RSC Squad - 1,CRI Assessment Team 2,False
R0043_55032860,R0043_55039682,1.0,Wealth Remediation,Wealth Remediation,Operational Excellence,CRI Assessment Team 2,False
R0043_55039682,R0043_55029506,1.0,Wealth Remediation,Wealth Remediation,CRI Assessment Team 2,"Planning, Governance and Capability",False
R0043_55029506,R0043_55039682,1.0,Wealth Remediation,Wealth Remediation,"Planning, Governance and Capability",CRI Assessment Team 2,False
R0043_55039682,R0043_55031288,1.0,Wealth Remediation,Wealth Remediation,CRI Assessment Team 2,Quality Assurance Case Assessment,False
R0043_55031288,R0043_55039682,1.0,Wealth Remediation,Wealth Remediation,Quality Assurance Case Assessment,CRI Assessment Team 2,False
R0043_55039682,R0043_55036124,1.0,Wealth Remediation,Wealth Remediation,CRI Assessment Team 2,Remediation Logistics and Planning,False
R0043_55036124,R0043_55039682,1.0,Wealth Remediation,Wealth Remediation,Remediation Logistics and Planning,CRI Assessment Team 2,False
R0043_55039682,R0043_55039830,1.0,Wealth Remediation,Wealth Remediation,CRI Assessment Team 2,Remediation Resolve,False
R0043_55039830,R0043_55039682,1.0,Wealth Remediation,Wealth Remediation,Remediation Resolve,CRI Assessment Team 2,False
R0043_55039682,R0043_55034325,1.0,Wealth Remediation,Wealth Remediation,CRI Assessment Team 2,Remediation Support Centre,False
R0043_55034325,R0043_55039682,1.0,Wealth Remediation,Wealth Remediation,Remediation Support Centre,CRI Assessment Team 2,False
R0043_55039682,R0043_55039829,1.0,Wealth Remediation,Wealth Remediation,CRI Assessment Team 2,RSC Squad - 1,False
R0043_55039682,R0043_55031080,1.0,Wealth Remediation,Wealth Remediation,CRI Assessment Team 2,RSC Squad - 2,False
R0043_55032632,R0043_55039683,1.0,Wealth Remediation,Wealth Remediation,CRI Calcs Team - Jane,CRI Assessment Team 3,False
R0043_55031080,R0043_55039682,1.0,Wealth Remediation,Wealth Remediation,RSC Squad - 2,CRI Assessment Team 2,False
R0043_55039682,R0043_55031077,1.0,Wealth Remediation,Wealth Remediation,CRI Assessment Team 2,RSC Squad - 3,False
R0043_55031077,R0043_55039682,1.0,Wealth Remediation,Wealth Remediation,RSC Squad - 3,CRI Assessment Team 2,False
R0043_55039682,R0043_55017366,1.0,Wealth Remediation,Wealth Remediation,CRI Assessment Team 2,Third Party Engagement,False
R0043_55017366,R0043_55039682,1.0,Wealth Remediation,Wealth Remediation,Third Party Engagement,CRI Assessment Team 2,False
R0043_55039682,R0043_55034335,1.0,Wealth Remediation,Wealth Remediation,CRI Assessment Team 2,Triage & Investigations,False
R0043_55034335,R0043_55039682,1.0,Wealth Remediation,Wealth Remediation,Triage & Investigations,CRI Assessment Team 2,False
R0043_55039682,R0043_55031005,1.0,Wealth Remediation,Wealth Remediation,CRI Assessment Team 2,Wealth Remediation Support Centre,False
R0043_55031005,R0043_55039682,1.0,Wealth Remediation,Wealth Remediation,Wealth Remediation Support Centre,CRI Assessment Team 2,False
R0043_55039683,R0043_55039684,1.0,Wealth Remediation,Wealth Remediation,CRI Assessment Team 3,CRI Assessment Team 4,False
R0043_55039684,R0043_55039683,1.0,Wealth Remediation,Wealth Remediation,CRI Assessment Team 4,CRI Assessment Team 3,False
R0043_55039683,R0043_55032632,1.0,Wealth Remediation,Wealth Remediation,CRI Assessment Team 3,CRI Calcs Team - Jane,False
R0043_55029506,R0043_55039681,1.0,Wealth Remediation,Wealth Remediation,"Planning, Governance and Capability",CRI Assessment Team 1,False
R0043_55032860,R0043_55039681,1.0,Wealth Remediation,Wealth Remediation,Operational Excellence,CRI Assessment Team 1,False
R0043_55039681,R0043_55032860,1.0,Wealth Remediation,Wealth Remediation,CRI Assessment Team 1,Operational Excellence,False
R0043_55039686,R0043_55032758,1.0,Wealth Remediation,Wealth Remediation,JBW Remediation Engagement,Complex Executions,False
R0043_55032759,R0043_55032758,1.0,Wealth Remediation,Wealth Remediation,JBW Remediation ASF,Complex Executions,False
R0043_55032758,R0043_55037980,1.0,Wealth Remediation,Wealth Remediation,Complex Executions,JBW Remediation Assurance,False
R0043_55037980,R0043_55032758,1.0,Wealth Remediation,Wealth Remediation,JBW Remediation Assurance,Complex Executions,False
R0043_55032758,R0043_55037979,1.0,Wealth Remediation,Wealth Remediation,Complex Executions,JBW Remediation Calculations,False
R0043_55037979,R0043_55032758,1.0,Wealth Remediation,Wealth Remediation,JBW Remediation Calculations,Complex Executions,False
R0043_55032758,R0043_55027552,1.0,Wealth Remediation,Wealth Remediation,Complex Executions,JBW Remediation Case Construction,False
R0043_55027552,R0043_55032758,1.0,Wealth Remediation,Wealth Remediation,JBW Remediation Case Construction,Complex Executions,False
R0043_55032758,R0043_55034879,1.0,Wealth Remediation,Wealth Remediation,Complex Executions,JBW Remediation Case Construction 2,False
R0043_55034879,R0043_55032758,1.0,Wealth Remediation,Wealth Remediation,JBW Remediation Case Construction 2,Complex Executions,False
R0043_55032758,R0043_55032908,1.0,Wealth Remediation,Wealth Remediation,Complex Executions,JBW Remediation CRI,False
R0043_55032908,R0043_55032758,1.0,Wealth Remediation,Wealth Remediation,JBW Remediation CRI,Complex Executions,False
R0043_55032758,R0043_55039686,1.0,Wealth Remediation,Wealth Remediation,Complex Executions,JBW Remediation Engagement,False
R0043_55032758,R0043_55032863,1.0,Wealth Remediation,Wealth Remediation,Complex Executions,JBW Remediation File Collection & Liaiso,False
R0043_55032862,R0043_55032758,1.0,Wealth Remediation,Wealth Remediation,JBW CRI Remediation Methodology,Complex Executions,False
R0043_55032863,R0043_55032758,1.0,Wealth Remediation,Wealth Remediation,JBW Remediation File Collection & Liaiso,Complex Executions,False
R0043_55032758,R0043_55009127,1.0,Wealth Remediation,Wealth Remediation,Complex Executions,JBWere Remediation,False
R0043_55009127,R0043_55032758,1.0,Wealth Remediation,Wealth Remediation,JBWere Remediation,Complex Executions,False
R0043_55032758,R0043_55036250,1.0,Wealth Remediation,Wealth Remediation,Complex Executions,Logistics Support,False
R0043_55036250,R0043_55032758,1.0,Wealth Remediation,Wealth Remediation,Logistics Support,Complex Executions,False
R0043_55032758,R0043_55034880,1.0,Wealth Remediation,Wealth Remediation,Complex Executions,Methodology & QA,False
R0043_55034880,R0043_55032758,1.0,Wealth Remediation,Wealth Remediation,Methodology & QA,Complex Executions,False
R0043_55032758,R0043_55032860,1.0,Wealth Remediation,Wealth Remediation,Complex Executions,Operational Excellence,False
R0043_55032860,R0043_55032758,1.0,Wealth Remediation,Wealth Remediation,Operational Excellence,Complex Executions,False
R0043_55032758,R0043_55029506,1.0,Wealth Remediation,Wealth Remediation,Complex Executions,"Planning, Governance and Capability",False
R0043_55029506,R0043_55032758,1.0,Wealth Remediation,Wealth Remediation,"Planning, Governance and Capability",Complex Executions,False
R0043_55032758,R0043_55031288,1.0,Wealth Remediation,Wealth Remediation,Complex Executions,Quality Assurance Case Assessment,False
R0043_55032758,R0043_55032759,1.0,Wealth Remediation,Wealth Remediation,Complex Executions,JBW Remediation ASF,False
R0043_55032758,R0043_55032862,1.0,Wealth Remediation,Wealth Remediation,Complex Executions,JBW CRI Remediation Methodology,False
R0043_55032758,R0043_55036124,1.0,Wealth Remediation,Wealth Remediation,Complex Executions,Remediation Logistics and Planning,False
R0043_55039683,R0043_55032758,1.0,Wealth Remediation,Wealth Remediation,CRI Assessment Team 3,Complex Executions,False
R0043_55031077,R0043_55035181,1.0,Wealth Remediation,Wealth Remediation,RSC Squad - 3,Competency,False
R0043_55035181,R0043_55017366,1.0,Wealth Remediation,Wealth Remediation,Competency,Third Party Engagement,False
R0043_55017366,R0043_55035181,1.0,Wealth Remediation,Wealth Remediation,Third Party Engagement,Competency,False
R0043_55035181,R0043_55034335,1.0,Wealth Remediation,Wealth Remediation,Competency,Triage & Investigations,False
R0043_55034335,R0043_55035181,1.0,Wealth Remediation,Wealth Remediation,Triage & Investigations,Competency,False
R0043_55035181,R0043_55031005,1.0,Wealth Remediation,Wealth Remediation,Competency,Wealth Remediation Support Centre,False
R0043_55031005,R0043_55035181,1.0,Wealth Remediation,Wealth Remediation,Wealth Remediation Support Centre,Competency,False
R0043_55032758,R0043_55039681,1.0,Wealth Remediation,Wealth Remediation,Complex Executions,CRI Assessment Team 1,False
R0043_55039681,R0043_55032758,1.0,Wealth Remediation,Wealth Remediation,CRI Assessment Team 1,Complex Executions,False
R0043_55032758,R0043_55039682,1.0,Wealth Remediation,Wealth Remediation,Complex Executions,CRI Assessment Team 2,False
R0043_55039682,R0043_55032758,1.0,Wealth Remediation,Wealth Remediation,CRI Assessment Team 2,Complex Executions,False
R0043_55032758,R0043_55039683,1.0,Wealth Remediation,Wealth Remediation,Complex Executions,CRI Assessment Team 3,False
R0043_55032758,R0043_55039684,1.0,Wealth Remediation,Wealth Remediation,Complex Executions,CRI Assessment Team 4,False
R0043_55039679,R0043_55032758,1.0,Wealth Remediation,Wealth Remediation,JBW CRI Assessment,Complex Executions,False
R0043_55039684,R0043_55032758,1.0,Wealth Remediation,Wealth Remediation,CRI Assessment Team 4,Complex Executions,False
R0043_55032758,R0043_55032632,1.0,Wealth Remediation,Wealth Remediation,Complex Executions,CRI Calcs Team - Jane,False
R0043_55032632,R0043_55032758,1.0,Wealth Remediation,Wealth Remediation,CRI Calcs Team - Jane,Complex Executions,False
R0043_55032758,R0043_55021537,1.0,Wealth Remediation,Wealth Remediation,Complex Executions,CRI Calcs Team - Kate,False
R0043_55021537,R0043_55032758,1.0,Wealth Remediation,Wealth Remediation,CRI Calcs Team - Kate,Complex Executions,False
R0043_55032758,R0043_55041926,1.0,Wealth Remediation,Wealth Remediation,Complex Executions,CRI Remediation,False
R0043_55041926,R0043_55032758,1.0,Wealth Remediation,Wealth Remediation,CRI Remediation,Complex Executions,False
R0043_55032758,R0043_55029012,1.0,Wealth Remediation,Wealth Remediation,Complex Executions,CRI Remediation Data,False
R0043_55029012,R0043_55032758,1.0,Wealth Remediation,Wealth Remediation,CRI Remediation Data,Complex Executions,False
R0043_55032758,R0043_55034882,1.0,Wealth Remediation,Wealth Remediation,Complex Executions,JBW ASF Assessment,False
R0043_55034882,R0043_55032758,1.0,Wealth Remediation,Wealth Remediation,JBW ASF Assessment,Complex Executions,False
R0043_55032758,R0043_55039679,1.0,Wealth Remediation,Wealth Remediation,Complex Executions,JBW CRI Assessment,False
R0043_55031288,R0043_55032758,1.0,Wealth Remediation,Wealth Remediation,Quality Assurance Case Assessment,Complex Executions,False
R0043_55036124,R0043_55032758,1.0,Wealth Remediation,Wealth Remediation,Remediation Logistics and Planning,Complex Executions,False
R0043_55034880,R0043_55039681,1.0,Wealth Remediation,Wealth Remediation,Methodology & QA,CRI Assessment Team 1,False
R0043_55027552,R0043_55039681,1.0,Wealth Remediation,Wealth Remediation,JBW Remediation Case Construction,CRI Assessment Team 1,False
R0043_55034882,R0043_55039681,1.0,Wealth Remediation,Wealth Remediation,JBW ASF Assessment,CRI Assessment Team 1,False
R0043_55039681,R0043_55039679,1.0,Wealth Remediation,Wealth Remediation,CRI Assessment Team 1,JBW CRI Assessment,False
R0043_55039679,R0043_55039681,1.0,Wealth Remediation,Wealth Remediation,JBW CRI Assessment,CRI Assessment Team 1,False
R0043_55039681,R0043_55032862,1.0,Wealth Remediation,Wealth Remediation,CRI Assessment Team 1,JBW CRI Remediation Methodology,False
R0043_55032862,R0043_55039681,1.0,Wealth Remediation,Wealth Remediation,JBW CRI Remediation Methodology,CRI Assessment Team 1,False
R0043_55039681,R0043_55032759,1.0,Wealth Remediation,Wealth Remediation,CRI Assessment Team 1,JBW Remediation ASF,False
R0043_55032759,R0043_55039681,1.0,Wealth Remediation,Wealth Remediation,JBW Remediation ASF,CRI Assessment Team 1,False
R0043_55039681,R0043_55037980,1.0,Wealth Remediation,Wealth Remediation,CRI Assessment Team 1,JBW Remediation Assurance,False
R0043_55037980,R0043_55039681,1.0,Wealth Remediation,Wealth Remediation,JBW Remediation Assurance,CRI Assessment Team 1,False
R0043_55039681,R0043_55037979,1.0,Wealth Remediation,Wealth Remediation,CRI Assessment Team 1,JBW Remediation Calculations,False
R0043_55037979,R0043_55039681,1.0,Wealth Remediation,Wealth Remediation,JBW Remediation Calculations,CRI Assessment Team 1,False
R0043_55039681,R0043_55027552,1.0,Wealth Remediation,Wealth Remediation,CRI Assessment Team 1,JBW Remediation Case Construction,False
R0043_55039681,R0043_55034879,1.0,Wealth Remediation,Wealth Remediation,CRI Assessment Team 1,JBW Remediation Case Construction 2,False
R0043_55029012,R0043_55039681,1.0,Wealth Remediation,Wealth Remediation,CRI Remediation Data,CRI Assessment Team 1,False
R0043_55034879,R0043_55039681,1.0,Wealth Remediation,Wealth Remediation,JBW Remediation Case Construction 2,CRI Assessment Team 1,False
R0043_55039681,R0043_55032908,1.0,Wealth Remediation,Wealth Remediation,CRI Assessment Team 1,JBW Remediation CRI,False
R0043_55032908,R0043_55039681,1.0,Wealth Remediation,Wealth Remediation,JBW Remediation CRI,CRI Assessment Team 1,False
R0043_55039681,R0043_55039686,1.0,Wealth Remediation,Wealth Remediation,CRI Assessment Team 1,JBW Remediation Engagement,False
R0043_55039686,R0043_55039681,1.0,Wealth Remediation,Wealth Remediation,JBW Remediation Engagement,CRI Assessment Team 1,False
R0043_55039681,R0043_55032863,1.0,Wealth Remediation,Wealth Remediation,CRI Assessment Team 1,JBW Remediation File Collection & Liaiso,False
R0043_55032863,R0043_55039681,1.0,Wealth Remediation,Wealth Remediation,JBW Remediation File Collection & Liaiso,CRI Assessment Team 1,False
R0043_55039681,R0043_55009127,1.0,Wealth Remediation,Wealth Remediation,CRI Assessment Team 1,JBWere Remediation,False
R0043_55009127,R0043_55039681,1.0,Wealth Remediation,Wealth Remediation,JBWere Remediation,CRI Assessment Team 1,False
R0043_55039681,R0043_55036250,1.0,Wealth Remediation,Wealth Remediation,CRI Assessment Team 1,Logistics Support,False
R0043_55036250,R0043_55039681,1.0,Wealth Remediation,Wealth Remediation,Logistics Support,CRI Assessment Team 1,False
R0043_55039681,R0043_55034880,1.0,Wealth Remediation,Wealth Remediation,CRI Assessment Team 1,Methodology & QA,False
R0043_55039681,R0043_55034882,1.0,Wealth Remediation,Wealth Remediation,CRI Assessment Team 1,JBW ASF Assessment,False
R0043_55039681,R0043_55029012,1.0,Wealth Remediation,Wealth Remediation,CRI Assessment Team 1,CRI Remediation Data,False
R0043_55032758,R0043_55039830,1.0,Wealth Remediation,Wealth Remediation,Complex Executions,Remediation Resolve,False
R0043_55034335,R0043_55032758,1.0,Wealth Remediation,Wealth Remediation,Triage & Investigations,Complex Executions,False
R0043_55039830,R0043_55032758,1.0,Wealth Remediation,Wealth Remediation,Remediation Resolve,Complex Executions,False
R0043_55032758,R0043_55034325,1.0,Wealth Remediation,Wealth Remediation,Complex Executions,Remediation Support Centre,False
R0043_55034325,R0043_55032758,1.0,Wealth Remediation,Wealth Remediation,Remediation Support Centre,Complex Executions,False
R0043_55032758,R0043_55039829,1.0,Wealth Remediation,Wealth Remediation,Complex Executions,RSC Squad - 1,False
R0043_55039829,R0043_55032758,1.0,Wealth Remediation,Wealth Remediation,RSC Squad - 1,Complex Executions,False
R0043_55032758,R0043_55031080,1.0,Wealth Remediation,Wealth Remediation,Complex Executions,RSC Squad - 2,False
R0043_55031080,R0043_55032758,1.0,Wealth Remediation,Wealth Remediation,RSC Squad - 2,Complex Executions,False
R0043_55032758,R0043_55031077,1.0,Wealth Remediation,Wealth Remediation,Complex Executions,RSC Squad - 3,False
R0043_55031077,R0043_55032758,1.0,Wealth Remediation,Wealth Remediation,RSC Squad - 3,Complex Executions,False
R0043_55032758,R0043_55017366,1.0,Wealth Remediation,Wealth Remediation,Complex Executions,Third Party Engagement,False
R0043_55017366,R0043_55032758,1.0,Wealth Remediation,Wealth Remediation,Third Party Engagement,Complex Executions,False
R0043_55032758,R0043_55034335,1.0,Wealth Remediation,Wealth Remediation,Complex Executions,Triage & Investigations,False
R0043_55032758,R0043_55031005,1.0,Wealth Remediation,Wealth Remediation,Complex Executions,Wealth Remediation Support Centre,False
R0043_55041926,R0043_55039681,1.0,Wealth Remediation,Wealth Remediation,CRI Remediation,CRI Assessment Team 1,False
R0043_55031005,R0043_55032758,1.0,Wealth Remediation,Wealth Remediation,Wealth Remediation Support Centre,Complex Executions,False
R0043_55039681,R0043_55039682,1.0,Wealth Remediation,Wealth Remediation,CRI Assessment Team 1,CRI Assessment Team 2,False
R0043_55039682,R0043_55039681,1.0,Wealth Remediation,Wealth Remediation,CRI Assessment Team 2,CRI Assessment Team 1,False
R0043_55039681,R0043_55039683,1.0,Wealth Remediation,Wealth Remediation,CRI Assessment Team 1,CRI Assessment Team 3,False
R0043_55039683,R0043_55039681,1.0,Wealth Remediation,Wealth Remediation,CRI Assessment Team 3,CRI Assessment Team 1,False
R0043_55039681,R0043_55039684,1.0,Wealth Remediation,Wealth Remediation,CRI Assessment Team 1,CRI Assessment Team 4,False
R0043_55039684,R0043_55039681,1.0,Wealth Remediation,Wealth Remediation,CRI Assessment Team 4,CRI Assessment Team 1,False
R0043_55039681,R0043_55032632,1.0,Wealth Remediation,Wealth Remediation,CRI Assessment Team 1,CRI Calcs Team - Jane,False
R0043_55032632,R0043_55039681,1.0,Wealth Remediation,Wealth Remediation,CRI Calcs Team - Jane,CRI Assessment Team 1,False
R0043_55039681,R0043_55021537,1.0,Wealth Remediation,Wealth Remediation,CRI Assessment Team 1,CRI Calcs Team - Kate,False
R0043_55021537,R0043_55039681,1.0,Wealth Remediation,Wealth Remediation,CRI Calcs Team - Kate,CRI Assessment Team 1,False
R0043_55039681,R0043_55041926,1.0,Wealth Remediation,Wealth Remediation,CRI Assessment Team 1,CRI Remediation,False
R0043_55039686,R0043_55034675,1.0,Wealth Remediation,Wealth Remediation,JBW Remediation Engagement,Business Enablement,False
R0043_55039678,R0043_55037980,1.0,Wealth Remediation,Wealth Remediation,ASF Assessment Team 2,JBW Remediation Assurance,False
R0043_55032908,R0043_55034675,1.0,Wealth Remediation,Wealth Remediation,JBW Remediation CRI,Business Enablement,False
R0043_55034675,R0043_55032908,1.0,Wealth Remediation,Wealth Remediation,Business Enablement,JBW Remediation CRI,False
R0043_55032862,R0043_55039677,1.0,Wealth Remediation,Wealth Remediation,JBW CRI Remediation Methodology,ASF Assessment Team 1,False
R0043_55039677,R0043_55032759,1.0,Wealth Remediation,Wealth Remediation,ASF Assessment Team 1,JBW Remediation ASF,False
R0043_55032759,R0043_55039677,1.0,Wealth Remediation,Wealth Remediation,JBW Remediation ASF,ASF Assessment Team 1,False
R0043_55039677,R0043_55037980,1.0,Wealth Remediation,Wealth Remediation,ASF Assessment Team 1,JBW Remediation Assurance,False
R0043_55037980,R0043_55039677,1.0,Wealth Remediation,Wealth Remediation,JBW Remediation Assurance,ASF Assessment Team 1,False
R0043_55039677,R0043_55037979,1.0,Wealth Remediation,Wealth Remediation,ASF Assessment Team 1,JBW Remediation Calculations,False
R0043_55037979,R0043_55039677,1.0,Wealth Remediation,Wealth Remediation,JBW Remediation Calculations,ASF Assessment Team 1,False
R0043_55039677,R0043_55027552,1.0,Wealth Remediation,Wealth Remediation,ASF Assessment Team 1,JBW Remediation Case Construction,False
R0043_55027552,R0043_55039677,1.0,Wealth Remediation,Wealth Remediation,JBW Remediation Case Construction,ASF Assessment Team 1,False
R0043_55039677,R0043_55034879,1.0,Wealth Remediation,Wealth Remediation,ASF Assessment Team 1,JBW Remediation Case Construction 2,False
R0043_55034879,R0043_55039677,1.0,Wealth Remediation,Wealth Remediation,JBW Remediation Case Construction 2,ASF Assessment Team 1,False
R0043_55039677,R0043_55032908,1.0,Wealth Remediation,Wealth Remediation,ASF Assessment Team 1,JBW Remediation CRI,False
R0043_55032908,R0043_55039677,1.0,Wealth Remediation,Wealth Remediation,JBW Remediation CRI,ASF Assessment Team 1,False
R0043_55039677,R0043_55039686,1.0,Wealth Remediation,Wealth Remediation,ASF Assessment Team 1,JBW Remediation Engagement,False
R0043_55039686,R0043_55039677,1.0,Wealth Remediation,Wealth Remediation,JBW Remediation Engagement,ASF Assessment Team 1,False
R0043_55039677,R0043_55032863,1.0,Wealth Remediation,Wealth Remediation,ASF Assessment Team 1,JBW Remediation File Collection & Liaiso,False
R0043_55032863,R0043_55039677,1.0,Wealth Remediation,Wealth Remediation,JBW Remediation File Collection & Liaiso,ASF Assessment Team 1,False
R0043_55039677,R0043_55009127,1.0,Wealth Remediation,Wealth Remediation,ASF Assessment Team 1,JBWere Remediation,False
R0043_55009127,R0043_55039677,1.0,Wealth Remediation,Wealth Remediation,JBWere Remediation,ASF Assessment Team 1,False
R0043_55039677,R0043_55036250,1.0,Wealth Remediation,Wealth Remediation,ASF Assessment Team 1,Logistics Support,False
R0043_55036250,R0043_55039677,1.0,Wealth Remediation,Wealth Remediation,Logistics Support,ASF Assessment Team 1,False
R0043_55039677,R0043_55034880,1.0,Wealth Remediation,Wealth Remediation,ASF Assessment Team 1,Methodology & QA,False
R0043_55034880,R0043_55039677,1.0,Wealth Remediation,Wealth Remediation,Methodology & QA,ASF Assessment Team 1,False
R0043_55039677,R0043_55032860,1.0,Wealth Remediation,Wealth Remediation,ASF Assessment Team 1,Operational Excellence,False
R0043_55032860,R0043_55039677,1.0,Wealth Remediation,Wealth Remediation,Operational Excellence,ASF Assessment Team 1,False
R0043_55039677,R0043_55029506,1.0,Wealth Remediation,Wealth Remediation,ASF Assessment Team 1,"Planning, Governance and Capability",False
R0043_55029506,R0043_55039677,1.0,Wealth Remediation,Wealth Remediation,"Planning, Governance and Capability",ASF Assessment Team 1,False
R0043_55039677,R0043_55032862,1.0,Wealth Remediation,Wealth Remediation,ASF Assessment Team 1,JBW CRI Remediation Methodology,False
R0043_55039679,R0043_55039677,1.0,Wealth Remediation,Wealth Remediation,JBW CRI Assessment,ASF Assessment Team 1,False
R0043_55039677,R0043_55039679,1.0,Wealth Remediation,Wealth Remediation,ASF Assessment Team 1,JBW CRI Assessment,False
R0043_55039682,R0043_55039677,1.0,Wealth Remediation,Wealth Remediation,CRI Assessment Team 2,ASF Assessment Team 1,False
R0043_55034675,R0043_55039677,1.0,Wealth Remediation,Wealth Remediation,Business Enablement,ASF Assessment Team 1,False
R0043_55039677,R0043_55031083,1.0,Wealth Remediation,Wealth Remediation,ASF Assessment Team 1,Campaign Execution,False
R0043_55031083,R0043_55039677,1.0,Wealth Remediation,Wealth Remediation,Campaign Execution,ASF Assessment Team 1,False
R0043_55039677,R0043_55036209,1.0,Wealth Remediation,Wealth Remediation,ASF Assessment Team 1,Client Restoration,False
R0043_55036209,R0043_55039677,1.0,Wealth Remediation,Wealth Remediation,Client Restoration,ASF Assessment Team 1,False
R0043_55039677,R0043_55035181,1.0,Wealth Remediation,Wealth Remediation,ASF Assessment Team 1,Competency,False
R0043_55035181,R0043_55039677,1.0,Wealth Remediation,Wealth Remediation,Competency,ASF Assessment Team 1,False
R0043_55039677,R0043_55032758,1.0,Wealth Remediation,Wealth Remediation,ASF Assessment Team 1,Complex Executions,False
R0043_55032758,R0043_55039677,1.0,Wealth Remediation,Wealth Remediation,Complex Executions,ASF Assessment Team 1,False
R0043_55039677,R0043_55039681,1.0,Wealth Remediation,Wealth Remediation,ASF Assessment Team 1,CRI Assessment Team 1,False
R0043_55039681,R0043_55039677,1.0,Wealth Remediation,Wealth Remediation,CRI Assessment Team 1,ASF Assessment Team 1,False
R0043_55039677,R0043_55039682,1.0,Wealth Remediation,Wealth Remediation,ASF Assessment Team 1,CRI Assessment Team 2,False
R0043_55039677,R0043_55039683,1.0,Wealth Remediation,Wealth Remediation,ASF Assessment Team 1,CRI Assessment Team 3,False
R0043_55034882,R0043_55039677,1.0,Wealth Remediation,Wealth Remediation,JBW ASF Assessment,ASF Assessment Team 1,False
R0043_55039683,R0043_55039677,1.0,Wealth Remediation,Wealth Remediation,CRI Assessment Team 3,ASF Assessment Team 1,False
R0043_55039677,R0043_55039684,1.0,Wealth Remediation,Wealth Remediation,ASF Assessment Team 1,CRI Assessment Team 4,False
R0043_55039684,R0043_55039677,1.0,Wealth Remediation,Wealth Remediation,CRI Assessment Team 4,ASF Assessment Team 1,False
R0043_55039677,R0043_55032632,1.0,Wealth Remediation,Wealth Remediation,ASF Assessment Team 1,CRI Calcs Team - Jane,False
R0043_55032632,R0043_55039677,1.0,Wealth Remediation,Wealth Remediation,CRI Calcs Team - Jane,ASF Assessment Team 1,False
R0043_55039677,R0043_55021537,1.0,Wealth Remediation,Wealth Remediation,ASF Assessment Team 1,CRI Calcs Team - Kate,False
R0043_55021537,R0043_55039677,1.0,Wealth Remediation,Wealth Remediation,CRI Calcs Team - Kate,ASF Assessment Team 1,False
R0043_55039677,R0043_55041926,1.0,Wealth Remediation,Wealth Remediation,ASF Assessment Team 1,CRI Remediation,False
R0043_55041926,R0043_55039677,1.0,Wealth Remediation,Wealth Remediation,CRI Remediation,ASF Assessment Team 1,False
R0043_55039677,R0043_55029012,1.0,Wealth Remediation,Wealth Remediation,ASF Assessment Team 1,CRI Remediation Data,False
R0043_55029012,R0043_55039677,1.0,Wealth Remediation,Wealth Remediation,CRI Remediation Data,ASF Assessment Team 1,False
R0043_55039677,R0043_55034882,1.0,Wealth Remediation,Wealth Remediation,ASF Assessment Team 1,JBW ASF Assessment,False
R0043_55039677,R0043_55031288,1.0,Wealth Remediation,Wealth Remediation,ASF Assessment Team 1,Quality Assurance Case Assessment,False
R0043_55031288,R0043_55039677,1.0,Wealth Remediation,Wealth Remediation,Quality Assurance Case Assessment,ASF Assessment Team 1,False
R0043_55039677,R0043_55036124,1.0,Wealth Remediation,Wealth Remediation,ASF Assessment Team 1,Remediation Logistics and Planning,False
R0043_55039678,R0043_55041926,1.0,Wealth Remediation,Wealth Remediation,ASF Assessment Team 2,CRI Remediation,False
R0043_55039678,R0043_55039681,1.0,Wealth Remediation,Wealth Remediation,ASF Assessment Team 2,CRI Assessment Team 1,False
R0043_55039681,R0043_55039678,1.0,Wealth Remediation,Wealth Remediation,CRI Assessment Team 1,ASF Assessment Team 2,False
R0043_55039678,R0043_55039682,1.0,Wealth Remediation,Wealth Remediation,ASF Assessment Team 2,CRI Assessment Team 2,False
R0043_55039682,R0043_55039678,1.0,Wealth Remediation,Wealth Remediation,CRI Assessment Team 2,ASF Assessment Team 2,False
R0043_55039678,R0043_55039683,1.0,Wealth Remediation,Wealth Remediation,ASF Assessment Team 2,CRI Assessment Team 3,False
R0043_55039683,R0043_55039678,1.0,Wealth Remediation,Wealth Remediation,CRI Assessment Team 3,ASF Assessment Team 2,False
R0043_55039678,R0043_55039684,1.0,Wealth Remediation,Wealth Remediation,ASF Assessment Team 2,CRI Assessment Team 4,False
R0043_55039684,R0043_55039678,1.0,Wealth Remediation,Wealth Remediation,CRI Assessment Team 4,ASF Assessment Team 2,False
R0043_55039678,R0043_55032632,1.0,Wealth Remediation,Wealth Remediation,ASF Assessment Team 2,CRI Calcs Team - Jane,False
R0043_55032632,R0043_55039678,1.0,Wealth Remediation,Wealth Remediation,CRI Calcs Team - Jane,ASF Assessment Team 2,False
R0043_55039678,R0043_55021537,1.0,Wealth Remediation,Wealth Remediation,ASF Assessment Team 2,CRI Calcs Team - Kate,False
R0043_55021537,R0043_55039678,1.0,Wealth Remediation,Wealth Remediation,CRI Calcs Team - Kate,ASF Assessment Team 2,False
R0043_55041926,R0043_55039678,1.0,Wealth Remediation,Wealth Remediation,CRI Remediation,ASF Assessment Team 2,False
R0043_55039678,R0043_55032758,1.0,Wealth Remediation,Wealth Remediation,ASF Assessment Team 2,Complex Executions,False
R0043_55039678,R0043_55029012,1.0,Wealth Remediation,Wealth Remediation,ASF Assessment Team 2,CRI Remediation Data,False
R0043_55029012,R0043_55039678,1.0,Wealth Remediation,Wealth Remediation,CRI Remediation Data,ASF Assessment Team 2,False
R0043_55039678,R0043_55034882,1.0,Wealth Remediation,Wealth Remediation,ASF Assessment Team 2,JBW ASF Assessment,False
R0043_55034882,R0043_55039678,1.0,Wealth Remediation,Wealth Remediation,JBW ASF Assessment,ASF Assessment Team 2,False
R0043_55039678,R0043_55039679,1.0,Wealth Remediation,Wealth Remediation,ASF Assessment Team 2,JBW CRI Assessment,False
R0043_55039679,R0043_55039678,1.0,Wealth Remediation,Wealth Remediation,JBW CRI Assessment,ASF Assessment Team 2,False
R0043_55039678,R0043_55032862,1.0,Wealth Remediation,Wealth Remediation,ASF Assessment Team 2,JBW CRI Remediation Methodology,False
R0043_55032862,R0043_55039678,1.0,Wealth Remediation,Wealth Remediation,JBW CRI Remediation Methodology,ASF Assessment Team 2,False
R0043_55039678,R0043_55032759,1.0,Wealth Remediation,Wealth Remediation,ASF Assessment Team 2,JBW Remediation ASF,False
R0043_55032759,R0043_55039678,1.0,Wealth Remediation,Wealth Remediation,JBW Remediation ASF,ASF Assessment Team 2,False
R0043_55009127,R0043_55039683,1.0,Wealth Remediation,Wealth Remediation,JBWere Remediation,CRI Assessment Team 3,False
R0043_55037980,R0043_55039678,1.0,Wealth Remediation,Wealth Remediation,JBW Remediation Assurance,ASF Assessment Team 2,False
R0043_55032758,R0043_55039678,1.0,Wealth Remediation,Wealth Remediation,Complex Executions,ASF Assessment Team 2,False
R0043_55035181,R0043_55039678,1.0,Wealth Remediation,Wealth Remediation,Competency,ASF Assessment Team 2,False
R0043_55036124,R0043_55039677,1.0,Wealth Remediation,Wealth Remediation,Remediation Logistics and Planning,ASF Assessment Team 1,False
R0043_55039677,R0043_55034335,1.0,Wealth Remediation,Wealth Remediation,ASF Assessment Team 1,Triage & Investigations,False
R0043_55039677,R0043_55039830,1.0,Wealth Remediation,Wealth Remediation,ASF Assessment Team 1,Remediation Resolve,False
R0043_55039830,R0043_55039677,1.0,Wealth Remediation,Wealth Remediation,Remediation Resolve,ASF Assessment Team 1,False
R0043_55039677,R0043_55034325,1.0,Wealth Remediation,Wealth Remediation,ASF Assessment Team 1,Remediation Support Centre,False
R0043_55034325,R0043_55039677,1.0,Wealth Remediation,Wealth Remediation,Remediation Support Centre,ASF Assessment Team 1,False
R0043_55039677,R0043_55039829,1.0,Wealth Remediation,Wealth Remediation,ASF Assessment Team 1,RSC Squad - 1,False
R0043_55039829,R0043_55039677,1.0,Wealth Remediation,Wealth Remediation,RSC Squad - 1,ASF Assessment Team 1,False
R0043_55039677,R0043_55031080,1.0,Wealth Remediation,Wealth Remediation,ASF Assessment Team 1,RSC Squad - 2,False
R0043_55031080,R0043_55039677,1.0,Wealth Remediation,Wealth Remediation,RSC Squad - 2,ASF Assessment Team 1,False
R0043_55039677,R0043_55031077,1.0,Wealth Remediation,Wealth Remediation,ASF Assessment Team 1,RSC Squad - 3,False
R0043_55031077,R0043_55039677,1.0,Wealth Remediation,Wealth Remediation,RSC Squad - 3,ASF Assessment Team 1,False
R0043_55039677,R0043_55017366,1.0,Wealth Remediation,Wealth Remediation,ASF Assessment Team 1,Third Party Engagement,False
R0043_55017366,R0043_55039677,1.0,Wealth Remediation,Wealth Remediation,Third Party Engagement,ASF Assessment Team 1,False
R0043_55034335,R0043_55039677,1.0,Wealth Remediation,Wealth Remediation,Triage & Investigations,ASF Assessment Team 1,False
R0043_55039678,R0043_55035181,1.0,Wealth Remediation,Wealth Remediation,ASF Assessment Team 2,Competency,False
R0043_55039677,R0043_55031005,1.0,Wealth Remediation,Wealth Remediation,ASF Assessment Team 1,Wealth Remediation Support Centre,False
R0043_55031005,R0043_55039677,1.0,Wealth Remediation,Wealth Remediation,Wealth Remediation Support Centre,ASF Assessment Team 1,False
R0043_55039678,R0043_55029067,1.0,Wealth Remediation,Wealth Remediation,ASF Assessment Team 2,Assessment - Em,False
R0043_55029067,R0043_55039678,1.0,Wealth Remediation,Wealth Remediation,Assessment - Em,ASF Assessment Team 2,False
R0043_55039678,R0043_55036252,1.0,Wealth Remediation,Wealth Remediation,ASF Assessment Team 2,BA Pool,False
R0043_55036252,R0043_55039678,1.0,Wealth Remediation,Wealth Remediation,BA Pool,ASF Assessment Team 2,False
R0043_55039678,R0043_55034675,1.0,Wealth Remediation,Wealth Remediation,ASF Assessment Team 2,Business Enablement,False
R0043_55034675,R0043_55039678,1.0,Wealth Remediation,Wealth Remediation,Business Enablement,ASF Assessment Team 2,False
R0043_55039678,R0043_55031083,1.0,Wealth Remediation,Wealth Remediation,ASF Assessment Team 2,Campaign Execution,False
R0043_55031083,R0043_55039678,1.0,Wealth Remediation,Wealth Remediation,Campaign Execution,ASF Assessment Team 2,False
R0043_55039678,R0043_55036209,1.0,Wealth Remediation,Wealth Remediation,ASF Assessment Team 2,Client Restoration,False
R0043_55036209,R0043_55039678,1.0,Wealth Remediation,Wealth Remediation,Client Restoration,ASF Assessment Team 2,False
R0043_55039677,R0043_55034675,1.0,Wealth Remediation,Wealth Remediation,ASF Assessment Team 1,Business Enablement,False
R0043_55036252,R0043_55039677,1.0,Wealth Remediation,Wealth Remediation,BA Pool,ASF Assessment Team 1,False
R0043_55039677,R0043_55036252,1.0,Wealth Remediation,Wealth Remediation,ASF Assessment Team 1,BA Pool,False
R0043_55035181,R0043_55032756,1.0,Wealth Remediation,Wealth Remediation,Competency,ASF AP Program,False
R0043_55039678,R0043_55032756,1.0,Wealth Remediation,Wealth Remediation,ASF Assessment Team 2,ASF AP Program,False
R0043_55032756,R0043_55029067,1.0,Wealth Remediation,Wealth Remediation,ASF AP Program,Assessment - Em,False
R0043_55029067,R0043_55032756,1.0,Wealth Remediation,Wealth Remediation,Assessment - Em,ASF AP Program,False
R0043_55032756,R0043_55036252,1.0,Wealth Remediation,Wealth Remediation,ASF AP Program,BA Pool,False
R0043_55036252,R0043_55032756,1.0,Wealth Remediation,Wealth Remediation,BA Pool,ASF AP Program,False
R0043_55032756,R0043_55034675,1.0,Wealth Remediation,Wealth Remediation,ASF AP Program,Business Enablement,False
R0043_55034675,R0043_55032756,1.0,Wealth Remediation,Wealth Remediation,Business Enablement,ASF AP Program,False
R0043_55032756,R0043_55031083,1.0,Wealth Remediation,Wealth Remediation,ASF AP Program,Campaign Execution,False
R0043_55031083,R0043_55032756,1.0,Wealth Remediation,Wealth Remediation,Campaign Execution,ASF AP Program,False
R0043_55032756,R0043_55036209,1.0,Wealth Remediation,Wealth Remediation,ASF AP Program,Client Restoration,False
R0043_55036209,R0043_55032756,1.0,Wealth Remediation,Wealth Remediation,Client Restoration,ASF AP Program,False
R0043_55032756,R0043_55035181,1.0,Wealth Remediation,Wealth Remediation,ASF AP Program,Competency,False
R0043_55032756,R0043_55032758,1.0,Wealth Remediation,Wealth Remediation,ASF AP Program,Complex Executions,False
R0043_55039677,R0043_55032756,1.0,Wealth Remediation,Wealth Remediation,ASF Assessment Team 1,ASF AP Program,False
R0043_55032758,R0043_55032756,1.0,Wealth Remediation,Wealth Remediation,Complex Executions,ASF AP Program,False
R0043_55032756,R0043_55039681,1.0,Wealth Remediation,Wealth Remediation,ASF AP Program,CRI Assessment Team 1,False
R0043_55039681,R0043_55032756,1.0,Wealth Remediation,Wealth Remediation,CRI Assessment Team 1,ASF AP Program,False
R0043_55032756,R0043_55039682,1.0,Wealth Remediation,Wealth Remediation,ASF AP Program,CRI Assessment Team 2,False
R0043_55039682,R0043_55032756,1.0,Wealth Remediation,Wealth Remediation,CRI Assessment Team 2,ASF AP Program,False
R0043_55032756,R0043_55039683,1.0,Wealth Remediation,Wealth Remediation,ASF AP Program,CRI Assessment Team 3,False
R0043_55039683,R0043_55032756,1.0,Wealth Remediation,Wealth Remediation,CRI Assessment Team 3,ASF AP Program,False
R0043_55032756,R0043_55039684,1.0,Wealth Remediation,Wealth Remediation,ASF AP Program,CRI Assessment Team 4,False
R0043_55039684,R0043_55032756,1.0,Wealth Remediation,Wealth Remediation,CRI Assessment Team 4,ASF AP Program,False
R0043_55032756,R0043_55032632,1.0,Wealth Remediation,Wealth Remediation,ASF AP Program,CRI Calcs Team - Jane,False
R0043_55032632,R0043_55032756,1.0,Wealth Remediation,Wealth Remediation,CRI Calcs Team - Jane,ASF AP Program,False
R0043_55032756,R0043_55021537,1.0,Wealth Remediation,Wealth Remediation,ASF AP Program,CRI Calcs Team - Kate,False
R0043_55032756,R0043_55039678,1.0,Wealth Remediation,Wealth Remediation,ASF AP Program,ASF Assessment Team 2,False
R0043_55032756,R0043_55039677,1.0,Wealth Remediation,Wealth Remediation,ASF AP Program,ASF Assessment Team 1,False
R0043_55032756,R0043_55041926,1.0,Wealth Remediation,Wealth Remediation,ASF AP Program,CRI Remediation,False
R0043_55039830,R0043_55035478,1.0,Wealth Remediation,Wealth Remediation,Remediation Resolve,Adviser Scoping and Book Closure,False
R0043_55036250,R0043_55035478,1.0,Wealth Remediation,Wealth Remediation,Logistics Support,Adviser Scoping and Book Closure,False
R0043_55035478,R0043_55034880,1.0,Wealth Remediation,Wealth Remediation,Adviser Scoping and Book Closure,Methodology & QA,False
R0043_55034880,R0043_55035478,1.0,Wealth Remediation,Wealth Remediation,Methodology & QA,Adviser Scoping and Book Closure,False
R0043_55035478,R0043_55032860,1.0,Wealth Remediation,Wealth Remediation,Adviser Scoping and Book Closure,Operational Excellence,False
R0043_55032860,R0043_55035478,1.0,Wealth Remediation,Wealth Remediation,Operational Excellence,Adviser Scoping and Book Closure,False
R0043_55035478,R0043_55029506,1.0,Wealth Remediation,Wealth Remediation,Adviser Scoping and Book Closure,"Planning, Governance and Capability",False
R0043_55029506,R0043_55035478,1.0,Wealth Remediation,Wealth Remediation,"Planning, Governance and Capability",Adviser Scoping and Book Closure,False
R0043_55035478,R0043_55031288,1.0,Wealth Remediation,Wealth Remediation,Adviser Scoping and Book Closure,Quality Assurance Case Assessment,False
R0043_55031288,R0043_55035478,1.0,Wealth Remediation,Wealth Remediation,Quality Assurance Case Assessment,Adviser Scoping and Book Closure,False
R0043_55035478,R0043_55036124,1.0,Wealth Remediation,Wealth Remediation,Adviser Scoping and Book Closure,Remediation Logistics and Planning,False
R0043_55036124,R0043_55035478,1.0,Wealth Remediation,Wealth Remediation,Remediation Logistics and Planning,Adviser Scoping and Book Closure,False
R0043_55035478,R0043_55039830,1.0,Wealth Remediation,Wealth Remediation,Adviser Scoping and Book Closure,Remediation Resolve,False
R0043_55035478,R0043_55034325,1.0,Wealth Remediation,Wealth Remediation,Adviser Scoping and Book Closure,Remediation Support Centre,False
R0043_55031005,R0043_55035478,1.0,Wealth Remediation,Wealth Remediation,Wealth Remediation Support Centre,Adviser Scoping and Book Closure,False
R0043_55034325,R0043_55035478,1.0,Wealth Remediation,Wealth Remediation,Remediation Support Centre,Adviser Scoping and Book Closure,False
R0043_55035478,R0043_55039829,1.0,Wealth Remediation,Wealth Remediation,Adviser Scoping and Book Closure,RSC Squad - 1,False
R0043_55039829,R0043_55035478,1.0,Wealth Remediation,Wealth Remediation,RSC Squad - 1,Adviser Scoping and Book Closure,False
R0043_55035478,R0043_55031080,1.0,Wealth Remediation,Wealth Remediation,Adviser Scoping and Book Closure,RSC Squad - 2,False
R0043_55031080,R0043_55035478,1.0,Wealth Remediation,Wealth Remediation,RSC Squad - 2,Adviser Scoping and Book Closure,False
R0043_55035478,R0043_55031077,1.0,Wealth Remediation,Wealth Remediation,Adviser Scoping and Book Closure,RSC Squad - 3,False
R0043_55031077,R0043_55035478,1.0,Wealth Remediation,Wealth Remediation,RSC Squad - 3,Adviser Scoping and Book Closure,False
R0043_55035478,R0043_55017366,1.0,Wealth Remediation,Wealth Remediation,Adviser Scoping and Book Closure,Third Party Engagement,False
R0043_55017366,R0043_55035478,1.0,Wealth Remediation,Wealth Remediation,Third Party Engagement,Adviser Scoping and Book Closure,False
R0043_55035478,R0043_55034335,1.0,Wealth Remediation,Wealth Remediation,Adviser Scoping and Book Closure,Triage & Investigations,False
R0043_55034335,R0043_55035478,1.0,Wealth Remediation,Wealth Remediation,Triage & Investigations,Adviser Scoping and Book Closure,False
R0043_55035478,R0043_55031005,1.0,Wealth Remediation,Wealth Remediation,Adviser Scoping and Book Closure,Wealth Remediation Support Centre,False
R0043_55021537,R0043_55032756,1.0,Wealth Remediation,Wealth Remediation,CRI Calcs Team - Kate,ASF AP Program,False
R0043_55041926,R0043_55032756,1.0,Wealth Remediation,Wealth Remediation,CRI Remediation,ASF AP Program,False
R0043_55029067,R0043_55039677,1.0,Wealth Remediation,Wealth Remediation,Assessment - Em,ASF Assessment Team 1,False
R0043_55039829,R0043_55032756,1.0,Wealth Remediation,Wealth Remediation,RSC Squad - 1,ASF AP Program,False
R0043_55032860,R0043_55032756,1.0,Wealth Remediation,Wealth Remediation,Operational Excellence,ASF AP Program,False
R0043_55032756,R0043_55029506,1.0,Wealth Remediation,Wealth Remediation,ASF AP Program,"Planning, Governance and Capability",False
R0043_55029506,R0043_55032756,1.0,Wealth Remediation,Wealth Remediation,"Planning, Governance and Capability",ASF AP Program,False
R0043_55032756,R0043_55031288,1.0,Wealth Remediation,Wealth Remediation,ASF AP Program,Quality Assurance Case Assessment,False
R0043_55031288,R0043_55032756,1.0,Wealth Remediation,Wealth Remediation,Quality Assurance Case Assessment,ASF AP Program,False
R0043_55032756,R0043_55036124,1.0,Wealth Remediation,Wealth Remediation,ASF AP Program,Remediation Logistics and Planning,False
R0043_55036124,R0043_55032756,1.0,Wealth Remediation,Wealth Remediation,Remediation Logistics and Planning,ASF AP Program,False
R0043_55032756,R0043_55039830,1.0,Wealth Remediation,Wealth Remediation,ASF AP Program,Remediation Resolve,False
R0043_55039830,R0043_55032756,1.0,Wealth Remediation,Wealth Remediation,Remediation Resolve,ASF AP Program,False
R0043_55032756,R0043_55034325,1.0,Wealth Remediation,Wealth Remediation,ASF AP Program,Remediation Support Centre,False
R0043_55034325,R0043_55032756,1.0,Wealth Remediation,Wealth Remediation,Remediation Support Centre,ASF AP Program,False
R0043_55032756,R0043_55039829,1.0,Wealth Remediation,Wealth Remediation,ASF AP Program,RSC Squad - 1,False
R0043_55032756,R0043_55031080,1.0,Wealth Remediation,Wealth Remediation,ASF AP Program,RSC Squad - 2,False
R0043_55034880,R0043_55032756,1.0,Wealth Remediation,Wealth Remediation,Methodology & QA,ASF AP Program,False
R0043_55031080,R0043_55032756,1.0,Wealth Remediation,Wealth Remediation,RSC Squad - 2,ASF AP Program,False
R0043_55032756,R0043_55031077,1.0,Wealth Remediation,Wealth Remediation,ASF AP Program,RSC Squad - 3,False
R0043_55031077,R0043_55032756,1.0,Wealth Remediation,Wealth Remediation,RSC Squad - 3,ASF AP Program,False
R0043_55032756,R0043_55017366,1.0,Wealth Remediation,Wealth Remediation,ASF AP Program,Third Party Engagement,False
R0043_55017366,R0043_55032756,1.0,Wealth Remediation,Wealth Remediation,Third Party Engagement,ASF AP Program,False
R0043_55032756,R0043_55034335,1.0,Wealth Remediation,Wealth Remediation,ASF AP Program,Triage & Investigations,False
R0043_55034335,R0043_55032756,1.0,Wealth Remediation,Wealth Remediation,Triage & Investigations,ASF AP Program,False
R0043_55032756,R0043_55031005,1.0,Wealth Remediation,Wealth Remediation,ASF AP Program,Wealth Remediation Support Centre,False
R0043_55031005,R0043_55032756,1.0,Wealth Remediation,Wealth Remediation,Wealth Remediation Support Centre,ASF AP Program,False
R0043_55039677,R0043_55039678,1.0,Wealth Remediation,Wealth Remediation,ASF Assessment Team 1,ASF Assessment Team 2,False
R0043_55039678,R0043_55039677,1.0,Wealth Remediation,Wealth Remediation,ASF Assessment Team 2,ASF Assessment Team 1,False
R0043_55039677,R0043_55029067,1.0,Wealth Remediation,Wealth Remediation,ASF Assessment Team 1,Assessment - Em,False
R0043_55032756,R0043_55032860,1.0,Wealth Remediation,Wealth Remediation,ASF AP Program,Operational Excellence,False
R0043_55032756,R0043_55034880,1.0,Wealth Remediation,Wealth Remediation,ASF AP Program,Methodology & QA,False
R0043_55032756,R0043_55029012,1.0,Wealth Remediation,Wealth Remediation,ASF AP Program,CRI Remediation Data,False
R0043_55037979,R0043_55032756,1.0,Wealth Remediation,Wealth Remediation,JBW Remediation Calculations,ASF AP Program,False
R0043_55029012,R0043_55032756,1.0,Wealth Remediation,Wealth Remediation,CRI Remediation Data,ASF AP Program,False
R0043_55032756,R0043_55034882,1.0,Wealth Remediation,Wealth Remediation,ASF AP Program,JBW ASF Assessment,False
R0043_55034882,R0043_55032756,1.0,Wealth Remediation,Wealth Remediation,JBW ASF Assessment,ASF AP Program,False
R0043_55032756,R0043_55039679,1.0,Wealth Remediation,Wealth Remediation,ASF AP Program,JBW CRI Assessment,False
R0002_55036002,R0002_55043311,1.0,Administration Support,Administration Support,ADV Customer Care 3,Admin & Support,False
R0043_55032756,R0043_55032862,1.0,Wealth Remediation,Wealth Remediation,ASF AP Program,JBW CRI Remediation Methodology,False
R0043_55032862,R0043_55032756,1.0,Wealth Remediation,Wealth Remediation,JBW CRI Remediation Methodology,ASF AP Program,False
R0043_55032756,R0043_55032759,1.0,Wealth Remediation,Wealth Remediation,ASF AP Program,JBW Remediation ASF,False
R0043_55032759,R0043_55032756,1.0,Wealth Remediation,Wealth Remediation,JBW Remediation ASF,ASF AP Program,False
R0043_55032756,R0043_55037980,1.0,Wealth Remediation,Wealth Remediation,ASF AP Program,JBW Remediation Assurance,False
R0043_55037980,R0043_55032756,1.0,Wealth Remediation,Wealth Remediation,JBW Remediation Assurance,ASF AP Program,False
R0043_55032756,R0043_55037979,1.0,Wealth Remediation,Wealth Remediation,ASF AP Program,JBW Remediation Calculations,False
R0043_55032756,R0043_55027552,1.0,Wealth Remediation,Wealth Remediation,ASF AP Program,JBW Remediation Case Construction,False
R0043_55036250,R0043_55032756,1.0,Wealth Remediation,Wealth Remediation,Logistics Support,ASF AP Program,False
R0043_55027552,R0043_55032756,1.0,Wealth Remediation,Wealth Remediation,JBW Remediation Case Construction,ASF AP Program,False
R0043_55032756,R0043_55034879,1.0,Wealth Remediation,Wealth Remediation,ASF AP Program,JBW Remediation Case Construction 2,False
R0043_55034879,R0043_55032756,1.0,Wealth Remediation,Wealth Remediation,JBW Remediation Case Construction 2,ASF AP Program,False
R0043_55032756,R0043_55032908,1.0,Wealth Remediation,Wealth Remediation,ASF AP Program,JBW Remediation CRI,False
R0043_55032908,R0043_55032756,1.0,Wealth Remediation,Wealth Remediation,JBW Remediation CRI,ASF AP Program,False
R0043_55032756,R0043_55039686,1.0,Wealth Remediation,Wealth Remediation,ASF AP Program,JBW Remediation Engagement,False
R0043_55039686,R0043_55032756,1.0,Wealth Remediation,Wealth Remediation,JBW Remediation Engagement,ASF AP Program,False
R0043_55032756,R0043_55032863,1.0,Wealth Remediation,Wealth Remediation,ASF AP Program,JBW Remediation File Collection & Liaiso,False
R0043_55032863,R0043_55032756,1.0,Wealth Remediation,Wealth Remediation,JBW Remediation File Collection & Liaiso,ASF AP Program,False
R0043_55032756,R0043_55009127,1.0,Wealth Remediation,Wealth Remediation,ASF AP Program,JBWere Remediation,False
R0043_55009127,R0043_55032756,1.0,Wealth Remediation,Wealth Remediation,JBWere Remediation,ASF AP Program,False
R0043_55032756,R0043_55036250,1.0,Wealth Remediation,Wealth Remediation,ASF AP Program,Logistics Support,False
R0043_55039678,R0043_55037979,1.0,Wealth Remediation,Wealth Remediation,ASF Assessment Team 2,JBW Remediation Calculations,False
R0043_55037979,R0043_55039678,1.0,Wealth Remediation,Wealth Remediation,JBW Remediation Calculations,ASF Assessment Team 2,False
R0043_55039678,R0043_55027552,1.0,Wealth Remediation,Wealth Remediation,ASF Assessment Team 2,JBW Remediation Case Construction,False
R0043_55036252,R0043_55039686,1.0,Wealth Remediation,Wealth Remediation,BA Pool,JBW Remediation Engagement,False
R0043_55036252,R0043_55032759,1.0,Wealth Remediation,Wealth Remediation,BA Pool,JBW Remediation ASF,False
R0043_55032759,R0043_55036252,1.0,Wealth Remediation,Wealth Remediation,JBW Remediation ASF,BA Pool,False
R0043_55036252,R0043_55037980,1.0,Wealth Remediation,Wealth Remediation,BA Pool,JBW Remediation Assurance,False
R0043_55037980,R0043_55036252,1.0,Wealth Remediation,Wealth Remediation,JBW Remediation Assurance,BA Pool,False
R0043_55036252,R0043_55037979,1.0,Wealth Remediation,Wealth Remediation,BA Pool,JBW Remediation Calculations,False
R0043_55037979,R0043_55036252,1.0,Wealth Remediation,Wealth Remediation,JBW Remediation Calculations,BA Pool,False
R0043_55036252,R0043_55027552,1.0,Wealth Remediation,Wealth Remediation,BA Pool,JBW Remediation Case Construction,False
R0043_55027552,R0043_55036252,1.0,Wealth Remediation,Wealth Remediation,JBW Remediation Case Construction,BA Pool,False
R0043_55036252,R0043_55034879,1.0,Wealth Remediation,Wealth Remediation,BA Pool,JBW Remediation Case Construction 2,False
R0043_55034879,R0043_55036252,1.0,Wealth Remediation,Wealth Remediation,JBW Remediation Case Construction 2,BA Pool,False
R0043_55036252,R0043_55032908,1.0,Wealth Remediation,Wealth Remediation,BA Pool,JBW Remediation CRI,False
R0043_55032908,R0043_55036252,1.0,Wealth Remediation,Wealth Remediation,JBW Remediation CRI,BA Pool,False
R0043_55039686,R0043_55036252,1.0,Wealth Remediation,Wealth Remediation,JBW Remediation Engagement,BA Pool,False
R0043_55036252,R0043_55032862,1.0,Wealth Remediation,Wealth Remediation,BA Pool,JBW CRI Remediation Methodology,False
R0043_55036252,R0043_55032863,1.0,Wealth Remediation,Wealth Remediation,BA Pool,JBW Remediation File Collection & Liaiso,False
R0043_55032863,R0043_55036252,1.0,Wealth Remediation,Wealth Remediation,JBW Remediation File Collection & Liaiso,BA Pool,False
R0043_55036252,R0043_55009127,1.0,Wealth Remediation,Wealth Remediation,BA Pool,JBWere Remediation,False
R0043_55009127,R0043_55036252,1.0,Wealth Remediation,Wealth Remediation,JBWere Remediation,BA Pool,False
R0043_55036252,R0043_55036250,1.0,Wealth Remediation,Wealth Remediation,BA Pool,Logistics Support,False
R0043_55036250,R0043_55036252,1.0,Wealth Remediation,Wealth Remediation,Logistics Support,BA Pool,False
R0043_55036252,R0043_55034880,1.0,Wealth Remediation,Wealth Remediation,BA Pool,Methodology & QA,False
R0043_55034880,R0043_55036252,1.0,Wealth Remediation,Wealth Remediation,Methodology & QA,BA Pool,False
R0043_55036252,R0043_55032860,1.0,Wealth Remediation,Wealth Remediation,BA Pool,Operational Excellence,False
R0043_55032860,R0043_55036252,1.0,Wealth Remediation,Wealth Remediation,Operational Excellence,BA Pool,False
R0043_55036252,R0043_55029506,1.0,Wealth Remediation,Wealth Remediation,BA Pool,"Planning, Governance and Capability",False
R0043_55029506,R0043_55036252,1.0,Wealth Remediation,Wealth Remediation,"Planning, Governance and Capability",BA Pool,False
R0043_55032862,R0043_55036252,1.0,Wealth Remediation,Wealth Remediation,JBW CRI Remediation Methodology,BA Pool,False
R0043_55039679,R0043_55036252,1.0,Wealth Remediation,Wealth Remediation,JBW CRI Assessment,BA Pool,False
R0043_55031288,R0043_55036252,1.0,Wealth Remediation,Wealth Remediation,Quality Assurance Case Assessment,BA Pool,False
R0043_55036252,R0043_55039683,1.0,Wealth Remediation,Wealth Remediation,BA Pool,CRI Assessment Team 3,False
R0043_55036252,R0043_55031083,1.0,Wealth Remediation,Wealth Remediation,BA Pool,Campaign Execution,False
R0043_55031083,R0043_55036252,1.0,Wealth Remediation,Wealth Remediation,Campaign Execution,BA Pool,False
R0043_55036252,R0043_55036209,1.0,Wealth Remediation,Wealth Remediation,BA Pool,Client Restoration,False
R0043_55036209,R0043_55036252,1.0,Wealth Remediation,Wealth Remediation,Client Restoration,BA Pool,False
R0043_55036252,R0043_55035181,1.0,Wealth Remediation,Wealth Remediation,BA Pool,Competency,False
R0043_55035181,R0043_55036252,1.0,Wealth Remediation,Wealth Remediation,Competency,BA Pool,False
R0043_55036252,R0043_55032758,1.0,Wealth Remediation,Wealth Remediation,BA Pool,Complex Executions,False
R0043_55032758,R0043_55036252,1.0,Wealth Remediation,Wealth Remediation,Complex Executions,BA Pool,False
R0043_55036252,R0043_55039681,1.0,Wealth Remediation,Wealth Remediation,BA Pool,CRI Assessment Team 1,False
R0043_55039681,R0043_55036252,1.0,Wealth Remediation,Wealth Remediation,CRI Assessment Team 1,BA Pool,False
R0043_55036252,R0043_55039682,1.0,Wealth Remediation,Wealth Remediation,BA Pool,CRI Assessment Team 2,False
R0043_55039682,R0043_55036252,1.0,Wealth Remediation,Wealth Remediation,CRI Assessment Team 2,BA Pool,False
R0043_55039683,R0043_55036252,1.0,Wealth Remediation,Wealth Remediation,CRI Assessment Team 3,BA Pool,False
R0043_55036252,R0043_55039679,1.0,Wealth Remediation,Wealth Remediation,BA Pool,JBW CRI Assessment,False
R0043_55036252,R0043_55039684,1.0,Wealth Remediation,Wealth Remediation,BA Pool,CRI Assessment Team 4,False
R0043_55039684,R0043_55036252,1.0,Wealth Remediation,Wealth Remediation,CRI Assessment Team 4,BA Pool,False
R0043_55036252,R0043_55032632,1.0,Wealth Remediation,Wealth Remediation,BA Pool,CRI Calcs Team - Jane,False
R0043_55032632,R0043_55036252,1.0,Wealth Remediation,Wealth Remediation,CRI Calcs Team - Jane,BA Pool,False
R0043_55036252,R0043_55021537,1.0,Wealth Remediation,Wealth Remediation,BA Pool,CRI Calcs Team - Kate,False
R0043_55021537,R0043_55036252,1.0,Wealth Remediation,Wealth Remediation,CRI Calcs Team - Kate,BA Pool,False
R0043_55036252,R0043_55041926,1.0,Wealth Remediation,Wealth Remediation,BA Pool,CRI Remediation,False
R0043_55041926,R0043_55036252,1.0,Wealth Remediation,Wealth Remediation,CRI Remediation,BA Pool,False
R0043_55036252,R0043_55029012,1.0,Wealth Remediation,Wealth Remediation,BA Pool,CRI Remediation Data,False
R0043_55029012,R0043_55036252,1.0,Wealth Remediation,Wealth Remediation,CRI Remediation Data,BA Pool,False
R0043_55036252,R0043_55034882,1.0,Wealth Remediation,Wealth Remediation,BA Pool,JBW ASF Assessment,False
R0043_55034882,R0043_55036252,1.0,Wealth Remediation,Wealth Remediation,JBW ASF Assessment,BA Pool,False
R0043_55036252,R0043_55031288,1.0,Wealth Remediation,Wealth Remediation,BA Pool,Quality Assurance Case Assessment,False
R0043_55036252,R0043_55036124,1.0,Wealth Remediation,Wealth Remediation,BA Pool,Remediation Logistics and Planning,False
R0043_55036252,R0043_55034675,1.0,Wealth Remediation,Wealth Remediation,BA Pool,Business Enablement,False
R0043_55034675,R0043_55039679,1.0,Wealth Remediation,Wealth Remediation,Business Enablement,JBW CRI Assessment,False
R0043_55034675,R0043_55039684,1.0,Wealth Remediation,Wealth Remediation,Business Enablement,CRI Assessment Team 4,False
R0043_55039684,R0043_55034675,1.0,Wealth Remediation,Wealth Remediation,CRI Assessment Team 4,Business Enablement,False
R0043_55034675,R0043_55032632,1.0,Wealth Remediation,Wealth Remediation,Business Enablement,CRI Calcs Team - Jane,False
R0043_55032632,R0043_55034675,1.0,Wealth Remediation,Wealth Remediation,CRI Calcs Team - Jane,Business Enablement,False
R0043_55034675,R0043_55021537,1.0,Wealth Remediation,Wealth Remediation,Business Enablement,CRI Calcs Team - Kate,False
R0043_55021537,R0043_55034675,1.0,Wealth Remediation,Wealth Remediation,CRI Calcs Team - Kate,Business Enablement,False
R0043_55034675,R0043_55041926,1.0,Wealth Remediation,Wealth Remediation,Business Enablement,CRI Remediation,False
R0043_55041926,R0043_55034675,1.0,Wealth Remediation,Wealth Remediation,CRI Remediation,Business Enablement,False
R0043_55034675,R0043_55029012,1.0,Wealth Remediation,Wealth Remediation,Business Enablement,CRI Remediation Data,False
R0043_55029012,R0043_55034675,1.0,Wealth Remediation,Wealth Remediation,CRI Remediation Data,Business Enablement,False
R0043_55034675,R0043_55034882,1.0,Wealth Remediation,Wealth Remediation,Business Enablement,JBW ASF Assessment,False
R0043_55034882,R0043_55034675,1.0,Wealth Remediation,Wealth Remediation,JBW ASF Assessment,Business Enablement,False
R0043_55039679,R0043_55034675,1.0,Wealth Remediation,Wealth Remediation,JBW CRI Assessment,Business Enablement,False
R0043_55034675,R0043_55039683,1.0,Wealth Remediation,Wealth Remediation,Business Enablement,CRI Assessment Team 3,False
R0043_55034675,R0043_55032862,1.0,Wealth Remediation,Wealth Remediation,Business Enablement,JBW CRI Remediation Methodology,False
R0043_55032862,R0043_55034675,1.0,Wealth Remediation,Wealth Remediation,JBW CRI Remediation Methodology,Business Enablement,False
R0043_55034675,R0043_55032759,1.0,Wealth Remediation,Wealth Remediation,Business Enablement,JBW Remediation ASF,False
R0043_55032759,R0043_55034675,1.0,Wealth Remediation,Wealth Remediation,JBW Remediation ASF,Business Enablement,False
R0043_55034675,R0043_55037980,1.0,Wealth Remediation,Wealth Remediation,Business Enablement,JBW Remediation Assurance,False
R0043_55037980,R0043_55034675,1.0,Wealth Remediation,Wealth Remediation,JBW Remediation Assurance,Business Enablement,False
R0043_55034675,R0043_55037979,1.0,Wealth Remediation,Wealth Remediation,Business Enablement,JBW Remediation Calculations,False
R0043_55037979,R0043_55034675,1.0,Wealth Remediation,Wealth Remediation,JBW Remediation Calculations,Business Enablement,False
R0043_55034675,R0043_55027552,1.0,Wealth Remediation,Wealth Remediation,Business Enablement,JBW Remediation Case Construction,False
R0043_55027552,R0043_55034675,1.0,Wealth Remediation,Wealth Remediation,JBW Remediation Case Construction,Business Enablement,False
R0043_55034675,R0043_55034879,1.0,Wealth Remediation,Wealth Remediation,Business Enablement,JBW Remediation Case Construction 2,False
R0043_55034879,R0043_55034675,1.0,Wealth Remediation,Wealth Remediation,JBW Remediation Case Construction 2,Business Enablement,False
R0043_55039683,R0043_55034675,1.0,Wealth Remediation,Wealth Remediation,CRI Assessment Team 3,Business Enablement,False
R0043_55039682,R0043_55034675,1.0,Wealth Remediation,Wealth Remediation,CRI Assessment Team 2,Business Enablement,False
R0043_55036124,R0043_55036252,1.0,Wealth Remediation,Wealth Remediation,Remediation Logistics and Planning,BA Pool,False
R0043_55036252,R0043_55034335,1.0,Wealth Remediation,Wealth Remediation,BA Pool,Triage & Investigations,False
R0043_55036252,R0043_55039830,1.0,Wealth Remediation,Wealth Remediation,BA Pool,Remediation Resolve,False
R0043_55039830,R0043_55036252,1.0,Wealth Remediation,Wealth Remediation,Remediation Resolve,BA Pool,False
R0043_55036252,R0043_55034325,1.0,Wealth Remediation,Wealth Remediation,BA Pool,Remediation Support Centre,False
R0043_55034325,R0043_55036252,1.0,Wealth Remediation,Wealth Remediation,Remediation Support Centre,BA Pool,False
R0043_55036252,R0043_55039829,1.0,Wealth Remediation,Wealth Remediation,BA Pool,RSC Squad - 1,False
R0043_55039829,R0043_55036252,1.0,Wealth Remediation,Wealth Remediation,RSC Squad - 1,BA Pool,False
R0043_55036252,R0043_55031080,1.0,Wealth Remediation,Wealth Remediation,BA Pool,RSC Squad - 2,False
R0043_55031080,R0043_55036252,1.0,Wealth Remediation,Wealth Remediation,RSC Squad - 2,BA Pool,False
R0043_55036252,R0043_55031077,1.0,Wealth Remediation,Wealth Remediation,BA Pool,RSC Squad - 3,False
R0043_55031077,R0043_55036252,1.0,Wealth Remediation,Wealth Remediation,RSC Squad - 3,BA Pool,False
R0043_55036252,R0043_55017366,1.0,Wealth Remediation,Wealth Remediation,BA Pool,Third Party Engagement,False
R0043_55017366,R0043_55036252,1.0,Wealth Remediation,Wealth Remediation,Third Party Engagement,BA Pool,False
R0043_55034335,R0043_55036252,1.0,Wealth Remediation,Wealth Remediation,Triage & Investigations,BA Pool,False
R0043_55034675,R0043_55039682,1.0,Wealth Remediation,Wealth Remediation,Business Enablement,CRI Assessment Team 2,False
R0043_55036252,R0043_55031005,1.0,Wealth Remediation,Wealth Remediation,BA Pool,Wealth Remediation Support Centre,False
R0043_55031005,R0043_55036252,1.0,Wealth Remediation,Wealth Remediation,Wealth Remediation Support Centre,BA Pool,False
R0043_55034675,R0043_55031083,1.0,Wealth Remediation,Wealth Remediation,Business Enablement,Campaign Execution,False
R0043_55031083,R0043_55034675,1.0,Wealth Remediation,Wealth Remediation,Campaign Execution,Business Enablement,False
R0043_55034675,R0043_55036209,1.0,Wealth Remediation,Wealth Remediation,Business Enablement,Client Restoration,False
R0043_55036209,R0043_55034675,1.0,Wealth Remediation,Wealth Remediation,Client Restoration,Business Enablement,False
R0043_55034675,R0043_55035181,1.0,Wealth Remediation,Wealth Remediation,Business Enablement,Competency,False
R0043_55035181,R0043_55034675,1.0,Wealth Remediation,Wealth Remediation,Competency,Business Enablement,False
R0043_55034675,R0043_55032758,1.0,Wealth Remediation,Wealth Remediation,Business Enablement,Complex Executions,False
R0043_55032758,R0043_55034675,1.0,Wealth Remediation,Wealth Remediation,Complex Executions,Business Enablement,False
R0043_55034675,R0043_55039681,1.0,Wealth Remediation,Wealth Remediation,Business Enablement,CRI Assessment Team 1,False
R0043_55039681,R0043_55034675,1.0,Wealth Remediation,Wealth Remediation,CRI Assessment Team 1,Business Enablement,False
R0043_55034675,R0043_55036252,1.0,Wealth Remediation,Wealth Remediation,Business Enablement,BA Pool,False
R0043_55031005,R0043_55029067,1.0,Wealth Remediation,Wealth Remediation,Wealth Remediation Support Centre,Assessment - Em,False
R0043_55027552,R0043_55039678,1.0,Wealth Remediation,Wealth Remediation,JBW Remediation Case Construction,ASF Assessment Team 2,False
R0043_55029067,R0043_55031083,1.0,Wealth Remediation,Wealth Remediation,Assessment - Em,Campaign Execution,False
R0043_55039678,R0043_55031077,1.0,Wealth Remediation,Wealth Remediation,ASF Assessment Team 2,RSC Squad - 3,False
R0043_55031077,R0043_55039678,1.0,Wealth Remediation,Wealth Remediation,RSC Squad - 3,ASF Assessment Team 2,False
R0043_55039678,R0043_55017366,1.0,Wealth Remediation,Wealth Remediation,ASF Assessment Team 2,Third Party Engagement,False
R0043_55017366,R0043_55039678,1.0,Wealth Remediation,Wealth Remediation,Third Party Engagement,ASF Assessment Team 2,False
R0043_55039678,R0043_55034335,1.0,Wealth Remediation,Wealth Remediation,ASF Assessment Team 2,Triage & Investigations,False
R0043_55034335,R0043_55039678,1.0,Wealth Remediation,Wealth Remediation,Triage & Investigations,ASF Assessment Team 2,False
R0043_55039678,R0043_55031005,1.0,Wealth Remediation,Wealth Remediation,ASF Assessment Team 2,Wealth Remediation Support Centre,False
R0043_55031005,R0043_55039678,1.0,Wealth Remediation,Wealth Remediation,Wealth Remediation Support Centre,ASF Assessment Team 2,False
R0043_55029067,R0043_55036252,1.0,Wealth Remediation,Wealth Remediation,Assessment - Em,BA Pool,False
R0043_55036252,R0043_55029067,1.0,Wealth Remediation,Wealth Remediation,BA Pool,Assessment - Em,False
R0043_55029067,R0043_55034675,1.0,Wealth Remediation,Wealth Remediation,Assessment - Em,Business Enablement,False
R0043_55034675,R0043_55029067,1.0,Wealth Remediation,Wealth Remediation,Business Enablement,Assessment - Em,False
R0043_55031083,R0043_55029067,1.0,Wealth Remediation,Wealth Remediation,Campaign Execution,Assessment - Em,False
R0043_55039678,R0043_55031080,1.0,Wealth Remediation,Wealth Remediation,ASF Assessment Team 2,RSC Squad - 2,False
R0043_55029067,R0043_55036209,1.0,Wealth Remediation,Wealth Remediation,Assessment - Em,Client Restoration,False
R0043_55036209,R0043_55029067,1.0,Wealth Remediation,Wealth Remediation,Client Restoration,Assessment - Em,False
R0043_55029067,R0043_55035181,1.0,Wealth Remediation,Wealth Remediation,Assessment - Em,Competency,False
R0043_55035181,R0043_55029067,1.0,Wealth Remediation,Wealth Remediation,Competency,Assessment - Em,False
R0043_55029067,R0043_55032758,1.0,Wealth Remediation,Wealth Remediation,Assessment - Em,Complex Executions,False
R0043_55032758,R0043_55029067,1.0,Wealth Remediation,Wealth Remediation,Complex Executions,Assessment - Em,False
R0043_55029067,R0043_55039681,1.0,Wealth Remediation,Wealth Remediation,Assessment - Em,CRI Assessment Team 1,False
R0043_55039681,R0043_55029067,1.0,Wealth Remediation,Wealth Remediation,CRI Assessment Team 1,Assessment - Em,False
R0043_55029067,R0043_55039682,1.0,Wealth Remediation,Wealth Remediation,Assessment - Em,CRI Assessment Team 2,False
R0043_55039682,R0043_55029067,1.0,Wealth Remediation,Wealth Remediation,CRI Assessment Team 2,Assessment - Em,False
R0043_55029067,R0043_55039683,1.0,Wealth Remediation,Wealth Remediation,Assessment - Em,CRI Assessment Team 3,False
R0043_55039683,R0043_55029067,1.0,Wealth Remediation,Wealth Remediation,CRI Assessment Team 3,Assessment - Em,False
R0043_55031080,R0043_55039678,1.0,Wealth Remediation,Wealth Remediation,RSC Squad - 2,ASF Assessment Team 2,False
R0043_55039829,R0043_55039678,1.0,Wealth Remediation,Wealth Remediation,RSC Squad - 1,ASF Assessment Team 2,False
R0043_55039684,R0043_55029067,1.0,Wealth Remediation,Wealth Remediation,CRI Assessment Team 4,Assessment - Em,False
R0043_55039678,R0043_55034880,1.0,Wealth Remediation,Wealth Remediation,ASF Assessment Team 2,Methodology & QA,False
R0043_55039678,R0043_55034879,1.0,Wealth Remediation,Wealth Remediation,ASF Assessment Team 2,JBW Remediation Case Construction 2,False
R0043_55034879,R0043_55039678,1.0,Wealth Remediation,Wealth Remediation,JBW Remediation Case Construction 2,ASF Assessment Team 2,False
R0043_55039678,R0043_55032908,1.0,Wealth Remediation,Wealth Remediation,ASF Assessment Team 2,JBW Remediation CRI,False
R0043_55032908,R0043_55039678,1.0,Wealth Remediation,Wealth Remediation,JBW Remediation CRI,ASF Assessment Team 2,False
R0043_55039678,R0043_55039686,1.0,Wealth Remediation,Wealth Remediation,ASF Assessment Team 2,JBW Remediation Engagement,False
R0043_55039686,R0043_55039678,1.0,Wealth Remediation,Wealth Remediation,JBW Remediation Engagement,ASF Assessment Team 2,False
R0043_55039678,R0043_55032863,1.0,Wealth Remediation,Wealth Remediation,ASF Assessment Team 2,JBW Remediation File Collection & Liaiso,False
R0043_55032863,R0043_55039678,1.0,Wealth Remediation,Wealth Remediation,JBW Remediation File Collection & Liaiso,ASF Assessment Team 2,False
R0043_55039678,R0043_55009127,1.0,Wealth Remediation,Wealth Remediation,ASF Assessment Team 2,JBWere Remediation,False
R0043_55009127,R0043_55039678,1.0,Wealth Remediation,Wealth Remediation,JBWere Remediation,ASF Assessment Team 2,False
R0043_55039678,R0043_55036250,1.0,Wealth Remediation,Wealth Remediation,ASF Assessment Team 2,Logistics Support,False
R0043_55036250,R0043_55039678,1.0,Wealth Remediation,Wealth Remediation,Logistics Support,ASF Assessment Team 2,False
R0043_55034880,R0043_55039678,1.0,Wealth Remediation,Wealth Remediation,Methodology & QA,ASF Assessment Team 2,False
R0043_55039678,R0043_55039829,1.0,Wealth Remediation,Wealth Remediation,ASF Assessment Team 2,RSC Squad - 1,False
R0043_55039678,R0043_55032860,1.0,Wealth Remediation,Wealth Remediation,ASF Assessment Team 2,Operational Excellence,False
R0043_55032860,R0043_55039678,1.0,Wealth Remediation,Wealth Remediation,Operational Excellence,ASF Assessment Team 2,False
R0043_55039678,R0043_55029506,1.0,Wealth Remediation,Wealth Remediation,ASF Assessment Team 2,"Planning, Governance and Capability",False
R0043_55029506,R0043_55039678,1.0,Wealth Remediation,Wealth Remediation,"Planning, Governance and Capability",ASF Assessment Team 2,False
R0043_55039678,R0043_55031288,1.0,Wealth Remediation,Wealth Remediation,ASF Assessment Team 2,Quality Assurance Case Assessment,False
R0043_55031288,R0043_55039678,1.0,Wealth Remediation,Wealth Remediation,Quality Assurance Case Assessment,ASF Assessment Team 2,False
R0043_55039678,R0043_55036124,1.0,Wealth Remediation,Wealth Remediation,ASF Assessment Team 2,Remediation Logistics and Planning,False
R0043_55036124,R0043_55039678,1.0,Wealth Remediation,Wealth Remediation,Remediation Logistics and Planning,ASF Assessment Team 2,False
R0043_55039678,R0043_55039830,1.0,Wealth Remediation,Wealth Remediation,ASF Assessment Team 2,Remediation Resolve,False
R0043_55039830,R0043_55039678,1.0,Wealth Remediation,Wealth Remediation,Remediation Resolve,ASF Assessment Team 2,False
R0043_55039678,R0043_55034325,1.0,Wealth Remediation,Wealth Remediation,ASF Assessment Team 2,Remediation Support Centre,False
R0043_55034325,R0043_55039678,1.0,Wealth Remediation,Wealth Remediation,Remediation Support Centre,ASF Assessment Team 2,False
R0043_55029067,R0043_55039684,1.0,Wealth Remediation,Wealth Remediation,Assessment - Em,CRI Assessment Team 4,False
R0043_55029067,R0043_55032632,1.0,Wealth Remediation,Wealth Remediation,Assessment - Em,CRI Calcs Team - Jane,False
R0043_55029067,R0043_55031005,1.0,Wealth Remediation,Wealth Remediation,Assessment - Em,Wealth Remediation Support Centre,False
R0043_55029067,R0043_55039830,1.0,Wealth Remediation,Wealth Remediation,Assessment - Em,Remediation Resolve,False
R0043_55029067,R0043_55036250,1.0,Wealth Remediation,Wealth Remediation,Assessment - Em,Logistics Support,False
R0043_55036250,R0043_55029067,1.0,Wealth Remediation,Wealth Remediation,Logistics Support,Assessment - Em,False
R0043_55029067,R0043_55034880,1.0,Wealth Remediation,Wealth Remediation,Assessment - Em,Methodology & QA,False
R0043_55034880,R0043_55029067,1.0,Wealth Remediation,Wealth Remediation,Methodology & QA,Assessment - Em,False
R0043_55029067,R0043_55032860,1.0,Wealth Remediation,Wealth Remediation,Assessment - Em,Operational Excellence,False
R0043_55032860,R0043_55029067,1.0,Wealth Remediation,Wealth Remediation,Operational Excellence,Assessment - Em,False
R0043_55029067,R0043_55029506,1.0,Wealth Remediation,Wealth Remediation,Assessment - Em,"Planning, Governance and Capability",False
R0043_55029506,R0043_55029067,1.0,Wealth Remediation,Wealth Remediation,"Planning, Governance and Capability",Assessment - Em,False
R0043_55029067,R0043_55031288,1.0,Wealth Remediation,Wealth Remediation,Assessment - Em,Quality Assurance Case Assessment,False
R0043_55031288,R0043_55029067,1.0,Wealth Remediation,Wealth Remediation,Quality Assurance Case Assessment,Assessment - Em,False
R0043_55029067,R0043_55036124,1.0,Wealth Remediation,Wealth Remediation,Assessment - Em,Remediation Logistics and Planning,False
R0043_55036124,R0043_55029067,1.0,Wealth Remediation,Wealth Remediation,Remediation Logistics and Planning,Assessment - Em,False
R0043_55039830,R0043_55029067,1.0,Wealth Remediation,Wealth Remediation,Remediation Resolve,Assessment - Em,False
R0043_55029067,R0043_55009127,1.0,Wealth Remediation,Wealth Remediation,Assessment - Em,JBWere Remediation,False
R0043_55029067,R0043_55034325,1.0,Wealth Remediation,Wealth Remediation,Assessment - Em,Remediation Support Centre,False
R0043_55034325,R0043_55029067,1.0,Wealth Remediation,Wealth Remediation,Remediation Support Centre,Assessment - Em,False
R0043_55029067,R0043_55039829,1.0,Wealth Remediation,Wealth Remediation,Assessment - Em,RSC Squad - 1,False
R0043_55039829,R0043_55029067,1.0,Wealth Remediation,Wealth Remediation,RSC Squad - 1,Assessment - Em,False
R0043_55029067,R0043_55031080,1.0,Wealth Remediation,Wealth Remediation,Assessment - Em,RSC Squad - 2,False
R0043_55031080,R0043_55029067,1.0,Wealth Remediation,Wealth Remediation,RSC Squad - 2,Assessment - Em,False
R0043_55029067,R0043_55031077,1.0,Wealth Remediation,Wealth Remediation,Assessment - Em,RSC Squad - 3,False
R0043_55031077,R0043_55029067,1.0,Wealth Remediation,Wealth Remediation,RSC Squad - 3,Assessment - Em,False
R0043_55029067,R0043_55017366,1.0,Wealth Remediation,Wealth Remediation,Assessment - Em,Third Party Engagement,False
R0043_55017366,R0043_55029067,1.0,Wealth Remediation,Wealth Remediation,Third Party Engagement,Assessment - Em,False
R0043_55029067,R0043_55034335,1.0,Wealth Remediation,Wealth Remediation,Assessment - Em,Triage & Investigations,False
R0043_55034335,R0043_55029067,1.0,Wealth Remediation,Wealth Remediation,Triage & Investigations,Assessment - Em,False
R0043_55009127,R0043_55029067,1.0,Wealth Remediation,Wealth Remediation,JBWere Remediation,Assessment - Em,False
R0043_55032863,R0043_55029067,1.0,Wealth Remediation,Wealth Remediation,JBW Remediation File Collection & Liaiso,Assessment - Em,False
R0043_55032632,R0043_55029067,1.0,Wealth Remediation,Wealth Remediation,CRI Calcs Team - Jane,Assessment - Em,False
R0043_55029067,R0043_55032759,1.0,Wealth Remediation,Wealth Remediation,Assessment - Em,JBW Remediation ASF,False
R0043_55029067,R0043_55021537,1.0,Wealth Remediation,Wealth Remediation,Assessment - Em,CRI Calcs Team - Kate,False
R0043_55021537,R0043_55029067,1.0,Wealth Remediation,Wealth Remediation,CRI Calcs Team - Kate,Assessment - Em,False
R0043_55029067,R0043_55041926,1.0,Wealth Remediation,Wealth Remediation,Assessment - Em,CRI Remediation,False
R0043_55041926,R0043_55029067,1.0,Wealth Remediation,Wealth Remediation,CRI Remediation,Assessment - Em,False
R0043_55029067,R0043_55029012,1.0,Wealth Remediation,Wealth Remediation,Assessment - Em,CRI Remediation Data,False
R0043_55029012,R0043_55029067,1.0,Wealth Remediation,Wealth Remediation,CRI Remediation Data,Assessment - Em,False
R0043_55029067,R0043_55034882,1.0,Wealth Remediation,Wealth Remediation,Assessment - Em,JBW ASF Assessment,False
R0043_55034882,R0043_55029067,1.0,Wealth Remediation,Wealth Remediation,JBW ASF Assessment,Assessment - Em,False
R0043_55029067,R0043_55039679,1.0,Wealth Remediation,Wealth Remediation,Assessment - Em,JBW CRI Assessment,False
R0043_55039679,R0043_55029067,1.0,Wealth Remediation,Wealth Remediation,JBW CRI Assessment,Assessment - Em,False
R0043_55029067,R0043_55032862,1.0,Wealth Remediation,Wealth Remediation,Assessment - Em,JBW CRI Remediation Methodology,False
R0043_55032862,R0043_55029067,1.0,Wealth Remediation,Wealth Remediation,JBW CRI Remediation Methodology,Assessment - Em,False
R0043_55032759,R0043_55029067,1.0,Wealth Remediation,Wealth Remediation,JBW Remediation ASF,Assessment - Em,False
R0043_55029067,R0043_55032863,1.0,Wealth Remediation,Wealth Remediation,Assessment - Em,JBW Remediation File Collection & Liaiso,False
R0043_55029067,R0043_55037980,1.0,Wealth Remediation,Wealth Remediation,Assessment - Em,JBW Remediation Assurance,False
R0043_55037980,R0043_55029067,1.0,Wealth Remediation,Wealth Remediation,JBW Remediation Assurance,Assessment - Em,False
R0043_55029067,R0043_55037979,1.0,Wealth Remediation,Wealth Remediation,Assessment - Em,JBW Remediation Calculations,False
R0043_55037979,R0043_55029067,1.0,Wealth Remediation,Wealth Remediation,JBW Remediation Calculations,Assessment - Em,False
R0043_55029067,R0043_55027552,1.0,Wealth Remediation,Wealth Remediation,Assessment - Em,JBW Remediation Case Construction,False
R0043_55027552,R0043_55029067,1.0,Wealth Remediation,Wealth Remediation,JBW Remediation Case Construction,Assessment - Em,False
R0043_55029067,R0043_55034879,1.0,Wealth Remediation,Wealth Remediation,Assessment - Em,JBW Remediation Case Construction 2,False
R0043_55034879,R0043_55029067,1.0,Wealth Remediation,Wealth Remediation,JBW Remediation Case Construction 2,Assessment - Em,False
R0043_55029067,R0043_55032908,1.0,Wealth Remediation,Wealth Remediation,Assessment - Em,JBW Remediation CRI,False
R0043_55032908,R0043_55029067,1.0,Wealth Remediation,Wealth Remediation,JBW Remediation CRI,Assessment - Em,False
R0043_55029067,R0043_55039686,1.0,Wealth Remediation,Wealth Remediation,Assessment - Em,JBW Remediation Engagement,False
R0043_55039686,R0043_55029067,1.0,Wealth Remediation,Wealth Remediation,JBW Remediation Engagement,Assessment - Em,False
R0043_55039683,R0043_55009127,1.0,Wealth Remediation,Wealth Remediation,CRI Assessment Team 3,JBWere Remediation,False
R0043_55034325,R0043_55041926,1.0,Wealth Remediation,Wealth Remediation,Remediation Support Centre,CRI Remediation,False
R0043_55039683,R0043_55036250,1.0,Wealth Remediation,Wealth Remediation,CRI Assessment Team 3,Logistics Support,False
R0043_55039830,R0043_55032759,1.0,Wealth Remediation,Wealth Remediation,Remediation Resolve,JBW Remediation ASF,False
R0043_55031288,R0043_55034879,1.0,Wealth Remediation,Wealth Remediation,Quality Assurance Case Assessment,JBW Remediation Case Construction 2,False
R0043_55034879,R0043_55036124,1.0,Wealth Remediation,Wealth Remediation,JBW Remediation Case Construction 2,Remediation Logistics and Planning,False
R0043_55036124,R0043_55034879,1.0,Wealth Remediation,Wealth Remediation,Remediation Logistics and Planning,JBW Remediation Case Construction 2,False
R0043_55034879,R0043_55039830,1.0,Wealth Remediation,Wealth Remediation,JBW Remediation Case Construction 2,Remediation Resolve,False
R0043_55039830,R0043_55034879,1.0,Wealth Remediation,Wealth Remediation,Remediation Resolve,JBW Remediation Case Construction 2,False
R0043_55034879,R0043_55034325,1.0,Wealth Remediation,Wealth Remediation,JBW Remediation Case Construction 2,Remediation Support Centre,False
R0043_55034325,R0043_55034879,1.0,Wealth Remediation,Wealth Remediation,Remediation Support Centre,JBW Remediation Case Construction 2,False
R0043_55034879,R0043_55039829,1.0,Wealth Remediation,Wealth Remediation,JBW Remediation Case Construction 2,RSC Squad - 1,False
R0043_55039829,R0043_55034879,1.0,Wealth Remediation,Wealth Remediation,RSC Squad - 1,JBW Remediation Case Construction 2,False
R0043_55034879,R0043_55031080,1.0,Wealth Remediation,Wealth Remediation,JBW Remediation Case Construction 2,RSC Squad - 2,False
R0043_55031080,R0043_55034879,1.0,Wealth Remediation,Wealth Remediation,RSC Squad - 2,JBW Remediation Case Construction 2,False
R0043_55034879,R0043_55031077,1.0,Wealth Remediation,Wealth Remediation,JBW Remediation Case Construction 2,RSC Squad - 3,False
R0043_55031077,R0043_55034879,1.0,Wealth Remediation,Wealth Remediation,RSC Squad - 3,JBW Remediation Case Construction 2,False
R0043_55034879,R0043_55017366,1.0,Wealth Remediation,Wealth Remediation,JBW Remediation Case Construction 2,Third Party Engagement,False
R0043_55017366,R0043_55034879,1.0,Wealth Remediation,Wealth Remediation,Third Party Engagement,JBW Remediation Case Construction 2,False
R0043_55034879,R0043_55034335,1.0,Wealth Remediation,Wealth Remediation,JBW Remediation Case Construction 2,Triage & Investigations,False
R0043_55034335,R0043_55034879,1.0,Wealth Remediation,Wealth Remediation,Triage & Investigations,JBW Remediation Case Construction 2,False
R0043_55034879,R0043_55031005,1.0,Wealth Remediation,Wealth Remediation,JBW Remediation Case Construction 2,Wealth Remediation Support Centre,False
R0043_55031005,R0043_55034879,1.0,Wealth Remediation,Wealth Remediation,Wealth Remediation Support Centre,JBW Remediation Case Construction 2,False
R0043_55032908,R0043_55039686,1.0,Wealth Remediation,Wealth Remediation,JBW Remediation CRI,JBW Remediation Engagement,False
R0043_55039686,R0043_55032908,1.0,Wealth Remediation,Wealth Remediation,JBW Remediation Engagement,JBW Remediation CRI,False
R0043_55032908,R0043_55032863,1.0,Wealth Remediation,Wealth Remediation,JBW Remediation CRI,JBW Remediation File Collection & Liaiso,False
R0043_55032863,R0043_55032908,1.0,Wealth Remediation,Wealth Remediation,JBW Remediation File Collection & Liaiso,JBW Remediation CRI,False
R0043_55032908,R0043_55009127,1.0,Wealth Remediation,Wealth Remediation,JBW Remediation CRI,JBWere Remediation,False
R0043_55009127,R0043_55032908,1.0,Wealth Remediation,Wealth Remediation,JBWere Remediation,JBW Remediation CRI,False
R0043_55032908,R0043_55036250,1.0,Wealth Remediation,Wealth Remediation,JBW Remediation CRI,Logistics Support,False
R0043_55036250,R0043_55032908,1.0,Wealth Remediation,Wealth Remediation,Logistics Support,JBW Remediation CRI,False
R0043_55034879,R0043_55031288,1.0,Wealth Remediation,Wealth Remediation,JBW Remediation Case Construction 2,Quality Assurance Case Assessment,False
R0043_55029506,R0043_55034879,1.0,Wealth Remediation,Wealth Remediation,"Planning, Governance and Capability",JBW Remediation Case Construction 2,False
R0043_55034879,R0043_55029506,1.0,Wealth Remediation,Wealth Remediation,JBW Remediation Case Construction 2,"Planning, Governance and Capability",False
R0043_55031005,R0043_55027552,1.0,Wealth Remediation,Wealth Remediation,Wealth Remediation Support Centre,JBW Remediation Case Construction,False
R0043_55034325,R0043_55027552,1.0,Wealth Remediation,Wealth Remediation,Remediation Support Centre,JBW Remediation Case Construction,False
R0043_55027552,R0043_55039829,1.0,Wealth Remediation,Wealth Remediation,JBW Remediation Case Construction,RSC Squad - 1,False
R0043_55039829,R0043_55027552,1.0,Wealth Remediation,Wealth Remediation,RSC Squad - 1,JBW Remediation Case Construction,False
R0043_55027552,R0043_55031080,1.0,Wealth Remediation,Wealth Remediation,JBW Remediation Case Construction,RSC Squad - 2,False
R0043_55031080,R0043_55027552,1.0,Wealth Remediation,Wealth Remediation,RSC Squad - 2,JBW Remediation Case Construction,False
R0043_55027552,R0043_55031077,1.0,Wealth Remediation,Wealth Remediation,JBW Remediation Case Construction,RSC Squad - 3,False
R0043_55031077,R0043_55027552,1.0,Wealth Remediation,Wealth Remediation,RSC Squad - 3,JBW Remediation Case Construction,False
R0043_55027552,R0043_55017366,1.0,Wealth Remediation,Wealth Remediation,JBW Remediation Case Construction,Third Party Engagement,False
R0043_55017366,R0043_55027552,1.0,Wealth Remediation,Wealth Remediation,Third Party Engagement,JBW Remediation Case Construction,False
R0043_55027552,R0043_55034335,1.0,Wealth Remediation,Wealth Remediation,JBW Remediation Case Construction,Triage & Investigations,False
R0043_55034335,R0043_55027552,1.0,Wealth Remediation,Wealth Remediation,Triage & Investigations,JBW Remediation Case Construction,False
R0043_55027552,R0043_55031005,1.0,Wealth Remediation,Wealth Remediation,JBW Remediation Case Construction,Wealth Remediation Support Centre,False
R0043_55034879,R0043_55032908,1.0,Wealth Remediation,Wealth Remediation,JBW Remediation Case Construction 2,JBW Remediation CRI,False
R0043_55032860,R0043_55034879,1.0,Wealth Remediation,Wealth Remediation,Operational Excellence,JBW Remediation Case Construction 2,False
R0043_55032908,R0043_55034879,1.0,Wealth Remediation,Wealth Remediation,JBW Remediation CRI,JBW Remediation Case Construction 2,False
R0043_55034879,R0043_55039686,1.0,Wealth Remediation,Wealth Remediation,JBW Remediation Case Construction 2,JBW Remediation Engagement,False
R0043_55039686,R0043_55034879,1.0,Wealth Remediation,Wealth Remediation,JBW Remediation Engagement,JBW Remediation Case Construction 2,False
R0043_55034879,R0043_55032863,1.0,Wealth Remediation,Wealth Remediation,JBW Remediation Case Construction 2,JBW Remediation File Collection & Liaiso,False
R0043_55032863,R0043_55034879,1.0,Wealth Remediation,Wealth Remediation,JBW Remediation File Collection & Liaiso,JBW Remediation Case Construction 2,False
R0043_55034879,R0043_55009127,1.0,Wealth Remediation,Wealth Remediation,JBW Remediation Case Construction 2,JBWere Remediation,False
R0043_55009127,R0043_55034879,1.0,Wealth Remediation,Wealth Remediation,JBWere Remediation,JBW Remediation Case Construction 2,False
R0043_55034879,R0043_55036250,1.0,Wealth Remediation,Wealth Remediation,JBW Remediation Case Construction 2,Logistics Support,False
R0043_55036250,R0043_55034879,1.0,Wealth Remediation,Wealth Remediation,Logistics Support,JBW Remediation Case Construction 2,False
R0043_55034879,R0043_55034880,1.0,Wealth Remediation,Wealth Remediation,JBW Remediation Case Construction 2,Methodology & QA,False
R0043_55034880,R0043_55034879,1.0,Wealth Remediation,Wealth Remediation,Methodology & QA,JBW Remediation Case Construction 2,False
R0043_55034879,R0043_55032860,1.0,Wealth Remediation,Wealth Remediation,JBW Remediation Case Construction 2,Operational Excellence,False
R0043_55032908,R0043_55034880,1.0,Wealth Remediation,Wealth Remediation,JBW Remediation CRI,Methodology & QA,False
R0043_55034880,R0043_55032908,1.0,Wealth Remediation,Wealth Remediation,Methodology & QA,JBW Remediation CRI,False
R0043_55032908,R0043_55032860,1.0,Wealth Remediation,Wealth Remediation,JBW Remediation CRI,Operational Excellence,False
R0043_55039686,R0043_55039829,1.0,Wealth Remediation,Wealth Remediation,JBW Remediation Engagement,RSC Squad - 1,False
R0043_55039686,R0043_55032860,1.0,Wealth Remediation,Wealth Remediation,JBW Remediation Engagement,Operational Excellence,False
R0043_55032860,R0043_55039686,1.0,Wealth Remediation,Wealth Remediation,Operational Excellence,JBW Remediation Engagement,False
R0043_55039686,R0043_55029506,1.0,Wealth Remediation,Wealth Remediation,JBW Remediation Engagement,"Planning, Governance and Capability",False
R0043_55029506,R0043_55039686,1.0,Wealth Remediation,Wealth Remediation,"Planning, Governance and Capability",JBW Remediation Engagement,False
R0043_55039686,R0043_55031288,1.0,Wealth Remediation,Wealth Remediation,JBW Remediation Engagement,Quality Assurance Case Assessment,False
R0043_55031288,R0043_55039686,1.0,Wealth Remediation,Wealth Remediation,Quality Assurance Case Assessment,JBW Remediation Engagement,False
R0043_55039686,R0043_55036124,1.0,Wealth Remediation,Wealth Remediation,JBW Remediation Engagement,Remediation Logistics and Planning,False
R0043_55036124,R0043_55039686,1.0,Wealth Remediation,Wealth Remediation,Remediation Logistics and Planning,JBW Remediation Engagement,False
R0043_55039686,R0043_55039830,1.0,Wealth Remediation,Wealth Remediation,JBW Remediation Engagement,Remediation Resolve,False
R0043_55039830,R0043_55039686,1.0,Wealth Remediation,Wealth Remediation,Remediation Resolve,JBW Remediation Engagement,False
R0043_55039686,R0043_55034325,1.0,Wealth Remediation,Wealth Remediation,JBW Remediation Engagement,Remediation Support Centre,False
R0043_55034325,R0043_55039686,1.0,Wealth Remediation,Wealth Remediation,Remediation Support Centre,JBW Remediation Engagement,False
R0043_55039829,R0043_55039686,1.0,Wealth Remediation,Wealth Remediation,RSC Squad - 1,JBW Remediation Engagement,False
R0043_55039686,R0043_55034880,1.0,Wealth Remediation,Wealth Remediation,JBW Remediation Engagement,Methodology & QA,False
R0043_55039686,R0043_55031080,1.0,Wealth Remediation,Wealth Remediation,JBW Remediation Engagement,RSC Squad - 2,False
R0043_55031080,R0043_55039686,1.0,Wealth Remediation,Wealth Remediation,RSC Squad - 2,JBW Remediation Engagement,False
R0043_55039686,R0043_55031077,1.0,Wealth Remediation,Wealth Remediation,JBW Remediation Engagement,RSC Squad - 3,False
R0043_55031077,R0043_55039686,1.0,Wealth Remediation,Wealth Remediation,RSC Squad - 3,JBW Remediation Engagement,False
R0043_55039686,R0043_55017366,1.0,Wealth Remediation,Wealth Remediation,JBW Remediation Engagement,Third Party Engagement,False
R0043_55017366,R0043_55039686,1.0,Wealth Remediation,Wealth Remediation,Third Party Engagement,JBW Remediation Engagement,False
R0043_55039686,R0043_55034335,1.0,Wealth Remediation,Wealth Remediation,JBW Remediation Engagement,Triage & Investigations,False
R0043_55034335,R0043_55039686,1.0,Wealth Remediation,Wealth Remediation,Triage & Investigations,JBW Remediation Engagement,False
R0043_55039686,R0043_55031005,1.0,Wealth Remediation,Wealth Remediation,JBW Remediation Engagement,Wealth Remediation Support Centre,False
R0043_55031005,R0043_55039686,1.0,Wealth Remediation,Wealth Remediation,Wealth Remediation Support Centre,JBW Remediation Engagement,False
R0043_55032863,R0043_55009127,1.0,Wealth Remediation,Wealth Remediation,JBW Remediation File Collection & Liaiso,JBWere Remediation,False
R0043_55009127,R0043_55032863,1.0,Wealth Remediation,Wealth Remediation,JBWere Remediation,JBW Remediation File Collection & Liaiso,False
R0043_55034880,R0043_55039686,1.0,Wealth Remediation,Wealth Remediation,Methodology & QA,JBW Remediation Engagement,False
R0043_55036250,R0043_55039686,1.0,Wealth Remediation,Wealth Remediation,Logistics Support,JBW Remediation Engagement,False
R0043_55032860,R0043_55032908,1.0,Wealth Remediation,Wealth Remediation,Operational Excellence,JBW Remediation CRI,False
R0043_55032908,R0043_55031080,1.0,Wealth Remediation,Wealth Remediation,JBW Remediation CRI,RSC Squad - 2,False
R0043_55032908,R0043_55029506,1.0,Wealth Remediation,Wealth Remediation,JBW Remediation CRI,"Planning, Governance and Capability",False
R0043_55029506,R0043_55032908,1.0,Wealth Remediation,Wealth Remediation,"Planning, Governance and Capability",JBW Remediation CRI,False
R0043_55032908,R0043_55031288,1.0,Wealth Remediation,Wealth Remediation,JBW Remediation CRI,Quality Assurance Case Assessment,False
R0043_55031288,R0043_55032908,1.0,Wealth Remediation,Wealth Remediation,Quality Assurance Case Assessment,JBW Remediation CRI,False
R0043_55032908,R0043_55036124,1.0,Wealth Remediation,Wealth Remediation,JBW Remediation CRI,Remediation Logistics and Planning,False
R0043_55036124,R0043_55032908,1.0,Wealth Remediation,Wealth Remediation,Remediation Logistics and Planning,JBW Remediation CRI,False
R0043_55032908,R0043_55039830,1.0,Wealth Remediation,Wealth Remediation,JBW Remediation CRI,Remediation Resolve,False
R0043_55039830,R0043_55032908,1.0,Wealth Remediation,Wealth Remediation,Remediation Resolve,JBW Remediation CRI,False
R0043_55032908,R0043_55034325,1.0,Wealth Remediation,Wealth Remediation,JBW Remediation CRI,Remediation Support Centre,False
R0043_55034325,R0043_55032908,1.0,Wealth Remediation,Wealth Remediation,Remediation Support Centre,JBW Remediation CRI,False
R0043_55032908,R0043_55039829,1.0,Wealth Remediation,Wealth Remediation,JBW Remediation CRI,RSC Squad - 1,False
R0043_55039829,R0043_55032908,1.0,Wealth Remediation,Wealth Remediation,RSC Squad - 1,JBW Remediation CRI,False
R0043_55031080,R0043_55032908,1.0,Wealth Remediation,Wealth Remediation,RSC Squad - 2,JBW Remediation CRI,False
R0043_55039686,R0043_55036250,1.0,Wealth Remediation,Wealth Remediation,JBW Remediation Engagement,Logistics Support,False
R0043_55032908,R0043_55031077,1.0,Wealth Remediation,Wealth Remediation,JBW Remediation CRI,RSC Squad - 3,False
R0043_55031077,R0043_55032908,1.0,Wealth Remediation,Wealth Remediation,RSC Squad - 3,JBW Remediation CRI,False
R0043_55032908,R0043_55017366,1.0,Wealth Remediation,Wealth Remediation,JBW Remediation CRI,Third Party Engagement,False
R0043_55017366,R0043_55032908,1.0,Wealth Remediation,Wealth Remediation,Third Party Engagement,JBW Remediation CRI,False
R0043_55032908,R0043_55034335,1.0,Wealth Remediation,Wealth Remediation,JBW Remediation CRI,Triage & Investigations,False
R0043_55034335,R0043_55032908,1.0,Wealth Remediation,Wealth Remediation,Triage & Investigations,JBW Remediation CRI,False
R0043_55032908,R0043_55031005,1.0,Wealth Remediation,Wealth Remediation,JBW Remediation CRI,Wealth Remediation Support Centre,False
R0043_55031005,R0043_55032908,1.0,Wealth Remediation,Wealth Remediation,Wealth Remediation Support Centre,JBW Remediation CRI,False
R0043_55039686,R0043_55032863,1.0,Wealth Remediation,Wealth Remediation,JBW Remediation Engagement,JBW Remediation File Collection & Liaiso,False
R0043_55032863,R0043_55039686,1.0,Wealth Remediation,Wealth Remediation,JBW Remediation File Collection & Liaiso,JBW Remediation Engagement,False
R0043_55039686,R0043_55009127,1.0,Wealth Remediation,Wealth Remediation,JBW Remediation Engagement,JBWere Remediation,False
R0043_55009127,R0043_55039686,1.0,Wealth Remediation,Wealth Remediation,JBWere Remediation,JBW Remediation Engagement,False
R0043_55027552,R0043_55034325,1.0,Wealth Remediation,Wealth Remediation,JBW Remediation Case Construction,Remediation Support Centre,False
R0043_55039830,R0043_55027552,1.0,Wealth Remediation,Wealth Remediation,Remediation Resolve,JBW Remediation Case Construction,False
R0043_55027552,R0043_55039830,1.0,Wealth Remediation,Wealth Remediation,JBW Remediation Case Construction,Remediation Resolve,False
R0043_55034325,R0043_55037980,1.0,Wealth Remediation,Wealth Remediation,Remediation Support Centre,JBW Remediation Assurance,False
R0043_55034880,R0043_55037980,1.0,Wealth Remediation,Wealth Remediation,Methodology & QA,JBW Remediation Assurance,False
R0043_55037980,R0043_55032860,1.0,Wealth Remediation,Wealth Remediation,JBW Remediation Assurance,Operational Excellence,False
R0043_55032860,R0043_55037980,1.0,Wealth Remediation,Wealth Remediation,Operational Excellence,JBW Remediation Assurance,False
R0043_55037980,R0043_55029506,1.0,Wealth Remediation,Wealth Remediation,JBW Remediation Assurance,"Planning, Governance and Capability",False
R0043_55029506,R0043_55037980,1.0,Wealth Remediation,Wealth Remediation,"Planning, Governance and Capability",JBW Remediation Assurance,False
R0043_55037980,R0043_55031288,1.0,Wealth Remediation,Wealth Remediation,JBW Remediation Assurance,Quality Assurance Case Assessment,False
R0043_55031288,R0043_55037980,1.0,Wealth Remediation,Wealth Remediation,Quality Assurance Case Assessment,JBW Remediation Assurance,False
R0043_55037980,R0043_55036124,1.0,Wealth Remediation,Wealth Remediation,JBW Remediation Assurance,Remediation Logistics and Planning,False
R0043_55036124,R0043_55037980,1.0,Wealth Remediation,Wealth Remediation,Remediation Logistics and Planning,JBW Remediation Assurance,False
R0043_55037980,R0043_55039830,1.0,Wealth Remediation,Wealth Remediation,JBW Remediation Assurance,Remediation Resolve,False
R0043_55039830,R0043_55037980,1.0,Wealth Remediation,Wealth Remediation,Remediation Resolve,JBW Remediation Assurance,False
R0043_55037980,R0043_55034325,1.0,Wealth Remediation,Wealth Remediation,JBW Remediation Assurance,Remediation Support Centre,False
R0043_55037980,R0043_55039829,1.0,Wealth Remediation,Wealth Remediation,JBW Remediation Assurance,RSC Squad - 1,False
R0043_55036250,R0043_55037980,1.0,Wealth Remediation,Wealth Remediation,Logistics Support,JBW Remediation Assurance,False
R0043_55039829,R0043_55037980,1.0,Wealth Remediation,Wealth Remediation,RSC Squad - 1,JBW Remediation Assurance,False
R0043_55037980,R0043_55031080,1.0,Wealth Remediation,Wealth Remediation,JBW Remediation Assurance,RSC Squad - 2,False
R0043_55031080,R0043_55037980,1.0,Wealth Remediation,Wealth Remediation,RSC Squad - 2,JBW Remediation Assurance,False
R0043_55037980,R0043_55031077,1.0,Wealth Remediation,Wealth Remediation,JBW Remediation Assurance,RSC Squad - 3,False
R0043_55031077,R0043_55037980,1.0,Wealth Remediation,Wealth Remediation,RSC Squad - 3,JBW Remediation Assurance,False
R0043_55037980,R0043_55017366,1.0,Wealth Remediation,Wealth Remediation,JBW Remediation Assurance,Third Party Engagement,False
R0043_55017366,R0043_55037980,1.0,Wealth Remediation,Wealth Remediation,Third Party Engagement,JBW Remediation Assurance,False
R0043_55037980,R0043_55034335,1.0,Wealth Remediation,Wealth Remediation,JBW Remediation Assurance,Triage & Investigations,False
R0043_55034335,R0043_55037980,1.0,Wealth Remediation,Wealth Remediation,Triage & Investigations,JBW Remediation Assurance,False
R0043_55037980,R0043_55031005,1.0,Wealth Remediation,Wealth Remediation,JBW Remediation Assurance,Wealth Remediation Support Centre,False
R0043_55031005,R0043_55037980,1.0,Wealth Remediation,Wealth Remediation,Wealth Remediation Support Centre,JBW Remediation Assurance,False
R0043_55037979,R0043_55027552,1.0,Wealth Remediation,Wealth Remediation,JBW Remediation Calculations,JBW Remediation Case Construction,False
R0043_55037980,R0043_55034880,1.0,Wealth Remediation,Wealth Remediation,JBW Remediation Assurance,Methodology & QA,False
R0043_55037980,R0043_55036250,1.0,Wealth Remediation,Wealth Remediation,JBW Remediation Assurance,Logistics Support,False
R0043_55037979,R0043_55034879,1.0,Wealth Remediation,Wealth Remediation,JBW Remediation Calculations,JBW Remediation Case Construction 2,False
R0043_55031005,R0043_55032759,1.0,Wealth Remediation,Wealth Remediation,Wealth Remediation Support Centre,JBW Remediation ASF,False
R0043_55034325,R0043_55032759,1.0,Wealth Remediation,Wealth Remediation,Remediation Support Centre,JBW Remediation ASF,False
R0043_55032759,R0043_55039829,1.0,Wealth Remediation,Wealth Remediation,JBW Remediation ASF,RSC Squad - 1,False
R0043_55039829,R0043_55032759,1.0,Wealth Remediation,Wealth Remediation,RSC Squad - 1,JBW Remediation ASF,False
R0043_55032759,R0043_55031080,1.0,Wealth Remediation,Wealth Remediation,JBW Remediation ASF,RSC Squad - 2,False
R0043_55031080,R0043_55032759,1.0,Wealth Remediation,Wealth Remediation,RSC Squad - 2,JBW Remediation ASF,False
R0043_55032759,R0043_55031077,1.0,Wealth Remediation,Wealth Remediation,JBW Remediation ASF,RSC Squad - 3,False
R0043_55031077,R0043_55032759,1.0,Wealth Remediation,Wealth Remediation,RSC Squad - 3,JBW Remediation ASF,False
R0043_55032759,R0043_55017366,1.0,Wealth Remediation,Wealth Remediation,JBW Remediation ASF,Third Party Engagement,False
R0043_55017366,R0043_55032759,1.0,Wealth Remediation,Wealth Remediation,Third Party Engagement,JBW Remediation ASF,False
R0043_55032759,R0043_55034335,1.0,Wealth Remediation,Wealth Remediation,JBW Remediation ASF,Triage & Investigations,False
R0043_55034335,R0043_55032759,1.0,Wealth Remediation,Wealth Remediation,Triage & Investigations,JBW Remediation ASF,False
R0043_55032759,R0043_55031005,1.0,Wealth Remediation,Wealth Remediation,JBW Remediation ASF,Wealth Remediation Support Centre,False
R0043_55037980,R0043_55037979,1.0,Wealth Remediation,Wealth Remediation,JBW Remediation Assurance,JBW Remediation Calculations,False
R0043_55009127,R0043_55037980,1.0,Wealth Remediation,Wealth Remediation,JBWere Remediation,JBW Remediation Assurance,False
R0043_55037979,R0043_55037980,1.0,Wealth Remediation,Wealth Remediation,JBW Remediation Calculations,JBW Remediation Assurance,False
R0043_55037980,R0043_55027552,1.0,Wealth Remediation,Wealth Remediation,JBW Remediation Assurance,JBW Remediation Case Construction,False
R0043_55027552,R0043_55037980,1.0,Wealth Remediation,Wealth Remediation,JBW Remediation Case Construction,JBW Remediation Assurance,False
R0043_55037980,R0043_55034879,1.0,Wealth Remediation,Wealth Remediation,JBW Remediation Assurance,JBW Remediation Case Construction 2,False
R0043_55034879,R0043_55037980,1.0,Wealth Remediation,Wealth Remediation,JBW Remediation Case Construction 2,JBW Remediation Assurance,False
R0043_55037980,R0043_55032908,1.0,Wealth Remediation,Wealth Remediation,JBW Remediation Assurance,JBW Remediation CRI,False
R0043_55032908,R0043_55037980,1.0,Wealth Remediation,Wealth Remediation,JBW Remediation CRI,JBW Remediation Assurance,False
R0043_55037980,R0043_55039686,1.0,Wealth Remediation,Wealth Remediation,JBW Remediation Assurance,JBW Remediation Engagement,False
R0043_55039686,R0043_55037980,1.0,Wealth Remediation,Wealth Remediation,JBW Remediation Engagement,JBW Remediation Assurance,False
R0043_55037980,R0043_55032863,1.0,Wealth Remediation,Wealth Remediation,JBW Remediation Assurance,JBW Remediation File Collection & Liaiso,False
R0043_55032863,R0043_55037980,1.0,Wealth Remediation,Wealth Remediation,JBW Remediation File Collection & Liaiso,JBW Remediation Assurance,False
R0043_55037980,R0043_55009127,1.0,Wealth Remediation,Wealth Remediation,JBW Remediation Assurance,JBWere Remediation,False
R0043_55027552,R0043_55037979,1.0,Wealth Remediation,Wealth Remediation,JBW Remediation Case Construction,JBW Remediation Calculations,False
R0043_55034879,R0043_55037979,1.0,Wealth Remediation,Wealth Remediation,JBW Remediation Case Construction 2,JBW Remediation Calculations,False
R0043_55036124,R0043_55027552,1.0,Wealth Remediation,Wealth Remediation,Remediation Logistics and Planning,JBW Remediation Case Construction,False
R0043_55032863,R0043_55027552,1.0,Wealth Remediation,Wealth Remediation,JBW Remediation File Collection & Liaiso,JBW Remediation Case Construction,False
R0043_55017366,R0043_55037979,1.0,Wealth Remediation,Wealth Remediation,Third Party Engagement,JBW Remediation Calculations,False
R0043_55037979,R0043_55034335,1.0,Wealth Remediation,Wealth Remediation,JBW Remediation Calculations,Triage & Investigations,False
R0043_55034335,R0043_55037979,1.0,Wealth Remediation,Wealth Remediation,Triage & Investigations,JBW Remediation Calculations,False
R0043_55037979,R0043_55031005,1.0,Wealth Remediation,Wealth Remediation,JBW Remediation Calculations,Wealth Remediation Support Centre,False
R0043_55031005,R0043_55037979,1.0,Wealth Remediation,Wealth Remediation,Wealth Remediation Support Centre,JBW Remediation Calculations,False
R0043_55027552,R0043_55034879,1.0,Wealth Remediation,Wealth Remediation,JBW Remediation Case Construction,JBW Remediation Case Construction 2,False
R0043_55034879,R0043_55027552,1.0,Wealth Remediation,Wealth Remediation,JBW Remediation Case Construction 2,JBW Remediation Case Construction,False
R0043_55027552,R0043_55032908,1.0,Wealth Remediation,Wealth Remediation,JBW Remediation Case Construction,JBW Remediation CRI,False
R0043_55032908,R0043_55027552,1.0,Wealth Remediation,Wealth Remediation,JBW Remediation CRI,JBW Remediation Case Construction,False
R0043_55027552,R0043_55039686,1.0,Wealth Remediation,Wealth Remediation,JBW Remediation Case Construction,JBW Remediation Engagement,False
R0043_55039686,R0043_55027552,1.0,Wealth Remediation,Wealth Remediation,JBW Remediation Engagement,JBW Remediation Case Construction,False
R0043_55027552,R0043_55032863,1.0,Wealth Remediation,Wealth Remediation,JBW Remediation Case Construction,JBW Remediation File Collection & Liaiso,False
R0043_55027552,R0043_55009127,1.0,Wealth Remediation,Wealth Remediation,JBW Remediation Case Construction,JBWere Remediation,False
R0043_55031077,R0043_55037979,1.0,Wealth Remediation,Wealth Remediation,RSC Squad - 3,JBW Remediation Calculations,False
R0043_55009127,R0043_55027552,1.0,Wealth Remediation,Wealth Remediation,JBWere Remediation,JBW Remediation Case Construction,False
R0043_55027552,R0043_55036250,1.0,Wealth Remediation,Wealth Remediation,JBW Remediation Case Construction,Logistics Support,False
R0043_55036250,R0043_55027552,1.0,Wealth Remediation,Wealth Remediation,Logistics Support,JBW Remediation Case Construction,False
R0043_55027552,R0043_55034880,1.0,Wealth Remediation,Wealth Remediation,JBW Remediation Case Construction,Methodology & QA,False
R0043_55034880,R0043_55027552,1.0,Wealth Remediation,Wealth Remediation,Methodology & QA,JBW Remediation Case Construction,False
R0043_55027552,R0043_55032860,1.0,Wealth Remediation,Wealth Remediation,JBW Remediation Case Construction,Operational Excellence,False
R0043_55032860,R0043_55027552,1.0,Wealth Remediation,Wealth Remediation,Operational Excellence,JBW Remediation Case Construction,False
R0043_55027552,R0043_55029506,1.0,Wealth Remediation,Wealth Remediation,JBW Remediation Case Construction,"Planning, Governance and Capability",False
R0043_55029506,R0043_55027552,1.0,Wealth Remediation,Wealth Remediation,"Planning, Governance and Capability",JBW Remediation Case Construction,False
R0043_55027552,R0043_55031288,1.0,Wealth Remediation,Wealth Remediation,JBW Remediation Case Construction,Quality Assurance Case Assessment,False
R0043_55031288,R0043_55027552,1.0,Wealth Remediation,Wealth Remediation,Quality Assurance Case Assessment,JBW Remediation Case Construction,False
R0043_55027552,R0043_55036124,1.0,Wealth Remediation,Wealth Remediation,JBW Remediation Case Construction,Remediation Logistics and Planning,False
R0043_55037979,R0043_55017366,1.0,Wealth Remediation,Wealth Remediation,JBW Remediation Calculations,Third Party Engagement,False
R0043_55037979,R0043_55031077,1.0,Wealth Remediation,Wealth Remediation,JBW Remediation Calculations,RSC Squad - 3,False
R0043_55037979,R0043_55032908,1.0,Wealth Remediation,Wealth Remediation,JBW Remediation Calculations,JBW Remediation CRI,False
R0043_55032860,R0043_55037979,1.0,Wealth Remediation,Wealth Remediation,Operational Excellence,JBW Remediation Calculations,False
R0043_55032908,R0043_55037979,1.0,Wealth Remediation,Wealth Remediation,JBW Remediation CRI,JBW Remediation Calculations,False
R0043_55037979,R0043_55039686,1.0,Wealth Remediation,Wealth Remediation,JBW Remediation Calculations,JBW Remediation Engagement,False
R0043_55039686,R0043_55037979,1.0,Wealth Remediation,Wealth Remediation,JBW Remediation Engagement,JBW Remediation Calculations,False
R0043_55037979,R0043_55032863,1.0,Wealth Remediation,Wealth Remediation,JBW Remediation Calculations,JBW Remediation File Collection & Liaiso,False
R0043_55032863,R0043_55037979,1.0,Wealth Remediation,Wealth Remediation,JBW Remediation File Collection & Liaiso,JBW Remediation Calculations,False
R0043_55037979,R0043_55009127,1.0,Wealth Remediation,Wealth Remediation,JBW Remediation Calculations,JBWere Remediation,False
R0043_55009127,R0043_55037979,1.0,Wealth Remediation,Wealth Remediation,JBWere Remediation,JBW Remediation Calculations,False
R0043_55037979,R0043_55036250,1.0,Wealth Remediation,Wealth Remediation,JBW Remediation Calculations,Logistics Support,False
R0043_55036250,R0043_55037979,1.0,Wealth Remediation,Wealth Remediation,Logistics Support,JBW Remediation Calculations,False
R0043_55037979,R0043_55034880,1.0,Wealth Remediation,Wealth Remediation,JBW Remediation Calculations,Methodology & QA,False
R0043_55034880,R0043_55037979,1.0,Wealth Remediation,Wealth Remediation,Methodology & QA,JBW Remediation Calculations,False
R0043_55037979,R0043_55032860,1.0,Wealth Remediation,Wealth Remediation,JBW Remediation Calculations,Operational Excellence,False
R0043_55037979,R0043_55029506,1.0,Wealth Remediation,Wealth Remediation,JBW Remediation Calculations,"Planning, Governance and Capability",False
R0043_55031080,R0043_55037979,1.0,Wealth Remediation,Wealth Remediation,RSC Squad - 2,JBW Remediation Calculations,False
R0043_55029506,R0043_55037979,1.0,Wealth Remediation,Wealth Remediation,"Planning, Governance and Capability",JBW Remediation Calculations,False
R0043_55037979,R0043_55031288,1.0,Wealth Remediation,Wealth Remediation,JBW Remediation Calculations,Quality Assurance Case Assessment,False
R0043_55031288,R0043_55037979,1.0,Wealth Remediation,Wealth Remediation,Quality Assurance Case Assessment,JBW Remediation Calculations,False
R0043_55037979,R0043_55036124,1.0,Wealth Remediation,Wealth Remediation,JBW Remediation Calculations,Remediation Logistics and Planning,False
R0043_55036124,R0043_55037979,1.0,Wealth Remediation,Wealth Remediation,Remediation Logistics and Planning,JBW Remediation Calculations,False
R0043_55037979,R0043_55039830,1.0,Wealth Remediation,Wealth Remediation,JBW Remediation Calculations,Remediation Resolve,False
R0043_55039830,R0043_55037979,1.0,Wealth Remediation,Wealth Remediation,Remediation Resolve,JBW Remediation Calculations,False
R0043_55037979,R0043_55034325,1.0,Wealth Remediation,Wealth Remediation,JBW Remediation Calculations,Remediation Support Centre,False
R0043_55034325,R0043_55037979,1.0,Wealth Remediation,Wealth Remediation,Remediation Support Centre,JBW Remediation Calculations,False
R0043_55037979,R0043_55039829,1.0,Wealth Remediation,Wealth Remediation,JBW Remediation Calculations,RSC Squad - 1,False
R0043_55039829,R0043_55037979,1.0,Wealth Remediation,Wealth Remediation,RSC Squad - 1,JBW Remediation Calculations,False
R0043_55037979,R0043_55031080,1.0,Wealth Remediation,Wealth Remediation,JBW Remediation Calculations,RSC Squad - 2,False
R0043_55032863,R0043_55036250,1.0,Wealth Remediation,Wealth Remediation,JBW Remediation File Collection & Liaiso,Logistics Support,False
R0043_55036250,R0043_55032863,1.0,Wealth Remediation,Wealth Remediation,Logistics Support,JBW Remediation File Collection & Liaiso,False
R0043_55032863,R0043_55034880,1.0,Wealth Remediation,Wealth Remediation,JBW Remediation File Collection & Liaiso,Methodology & QA,False
R0043_55036124,R0043_55039830,1.0,Wealth Remediation,Wealth Remediation,Remediation Logistics and Planning,Remediation Resolve,False
R0043_55031288,R0043_55039829,1.0,Wealth Remediation,Wealth Remediation,Quality Assurance Case Assessment,RSC Squad - 1,False
R0043_55039829,R0043_55031288,1.0,Wealth Remediation,Wealth Remediation,RSC Squad - 1,Quality Assurance Case Assessment,False
R0043_55031288,R0043_55031080,1.0,Wealth Remediation,Wealth Remediation,Quality Assurance Case Assessment,RSC Squad - 2,False
R0043_55031080,R0043_55031288,1.0,Wealth Remediation,Wealth Remediation,RSC Squad - 2,Quality Assurance Case Assessment,False
R0043_55031288,R0043_55031077,1.0,Wealth Remediation,Wealth Remediation,Quality Assurance Case Assessment,RSC Squad - 3,False
R0043_55031077,R0043_55031288,1.0,Wealth Remediation,Wealth Remediation,RSC Squad - 3,Quality Assurance Case Assessment,False
R0043_55031288,R0043_55017366,1.0,Wealth Remediation,Wealth Remediation,Quality Assurance Case Assessment,Third Party Engagement,False
R0043_55017366,R0043_55031288,1.0,Wealth Remediation,Wealth Remediation,Third Party Engagement,Quality Assurance Case Assessment,False
R0043_55031288,R0043_55034335,1.0,Wealth Remediation,Wealth Remediation,Quality Assurance Case Assessment,Triage & Investigations,False
R0043_55034335,R0043_55031288,1.0,Wealth Remediation,Wealth Remediation,Triage & Investigations,Quality Assurance Case Assessment,False
R0043_55031288,R0043_55031005,1.0,Wealth Remediation,Wealth Remediation,Quality Assurance Case Assessment,Wealth Remediation Support Centre,False
R0043_55031005,R0043_55031288,1.0,Wealth Remediation,Wealth Remediation,Wealth Remediation Support Centre,Quality Assurance Case Assessment,False
R0043_55039830,R0043_55036124,1.0,Wealth Remediation,Wealth Remediation,Remediation Resolve,Remediation Logistics and Planning,False
R0043_55031288,R0043_55034325,1.0,Wealth Remediation,Wealth Remediation,Quality Assurance Case Assessment,Remediation Support Centre,False
R0043_55036124,R0043_55034325,1.0,Wealth Remediation,Wealth Remediation,Remediation Logistics and Planning,Remediation Support Centre,False
R0043_55034325,R0043_55036124,1.0,Wealth Remediation,Wealth Remediation,Remediation Support Centre,Remediation Logistics and Planning,False
R0043_55036124,R0043_55039829,1.0,Wealth Remediation,Wealth Remediation,Remediation Logistics and Planning,RSC Squad - 1,False
R0043_55039829,R0043_55036124,1.0,Wealth Remediation,Wealth Remediation,RSC Squad - 1,Remediation Logistics and Planning,False
R0043_55036124,R0043_55031080,1.0,Wealth Remediation,Wealth Remediation,Remediation Logistics and Planning,RSC Squad - 2,False
R0043_55031080,R0043_55036124,1.0,Wealth Remediation,Wealth Remediation,RSC Squad - 2,Remediation Logistics and Planning,False
R0043_55036124,R0043_55031077,1.0,Wealth Remediation,Wealth Remediation,Remediation Logistics and Planning,RSC Squad - 3,False
R0043_55031077,R0043_55036124,1.0,Wealth Remediation,Wealth Remediation,RSC Squad - 3,Remediation Logistics and Planning,False
R0043_55036124,R0043_55017366,1.0,Wealth Remediation,Wealth Remediation,Remediation Logistics and Planning,Third Party Engagement,False
R0043_55017366,R0043_55036124,1.0,Wealth Remediation,Wealth Remediation,Third Party Engagement,Remediation Logistics and Planning,False
R0043_55036124,R0043_55034335,1.0,Wealth Remediation,Wealth Remediation,Remediation Logistics and Planning,Triage & Investigations,False
R0043_55034335,R0043_55036124,1.0,Wealth Remediation,Wealth Remediation,Triage & Investigations,Remediation Logistics and Planning,False
R0043_55034325,R0043_55031288,1.0,Wealth Remediation,Wealth Remediation,Remediation Support Centre,Quality Assurance Case Assessment,False
R0043_55039830,R0043_55031288,1.0,Wealth Remediation,Wealth Remediation,Remediation Resolve,Quality Assurance Case Assessment,False
R0043_55031005,R0043_55036124,1.0,Wealth Remediation,Wealth Remediation,Wealth Remediation Support Centre,Remediation Logistics and Planning,False
R0043_55029506,R0043_55039829,1.0,Wealth Remediation,Wealth Remediation,"Planning, Governance and Capability",RSC Squad - 1,False
R0043_55032860,R0043_55034335,1.0,Wealth Remediation,Wealth Remediation,Operational Excellence,Triage & Investigations,False
R0043_55034335,R0043_55032860,1.0,Wealth Remediation,Wealth Remediation,Triage & Investigations,Operational Excellence,False
R0043_55032860,R0043_55031005,1.0,Wealth Remediation,Wealth Remediation,Operational Excellence,Wealth Remediation Support Centre,False
R0043_55031005,R0043_55032860,1.0,Wealth Remediation,Wealth Remediation,Wealth Remediation Support Centre,Operational Excellence,False
R0043_55029506,R0043_55031288,1.0,Wealth Remediation,Wealth Remediation,"Planning, Governance and Capability",Quality Assurance Case Assessment,False
R0043_55031288,R0043_55029506,1.0,Wealth Remediation,Wealth Remediation,Quality Assurance Case Assessment,"Planning, Governance and Capability",False
R0043_55029506,R0043_55036124,1.0,Wealth Remediation,Wealth Remediation,"Planning, Governance and Capability",Remediation Logistics and Planning,False
R0043_55036124,R0043_55029506,1.0,Wealth Remediation,Wealth Remediation,Remediation Logistics and Planning,"Planning, Governance and Capability",False
R0043_55029506,R0043_55039830,1.0,Wealth Remediation,Wealth Remediation,"Planning, Governance and Capability",Remediation Resolve,False
R0043_55039830,R0043_55029506,1.0,Wealth Remediation,Wealth Remediation,Remediation Resolve,"Planning, Governance and Capability",False
R0043_55029506,R0043_55034325,1.0,Wealth Remediation,Wealth Remediation,"Planning, Governance and Capability",Remediation Support Centre,False
R0043_55034325,R0043_55029506,1.0,Wealth Remediation,Wealth Remediation,Remediation Support Centre,"Planning, Governance and Capability",False
R0043_55039829,R0043_55029506,1.0,Wealth Remediation,Wealth Remediation,RSC Squad - 1,"Planning, Governance and Capability",False
R0043_55031288,R0043_55039830,1.0,Wealth Remediation,Wealth Remediation,Quality Assurance Case Assessment,Remediation Resolve,False
R0043_55029506,R0043_55031080,1.0,Wealth Remediation,Wealth Remediation,"Planning, Governance and Capability",RSC Squad - 2,False
R0043_55031080,R0043_55029506,1.0,Wealth Remediation,Wealth Remediation,RSC Squad - 2,"Planning, Governance and Capability",False
R0043_55029506,R0043_55031077,1.0,Wealth Remediation,Wealth Remediation,"Planning, Governance and Capability",RSC Squad - 3,False
R0043_55031077,R0043_55029506,1.0,Wealth Remediation,Wealth Remediation,RSC Squad - 3,"Planning, Governance and Capability",False
R0043_55029506,R0043_55017366,1.0,Wealth Remediation,Wealth Remediation,"Planning, Governance and Capability",Third Party Engagement,False
R0043_55017366,R0043_55029506,1.0,Wealth Remediation,Wealth Remediation,Third Party Engagement,"Planning, Governance and Capability",False
R0043_55029506,R0043_55034335,1.0,Wealth Remediation,Wealth Remediation,"Planning, Governance and Capability",Triage & Investigations,False
R0043_55034335,R0043_55029506,1.0,Wealth Remediation,Wealth Remediation,Triage & Investigations,"Planning, Governance and Capability",False
R0043_55029506,R0043_55031005,1.0,Wealth Remediation,Wealth Remediation,"Planning, Governance and Capability",Wealth Remediation Support Centre,False
R0043_55031005,R0043_55029506,1.0,Wealth Remediation,Wealth Remediation,Wealth Remediation Support Centre,"Planning, Governance and Capability",False
R0043_55031288,R0043_55036124,1.0,Wealth Remediation,Wealth Remediation,Quality Assurance Case Assessment,Remediation Logistics and Planning,False
R0043_55036124,R0043_55031288,1.0,Wealth Remediation,Wealth Remediation,Remediation Logistics and Planning,Quality Assurance Case Assessment,False
R0043_55036124,R0043_55031005,1.0,Wealth Remediation,Wealth Remediation,Remediation Logistics and Planning,Wealth Remediation Support Centre,False
R0043_55039830,R0043_55034325,1.0,Wealth Remediation,Wealth Remediation,Remediation Resolve,Remediation Support Centre,False
R0043_55032860,R0043_55017366,1.0,Wealth Remediation,Wealth Remediation,Operational Excellence,Third Party Engagement,False
R0043_55031077,R0043_55017366,1.0,Wealth Remediation,Wealth Remediation,RSC Squad - 3,Third Party Engagement,False
R0043_55039829,R0043_55034335,1.0,Wealth Remediation,Wealth Remediation,RSC Squad - 1,Triage & Investigations,False
R0043_55034335,R0043_55039829,1.0,Wealth Remediation,Wealth Remediation,Triage & Investigations,RSC Squad - 1,False
R0043_55039829,R0043_55031005,1.0,Wealth Remediation,Wealth Remediation,RSC Squad - 1,Wealth Remediation Support Centre,False
R0043_55031005,R0043_55039829,1.0,Wealth Remediation,Wealth Remediation,Wealth Remediation Support Centre,RSC Squad - 1,False
R0043_55031080,R0043_55031077,1.0,Wealth Remediation,Wealth Remediation,RSC Squad - 2,RSC Squad - 3,False
R0043_55031077,R0043_55031080,1.0,Wealth Remediation,Wealth Remediation,RSC Squad - 3,RSC Squad - 2,False
R0043_55031080,R0043_55017366,1.0,Wealth Remediation,Wealth Remediation,RSC Squad - 2,Third Party Engagement,False
R0043_55017366,R0043_55031080,1.0,Wealth Remediation,Wealth Remediation,Third Party Engagement,RSC Squad - 2,False
R0043_55031080,R0043_55034335,1.0,Wealth Remediation,Wealth Remediation,RSC Squad - 2,Triage & Investigations,False
R0043_55034335,R0043_55031080,1.0,Wealth Remediation,Wealth Remediation,Triage & Investigations,RSC Squad - 2,False
R0043_55031080,R0043_55031005,1.0,Wealth Remediation,Wealth Remediation,RSC Squad - 2,Wealth Remediation Support Centre,False
R0043_55031005,R0043_55031080,1.0,Wealth Remediation,Wealth Remediation,Wealth Remediation Support Centre,RSC Squad - 2,False
R0043_55017366,R0043_55031077,1.0,Wealth Remediation,Wealth Remediation,Third Party Engagement,RSC Squad - 3,False
R0043_55039829,R0043_55017366,1.0,Wealth Remediation,Wealth Remediation,RSC Squad - 1,Third Party Engagement,False
R0043_55031077,R0043_55034335,1.0,Wealth Remediation,Wealth Remediation,RSC Squad - 3,Triage & Investigations,False
R0043_55034335,R0043_55031077,1.0,Wealth Remediation,Wealth Remediation,Triage & Investigations,RSC Squad - 3,False
R0043_55031077,R0043_55031005,1.0,Wealth Remediation,Wealth Remediation,RSC Squad - 3,Wealth Remediation Support Centre,False
R0043_55031005,R0043_55031077,1.0,Wealth Remediation,Wealth Remediation,Wealth Remediation Support Centre,RSC Squad - 3,False
R0043_55017366,R0043_55034335,1.0,Wealth Remediation,Wealth Remediation,Third Party Engagement,Triage & Investigations,False
R0043_55034335,R0043_55017366,1.0,Wealth Remediation,Wealth Remediation,Triage & Investigations,Third Party Engagement,False
R0043_55017366,R0043_55031005,1.0,Wealth Remediation,Wealth Remediation,Third Party Engagement,Wealth Remediation Support Centre,False
R0043_55031005,R0043_55017366,1.0,Wealth Remediation,Wealth Remediation,Wealth Remediation Support Centre,Third Party Engagement,False
R0043_55034335,R0043_55031005,1.0,Wealth Remediation,Wealth Remediation,Triage & Investigations,Wealth Remediation Support Centre,False
R0043_55031005,R0043_55034335,1.0,Wealth Remediation,Wealth Remediation,Wealth Remediation Support Centre,Triage & Investigations,False
R0055_55007584,R0055_55007583,1.0,Markets Economic Analyst,Markets Economic Analyst,Credit Research,Markets Economics,False
R0055_55007583,R0055_55007584,1.0,Markets Economic Analyst,Markets Economic Analyst,Markets Economics,Credit Research,False
R0043_55017366,R0043_55039829,1.0,Wealth Remediation,Wealth Remediation,Third Party Engagement,RSC Squad - 1,False
R0043_55031077,R0043_55039829,1.0,Wealth Remediation,Wealth Remediation,RSC Squad - 3,RSC Squad - 1,False
R0043_55034325,R0043_55039830,1.0,Wealth Remediation,Wealth Remediation,Remediation Support Centre,Remediation Resolve,False
R0043_55034325,R0043_55039829,1.0,Wealth Remediation,Wealth Remediation,Remediation Support Centre,RSC Squad - 1,False
R0043_55039830,R0043_55039829,1.0,Wealth Remediation,Wealth Remediation,Remediation Resolve,RSC Squad - 1,False
R0043_55039829,R0043_55039830,1.0,Wealth Remediation,Wealth Remediation,RSC Squad - 1,Remediation Resolve,False
R0043_55039830,R0043_55031080,1.0,Wealth Remediation,Wealth Remediation,Remediation Resolve,RSC Squad - 2,False
R0043_55031080,R0043_55039830,1.0,Wealth Remediation,Wealth Remediation,RSC Squad - 2,Remediation Resolve,False
R0043_55039830,R0043_55031077,1.0,Wealth Remediation,Wealth Remediation,Remediation Resolve,RSC Squad - 3,False
R0043_55031077,R0043_55039830,1.0,Wealth Remediation,Wealth Remediation,RSC Squad - 3,Remediation Resolve,False
R0043_55039830,R0043_55017366,1.0,Wealth Remediation,Wealth Remediation,Remediation Resolve,Third Party Engagement,False
R0043_55017366,R0043_55039830,1.0,Wealth Remediation,Wealth Remediation,Third Party Engagement,Remediation Resolve,False
R0043_55039830,R0043_55034335,1.0,Wealth Remediation,Wealth Remediation,Remediation Resolve,Triage & Investigations,False
R0043_55034335,R0043_55039830,1.0,Wealth Remediation,Wealth Remediation,Triage & Investigations,Remediation Resolve,False
R0043_55039830,R0043_55031005,1.0,Wealth Remediation,Wealth Remediation,Remediation Resolve,Wealth Remediation Support Centre,False
R0043_55031005,R0043_55039830,1.0,Wealth Remediation,Wealth Remediation,Wealth Remediation Support Centre,Remediation Resolve,False
R0043_55039829,R0043_55034325,1.0,Wealth Remediation,Wealth Remediation,RSC Squad - 1,Remediation Support Centre,False
R0043_55039829,R0043_55031077,1.0,Wealth Remediation,Wealth Remediation,RSC Squad - 1,RSC Squad - 3,False
R0043_55034325,R0043_55031080,1.0,Wealth Remediation,Wealth Remediation,Remediation Support Centre,RSC Squad - 2,False
R0043_55031080,R0043_55034325,1.0,Wealth Remediation,Wealth Remediation,RSC Squad - 2,Remediation Support Centre,False
R0043_55034325,R0043_55031077,1.0,Wealth Remediation,Wealth Remediation,Remediation Support Centre,RSC Squad - 3,False
R0043_55031077,R0043_55034325,1.0,Wealth Remediation,Wealth Remediation,RSC Squad - 3,Remediation Support Centre,False
R0043_55034325,R0043_55017366,1.0,Wealth Remediation,Wealth Remediation,Remediation Support Centre,Third Party Engagement,False
R0043_55017366,R0043_55034325,1.0,Wealth Remediation,Wealth Remediation,Third Party Engagement,Remediation Support Centre,False
R0043_55034325,R0043_55034335,1.0,Wealth Remediation,Wealth Remediation,Remediation Support Centre,Triage & Investigations,False
R0043_55034335,R0043_55034325,1.0,Wealth Remediation,Wealth Remediation,Triage & Investigations,Remediation Support Centre,False
R0043_55034325,R0043_55031005,1.0,Wealth Remediation,Wealth Remediation,Remediation Support Centre,Wealth Remediation Support Centre,False
R0043_55031005,R0043_55034325,1.0,Wealth Remediation,Wealth Remediation,Wealth Remediation Support Centre,Remediation Support Centre,False
R0043_55039829,R0043_55031080,1.0,Wealth Remediation,Wealth Remediation,RSC Squad - 1,RSC Squad - 2,False
R0043_55031080,R0043_55039829,1.0,Wealth Remediation,Wealth Remediation,RSC Squad - 2,RSC Squad - 1,False
R0043_55017366,R0043_55032860,1.0,Wealth Remediation,Wealth Remediation,Third Party Engagement,Operational Excellence,False
R0043_55031077,R0043_55032860,1.0,Wealth Remediation,Wealth Remediation,RSC Squad - 3,Operational Excellence,False
R0043_55034880,R0043_55032863,1.0,Wealth Remediation,Wealth Remediation,Methodology & QA,JBW Remediation File Collection & Liaiso,False
R0043_55009127,R0043_55031080,1.0,Wealth Remediation,Wealth Remediation,JBWere Remediation,RSC Squad - 2,False
R0043_55009127,R0043_55029506,1.0,Wealth Remediation,Wealth Remediation,JBWere Remediation,"Planning, Governance and Capability",False
R0043_55029506,R0043_55009127,1.0,Wealth Remediation,Wealth Remediation,"Planning, Governance and Capability",JBWere Remediation,False
R0043_55009127,R0043_55031288,1.0,Wealth Remediation,Wealth Remediation,JBWere Remediation,Quality Assurance Case Assessment,False
R0043_55031288,R0043_55009127,1.0,Wealth Remediation,Wealth Remediation,Quality Assurance Case Assessment,JBWere Remediation,False
R0043_55009127,R0043_55036124,1.0,Wealth Remediation,Wealth Remediation,JBWere Remediation,Remediation Logistics and Planning,False
R0043_55036124,R0043_55009127,1.0,Wealth Remediation,Wealth Remediation,Remediation Logistics and Planning,JBWere Remediation,False
R0043_55009127,R0043_55039830,1.0,Wealth Remediation,Wealth Remediation,JBWere Remediation,Remediation Resolve,False
R0043_55039830,R0043_55009127,1.0,Wealth Remediation,Wealth Remediation,Remediation Resolve,JBWere Remediation,False
R0043_55009127,R0043_55034325,1.0,Wealth Remediation,Wealth Remediation,JBWere Remediation,Remediation Support Centre,False
R0043_55034325,R0043_55009127,1.0,Wealth Remediation,Wealth Remediation,Remediation Support Centre,JBWere Remediation,False
R0043_55009127,R0043_55039829,1.0,Wealth Remediation,Wealth Remediation,JBWere Remediation,RSC Squad - 1,False
R0043_55039829,R0043_55009127,1.0,Wealth Remediation,Wealth Remediation,RSC Squad - 1,JBWere Remediation,False
R0043_55031080,R0043_55009127,1.0,Wealth Remediation,Wealth Remediation,RSC Squad - 2,JBWere Remediation,False
R0043_55009127,R0043_55032860,1.0,Wealth Remediation,Wealth Remediation,JBWere Remediation,Operational Excellence,False
R0043_55009127,R0043_55031077,1.0,Wealth Remediation,Wealth Remediation,JBWere Remediation,RSC Squad - 3,False
R0043_55031077,R0043_55009127,1.0,Wealth Remediation,Wealth Remediation,RSC Squad - 3,JBWere Remediation,False
R0043_55009127,R0043_55017366,1.0,Wealth Remediation,Wealth Remediation,JBWere Remediation,Third Party Engagement,False
R0043_55017366,R0043_55009127,1.0,Wealth Remediation,Wealth Remediation,Third Party Engagement,JBWere Remediation,False
R0043_55009127,R0043_55034335,1.0,Wealth Remediation,Wealth Remediation,JBWere Remediation,Triage & Investigations,False
R0043_55034335,R0043_55009127,1.0,Wealth Remediation,Wealth Remediation,Triage & Investigations,JBWere Remediation,False
R0043_55009127,R0043_55031005,1.0,Wealth Remediation,Wealth Remediation,JBWere Remediation,Wealth Remediation Support Centre,False
R0043_55031005,R0043_55009127,1.0,Wealth Remediation,Wealth Remediation,Wealth Remediation Support Centre,JBWere Remediation,False
R0043_55036250,R0043_55034880,1.0,Wealth Remediation,Wealth Remediation,Logistics Support,Methodology & QA,False
R0043_55034880,R0043_55036250,1.0,Wealth Remediation,Wealth Remediation,Methodology & QA,Logistics Support,False
R0043_55036250,R0043_55032860,1.0,Wealth Remediation,Wealth Remediation,Logistics Support,Operational Excellence,False
R0043_55032860,R0043_55036250,1.0,Wealth Remediation,Wealth Remediation,Operational Excellence,Logistics Support,False
R0043_55032860,R0043_55009127,1.0,Wealth Remediation,Wealth Remediation,Operational Excellence,JBWere Remediation,False
R0043_55034880,R0043_55009127,1.0,Wealth Remediation,Wealth Remediation,Methodology & QA,JBWere Remediation,False
R0043_55029506,R0043_55036250,1.0,Wealth Remediation,Wealth Remediation,"Planning, Governance and Capability",Logistics Support,False
R0043_55032863,R0043_55039829,1.0,Wealth Remediation,Wealth Remediation,JBW Remediation File Collection & Liaiso,RSC Squad - 1,False
R0043_55032863,R0043_55032860,1.0,Wealth Remediation,Wealth Remediation,JBW Remediation File Collection & Liaiso,Operational Excellence,False
R0043_55032860,R0043_55032863,1.0,Wealth Remediation,Wealth Remediation,Operational Excellence,JBW Remediation File Collection & Liaiso,False
R0043_55032863,R0043_55029506,1.0,Wealth Remediation,Wealth Remediation,JBW Remediation File Collection & Liaiso,"Planning, Governance and Capability",False
R0043_55029506,R0043_55032863,1.0,Wealth Remediation,Wealth Remediation,"Planning, Governance and Capability",JBW Remediation File Collection & Liaiso,False
R0043_55032863,R0043_55031288,1.0,Wealth Remediation,Wealth Remediation,JBW Remediation File Collection & Liaiso,Quality Assurance Case Assessment,False
R0043_55031288,R0043_55032863,1.0,Wealth Remediation,Wealth Remediation,Quality Assurance Case Assessment,JBW Remediation File Collection & Liaiso,False
R0043_55032863,R0043_55036124,1.0,Wealth Remediation,Wealth Remediation,JBW Remediation File Collection & Liaiso,Remediation Logistics and Planning,False
R0043_55036124,R0043_55032863,1.0,Wealth Remediation,Wealth Remediation,Remediation Logistics and Planning,JBW Remediation File Collection & Liaiso,False
R0043_55032863,R0043_55039830,1.0,Wealth Remediation,Wealth Remediation,JBW Remediation File Collection & Liaiso,Remediation Resolve,False
R0043_55039830,R0043_55032863,1.0,Wealth Remediation,Wealth Remediation,Remediation Resolve,JBW Remediation File Collection & Liaiso,False
R0043_55032863,R0043_55034325,1.0,Wealth Remediation,Wealth Remediation,JBW Remediation File Collection & Liaiso,Remediation Support Centre,False
R0043_55034325,R0043_55032863,1.0,Wealth Remediation,Wealth Remediation,Remediation Support Centre,JBW Remediation File Collection & Liaiso,False
R0043_55039829,R0043_55032863,1.0,Wealth Remediation,Wealth Remediation,RSC Squad - 1,JBW Remediation File Collection & Liaiso,False
R0043_55009127,R0043_55034880,1.0,Wealth Remediation,Wealth Remediation,JBWere Remediation,Methodology & QA,False
R0043_55032863,R0043_55031080,1.0,Wealth Remediation,Wealth Remediation,JBW Remediation File Collection & Liaiso,RSC Squad - 2,False
R0043_55031080,R0043_55032863,1.0,Wealth Remediation,Wealth Remediation,RSC Squad - 2,JBW Remediation File Collection & Liaiso,False
R0043_55032863,R0043_55031077,1.0,Wealth Remediation,Wealth Remediation,JBW Remediation File Collection & Liaiso,RSC Squad - 3,False
R0043_55031077,R0043_55032863,1.0,Wealth Remediation,Wealth Remediation,RSC Squad - 3,JBW Remediation File Collection & Liaiso,False
R0043_55032863,R0043_55017366,1.0,Wealth Remediation,Wealth Remediation,JBW Remediation File Collection & Liaiso,Third Party Engagement,False
R0043_55017366,R0043_55032863,1.0,Wealth Remediation,Wealth Remediation,Third Party Engagement,JBW Remediation File Collection & Liaiso,False
R0043_55032863,R0043_55034335,1.0,Wealth Remediation,Wealth Remediation,JBW Remediation File Collection & Liaiso,Triage & Investigations,False
R0043_55034335,R0043_55032863,1.0,Wealth Remediation,Wealth Remediation,Triage & Investigations,JBW Remediation File Collection & Liaiso,False
R0043_55032863,R0043_55031005,1.0,Wealth Remediation,Wealth Remediation,JBW Remediation File Collection & Liaiso,Wealth Remediation Support Centre,False
R0043_55031005,R0043_55032863,1.0,Wealth Remediation,Wealth Remediation,Wealth Remediation Support Centre,JBW Remediation File Collection & Liaiso,False
R0043_55009127,R0043_55036250,1.0,Wealth Remediation,Wealth Remediation,JBWere Remediation,Logistics Support,False
R0043_55036250,R0043_55009127,1.0,Wealth Remediation,Wealth Remediation,Logistics Support,JBWere Remediation,False
R0043_55036250,R0043_55029506,1.0,Wealth Remediation,Wealth Remediation,Logistics Support,"Planning, Governance and Capability",False
R0043_55036250,R0043_55031288,1.0,Wealth Remediation,Wealth Remediation,Logistics Support,Quality Assurance Case Assessment,False
R0043_55032860,R0043_55031077,1.0,Wealth Remediation,Wealth Remediation,Operational Excellence,RSC Squad - 3,False
R0043_55032860,R0043_55029506,1.0,Wealth Remediation,Wealth Remediation,Operational Excellence,"Planning, Governance and Capability",False
R0043_55034880,R0043_55039829,1.0,Wealth Remediation,Wealth Remediation,Methodology & QA,RSC Squad - 1,False
R0043_55039829,R0043_55034880,1.0,Wealth Remediation,Wealth Remediation,RSC Squad - 1,Methodology & QA,False
R0043_55034880,R0043_55031080,1.0,Wealth Remediation,Wealth Remediation,Methodology & QA,RSC Squad - 2,False
R0043_55031080,R0043_55034880,1.0,Wealth Remediation,Wealth Remediation,RSC Squad - 2,Methodology & QA,False
R0043_55034880,R0043_55031077,1.0,Wealth Remediation,Wealth Remediation,Methodology & QA,RSC Squad - 3,False
R0043_55031077,R0043_55034880,1.0,Wealth Remediation,Wealth Remediation,RSC Squad - 3,Methodology & QA,False
R0043_55034880,R0043_55017366,1.0,Wealth Remediation,Wealth Remediation,Methodology & QA,Third Party Engagement,False
R0043_55017366,R0043_55034880,1.0,Wealth Remediation,Wealth Remediation,Third Party Engagement,Methodology & QA,False
R0043_55034880,R0043_55034335,1.0,Wealth Remediation,Wealth Remediation,Methodology & QA,Triage & Investigations,False
R0043_55034335,R0043_55034880,1.0,Wealth Remediation,Wealth Remediation,Triage & Investigations,Methodology & QA,False
R0043_55034880,R0043_55031005,1.0,Wealth Remediation,Wealth Remediation,Methodology & QA,Wealth Remediation Support Centre,False
R0043_55031005,R0043_55034880,1.0,Wealth Remediation,Wealth Remediation,Wealth Remediation Support Centre,Methodology & QA,False
R0043_55029506,R0043_55032860,1.0,Wealth Remediation,Wealth Remediation,"Planning, Governance and Capability",Operational Excellence,False
R0043_55034880,R0043_55034325,1.0,Wealth Remediation,Wealth Remediation,Methodology & QA,Remediation Support Centre,False
R0043_55032860,R0043_55031288,1.0,Wealth Remediation,Wealth Remediation,Operational Excellence,Quality Assurance Case Assessment,False
R0043_55031288,R0043_55032860,1.0,Wealth Remediation,Wealth Remediation,Quality Assurance Case Assessment,Operational Excellence,False
R0043_55032860,R0043_55036124,1.0,Wealth Remediation,Wealth Remediation,Operational Excellence,Remediation Logistics and Planning,False
R0043_55036124,R0043_55032860,1.0,Wealth Remediation,Wealth Remediation,Remediation Logistics and Planning,Operational Excellence,False
R0043_55032860,R0043_55039830,1.0,Wealth Remediation,Wealth Remediation,Operational Excellence,Remediation Resolve,False
R0043_55039830,R0043_55032860,1.0,Wealth Remediation,Wealth Remediation,Remediation Resolve,Operational Excellence,False
R0043_55032860,R0043_55034325,1.0,Wealth Remediation,Wealth Remediation,Operational Excellence,Remediation Support Centre,False
R0043_55034325,R0043_55032860,1.0,Wealth Remediation,Wealth Remediation,Remediation Support Centre,Operational Excellence,False
R0043_55032860,R0043_55039829,1.0,Wealth Remediation,Wealth Remediation,Operational Excellence,RSC Squad - 1,False
R0043_55039829,R0043_55032860,1.0,Wealth Remediation,Wealth Remediation,RSC Squad - 1,Operational Excellence,False
R0043_55032860,R0043_55031080,1.0,Wealth Remediation,Wealth Remediation,Operational Excellence,RSC Squad - 2,False
R0043_55031080,R0043_55032860,1.0,Wealth Remediation,Wealth Remediation,RSC Squad - 2,Operational Excellence,False
R0043_55034325,R0043_55034880,1.0,Wealth Remediation,Wealth Remediation,Remediation Support Centre,Methodology & QA,False
R0043_55039830,R0043_55034880,1.0,Wealth Remediation,Wealth Remediation,Remediation Resolve,Methodology & QA,False
R0043_55031288,R0043_55036250,1.0,Wealth Remediation,Wealth Remediation,Quality Assurance Case Assessment,Logistics Support,False
R0043_55036250,R0043_55017366,1.0,Wealth Remediation,Wealth Remediation,Logistics Support,Third Party Engagement,False
R0043_55036250,R0043_55036124,1.0,Wealth Remediation,Wealth Remediation,Logistics Support,Remediation Logistics and Planning,False
R0043_55036124,R0043_55036250,1.0,Wealth Remediation,Wealth Remediation,Remediation Logistics and Planning,Logistics Support,False
R0043_55036250,R0043_55039830,1.0,Wealth Remediation,Wealth Remediation,Logistics Support,Remediation Resolve,False
R0043_55039830,R0043_55036250,1.0,Wealth Remediation,Wealth Remediation,Remediation Resolve,Logistics Support,False
R0043_55036250,R0043_55034325,1.0,Wealth Remediation,Wealth Remediation,Logistics Support,Remediation Support Centre,False
R0043_55034325,R0043_55036250,1.0,Wealth Remediation,Wealth Remediation,Remediation Support Centre,Logistics Support,False
R0043_55036250,R0043_55039829,1.0,Wealth Remediation,Wealth Remediation,Logistics Support,RSC Squad - 1,False
R0043_55039829,R0043_55036250,1.0,Wealth Remediation,Wealth Remediation,RSC Squad - 1,Logistics Support,False
R0043_55036250,R0043_55031080,1.0,Wealth Remediation,Wealth Remediation,Logistics Support,RSC Squad - 2,False
R0043_55031080,R0043_55036250,1.0,Wealth Remediation,Wealth Remediation,RSC Squad - 2,Logistics Support,False
R0043_55036250,R0043_55031077,1.0,Wealth Remediation,Wealth Remediation,Logistics Support,RSC Squad - 3,False
R0043_55031077,R0043_55036250,1.0,Wealth Remediation,Wealth Remediation,RSC Squad - 3,Logistics Support,False
R0043_55017366,R0043_55036250,1.0,Wealth Remediation,Wealth Remediation,Third Party Engagement,Logistics Support,False
R0043_55034880,R0043_55039830,1.0,Wealth Remediation,Wealth Remediation,Methodology & QA,Remediation Resolve,False
R0043_55036250,R0043_55034335,1.0,Wealth Remediation,Wealth Remediation,Logistics Support,Triage & Investigations,False
R0043_55034335,R0043_55036250,1.0,Wealth Remediation,Wealth Remediation,Triage & Investigations,Logistics Support,False
R0043_55036250,R0043_55031005,1.0,Wealth Remediation,Wealth Remediation,Logistics Support,Wealth Remediation Support Centre,False
R0043_55031005,R0043_55036250,1.0,Wealth Remediation,Wealth Remediation,Wealth Remediation Support Centre,Logistics Support,False
R0043_55034880,R0043_55032860,1.0,Wealth Remediation,Wealth Remediation,Methodology & QA,Operational Excellence,False
R0043_55032860,R0043_55034880,1.0,Wealth Remediation,Wealth Remediation,Operational Excellence,Methodology & QA,False
R0043_55034880,R0043_55029506,1.0,Wealth Remediation,Wealth Remediation,Methodology & QA,"Planning, Governance and Capability",False
R0043_55029506,R0043_55034880,1.0,Wealth Remediation,Wealth Remediation,"Planning, Governance and Capability",Methodology & QA,False
R0043_55034880,R0043_55031288,1.0,Wealth Remediation,Wealth Remediation,Methodology & QA,Quality Assurance Case Assessment,False
R0043_55031288,R0043_55034880,1.0,Wealth Remediation,Wealth Remediation,Quality Assurance Case Assessment,Methodology & QA,False
R0043_55034880,R0043_55036124,1.0,Wealth Remediation,Wealth Remediation,Methodology & QA,Remediation Logistics and Planning,False
R0043_55036124,R0043_55034880,1.0,Wealth Remediation,Wealth Remediation,Remediation Logistics and Planning,Methodology & QA,False
R0043_55032759,R0043_55034325,1.0,Wealth Remediation,Wealth Remediation,JBW Remediation ASF,Remediation Support Centre,False
R0043_55032759,R0043_55039830,1.0,Wealth Remediation,Wealth Remediation,JBW Remediation ASF,Remediation Resolve,False
R0043_55036250,R0043_55039683,1.0,Wealth Remediation,Wealth Remediation,Logistics Support,CRI Assessment Team 3,False
R0043_55036124,R0043_55032759,1.0,Wealth Remediation,Wealth Remediation,Remediation Logistics and Planning,JBW Remediation ASF,False
R0043_55021537,R0043_55039679,1.0,Wealth Remediation,Wealth Remediation,CRI Calcs Team - Kate,JBW CRI Assessment,False
R0043_55039679,R0043_55021537,1.0,Wealth Remediation,Wealth Remediation,JBW CRI Assessment,CRI Calcs Team - Kate,False
R0043_55021537,R0043_55032862,1.0,Wealth Remediation,Wealth Remediation,CRI Calcs Team - Kate,JBW CRI Remediation Methodology,False
R0043_55032862,R0043_55021537,1.0,Wealth Remediation,Wealth Remediation,JBW CRI Remediation Methodology,CRI Calcs Team - Kate,False
R0043_55021537,R0043_55032759,1.0,Wealth Remediation,Wealth Remediation,CRI Calcs Team - Kate,JBW Remediation ASF,False
R0043_55032759,R0043_55021537,1.0,Wealth Remediation,Wealth Remediation,JBW Remediation ASF,CRI Calcs Team - Kate,False
R0043_55021537,R0043_55037980,1.0,Wealth Remediation,Wealth Remediation,CRI Calcs Team - Kate,JBW Remediation Assurance,False
R0043_55037980,R0043_55021537,1.0,Wealth Remediation,Wealth Remediation,JBW Remediation Assurance,CRI Calcs Team - Kate,False
R0043_55021537,R0043_55037979,1.0,Wealth Remediation,Wealth Remediation,CRI Calcs Team - Kate,JBW Remediation Calculations,False
R0043_55037979,R0043_55021537,1.0,Wealth Remediation,Wealth Remediation,JBW Remediation Calculations,CRI Calcs Team - Kate,False
R0043_55021537,R0043_55027552,1.0,Wealth Remediation,Wealth Remediation,CRI Calcs Team - Kate,JBW Remediation Case Construction,False
R0043_55027552,R0043_55021537,1.0,Wealth Remediation,Wealth Remediation,JBW Remediation Case Construction,CRI Calcs Team - Kate,False
R0043_55021537,R0043_55034879,1.0,Wealth Remediation,Wealth Remediation,CRI Calcs Team - Kate,JBW Remediation Case Construction 2,False
R0043_55034879,R0043_55021537,1.0,Wealth Remediation,Wealth Remediation,JBW Remediation Case Construction 2,CRI Calcs Team - Kate,False
R0043_55021537,R0043_55032908,1.0,Wealth Remediation,Wealth Remediation,CRI Calcs Team - Kate,JBW Remediation CRI,False
R0043_55032908,R0043_55021537,1.0,Wealth Remediation,Wealth Remediation,JBW Remediation CRI,CRI Calcs Team - Kate,False
R0043_55021537,R0043_55039686,1.0,Wealth Remediation,Wealth Remediation,CRI Calcs Team - Kate,JBW Remediation Engagement,False
R0043_55039686,R0043_55021537,1.0,Wealth Remediation,Wealth Remediation,JBW Remediation Engagement,CRI Calcs Team - Kate,False
R0043_55021537,R0043_55032863,1.0,Wealth Remediation,Wealth Remediation,CRI Calcs Team - Kate,JBW Remediation File Collection & Liaiso,False
R0043_55032863,R0043_55021537,1.0,Wealth Remediation,Wealth Remediation,JBW Remediation File Collection & Liaiso,CRI Calcs Team - Kate,False
R0043_55021537,R0043_55009127,1.0,Wealth Remediation,Wealth Remediation,CRI Calcs Team - Kate,JBWere Remediation,False
R0043_55009127,R0043_55021537,1.0,Wealth Remediation,Wealth Remediation,JBWere Remediation,CRI Calcs Team - Kate,False
R0043_55021537,R0043_55036250,1.0,Wealth Remediation,Wealth Remediation,CRI Calcs Team - Kate,Logistics Support,False
R0043_55036250,R0043_55021537,1.0,Wealth Remediation,Wealth Remediation,Logistics Support,CRI Calcs Team - Kate,False
R0043_55021537,R0043_55034880,1.0,Wealth Remediation,Wealth Remediation,CRI Calcs Team - Kate,Methodology & QA,False
R0043_55034880,R0043_55021537,1.0,Wealth Remediation,Wealth Remediation,Methodology & QA,CRI Calcs Team - Kate,False
R0043_55021537,R0043_55032860,1.0,Wealth Remediation,Wealth Remediation,CRI Calcs Team - Kate,Operational Excellence,False
R0043_55034882,R0043_55021537,1.0,Wealth Remediation,Wealth Remediation,JBW ASF Assessment,CRI Calcs Team - Kate,False
R0043_55021537,R0043_55034882,1.0,Wealth Remediation,Wealth Remediation,CRI Calcs Team - Kate,JBW ASF Assessment,False
R0043_55029012,R0043_55021537,1.0,Wealth Remediation,Wealth Remediation,CRI Remediation Data,CRI Calcs Team - Kate,False
R0043_55032632,R0043_55039829,1.0,Wealth Remediation,Wealth Remediation,CRI Calcs Team - Jane,RSC Squad - 1,False
R0043_55032632,R0043_55032860,1.0,Wealth Remediation,Wealth Remediation,CRI Calcs Team - Jane,Operational Excellence,False
R0043_55032860,R0043_55032632,1.0,Wealth Remediation,Wealth Remediation,Operational Excellence,CRI Calcs Team - Jane,False
R0043_55032632,R0043_55029506,1.0,Wealth Remediation,Wealth Remediation,CRI Calcs Team - Jane,"Planning, Governance and Capability",False
R0043_55029506,R0043_55032632,1.0,Wealth Remediation,Wealth Remediation,"Planning, Governance and Capability",CRI Calcs Team - Jane,False
R0043_55032632,R0043_55031288,1.0,Wealth Remediation,Wealth Remediation,CRI Calcs Team - Jane,Quality Assurance Case Assessment,False
R0043_55031288,R0043_55032632,1.0,Wealth Remediation,Wealth Remediation,Quality Assurance Case Assessment,CRI Calcs Team - Jane,False
R0043_55032632,R0043_55036124,1.0,Wealth Remediation,Wealth Remediation,CRI Calcs Team - Jane,Remediation Logistics and Planning,False
R0043_55036124,R0043_55032632,1.0,Wealth Remediation,Wealth Remediation,Remediation Logistics and Planning,CRI Calcs Team - Jane,False
R0043_55032632,R0043_55039830,1.0,Wealth Remediation,Wealth Remediation,CRI Calcs Team - Jane,Remediation Resolve,False
R0043_55039830,R0043_55032632,1.0,Wealth Remediation,Wealth Remediation,Remediation Resolve,CRI Calcs Team - Jane,False
R0043_55032632,R0043_55034325,1.0,Wealth Remediation,Wealth Remediation,CRI Calcs Team - Jane,Remediation Support Centre,False
R0043_55034325,R0043_55032632,1.0,Wealth Remediation,Wealth Remediation,Remediation Support Centre,CRI Calcs Team - Jane,False
R0043_55039829,R0043_55032632,1.0,Wealth Remediation,Wealth Remediation,RSC Squad - 1,CRI Calcs Team - Jane,False
R0043_55021537,R0043_55029012,1.0,Wealth Remediation,Wealth Remediation,CRI Calcs Team - Kate,CRI Remediation Data,False
R0043_55032632,R0043_55031080,1.0,Wealth Remediation,Wealth Remediation,CRI Calcs Team - Jane,RSC Squad - 2,False
R0043_55031080,R0043_55032632,1.0,Wealth Remediation,Wealth Remediation,RSC Squad - 2,CRI Calcs Team - Jane,False
R0043_55032632,R0043_55031077,1.0,Wealth Remediation,Wealth Remediation,CRI Calcs Team - Jane,RSC Squad - 3,False
R0043_55031077,R0043_55032632,1.0,Wealth Remediation,Wealth Remediation,RSC Squad - 3,CRI Calcs Team - Jane,False
R0043_55032632,R0043_55017366,1.0,Wealth Remediation,Wealth Remediation,CRI Calcs Team - Jane,Third Party Engagement,False
R0043_55017366,R0043_55032632,1.0,Wealth Remediation,Wealth Remediation,Third Party Engagement,CRI Calcs Team - Jane,False
R0043_55032632,R0043_55034335,1.0,Wealth Remediation,Wealth Remediation,CRI Calcs Team - Jane,Triage & Investigations,False
R0043_55034335,R0043_55032632,1.0,Wealth Remediation,Wealth Remediation,Triage & Investigations,CRI Calcs Team - Jane,False
R0043_55032632,R0043_55031005,1.0,Wealth Remediation,Wealth Remediation,CRI Calcs Team - Jane,Wealth Remediation Support Centre,False
R0043_55031005,R0043_55032632,1.0,Wealth Remediation,Wealth Remediation,Wealth Remediation Support Centre,CRI Calcs Team - Jane,False
R0043_55021537,R0043_55041926,1.0,Wealth Remediation,Wealth Remediation,CRI Calcs Team - Kate,CRI Remediation,False
R0043_55041926,R0043_55021537,1.0,Wealth Remediation,Wealth Remediation,CRI Remediation,CRI Calcs Team - Kate,False
R0043_55032860,R0043_55021537,1.0,Wealth Remediation,Wealth Remediation,Operational Excellence,CRI Calcs Team - Kate,False
R0043_55021537,R0043_55029506,1.0,Wealth Remediation,Wealth Remediation,CRI Calcs Team - Kate,"Planning, Governance and Capability",False
R0043_55029506,R0043_55021537,1.0,Wealth Remediation,Wealth Remediation,"Planning, Governance and Capability",CRI Calcs Team - Kate,False
R0043_55032863,R0043_55041926,1.0,Wealth Remediation,Wealth Remediation,JBW Remediation File Collection & Liaiso,CRI Remediation,False
R0043_55037980,R0043_55041926,1.0,Wealth Remediation,Wealth Remediation,JBW Remediation Assurance,CRI Remediation,False
R0043_55041926,R0043_55037979,1.0,Wealth Remediation,Wealth Remediation,CRI Remediation,JBW Remediation Calculations,False
R0043_55037979,R0043_55041926,1.0,Wealth Remediation,Wealth Remediation,JBW Remediation Calculations,CRI Remediation,False
R0043_55041926,R0043_55027552,1.0,Wealth Remediation,Wealth Remediation,CRI Remediation,JBW Remediation Case Construction,False
R0043_55027552,R0043_55041926,1.0,Wealth Remediation,Wealth Remediation,JBW Remediation Case Construction,CRI Remediation,False
R0043_55041926,R0043_55034879,1.0,Wealth Remediation,Wealth Remediation,CRI Remediation,JBW Remediation Case Construction 2,False
R0043_55034879,R0043_55041926,1.0,Wealth Remediation,Wealth Remediation,JBW Remediation Case Construction 2,CRI Remediation,False
R0043_55041926,R0043_55032908,1.0,Wealth Remediation,Wealth Remediation,CRI Remediation,JBW Remediation CRI,False
R0043_55032908,R0043_55041926,1.0,Wealth Remediation,Wealth Remediation,JBW Remediation CRI,CRI Remediation,False
R0043_55041926,R0043_55039686,1.0,Wealth Remediation,Wealth Remediation,CRI Remediation,JBW Remediation Engagement,False
R0043_55039686,R0043_55041926,1.0,Wealth Remediation,Wealth Remediation,JBW Remediation Engagement,CRI Remediation,False
R0043_55041926,R0043_55032863,1.0,Wealth Remediation,Wealth Remediation,CRI Remediation,JBW Remediation File Collection & Liaiso,False
R0043_55041926,R0043_55009127,1.0,Wealth Remediation,Wealth Remediation,CRI Remediation,JBWere Remediation,False
R0043_55032759,R0043_55041926,1.0,Wealth Remediation,Wealth Remediation,JBW Remediation ASF,CRI Remediation,False
R0043_55009127,R0043_55041926,1.0,Wealth Remediation,Wealth Remediation,JBWere Remediation,CRI Remediation,False
R0043_55041926,R0043_55036250,1.0,Wealth Remediation,Wealth Remediation,CRI Remediation,Logistics Support,False
R0043_55036250,R0043_55041926,1.0,Wealth Remediation,Wealth Remediation,Logistics Support,CRI Remediation,False
R0043_55041926,R0043_55034880,1.0,Wealth Remediation,Wealth Remediation,CRI Remediation,Methodology & QA,False
R0043_55034880,R0043_55041926,1.0,Wealth Remediation,Wealth Remediation,Methodology & QA,CRI Remediation,False
R0043_55041926,R0043_55032860,1.0,Wealth Remediation,Wealth Remediation,CRI Remediation,Operational Excellence,False
R0043_55032860,R0043_55041926,1.0,Wealth Remediation,Wealth Remediation,Operational Excellence,CRI Remediation,False
R0043_55041926,R0043_55029506,1.0,Wealth Remediation,Wealth Remediation,CRI Remediation,"Planning, Governance and Capability",False
R0043_55029506,R0043_55041926,1.0,Wealth Remediation,Wealth Remediation,"Planning, Governance and Capability",CRI Remediation,False
R0043_55041926,R0043_55031288,1.0,Wealth Remediation,Wealth Remediation,CRI Remediation,Quality Assurance Case Assessment,False
R0043_55031288,R0043_55041926,1.0,Wealth Remediation,Wealth Remediation,Quality Assurance Case Assessment,CRI Remediation,False
R0043_55041926,R0043_55036124,1.0,Wealth Remediation,Wealth Remediation,CRI Remediation,Remediation Logistics and Planning,False
R0043_55041926,R0043_55037980,1.0,Wealth Remediation,Wealth Remediation,CRI Remediation,JBW Remediation Assurance,False
R0043_55041926,R0043_55032759,1.0,Wealth Remediation,Wealth Remediation,CRI Remediation,JBW Remediation ASF,False
R0043_55021537,R0043_55031288,1.0,Wealth Remediation,Wealth Remediation,CRI Calcs Team - Kate,Quality Assurance Case Assessment,False
R0043_55031077,R0043_55021537,1.0,Wealth Remediation,Wealth Remediation,RSC Squad - 3,CRI Calcs Team - Kate,False
R0043_55031288,R0043_55021537,1.0,Wealth Remediation,Wealth Remediation,Quality Assurance Case Assessment,CRI Calcs Team - Kate,False
R0043_55021537,R0043_55036124,1.0,Wealth Remediation,Wealth Remediation,CRI Calcs Team - Kate,Remediation Logistics and Planning,False
R0043_55036124,R0043_55021537,1.0,Wealth Remediation,Wealth Remediation,Remediation Logistics and Planning,CRI Calcs Team - Kate,False
R0043_55021537,R0043_55039830,1.0,Wealth Remediation,Wealth Remediation,CRI Calcs Team - Kate,Remediation Resolve,False
R0043_55039830,R0043_55021537,1.0,Wealth Remediation,Wealth Remediation,Remediation Resolve,CRI Calcs Team - Kate,False
R0043_55021537,R0043_55034325,1.0,Wealth Remediation,Wealth Remediation,CRI Calcs Team - Kate,Remediation Support Centre,False
R0043_55034325,R0043_55021537,1.0,Wealth Remediation,Wealth Remediation,Remediation Support Centre,CRI Calcs Team - Kate,False
R0043_55021537,R0043_55039829,1.0,Wealth Remediation,Wealth Remediation,CRI Calcs Team - Kate,RSC Squad - 1,False
R0043_55039829,R0043_55021537,1.0,Wealth Remediation,Wealth Remediation,RSC Squad - 1,CRI Calcs Team - Kate,False
R0043_55021537,R0043_55031080,1.0,Wealth Remediation,Wealth Remediation,CRI Calcs Team - Kate,RSC Squad - 2,False
R0043_55031080,R0043_55021537,1.0,Wealth Remediation,Wealth Remediation,RSC Squad - 2,CRI Calcs Team - Kate,False
R0043_55021537,R0043_55031077,1.0,Wealth Remediation,Wealth Remediation,CRI Calcs Team - Kate,RSC Squad - 3,False
R0043_55021537,R0043_55017366,1.0,Wealth Remediation,Wealth Remediation,CRI Calcs Team - Kate,Third Party Engagement,False
R0043_55032862,R0043_55041926,1.0,Wealth Remediation,Wealth Remediation,JBW CRI Remediation Methodology,CRI Remediation,False
R0043_55017366,R0043_55021537,1.0,Wealth Remediation,Wealth Remediation,Third Party Engagement,CRI Calcs Team - Kate,False
R0043_55021537,R0043_55034335,1.0,Wealth Remediation,Wealth Remediation,CRI Calcs Team - Kate,Triage & Investigations,False
R0043_55034335,R0043_55021537,1.0,Wealth Remediation,Wealth Remediation,Triage & Investigations,CRI Calcs Team - Kate,False
R0043_55021537,R0043_55031005,1.0,Wealth Remediation,Wealth Remediation,CRI Calcs Team - Kate,Wealth Remediation Support Centre,False
R0043_55031005,R0043_55021537,1.0,Wealth Remediation,Wealth Remediation,Wealth Remediation Support Centre,CRI Calcs Team - Kate,False
R0043_55041926,R0043_55029012,1.0,Wealth Remediation,Wealth Remediation,CRI Remediation,CRI Remediation Data,False
R0043_55029012,R0043_55041926,1.0,Wealth Remediation,Wealth Remediation,CRI Remediation Data,CRI Remediation,False
R0043_55041926,R0043_55034882,1.0,Wealth Remediation,Wealth Remediation,CRI Remediation,JBW ASF Assessment,False
R0043_55034882,R0043_55041926,1.0,Wealth Remediation,Wealth Remediation,JBW ASF Assessment,CRI Remediation,False
R0043_55041926,R0043_55039679,1.0,Wealth Remediation,Wealth Remediation,CRI Remediation,JBW CRI Assessment,False
R0043_55039679,R0043_55041926,1.0,Wealth Remediation,Wealth Remediation,JBW CRI Assessment,CRI Remediation,False
R0043_55041926,R0043_55032862,1.0,Wealth Remediation,Wealth Remediation,CRI Remediation,JBW CRI Remediation Methodology,False
R0043_55034880,R0043_55032632,1.0,Wealth Remediation,Wealth Remediation,Methodology & QA,CRI Calcs Team - Jane,False
R0043_55032632,R0043_55034880,1.0,Wealth Remediation,Wealth Remediation,CRI Calcs Team - Jane,Methodology & QA,False
R0043_55036250,R0043_55032632,1.0,Wealth Remediation,Wealth Remediation,Logistics Support,CRI Calcs Team - Jane,False
R0043_55039684,R0043_55037980,1.0,Wealth Remediation,Wealth Remediation,CRI Assessment Team 4,JBW Remediation Assurance,False
R0043_55039684,R0043_55041926,1.0,Wealth Remediation,Wealth Remediation,CRI Assessment Team 4,CRI Remediation,False
R0043_55041926,R0043_55039684,1.0,Wealth Remediation,Wealth Remediation,CRI Remediation,CRI Assessment Team 4,False
R0043_55039684,R0043_55029012,1.0,Wealth Remediation,Wealth Remediation,CRI Assessment Team 4,CRI Remediation Data,False
R0043_55029012,R0043_55039684,1.0,Wealth Remediation,Wealth Remediation,CRI Remediation Data,CRI Assessment Team 4,False
R0043_55039684,R0043_55034882,1.0,Wealth Remediation,Wealth Remediation,CRI Assessment Team 4,JBW ASF Assessment,False
R0043_55034882,R0043_55039684,1.0,Wealth Remediation,Wealth Remediation,JBW ASF Assessment,CRI Assessment Team 4,False
R0043_55039684,R0043_55039679,1.0,Wealth Remediation,Wealth Remediation,CRI Assessment Team 4,JBW CRI Assessment,False
R0043_55039679,R0043_55039684,1.0,Wealth Remediation,Wealth Remediation,JBW CRI Assessment,CRI Assessment Team 4,False
R0043_55039684,R0043_55032862,1.0,Wealth Remediation,Wealth Remediation,CRI Assessment Team 4,JBW CRI Remediation Methodology,False
R0043_55032862,R0043_55039684,1.0,Wealth Remediation,Wealth Remediation,JBW CRI Remediation Methodology,CRI Assessment Team 4,False
R0043_55039684,R0043_55032759,1.0,Wealth Remediation,Wealth Remediation,CRI Assessment Team 4,JBW Remediation ASF,False
R0043_55032759,R0043_55039684,1.0,Wealth Remediation,Wealth Remediation,JBW Remediation ASF,CRI Assessment Team 4,False
R0043_55037980,R0043_55039684,1.0,Wealth Remediation,Wealth Remediation,JBW Remediation Assurance,CRI Assessment Team 4,False
R0043_55039684,R0043_55021537,1.0,Wealth Remediation,Wealth Remediation,CRI Assessment Team 4,CRI Calcs Team - Kate,False
R0043_55039684,R0043_55037979,1.0,Wealth Remediation,Wealth Remediation,CRI Assessment Team 4,JBW Remediation Calculations,False
R0043_55037979,R0043_55039684,1.0,Wealth Remediation,Wealth Remediation,JBW Remediation Calculations,CRI Assessment Team 4,False
R0043_55039684,R0043_55027552,1.0,Wealth Remediation,Wealth Remediation,CRI Assessment Team 4,JBW Remediation Case Construction,False
R0043_55027552,R0043_55039684,1.0,Wealth Remediation,Wealth Remediation,JBW Remediation Case Construction,CRI Assessment Team 4,False
R0043_55039684,R0043_55034879,1.0,Wealth Remediation,Wealth Remediation,CRI Assessment Team 4,JBW Remediation Case Construction 2,False
R0043_55034879,R0043_55039684,1.0,Wealth Remediation,Wealth Remediation,JBW Remediation Case Construction 2,CRI Assessment Team 4,False
R0043_55039684,R0043_55032908,1.0,Wealth Remediation,Wealth Remediation,CRI Assessment Team 4,JBW Remediation CRI,False
R0043_55032908,R0043_55039684,1.0,Wealth Remediation,Wealth Remediation,JBW Remediation CRI,CRI Assessment Team 4,False
R0043_55039684,R0043_55039686,1.0,Wealth Remediation,Wealth Remediation,CRI Assessment Team 4,JBW Remediation Engagement,False
R0043_55039686,R0043_55039684,1.0,Wealth Remediation,Wealth Remediation,JBW Remediation Engagement,CRI Assessment Team 4,False
R0043_55039684,R0043_55032863,1.0,Wealth Remediation,Wealth Remediation,CRI Assessment Team 4,JBW Remediation File Collection & Liaiso,False
R0043_55032863,R0043_55039684,1.0,Wealth Remediation,Wealth Remediation,JBW Remediation File Collection & Liaiso,CRI Assessment Team 4,False
R0043_55021537,R0043_55039684,1.0,Wealth Remediation,Wealth Remediation,CRI Calcs Team - Kate,CRI Assessment Team 4,False
R0043_55032632,R0043_55039684,1.0,Wealth Remediation,Wealth Remediation,CRI Calcs Team - Jane,CRI Assessment Team 4,False
R0043_55009127,R0043_55039684,1.0,Wealth Remediation,Wealth Remediation,JBWere Remediation,CRI Assessment Team 4,False
R0043_55039683,R0043_55034325,1.0,Wealth Remediation,Wealth Remediation,CRI Assessment Team 3,Remediation Support Centre,False
R0043_55039683,R0043_55034880,1.0,Wealth Remediation,Wealth Remediation,CRI Assessment Team 3,Methodology & QA,False
R0043_55034880,R0043_55039683,1.0,Wealth Remediation,Wealth Remediation,Methodology & QA,CRI Assessment Team 3,False
R0043_55039683,R0043_55032860,1.0,Wealth Remediation,Wealth Remediation,CRI Assessment Team 3,Operational Excellence,False
R0043_55032860,R0043_55039683,1.0,Wealth Remediation,Wealth Remediation,Operational Excellence,CRI Assessment Team 3,False
R0043_55039683,R0043_55029506,1.0,Wealth Remediation,Wealth Remediation,CRI Assessment Team 3,"Planning, Governance and Capability",False
R0043_55029506,R0043_55039683,1.0,Wealth Remediation,Wealth Remediation,"Planning, Governance and Capability",CRI Assessment Team 3,False
R0043_55039683,R0043_55031288,1.0,Wealth Remediation,Wealth Remediation,CRI Assessment Team 3,Quality Assurance Case Assessment,False
R0043_55031288,R0043_55039683,1.0,Wealth Remediation,Wealth Remediation,Quality Assurance Case Assessment,CRI Assessment Team 3,False
R0043_55039683,R0043_55036124,1.0,Wealth Remediation,Wealth Remediation,CRI Assessment Team 3,Remediation Logistics and Planning,False
R0043_55036124,R0043_55039683,1.0,Wealth Remediation,Wealth Remediation,Remediation Logistics and Planning,CRI Assessment Team 3,False
R0043_55039683,R0043_55039830,1.0,Wealth Remediation,Wealth Remediation,CRI Assessment Team 3,Remediation Resolve,False
R0043_55039830,R0043_55039683,1.0,Wealth Remediation,Wealth Remediation,Remediation Resolve,CRI Assessment Team 3,False
R0043_55034325,R0043_55039683,1.0,Wealth Remediation,Wealth Remediation,Remediation Support Centre,CRI Assessment Team 3,False
R0043_55039684,R0043_55032632,1.0,Wealth Remediation,Wealth Remediation,CRI Assessment Team 4,CRI Calcs Team - Jane,False
R0043_55039683,R0043_55039829,1.0,Wealth Remediation,Wealth Remediation,CRI Assessment Team 3,RSC Squad - 1,False
R0043_55039829,R0043_55039683,1.0,Wealth Remediation,Wealth Remediation,RSC Squad - 1,CRI Assessment Team 3,False
R0043_55039683,R0043_55031080,1.0,Wealth Remediation,Wealth Remediation,CRI Assessment Team 3,RSC Squad - 2,False
R0043_55031080,R0043_55039683,1.0,Wealth Remediation,Wealth Remediation,RSC Squad - 2,CRI Assessment Team 3,False
R0043_55039683,R0043_55031077,1.0,Wealth Remediation,Wealth Remediation,CRI Assessment Team 3,RSC Squad - 3,False
R0043_55031077,R0043_55039683,1.0,Wealth Remediation,Wealth Remediation,RSC Squad - 3,CRI Assessment Team 3,False
R0043_55039683,R0043_55017366,1.0,Wealth Remediation,Wealth Remediation,CRI Assessment Team 3,Third Party Engagement,False
R0043_55017366,R0043_55039683,1.0,Wealth Remediation,Wealth Remediation,Third Party Engagement,CRI Assessment Team 3,False
R0043_55039683,R0043_55034335,1.0,Wealth Remediation,Wealth Remediation,CRI Assessment Team 3,Triage & Investigations,False
R0043_55034335,R0043_55039683,1.0,Wealth Remediation,Wealth Remediation,Triage & Investigations,CRI Assessment Team 3,False
R0043_55039683,R0043_55031005,1.0,Wealth Remediation,Wealth Remediation,CRI Assessment Team 3,Wealth Remediation Support Centre,False
R0043_55031005,R0043_55039683,1.0,Wealth Remediation,Wealth Remediation,Wealth Remediation Support Centre,CRI Assessment Team 3,False
R0043_55039684,R0043_55009127,1.0,Wealth Remediation,Wealth Remediation,CRI Assessment Team 4,JBWere Remediation,False
R0043_55039684,R0043_55036250,1.0,Wealth Remediation,Wealth Remediation,CRI Assessment Team 4,Logistics Support,False
R0043_55032632,R0043_55036250,1.0,Wealth Remediation,Wealth Remediation,CRI Calcs Team - Jane,Logistics Support,False
R0043_55032632,R0043_55037979,1.0,Wealth Remediation,Wealth Remediation,CRI Calcs Team - Jane,JBW Remediation Calculations,False
R0043_55032632,R0043_55029012,1.0,Wealth Remediation,Wealth Remediation,CRI Calcs Team - Jane,CRI Remediation Data,False
R0043_55029012,R0043_55032632,1.0,Wealth Remediation,Wealth Remediation,CRI Remediation Data,CRI Calcs Team - Jane,False
R0043_55032632,R0043_55034882,1.0,Wealth Remediation,Wealth Remediation,CRI Calcs Team - Jane,JBW ASF Assessment,False
R0043_55034882,R0043_55032632,1.0,Wealth Remediation,Wealth Remediation,JBW ASF Assessment,CRI Calcs Team - Jane,False
R0043_55032632,R0043_55039679,1.0,Wealth Remediation,Wealth Remediation,CRI Calcs Team - Jane,JBW CRI Assessment,False
R0043_55039679,R0043_55032632,1.0,Wealth Remediation,Wealth Remediation,JBW CRI Assessment,CRI Calcs Team - Jane,False
R0043_55032632,R0043_55032862,1.0,Wealth Remediation,Wealth Remediation,CRI Calcs Team - Jane,JBW CRI Remediation Methodology,False
R0043_55032862,R0043_55032632,1.0,Wealth Remediation,Wealth Remediation,JBW CRI Remediation Methodology,CRI Calcs Team - Jane,False
R0043_55032632,R0043_55032759,1.0,Wealth Remediation,Wealth Remediation,CRI Calcs Team - Jane,JBW Remediation ASF,False
R0043_55032759,R0043_55032632,1.0,Wealth Remediation,Wealth Remediation,JBW Remediation ASF,CRI Calcs Team - Jane,False
R0043_55032632,R0043_55037980,1.0,Wealth Remediation,Wealth Remediation,CRI Calcs Team - Jane,JBW Remediation Assurance,False
R0043_55037980,R0043_55032632,1.0,Wealth Remediation,Wealth Remediation,JBW Remediation Assurance,CRI Calcs Team - Jane,False
R0043_55037979,R0043_55032632,1.0,Wealth Remediation,Wealth Remediation,JBW Remediation Calculations,CRI Calcs Team - Jane,False
R0043_55032632,R0043_55041926,1.0,Wealth Remediation,Wealth Remediation,CRI Calcs Team - Jane,CRI Remediation,False
R0043_55032632,R0043_55027552,1.0,Wealth Remediation,Wealth Remediation,CRI Calcs Team - Jane,JBW Remediation Case Construction,False
R0043_55027552,R0043_55032632,1.0,Wealth Remediation,Wealth Remediation,JBW Remediation Case Construction,CRI Calcs Team - Jane,False
R0043_55032632,R0043_55034879,1.0,Wealth Remediation,Wealth Remediation,CRI Calcs Team - Jane,JBW Remediation Case Construction 2,False
R0043_55034879,R0043_55032632,1.0,Wealth Remediation,Wealth Remediation,JBW Remediation Case Construction 2,CRI Calcs Team - Jane,False
R0043_55032632,R0043_55032908,1.0,Wealth Remediation,Wealth Remediation,CRI Calcs Team - Jane,JBW Remediation CRI,False
R0043_55032908,R0043_55032632,1.0,Wealth Remediation,Wealth Remediation,JBW Remediation CRI,CRI Calcs Team - Jane,False
R0043_55032632,R0043_55039686,1.0,Wealth Remediation,Wealth Remediation,CRI Calcs Team - Jane,JBW Remediation Engagement,False
R0043_55039686,R0043_55032632,1.0,Wealth Remediation,Wealth Remediation,JBW Remediation Engagement,CRI Calcs Team - Jane,False
R0043_55032632,R0043_55032863,1.0,Wealth Remediation,Wealth Remediation,CRI Calcs Team - Jane,JBW Remediation File Collection & Liaiso,False
R0043_55032863,R0043_55032632,1.0,Wealth Remediation,Wealth Remediation,JBW Remediation File Collection & Liaiso,CRI Calcs Team - Jane,False
R0043_55032632,R0043_55009127,1.0,Wealth Remediation,Wealth Remediation,CRI Calcs Team - Jane,JBWere Remediation,False
R0043_55009127,R0043_55032632,1.0,Wealth Remediation,Wealth Remediation,JBWere Remediation,CRI Calcs Team - Jane,False
R0043_55041926,R0043_55032632,1.0,Wealth Remediation,Wealth Remediation,CRI Remediation,CRI Calcs Team - Jane,False
R0043_55021537,R0043_55032632,1.0,Wealth Remediation,Wealth Remediation,CRI Calcs Team - Kate,CRI Calcs Team - Jane,False
R0043_55036250,R0043_55039684,1.0,Wealth Remediation,Wealth Remediation,Logistics Support,CRI Assessment Team 4,False
R0043_55039684,R0043_55034325,1.0,Wealth Remediation,Wealth Remediation,CRI Assessment Team 4,Remediation Support Centre,False
R0043_55039684,R0043_55034880,1.0,Wealth Remediation,Wealth Remediation,CRI Assessment Team 4,Methodology & QA,False
R0043_55034880,R0043_55039684,1.0,Wealth Remediation,Wealth Remediation,Methodology & QA,CRI Assessment Team 4,False
R0043_55039684,R0043_55032860,1.0,Wealth Remediation,Wealth Remediation,CRI Assessment Team 4,Operational Excellence,False
R0043_55032860,R0043_55039684,1.0,Wealth Remediation,Wealth Remediation,Operational Excellence,CRI Assessment Team 4,False
R0043_55039684,R0043_55029506,1.0,Wealth Remediation,Wealth Remediation,CRI Assessment Team 4,"Planning, Governance and Capability",False
R0043_55029506,R0043_55039684,1.0,Wealth Remediation,Wealth Remediation,"Planning, Governance and Capability",CRI Assessment Team 4,False
R0043_55039684,R0043_55031288,1.0,Wealth Remediation,Wealth Remediation,CRI Assessment Team 4,Quality Assurance Case Assessment,False
R0043_55031288,R0043_55039684,1.0,Wealth Remediation,Wealth Remediation,Quality Assurance Case Assessment,CRI Assessment Team 4,False
R0043_55039684,R0043_55036124,1.0,Wealth Remediation,Wealth Remediation,CRI Assessment Team 4,Remediation Logistics and Planning,False
R0043_55036124,R0043_55039684,1.0,Wealth Remediation,Wealth Remediation,Remediation Logistics and Planning,CRI Assessment Team 4,False
R0043_55039684,R0043_55039830,1.0,Wealth Remediation,Wealth Remediation,CRI Assessment Team 4,Remediation Resolve,False
R0043_55039830,R0043_55039684,1.0,Wealth Remediation,Wealth Remediation,Remediation Resolve,CRI Assessment Team 4,False
R0043_55034325,R0043_55039684,1.0,Wealth Remediation,Wealth Remediation,Remediation Support Centre,CRI Assessment Team 4,False
R0043_55032632,R0043_55021537,1.0,Wealth Remediation,Wealth Remediation,CRI Calcs Team - Jane,CRI Calcs Team - Kate,False
R0043_55039684,R0043_55039829,1.0,Wealth Remediation,Wealth Remediation,CRI Assessment Team 4,RSC Squad - 1,False
R0043_55039829,R0043_55039684,1.0,Wealth Remediation,Wealth Remediation,RSC Squad - 1,CRI Assessment Team 4,False
R0043_55039684,R0043_55031080,1.0,Wealth Remediation,Wealth Remediation,CRI Assessment Team 4,RSC Squad - 2,False
R0043_55031080,R0043_55039684,1.0,Wealth Remediation,Wealth Remediation,RSC Squad - 2,CRI Assessment Team 4,False
R0043_55039684,R0043_55031077,1.0,Wealth Remediation,Wealth Remediation,CRI Assessment Team 4,RSC Squad - 3,False
R0043_55031077,R0043_55039684,1.0,Wealth Remediation,Wealth Remediation,RSC Squad - 3,CRI Assessment Team 4,False
R0043_55039684,R0043_55017366,1.0,Wealth Remediation,Wealth Remediation,CRI Assessment Team 4,Third Party Engagement,False
R0043_55017366,R0043_55039684,1.0,Wealth Remediation,Wealth Remediation,Third Party Engagement,CRI Assessment Team 4,False
R0043_55039684,R0043_55034335,1.0,Wealth Remediation,Wealth Remediation,CRI Assessment Team 4,Triage & Investigations,False
R0043_55034335,R0043_55039684,1.0,Wealth Remediation,Wealth Remediation,Triage & Investigations,CRI Assessment Team 4,False
R0043_55039684,R0043_55031005,1.0,Wealth Remediation,Wealth Remediation,CRI Assessment Team 4,Wealth Remediation Support Centre,False
R0043_55031005,R0043_55039684,1.0,Wealth Remediation,Wealth Remediation,Wealth Remediation Support Centre,CRI Assessment Team 4,False
R0043_55036124,R0043_55041926,1.0,Wealth Remediation,Wealth Remediation,Remediation Logistics and Planning,CRI Remediation,False
R0043_55041926,R0043_55039830,1.0,Wealth Remediation,Wealth Remediation,CRI Remediation,Remediation Resolve,False
R0043_55039830,R0043_55041926,1.0,Wealth Remediation,Wealth Remediation,Remediation Resolve,CRI Remediation,False
R0043_55031005,R0043_55039679,1.0,Wealth Remediation,Wealth Remediation,Wealth Remediation Support Centre,JBW CRI Assessment,False
R0043_55034325,R0043_55039679,1.0,Wealth Remediation,Wealth Remediation,Remediation Support Centre,JBW CRI Assessment,False
R0043_55039679,R0043_55039829,1.0,Wealth Remediation,Wealth Remediation,JBW CRI Assessment,RSC Squad - 1,False
R0043_55039829,R0043_55039679,1.0,Wealth Remediation,Wealth Remediation,RSC Squad - 1,JBW CRI Assessment,False
R0043_55039679,R0043_55031080,1.0,Wealth Remediation,Wealth Remediation,JBW CRI Assessment,RSC Squad - 2,False
R0043_55031080,R0043_55039679,1.0,Wealth Remediation,Wealth Remediation,RSC Squad - 2,JBW CRI Assessment,False
R0043_55039679,R0043_55031077,1.0,Wealth Remediation,Wealth Remediation,JBW CRI Assessment,RSC Squad - 3,False
R0043_55031077,R0043_55039679,1.0,Wealth Remediation,Wealth Remediation,RSC Squad - 3,JBW CRI Assessment,False
R0043_55039679,R0043_55017366,1.0,Wealth Remediation,Wealth Remediation,JBW CRI Assessment,Third Party Engagement,False
R0043_55017366,R0043_55039679,1.0,Wealth Remediation,Wealth Remediation,Third Party Engagement,JBW CRI Assessment,False
R0043_55039679,R0043_55034335,1.0,Wealth Remediation,Wealth Remediation,JBW CRI Assessment,Triage & Investigations,False
R0043_55034335,R0043_55039679,1.0,Wealth Remediation,Wealth Remediation,Triage & Investigations,JBW CRI Assessment,False
R0043_55039679,R0043_55031005,1.0,Wealth Remediation,Wealth Remediation,JBW CRI Assessment,Wealth Remediation Support Centre,False
R0043_55032862,R0043_55032759,1.0,Wealth Remediation,Wealth Remediation,JBW CRI Remediation Methodology,JBW Remediation ASF,False
R0043_55039830,R0043_55039679,1.0,Wealth Remediation,Wealth Remediation,Remediation Resolve,JBW CRI Assessment,False
R0043_55032759,R0043_55032862,1.0,Wealth Remediation,Wealth Remediation,JBW Remediation ASF,JBW CRI Remediation Methodology,False
R0043_55032862,R0043_55037980,1.0,Wealth Remediation,Wealth Remediation,JBW CRI Remediation Methodology,JBW Remediation Assurance,False
R0043_55037980,R0043_55032862,1.0,Wealth Remediation,Wealth Remediation,JBW Remediation Assurance,JBW CRI Remediation Methodology,False
R0043_55032862,R0043_55037979,1.0,Wealth Remediation,Wealth Remediation,JBW CRI Remediation Methodology,JBW Remediation Calculations,False
R0043_55037979,R0043_55032862,1.0,Wealth Remediation,Wealth Remediation,JBW Remediation Calculations,JBW CRI Remediation Methodology,False
R0043_55032862,R0043_55027552,1.0,Wealth Remediation,Wealth Remediation,JBW CRI Remediation Methodology,JBW Remediation Case Construction,False
R0043_55027552,R0043_55032862,1.0,Wealth Remediation,Wealth Remediation,JBW Remediation Case Construction,JBW CRI Remediation Methodology,False
R0043_55032862,R0043_55034879,1.0,Wealth Remediation,Wealth Remediation,JBW CRI Remediation Methodology,JBW Remediation Case Construction 2,False
R0043_55034879,R0043_55032862,1.0,Wealth Remediation,Wealth Remediation,JBW Remediation Case Construction 2,JBW CRI Remediation Methodology,False
R0043_55032862,R0043_55032908,1.0,Wealth Remediation,Wealth Remediation,JBW CRI Remediation Methodology,JBW Remediation CRI,False
R0043_55032908,R0043_55032862,1.0,Wealth Remediation,Wealth Remediation,JBW Remediation CRI,JBW CRI Remediation Methodology,False
R0043_55032862,R0043_55039686,1.0,Wealth Remediation,Wealth Remediation,JBW CRI Remediation Methodology,JBW Remediation Engagement,False
R0043_55039679,R0043_55034325,1.0,Wealth Remediation,Wealth Remediation,JBW CRI Assessment,Remediation Support Centre,False
R0043_55039679,R0043_55039830,1.0,Wealth Remediation,Wealth Remediation,JBW CRI Assessment,Remediation Resolve,False
R0043_55032862,R0043_55032863,1.0,Wealth Remediation,Wealth Remediation,JBW CRI Remediation Methodology,JBW Remediation File Collection & Liaiso,False
R0043_55032863,R0043_55039679,1.0,Wealth Remediation,Wealth Remediation,JBW Remediation File Collection & Liaiso,JBW CRI Assessment,False
R0043_55037980,R0043_55039679,1.0,Wealth Remediation,Wealth Remediation,JBW Remediation Assurance,JBW CRI Assessment,False
R0043_55039679,R0043_55037979,1.0,Wealth Remediation,Wealth Remediation,JBW CRI Assessment,JBW Remediation Calculations,False
R0043_55037979,R0043_55039679,1.0,Wealth Remediation,Wealth Remediation,JBW Remediation Calculations,JBW CRI Assessment,False
R0043_55039679,R0043_55027552,1.0,Wealth Remediation,Wealth Remediation,JBW CRI Assessment,JBW Remediation Case Construction,False
R0043_55027552,R0043_55039679,1.0,Wealth Remediation,Wealth Remediation,JBW Remediation Case Construction,JBW CRI Assessment,False
R0043_55039679,R0043_55034879,1.0,Wealth Remediation,Wealth Remediation,JBW CRI Assessment,JBW Remediation Case Construction 2,False
R0043_55034879,R0043_55039679,1.0,Wealth Remediation,Wealth Remediation,JBW Remediation Case Construction 2,JBW CRI Assessment,False
R0043_55039679,R0043_55032908,1.0,Wealth Remediation,Wealth Remediation,JBW CRI Assessment,JBW Remediation CRI,False
R0043_55032908,R0043_55039679,1.0,Wealth Remediation,Wealth Remediation,JBW Remediation CRI,JBW CRI Assessment,False
R0043_55039679,R0043_55039686,1.0,Wealth Remediation,Wealth Remediation,JBW CRI Assessment,JBW Remediation Engagement,False
R0043_55039686,R0043_55039679,1.0,Wealth Remediation,Wealth Remediation,JBW Remediation Engagement,JBW CRI Assessment,False
R0043_55039679,R0043_55032863,1.0,Wealth Remediation,Wealth Remediation,JBW CRI Assessment,JBW Remediation File Collection & Liaiso,False
R0043_55039679,R0043_55009127,1.0,Wealth Remediation,Wealth Remediation,JBW CRI Assessment,JBWere Remediation,False
R0043_55036124,R0043_55039679,1.0,Wealth Remediation,Wealth Remediation,Remediation Logistics and Planning,JBW CRI Assessment,False
R0043_55009127,R0043_55039679,1.0,Wealth Remediation,Wealth Remediation,JBWere Remediation,JBW CRI Assessment,False
R0043_55039679,R0043_55036250,1.0,Wealth Remediation,Wealth Remediation,JBW CRI Assessment,Logistics Support,False
R0043_55036250,R0043_55039679,1.0,Wealth Remediation,Wealth Remediation,Logistics Support,JBW CRI Assessment,False
R0043_55039679,R0043_55034880,1.0,Wealth Remediation,Wealth Remediation,JBW CRI Assessment,Methodology & QA,False
R0043_55034880,R0043_55039679,1.0,Wealth Remediation,Wealth Remediation,Methodology & QA,JBW CRI Assessment,False
R0043_55039679,R0043_55032860,1.0,Wealth Remediation,Wealth Remediation,JBW CRI Assessment,Operational Excellence,False
R0043_55032860,R0043_55039679,1.0,Wealth Remediation,Wealth Remediation,Operational Excellence,JBW CRI Assessment,False
R0043_55039679,R0043_55029506,1.0,Wealth Remediation,Wealth Remediation,JBW CRI Assessment,"Planning, Governance and Capability",False
R0043_55029506,R0043_55039679,1.0,Wealth Remediation,Wealth Remediation,"Planning, Governance and Capability",JBW CRI Assessment,False
R0043_55039679,R0043_55031288,1.0,Wealth Remediation,Wealth Remediation,JBW CRI Assessment,Quality Assurance Case Assessment,False
R0043_55031288,R0043_55039679,1.0,Wealth Remediation,Wealth Remediation,Quality Assurance Case Assessment,JBW CRI Assessment,False
R0043_55039679,R0043_55036124,1.0,Wealth Remediation,Wealth Remediation,JBW CRI Assessment,Remediation Logistics and Planning,False
R0043_55039686,R0043_55032862,1.0,Wealth Remediation,Wealth Remediation,JBW Remediation Engagement,JBW CRI Remediation Methodology,False
R0043_55032863,R0043_55032862,1.0,Wealth Remediation,Wealth Remediation,JBW Remediation File Collection & Liaiso,JBW CRI Remediation Methodology,False
R0043_55032759,R0043_55039679,1.0,Wealth Remediation,Wealth Remediation,JBW Remediation ASF,JBW CRI Assessment,False
R0043_55032863,R0043_55032759,1.0,Wealth Remediation,Wealth Remediation,JBW Remediation File Collection & Liaiso,JBW Remediation ASF,False
R0043_55037980,R0043_55032759,1.0,Wealth Remediation,Wealth Remediation,JBW Remediation Assurance,JBW Remediation ASF,False
R0043_55032759,R0043_55037979,1.0,Wealth Remediation,Wealth Remediation,JBW Remediation ASF,JBW Remediation Calculations,False
R0043_55037979,R0043_55032759,1.0,Wealth Remediation,Wealth Remediation,JBW Remediation Calculations,JBW Remediation ASF,False
R0043_55032759,R0043_55027552,1.0,Wealth Remediation,Wealth Remediation,JBW Remediation ASF,JBW Remediation Case Construction,False
R0043_55027552,R0043_55032759,1.0,Wealth Remediation,Wealth Remediation,JBW Remediation Case Construction,JBW Remediation ASF,False
R0043_55032759,R0043_55034879,1.0,Wealth Remediation,Wealth Remediation,JBW Remediation ASF,JBW Remediation Case Construction 2,False
R0043_55034879,R0043_55032759,1.0,Wealth Remediation,Wealth Remediation,JBW Remediation Case Construction 2,JBW Remediation ASF,False
R0043_55032759,R0043_55032908,1.0,Wealth Remediation,Wealth Remediation,JBW Remediation ASF,JBW Remediation CRI,False
R0043_55032908,R0043_55032759,1.0,Wealth Remediation,Wealth Remediation,JBW Remediation CRI,JBW Remediation ASF,False
R0043_55032759,R0043_55039686,1.0,Wealth Remediation,Wealth Remediation,JBW Remediation ASF,JBW Remediation Engagement,False
R0043_55039686,R0043_55032759,1.0,Wealth Remediation,Wealth Remediation,JBW Remediation Engagement,JBW Remediation ASF,False
R0043_55032759,R0043_55032863,1.0,Wealth Remediation,Wealth Remediation,JBW Remediation ASF,JBW Remediation File Collection & Liaiso,False
R0043_55032759,R0043_55009127,1.0,Wealth Remediation,Wealth Remediation,JBW Remediation ASF,JBWere Remediation,False
R0043_55031005,R0043_55032862,1.0,Wealth Remediation,Wealth Remediation,Wealth Remediation Support Centre,JBW CRI Remediation Methodology,False
R0043_55009127,R0043_55032759,1.0,Wealth Remediation,Wealth Remediation,JBWere Remediation,JBW Remediation ASF,False
R0043_55032759,R0043_55036250,1.0,Wealth Remediation,Wealth Remediation,JBW Remediation ASF,Logistics Support,False
R0043_55036250,R0043_55032759,1.0,Wealth Remediation,Wealth Remediation,Logistics Support,JBW Remediation ASF,False
R0043_55032759,R0043_55034880,1.0,Wealth Remediation,Wealth Remediation,JBW Remediation ASF,Methodology & QA,False
R0043_55034880,R0043_55032759,1.0,Wealth Remediation,Wealth Remediation,Methodology & QA,JBW Remediation ASF,False
R0043_55032759,R0043_55032860,1.0,Wealth Remediation,Wealth Remediation,JBW Remediation ASF,Operational Excellence,False
R0043_55032860,R0043_55032759,1.0,Wealth Remediation,Wealth Remediation,Operational Excellence,JBW Remediation ASF,False
R0043_55032759,R0043_55029506,1.0,Wealth Remediation,Wealth Remediation,JBW Remediation ASF,"Planning, Governance and Capability",False
R0043_55029506,R0043_55032759,1.0,Wealth Remediation,Wealth Remediation,"Planning, Governance and Capability",JBW Remediation ASF,False
R0043_55032759,R0043_55031288,1.0,Wealth Remediation,Wealth Remediation,JBW Remediation ASF,Quality Assurance Case Assessment,False
R0043_55031288,R0043_55032759,1.0,Wealth Remediation,Wealth Remediation,Quality Assurance Case Assessment,JBW Remediation ASF,False
R0043_55032759,R0043_55036124,1.0,Wealth Remediation,Wealth Remediation,JBW Remediation ASF,Remediation Logistics and Planning,False
R0043_55032759,R0043_55037980,1.0,Wealth Remediation,Wealth Remediation,JBW Remediation ASF,JBW Remediation Assurance,False
R0043_55032862,R0043_55031005,1.0,Wealth Remediation,Wealth Remediation,JBW CRI Remediation Methodology,Wealth Remediation Support Centre,False
R0043_55032862,R0043_55009127,1.0,Wealth Remediation,Wealth Remediation,JBW CRI Remediation Methodology,JBWere Remediation,False
R0043_55036124,R0043_55032862,1.0,Wealth Remediation,Wealth Remediation,Remediation Logistics and Planning,JBW CRI Remediation Methodology,False
R0043_55009127,R0043_55032862,1.0,Wealth Remediation,Wealth Remediation,JBWere Remediation,JBW CRI Remediation Methodology,False
R0043_55032862,R0043_55036250,1.0,Wealth Remediation,Wealth Remediation,JBW CRI Remediation Methodology,Logistics Support,False
R0043_55036250,R0043_55032862,1.0,Wealth Remediation,Wealth Remediation,Logistics Support,JBW CRI Remediation Methodology,False
R0043_55032862,R0043_55034880,1.0,Wealth Remediation,Wealth Remediation,JBW CRI Remediation Methodology,Methodology & QA,False
R0043_55034880,R0043_55032862,1.0,Wealth Remediation,Wealth Remediation,Methodology & QA,JBW CRI Remediation Methodology,False
R0043_55032862,R0043_55032860,1.0,Wealth Remediation,Wealth Remediation,JBW CRI Remediation Methodology,Operational Excellence,False
R0043_55032860,R0043_55032862,1.0,Wealth Remediation,Wealth Remediation,Operational Excellence,JBW CRI Remediation Methodology,False
R0043_55032862,R0043_55029506,1.0,Wealth Remediation,Wealth Remediation,JBW CRI Remediation Methodology,"Planning, Governance and Capability",False
R0043_55029506,R0043_55032862,1.0,Wealth Remediation,Wealth Remediation,"Planning, Governance and Capability",JBW CRI Remediation Methodology,False
R0043_55032862,R0043_55031288,1.0,Wealth Remediation,Wealth Remediation,JBW CRI Remediation Methodology,Quality Assurance Case Assessment,False
R0043_55031288,R0043_55032862,1.0,Wealth Remediation,Wealth Remediation,Quality Assurance Case Assessment,JBW CRI Remediation Methodology,False
R0043_55032862,R0043_55036124,1.0,Wealth Remediation,Wealth Remediation,JBW CRI Remediation Methodology,Remediation Logistics and Planning,False
R0043_55032862,R0043_55039830,1.0,Wealth Remediation,Wealth Remediation,JBW CRI Remediation Methodology,Remediation Resolve,False
R0043_55034335,R0043_55032862,1.0,Wealth Remediation,Wealth Remediation,Triage & Investigations,JBW CRI Remediation Methodology,False
R0043_55039830,R0043_55032862,1.0,Wealth Remediation,Wealth Remediation,Remediation Resolve,JBW CRI Remediation Methodology,False
R0043_55032862,R0043_55034325,1.0,Wealth Remediation,Wealth Remediation,JBW CRI Remediation Methodology,Remediation Support Centre,False
R0043_55034325,R0043_55032862,1.0,Wealth Remediation,Wealth Remediation,Remediation Support Centre,JBW CRI Remediation Methodology,False
R0043_55032862,R0043_55039829,1.0,Wealth Remediation,Wealth Remediation,JBW CRI Remediation Methodology,RSC Squad - 1,False
R0043_55039829,R0043_55032862,1.0,Wealth Remediation,Wealth Remediation,RSC Squad - 1,JBW CRI Remediation Methodology,False
R0043_55032862,R0043_55031080,1.0,Wealth Remediation,Wealth Remediation,JBW CRI Remediation Methodology,RSC Squad - 2,False
R0043_55031080,R0043_55032862,1.0,Wealth Remediation,Wealth Remediation,RSC Squad - 2,JBW CRI Remediation Methodology,False
R0043_55032862,R0043_55031077,1.0,Wealth Remediation,Wealth Remediation,JBW CRI Remediation Methodology,RSC Squad - 3,False
R0043_55031077,R0043_55032862,1.0,Wealth Remediation,Wealth Remediation,RSC Squad - 3,JBW CRI Remediation Methodology,False
R0043_55032862,R0043_55017366,1.0,Wealth Remediation,Wealth Remediation,JBW CRI Remediation Methodology,Third Party Engagement,False
R0043_55017366,R0043_55032862,1.0,Wealth Remediation,Wealth Remediation,Third Party Engagement,JBW CRI Remediation Methodology,False
R0043_55032862,R0043_55034335,1.0,Wealth Remediation,Wealth Remediation,JBW CRI Remediation Methodology,Triage & Investigations,False
R0043_55039679,R0043_55037980,1.0,Wealth Remediation,Wealth Remediation,JBW CRI Assessment,JBW Remediation Assurance,False
R0043_55039679,R0043_55032759,1.0,Wealth Remediation,Wealth Remediation,JBW CRI Assessment,JBW Remediation ASF,False
R0043_55041926,R0043_55034325,1.0,Wealth Remediation,Wealth Remediation,CRI Remediation,Remediation Support Centre,False
R0043_55032860,R0043_55029012,1.0,Wealth Remediation,Wealth Remediation,Operational Excellence,CRI Remediation Data,False
R0043_55032908,R0043_55029012,1.0,Wealth Remediation,Wealth Remediation,JBW Remediation CRI,CRI Remediation Data,False
R0043_55029012,R0043_55039686,1.0,Wealth Remediation,Wealth Remediation,CRI Remediation Data,JBW Remediation Engagement,False
R0043_55039686,R0043_55029012,1.0,Wealth Remediation,Wealth Remediation,JBW Remediation Engagement,CRI Remediation Data,False
R0043_55029012,R0043_55032863,1.0,Wealth Remediation,Wealth Remediation,CRI Remediation Data,JBW Remediation File Collection & Liaiso,False
R0043_55032863,R0043_55029012,1.0,Wealth Remediation,Wealth Remediation,JBW Remediation File Collection & Liaiso,CRI Remediation Data,False
R0043_55029012,R0043_55009127,1.0,Wealth Remediation,Wealth Remediation,CRI Remediation Data,JBWere Remediation,False
R0043_55009127,R0043_55029012,1.0,Wealth Remediation,Wealth Remediation,JBWere Remediation,CRI Remediation Data,False
R0043_55029012,R0043_55036250,1.0,Wealth Remediation,Wealth Remediation,CRI Remediation Data,Logistics Support,False
R0043_55036250,R0043_55029012,1.0,Wealth Remediation,Wealth Remediation,Logistics Support,CRI Remediation Data,False
R0043_55029012,R0043_55034880,1.0,Wealth Remediation,Wealth Remediation,CRI Remediation Data,Methodology & QA,False
R0043_55034880,R0043_55029012,1.0,Wealth Remediation,Wealth Remediation,Methodology & QA,CRI Remediation Data,False
R0043_55029012,R0043_55032860,1.0,Wealth Remediation,Wealth Remediation,CRI Remediation Data,Operational Excellence,False
R0043_55029012,R0043_55029506,1.0,Wealth Remediation,Wealth Remediation,CRI Remediation Data,"Planning, Governance and Capability",False
R0043_55034879,R0043_55029012,1.0,Wealth Remediation,Wealth Remediation,JBW Remediation Case Construction 2,CRI Remediation Data,False
R0043_55029506,R0043_55029012,1.0,Wealth Remediation,Wealth Remediation,"Planning, Governance and Capability",CRI Remediation Data,False
R0043_55029012,R0043_55031288,1.0,Wealth Remediation,Wealth Remediation,CRI Remediation Data,Quality Assurance Case Assessment,False
R0043_55031288,R0043_55029012,1.0,Wealth Remediation,Wealth Remediation,Quality Assurance Case Assessment,CRI Remediation Data,False
R0043_55029012,R0043_55036124,1.0,Wealth Remediation,Wealth Remediation,CRI Remediation Data,Remediation Logistics and Planning,False
R0043_55036124,R0043_55029012,1.0,Wealth Remediation,Wealth Remediation,Remediation Logistics and Planning,CRI Remediation Data,False
R0043_55029012,R0043_55039830,1.0,Wealth Remediation,Wealth Remediation,CRI Remediation Data,Remediation Resolve,False
R0043_55039830,R0043_55029012,1.0,Wealth Remediation,Wealth Remediation,Remediation Resolve,CRI Remediation Data,False
R0043_55029012,R0043_55034325,1.0,Wealth Remediation,Wealth Remediation,CRI Remediation Data,Remediation Support Centre,False
R0043_55034325,R0043_55029012,1.0,Wealth Remediation,Wealth Remediation,Remediation Support Centre,CRI Remediation Data,False
R0043_55029012,R0043_55039829,1.0,Wealth Remediation,Wealth Remediation,CRI Remediation Data,RSC Squad - 1,False
R0043_55039829,R0043_55029012,1.0,Wealth Remediation,Wealth Remediation,RSC Squad - 1,CRI Remediation Data,False
R0043_55029012,R0043_55031080,1.0,Wealth Remediation,Wealth Remediation,CRI Remediation Data,RSC Squad - 2,False
R0043_55029012,R0043_55032908,1.0,Wealth Remediation,Wealth Remediation,CRI Remediation Data,JBW Remediation CRI,False
R0043_55029012,R0043_55034879,1.0,Wealth Remediation,Wealth Remediation,CRI Remediation Data,JBW Remediation Case Construction 2,False
R0043_55029012,R0043_55031077,1.0,Wealth Remediation,Wealth Remediation,CRI Remediation Data,RSC Squad - 3,False
R0043_55031005,R0043_55041926,1.0,Wealth Remediation,Wealth Remediation,Wealth Remediation Support Centre,CRI Remediation,False
R0043_55009127,R0043_55035478,1.0,Wealth Remediation,Wealth Remediation,JBWere Remediation,Adviser Scoping and Book Closure,False
R0043_55041926,R0043_55039829,1.0,Wealth Remediation,Wealth Remediation,CRI Remediation,RSC Squad - 1,False
R0043_55039829,R0043_55041926,1.0,Wealth Remediation,Wealth Remediation,RSC Squad - 1,CRI Remediation,False
R0043_55041926,R0043_55031080,1.0,Wealth Remediation,Wealth Remediation,CRI Remediation,RSC Squad - 2,False
R0043_55031080,R0043_55041926,1.0,Wealth Remediation,Wealth Remediation,RSC Squad - 2,CRI Remediation,False
R0043_55041926,R0043_55031077,1.0,Wealth Remediation,Wealth Remediation,CRI Remediation,RSC Squad - 3,False
R0043_55031077,R0043_55041926,1.0,Wealth Remediation,Wealth Remediation,RSC Squad - 3,CRI Remediation,False
R0043_55041926,R0043_55017366,1.0,Wealth Remediation,Wealth Remediation,CRI Remediation,Third Party Engagement,False
R0043_55017366,R0043_55041926,1.0,Wealth Remediation,Wealth Remediation,Third Party Engagement,CRI Remediation,False
R0043_55041926,R0043_55034335,1.0,Wealth Remediation,Wealth Remediation,CRI Remediation,Triage & Investigations,False
R0043_55034335,R0043_55041926,1.0,Wealth Remediation,Wealth Remediation,Triage & Investigations,CRI Remediation,False
R0043_55041926,R0043_55031005,1.0,Wealth Remediation,Wealth Remediation,CRI Remediation,Wealth Remediation Support Centre,False
R0043_55029012,R0043_55034882,1.0,Wealth Remediation,Wealth Remediation,CRI Remediation Data,JBW ASF Assessment,False
R0043_55027552,R0043_55029012,1.0,Wealth Remediation,Wealth Remediation,JBW Remediation Case Construction,CRI Remediation Data,False
R0043_55034882,R0043_55029012,1.0,Wealth Remediation,Wealth Remediation,JBW ASF Assessment,CRI Remediation Data,False
R0043_55029012,R0043_55039679,1.0,Wealth Remediation,Wealth Remediation,CRI Remediation Data,JBW CRI Assessment,False
R0043_55039679,R0043_55029012,1.0,Wealth Remediation,Wealth Remediation,JBW CRI Assessment,CRI Remediation Data,False
R0043_55029012,R0043_55032862,1.0,Wealth Remediation,Wealth Remediation,CRI Remediation Data,JBW CRI Remediation Methodology,False
R0043_55032862,R0043_55029012,1.0,Wealth Remediation,Wealth Remediation,JBW CRI Remediation Methodology,CRI Remediation Data,False
R0043_55029012,R0043_55032759,1.0,Wealth Remediation,Wealth Remediation,CRI Remediation Data,JBW Remediation ASF,False
R0043_55032759,R0043_55029012,1.0,Wealth Remediation,Wealth Remediation,JBW Remediation ASF,CRI Remediation Data,False
R0043_55029012,R0043_55037980,1.0,Wealth Remediation,Wealth Remediation,CRI Remediation Data,JBW Remediation Assurance,False
R0043_55037980,R0043_55029012,1.0,Wealth Remediation,Wealth Remediation,JBW Remediation Assurance,CRI Remediation Data,False
R0043_55029012,R0043_55037979,1.0,Wealth Remediation,Wealth Remediation,CRI Remediation Data,JBW Remediation Calculations,False
R0043_55037979,R0043_55029012,1.0,Wealth Remediation,Wealth Remediation,JBW Remediation Calculations,CRI Remediation Data,False
R0043_55029012,R0043_55027552,1.0,Wealth Remediation,Wealth Remediation,CRI Remediation Data,JBW Remediation Case Construction,False
R0043_55031080,R0043_55029012,1.0,Wealth Remediation,Wealth Remediation,RSC Squad - 2,CRI Remediation Data,False
R0043_55031077,R0043_55029012,1.0,Wealth Remediation,Wealth Remediation,RSC Squad - 3,CRI Remediation Data,False
R0043_55032862,R0043_55039679,1.0,Wealth Remediation,Wealth Remediation,JBW CRI Remediation Methodology,JBW CRI Assessment,False
R0043_55034325,R0043_55034882,1.0,Wealth Remediation,Wealth Remediation,Remediation Support Centre,JBW ASF Assessment,False
R0043_55034880,R0043_55034882,1.0,Wealth Remediation,Wealth Remediation,Methodology & QA,JBW ASF Assessment,False
R0043_55034882,R0043_55032860,1.0,Wealth Remediation,Wealth Remediation,JBW ASF Assessment,Operational Excellence,False
R0043_55032860,R0043_55034882,1.0,Wealth Remediation,Wealth Remediation,Operational Excellence,JBW ASF Assessment,False
R0043_55034882,R0043_55029506,1.0,Wealth Remediation,Wealth Remediation,JBW ASF Assessment,"Planning, Governance and Capability",False
R0043_55029506,R0043_55034882,1.0,Wealth Remediation,Wealth Remediation,"Planning, Governance and Capability",JBW ASF Assessment,False
R0043_55034882,R0043_55031288,1.0,Wealth Remediation,Wealth Remediation,JBW ASF Assessment,Quality Assurance Case Assessment,False
R0043_55031288,R0043_55034882,1.0,Wealth Remediation,Wealth Remediation,Quality Assurance Case Assessment,JBW ASF Assessment,False
R0043_55034882,R0043_55036124,1.0,Wealth Remediation,Wealth Remediation,JBW ASF Assessment,Remediation Logistics and Planning,False
R0043_55036124,R0043_55034882,1.0,Wealth Remediation,Wealth Remediation,Remediation Logistics and Planning,JBW ASF Assessment,False
R0043_55034882,R0043_55039830,1.0,Wealth Remediation,Wealth Remediation,JBW ASF Assessment,Remediation Resolve,False
R0043_55039830,R0043_55034882,1.0,Wealth Remediation,Wealth Remediation,Remediation Resolve,JBW ASF Assessment,False
R0043_55034882,R0043_55034325,1.0,Wealth Remediation,Wealth Remediation,JBW ASF Assessment,Remediation Support Centre,False
R0043_55034882,R0043_55039829,1.0,Wealth Remediation,Wealth Remediation,JBW ASF Assessment,RSC Squad - 1,False
R0043_55036250,R0043_55034882,1.0,Wealth Remediation,Wealth Remediation,Logistics Support,JBW ASF Assessment,False
R0043_55039829,R0043_55034882,1.0,Wealth Remediation,Wealth Remediation,RSC Squad - 1,JBW ASF Assessment,False
R0043_55034882,R0043_55031080,1.0,Wealth Remediation,Wealth Remediation,JBW ASF Assessment,RSC Squad - 2,False
R0043_55031080,R0043_55034882,1.0,Wealth Remediation,Wealth Remediation,RSC Squad - 2,JBW ASF Assessment,False
R0043_55034882,R0043_55031077,1.0,Wealth Remediation,Wealth Remediation,JBW ASF Assessment,RSC Squad - 3,False
R0043_55031077,R0043_55034882,1.0,Wealth Remediation,Wealth Remediation,RSC Squad - 3,JBW ASF Assessment,False
R0043_55034882,R0043_55017366,1.0,Wealth Remediation,Wealth Remediation,JBW ASF Assessment,Third Party Engagement,False
R0043_55017366,R0043_55034882,1.0,Wealth Remediation,Wealth Remediation,Third Party Engagement,JBW ASF Assessment,False
R0043_55034882,R0043_55034335,1.0,Wealth Remediation,Wealth Remediation,JBW ASF Assessment,Triage & Investigations,False
R0043_55034335,R0043_55034882,1.0,Wealth Remediation,Wealth Remediation,Triage & Investigations,JBW ASF Assessment,False
R0043_55034882,R0043_55031005,1.0,Wealth Remediation,Wealth Remediation,JBW ASF Assessment,Wealth Remediation Support Centre,False
R0043_55031005,R0043_55034882,1.0,Wealth Remediation,Wealth Remediation,Wealth Remediation Support Centre,JBW ASF Assessment,False
R0043_55039679,R0043_55032862,1.0,Wealth Remediation,Wealth Remediation,JBW CRI Assessment,JBW CRI Remediation Methodology,False
R0043_55034882,R0043_55034880,1.0,Wealth Remediation,Wealth Remediation,JBW ASF Assessment,Methodology & QA,False
R0043_55034882,R0043_55036250,1.0,Wealth Remediation,Wealth Remediation,JBW ASF Assessment,Logistics Support,False
R0043_55029012,R0043_55017366,1.0,Wealth Remediation,Wealth Remediation,CRI Remediation Data,Third Party Engagement,False
R0043_55037980,R0043_55034882,1.0,Wealth Remediation,Wealth Remediation,JBW Remediation Assurance,JBW ASF Assessment,False
R0043_55017366,R0043_55029012,1.0,Wealth Remediation,Wealth Remediation,Third Party Engagement,CRI Remediation Data,False
R0043_55029012,R0043_55034335,1.0,Wealth Remediation,Wealth Remediation,CRI Remediation Data,Triage & Investigations,False
R0043_55034335,R0043_55029012,1.0,Wealth Remediation,Wealth Remediation,Triage & Investigations,CRI Remediation Data,False
R0043_55029012,R0043_55031005,1.0,Wealth Remediation,Wealth Remediation,CRI Remediation Data,Wealth Remediation Support Centre,False
R0043_55031005,R0043_55029012,1.0,Wealth Remediation,Wealth Remediation,Wealth Remediation Support Centre,CRI Remediation Data,False
R0043_55034882,R0043_55039679,1.0,Wealth Remediation,Wealth Remediation,JBW ASF Assessment,JBW CRI Assessment,False
R0043_55039679,R0043_55034882,1.0,Wealth Remediation,Wealth Remediation,JBW CRI Assessment,JBW ASF Assessment,False
R0043_55034882,R0043_55032862,1.0,Wealth Remediation,Wealth Remediation,JBW ASF Assessment,JBW CRI Remediation Methodology,False
R0043_55032862,R0043_55034882,1.0,Wealth Remediation,Wealth Remediation,JBW CRI Remediation Methodology,JBW ASF Assessment,False
R0043_55034882,R0043_55032759,1.0,Wealth Remediation,Wealth Remediation,JBW ASF Assessment,JBW Remediation ASF,False
R0043_55032759,R0043_55034882,1.0,Wealth Remediation,Wealth Remediation,JBW Remediation ASF,JBW ASF Assessment,False
R0043_55034882,R0043_55037980,1.0,Wealth Remediation,Wealth Remediation,JBW ASF Assessment,JBW Remediation Assurance,False
R0043_55034882,R0043_55037979,1.0,Wealth Remediation,Wealth Remediation,JBW ASF Assessment,JBW Remediation Calculations,False
R0043_55009127,R0043_55034882,1.0,Wealth Remediation,Wealth Remediation,JBWere Remediation,JBW ASF Assessment,False
R0043_55037979,R0043_55034882,1.0,Wealth Remediation,Wealth Remediation,JBW Remediation Calculations,JBW ASF Assessment,False
R0043_55034882,R0043_55027552,1.0,Wealth Remediation,Wealth Remediation,JBW ASF Assessment,JBW Remediation Case Construction,False
R0043_55027552,R0043_55034882,1.0,Wealth Remediation,Wealth Remediation,JBW Remediation Case Construction,JBW ASF Assessment,False
R0043_55034882,R0043_55034879,1.0,Wealth Remediation,Wealth Remediation,JBW ASF Assessment,JBW Remediation Case Construction 2,False
R0043_55034879,R0043_55034882,1.0,Wealth Remediation,Wealth Remediation,JBW Remediation Case Construction 2,JBW ASF Assessment,False
R0043_55034882,R0043_55032908,1.0,Wealth Remediation,Wealth Remediation,JBW ASF Assessment,JBW Remediation CRI,False
R0043_55032908,R0043_55034882,1.0,Wealth Remediation,Wealth Remediation,JBW Remediation CRI,JBW ASF Assessment,False
R0043_55034882,R0043_55039686,1.0,Wealth Remediation,Wealth Remediation,JBW ASF Assessment,JBW Remediation Engagement,False
R0043_55039686,R0043_55034882,1.0,Wealth Remediation,Wealth Remediation,JBW Remediation Engagement,JBW ASF Assessment,False
R0043_55034882,R0043_55032863,1.0,Wealth Remediation,Wealth Remediation,JBW ASF Assessment,JBW Remediation File Collection & Liaiso,False
R0043_55032863,R0043_55034882,1.0,Wealth Remediation,Wealth Remediation,JBW Remediation File Collection & Liaiso,JBW ASF Assessment,False
R0043_55034882,R0043_55009127,1.0,Wealth Remediation,Wealth Remediation,JBW ASF Assessment,JBWere Remediation,False
R0043_55035478,R0043_55036250,1.0,Wealth Remediation,Wealth Remediation,Adviser Scoping and Book Closure,Logistics Support,False
R0002_55043311,R0002_55036002,1.0,Administration Support,Administration Support,Admin & Support,ADV Customer Care 3,False
R0043_55035478,R0043_55009127,1.0,Wealth Remediation,Wealth Remediation,Adviser Scoping and Book Closure,JBWere Remediation,False
R0002_55039851,R0002_55033035,1.0,Administration Support,Administration Support,Direct Administration Assistants,GPO Process Design & Control,False
R0002_55039851,R0002_55019960,1.0,Administration Support,Administration Support,Direct Administration Assistants,Governance Compliance,False
R0002_55038839,R0002_55039851,1.0,Administration Support,Administration Support,Global Tech Academy,Direct Administration Assistants,False
R0002_55039851,R0002_55038839,1.0,Administration Support,Administration Support,Direct Administration Assistants,Global Tech Academy,False
R0002_55027831,R0002_55039851,1.0,Administration Support,Administration Support,Front Office Tools,Direct Administration Assistants,False
R0002_55039851,R0002_55027831,1.0,Administration Support,Administration Support,Direct Administration Assistants,Front Office Tools,False
R0002_55028991,R0002_55039851,1.0,Administration Support,Administration Support,Financial Crime and Fraud Technology,Direct Administration Assistants,False
R0002_55039851,R0002_55028991,1.0,Administration Support,Administration Support,Direct Administration Assistants,Financial Crime and Fraud Technology,False
R0002_55031467,R0002_55039851,1.0,Administration Support,Administration Support,FC Enablement - Planning & Execution,Direct Administration Assistants,False
R0002_55039851,R0002_55031467,1.0,Administration Support,Administration Support,Direct Administration Assistants,FC Enablement - Planning & Execution,False
R0002_55011002,R0002_55039851,1.0,Administration Support,Administration Support,Executive Support,Direct Administration Assistants,False
R0002_55039851,R0002_55011002,1.0,Administration Support,Administration Support,Direct Administration Assistants,Executive Support,False
R0002_55035505,R0002_55039851,1.0,Administration Support,Administration Support,ELP SWAT,Direct Administration Assistants,False
R0002_55039851,R0002_55035505,1.0,Administration Support,Administration Support,Direct Administration Assistants,ELP SWAT,False
R0002_55036171,R0002_55039851,1.0,Administration Support,Administration Support,Domain Orchestration,Direct Administration Assistants,False
R0002_55039851,R0002_55036171,1.0,Administration Support,Administration Support,Direct Administration Assistants,Domain Orchestration,False
R0002_55019960,R0002_55039851,1.0,Administration Support,Administration Support,Governance Compliance,Direct Administration Assistants,False
R0002_55033035,R0002_55039851,1.0,Administration Support,Administration Support,GPO Process Design & Control,Direct Administration Assistants,False
R0002_55039851,R0002_55032782,1.0,Administration Support,Administration Support,Direct Administration Assistants,Direct Administration Hub,False
R0002_55039851,R0002_55006197,1.0,Administration Support,Administration Support,Direct Administration Assistants,Group Company Secretary,False
R0002_55014421,R0002_55039851,1.0,Administration Support,Administration Support,NAB Corporate VIC/SA,Direct Administration Assistants,False
R0002_55039851,R0002_55014421,1.0,Administration Support,Administration Support,Direct Administration Assistants,NAB Corporate VIC/SA,False
R0002_55043136,R0002_55039851,1.0,Administration Support,Administration Support,Merchant Services,Direct Administration Assistants,False
R0002_55039851,R0002_55043136,1.0,Administration Support,Administration Support,Direct Administration Assistants,Merchant Services,False
R0002_55040793,R0002_55039851,1.0,Administration Support,Administration Support,Merchant Contracts,Direct Administration Assistants,False
R0002_55039851,R0002_55040793,1.0,Administration Support,Administration Support,Direct Administration Assistants,Merchant Contracts,False
R0002_55037530,R0002_55039851,1.0,Administration Support,Administration Support,Markets Enablement,Direct Administration Assistants,False
R0002_55039851,R0002_55037530,1.0,Administration Support,Administration Support,Direct Administration Assistants,Markets Enablement,False
R0002_55036050,R0002_55039851,1.0,Administration Support,Administration Support,Lending Experience,Direct Administration Assistants,False
R0002_55039851,R0002_55036050,1.0,Administration Support,Administration Support,Direct Administration Assistants,Lending Experience,False
R0002_55044076,R0002_55039851,1.0,Administration Support,Administration Support,IPP - Data Reporting and Governance,Direct Administration Assistants,False
R0002_55039851,R0002_55044076,1.0,Administration Support,Administration Support,Direct Administration Assistants,IPP - Data Reporting and Governance,False
R0002_55036505,R0002_55039851,1.0,Administration Support,Administration Support,HICAPS Sales,Direct Administration Assistants,False
R0002_55039851,R0002_55036505,1.0,Administration Support,Administration Support,Direct Administration Assistants,HICAPS Sales,False
R0002_55006197,R0002_55039851,1.0,Administration Support,Administration Support,Group Company Secretary,Direct Administration Assistants,False
R0002_55032782,R0002_55039851,1.0,Administration Support,Administration Support,Direct Administration Hub,Direct Administration Assistants,False
R0002_55019387,R0002_55037787,1.0,Administration Support,Administration Support,Whistleblower,Delivery Services & Change Management,False
R0002_55037787,R0002_55035727,1.0,Administration Support,Administration Support,Delivery Services & Change Management,NH Data Operations,False
R0002_55037787,R0002_55043779,1.0,Administration Support,Administration Support,Delivery Services & Change Management,Release Train,False
R0002_55037787,R0002_55011220,1.0,Administration Support,Administration Support,Delivery Services & Change Management,Regulatory Operations BAU,False
R0002_55030125,R0002_55037787,1.0,Administration Support,Administration Support,Records Mgmt & Third Party Data Serv,Delivery Services & Change Management,False
R0002_55037787,R0002_55030125,1.0,Administration Support,Administration Support,Delivery Services & Change Management,Records Mgmt & Third Party Data Serv,False
R0002_55031084,R0002_55037787,1.0,Administration Support,Administration Support,Quality Assurance,Delivery Services & Change Management,False
R0002_55037787,R0002_55031084,1.0,Administration Support,Administration Support,Delivery Services & Change Management,Quality Assurance,False
R0002_55041833,R0002_55037787,1.0,Administration Support,Administration Support,POA Implementation,Delivery Services & Change Management,False
R0002_55037787,R0002_55041833,1.0,Administration Support,Administration Support,Delivery Services & Change Management,POA Implementation,False
R0002_55041025,R0002_55037787,1.0,Administration Support,Administration Support,People Reporting,Delivery Services & Change Management,False
R0002_55037787,R0002_55041025,1.0,Administration Support,Administration Support,Delivery Services & Change Management,People Reporting,False
R0002_55039889,R0002_55037787,1.0,Administration Support,Administration Support,Payments Experience,Delivery Services & Change Management,False
R0002_55037787,R0002_55039889,1.0,Administration Support,Administration Support,Delivery Services & Change Management,Payments Experience,False
R0002_55029026,R0002_55037787,1.0,Administration Support,Administration Support,P&C Divisional Controls,Delivery Services & Change Management,False
R0002_55037787,R0002_55029026,1.0,Administration Support,Administration Support,Delivery Services & Change Management,P&C Divisional Controls,False
R0002_55032858,R0002_55037787,1.0,Administration Support,Administration Support,Operations and Property Support,Delivery Services & Change Management,False
R0002_55037787,R0002_55032858,1.0,Administration Support,Administration Support,Delivery Services & Change Management,Operations and Property Support,False
R0002_55011220,R0002_55037787,1.0,Administration Support,Administration Support,Regulatory Operations BAU,Delivery Services & Change Management,False
R0002_55043779,R0002_55037787,1.0,Administration Support,Administration Support,Release Train,Delivery Services & Change Management,False
R0002_55037787,R0002_55019387,1.0,Administration Support,Administration Support,Delivery Services & Change Management,Whistleblower,False
R0002_55037787,R0002_55026664,1.0,Administration Support,Administration Support,Delivery Services & Change Management,Risk Commitee,False
R0002_55037283,R0002_55037787,1.0,Administration Support,Administration Support,VRT/ VIT,Delivery Services & Change Management,False
R0002_55037787,R0002_55037283,1.0,Administration Support,Administration Support,Delivery Services & Change Management,VRT/ VIT,False
R0002_55025080,R0002_55037787,1.0,Administration Support,Administration Support,Valuations Operations,Delivery Services & Change Management,False
R0002_55037787,R0002_55025080,1.0,Administration Support,Administration Support,Delivery Services & Change Management,Valuations Operations,False
R0002_55031358,R0002_55037787,1.0,Administration Support,Administration Support,Transformation,Delivery Services & Change Management,False
R0002_55037787,R0002_55031358,1.0,Administration Support,Administration Support,Delivery Services & Change Management,Transformation,False
R0002_55042075,R0002_55037787,1.0,Administration Support,Administration Support,Suppliers & Partners,Delivery Services & Change Management,False
R0002_55037787,R0002_55042075,1.0,Administration Support,Administration Support,Delivery Services & Change Management,Suppliers & Partners,False
R0002_55037718,R0002_55037787,1.0,Administration Support,Administration Support,Subsidiary Governance,Delivery Services & Change Management,False
R0002_55037787,R0002_55037718,1.0,Administration Support,Administration Support,Delivery Services & Change Management,Subsidiary Governance,False
R0002_55043901,R0002_55037787,1.0,Administration Support,Administration Support,Siebel Infra and Projects,Delivery Services & Change Management,False
R0002_55037787,R0002_55043901,1.0,Administration Support,Administration Support,Delivery Services & Change Management,Siebel Infra and Projects,False
R0002_55037878,R0002_55037787,1.0,Administration Support,Administration Support,Shared Services Collection,Delivery Services & Change Management,False
R0002_55037787,R0002_55037878,1.0,Administration Support,Administration Support,Delivery Services & Change Management,Shared Services Collection,False
R0002_55026664,R0002_55037787,1.0,Administration Support,Administration Support,Risk Commitee,Delivery Services & Change Management,False
R0002_55039851,R0002_55003518,1.0,Administration Support,Administration Support,Direct Administration Assistants,NAB Staff Club,False
R0002_55003518,R0002_55039851,1.0,Administration Support,Administration Support,NAB Staff Club,Direct Administration Assistants,False
R0002_55039851,R0002_55027319,1.0,Administration Support,Administration Support,Direct Administration Assistants,NAB Staff Club - MF,False
R0002_55019960,R0002_55032782,1.0,Administration Support,Administration Support,Governance Compliance,Direct Administration Hub,False
R0002_55038839,R0002_55032782,1.0,Administration Support,Administration Support,Global Tech Academy,Direct Administration Hub,False
R0002_55032782,R0002_55038839,1.0,Administration Support,Administration Support,Direct Administration Hub,Global Tech Academy,False
R0002_55027831,R0002_55032782,1.0,Administration Support,Administration Support,Front Office Tools,Direct Administration Hub,False
R0002_55032782,R0002_55027831,1.0,Administration Support,Administration Support,Direct Administration Hub,Front Office Tools,False
R0002_55028991,R0002_55032782,1.0,Administration Support,Administration Support,Financial Crime and Fraud Technology,Direct Administration Hub,False
R0002_55032782,R0002_55028991,1.0,Administration Support,Administration Support,Direct Administration Hub,Financial Crime and Fraud Technology,False
R0002_55031467,R0002_55032782,1.0,Administration Support,Administration Support,FC Enablement - Planning & Execution,Direct Administration Hub,False
R0002_55032782,R0002_55031467,1.0,Administration Support,Administration Support,Direct Administration Hub,FC Enablement - Planning & Execution,False
R0002_55011002,R0002_55032782,1.0,Administration Support,Administration Support,Executive Support,Direct Administration Hub,False
R0002_55032782,R0002_55011002,1.0,Administration Support,Administration Support,Direct Administration Hub,Executive Support,False
R0002_55035505,R0002_55032782,1.0,Administration Support,Administration Support,ELP SWAT,Direct Administration Hub,False
R0002_55032782,R0002_55035505,1.0,Administration Support,Administration Support,Direct Administration Hub,ELP SWAT,False
R0002_55036171,R0002_55032782,1.0,Administration Support,Administration Support,Domain Orchestration,Direct Administration Hub,False
R0002_55032782,R0002_55036171,1.0,Administration Support,Administration Support,Direct Administration Hub,Domain Orchestration,False
R0002_55019387,R0002_55039851,1.0,Administration Support,Administration Support,Whistleblower,Direct Administration Assistants,False
R0002_55032782,R0002_55019960,1.0,Administration Support,Administration Support,Direct Administration Hub,Governance Compliance,False
R0002_55032782,R0002_55033035,1.0,Administration Support,Administration Support,Direct Administration Hub,GPO Process Design & Control,False
R0002_55027319,R0002_55039851,1.0,Administration Support,Administration Support,NAB Staff Club - MF,Direct Administration Assistants,False
R0002_55033035,R0002_55032782,1.0,Administration Support,Administration Support,GPO Process Design & Control,Direct Administration Hub,False
R0002_55032782,R0002_55014421,1.0,Administration Support,Administration Support,Direct Administration Hub,NAB Corporate VIC/SA,False
R0002_55043136,R0002_55032782,1.0,Administration Support,Administration Support,Merchant Services,Direct Administration Hub,False
R0002_55032782,R0002_55043136,1.0,Administration Support,Administration Support,Direct Administration Hub,Merchant Services,False
R0002_55040793,R0002_55032782,1.0,Administration Support,Administration Support,Merchant Contracts,Direct Administration Hub,False
R0002_55032782,R0002_55040793,1.0,Administration Support,Administration Support,Direct Administration Hub,Merchant Contracts,False
R0002_55037530,R0002_55032782,1.0,Administration Support,Administration Support,Markets Enablement,Direct Administration Hub,False
R0002_55032782,R0002_55037530,1.0,Administration Support,Administration Support,Direct Administration Hub,Markets Enablement,False
R0002_55036050,R0002_55032782,1.0,Administration Support,Administration Support,Lending Experience,Direct Administration Hub,False
R0002_55032782,R0002_55036050,1.0,Administration Support,Administration Support,Direct Administration Hub,Lending Experience,False
R0002_55044076,R0002_55032782,1.0,Administration Support,Administration Support,IPP - Data Reporting and Governance,Direct Administration Hub,False
R0002_55032782,R0002_55044076,1.0,Administration Support,Administration Support,Direct Administration Hub,IPP - Data Reporting and Governance,False
R0002_55036505,R0002_55032782,1.0,Administration Support,Administration Support,HICAPS Sales,Direct Administration Hub,False
R0002_55032782,R0002_55036505,1.0,Administration Support,Administration Support,Direct Administration Hub,HICAPS Sales,False
R0002_55006197,R0002_55032782,1.0,Administration Support,Administration Support,Group Company Secretary,Direct Administration Hub,False
R0002_55032782,R0002_55006197,1.0,Administration Support,Administration Support,Direct Administration Hub,Group Company Secretary,False
R0002_55039851,R0002_55019387,1.0,Administration Support,Administration Support,Direct Administration Assistants,Whistleblower,False
R0002_55037283,R0002_55039851,1.0,Administration Support,Administration Support,VRT/ VIT,Direct Administration Assistants,False
R0002_55039851,R0002_55037283,1.0,Administration Support,Administration Support,Direct Administration Assistants,VRT/ VIT,False
R0002_55025080,R0002_55039851,1.0,Administration Support,Administration Support,Valuations Operations,Direct Administration Assistants,False
R0002_55039851,R0002_55030125,1.0,Administration Support,Administration Support,Direct Administration Assistants,Records Mgmt & Third Party Data Serv,False
R0002_55031084,R0002_55039851,1.0,Administration Support,Administration Support,Quality Assurance,Direct Administration Assistants,False
R0002_55039851,R0002_55031084,1.0,Administration Support,Administration Support,Direct Administration Assistants,Quality Assurance,False
R0002_55041833,R0002_55039851,1.0,Administration Support,Administration Support,POA Implementation,Direct Administration Assistants,False
R0002_55039851,R0002_55041833,1.0,Administration Support,Administration Support,Direct Administration Assistants,POA Implementation,False
R0002_55041025,R0002_55039851,1.0,Administration Support,Administration Support,People Reporting,Direct Administration Assistants,False
R0002_55039851,R0002_55041025,1.0,Administration Support,Administration Support,Direct Administration Assistants,People Reporting,False
R0002_55039889,R0002_55039851,1.0,Administration Support,Administration Support,Payments Experience,Direct Administration Assistants,False
R0002_55039851,R0002_55039889,1.0,Administration Support,Administration Support,Direct Administration Assistants,Payments Experience,False
R0002_55029026,R0002_55039851,1.0,Administration Support,Administration Support,P&C Divisional Controls,Direct Administration Assistants,False
R0002_55039851,R0002_55029026,1.0,Administration Support,Administration Support,Direct Administration Assistants,P&C Divisional Controls,False
R0002_55032858,R0002_55039851,1.0,Administration Support,Administration Support,Operations and Property Support,Direct Administration Assistants,False
R0002_55039851,R0002_55032858,1.0,Administration Support,Administration Support,Direct Administration Assistants,Operations and Property Support,False
R0002_55035727,R0002_55039851,1.0,Administration Support,Administration Support,NH Data Operations,Direct Administration Assistants,False
R0002_55039851,R0002_55035727,1.0,Administration Support,Administration Support,Direct Administration Assistants,NH Data Operations,False
R0002_55030125,R0002_55039851,1.0,Administration Support,Administration Support,Records Mgmt & Third Party Data Serv,Direct Administration Assistants,False
R0002_55039851,R0002_55011220,1.0,Administration Support,Administration Support,Direct Administration Assistants,Regulatory Operations BAU,False
R0002_55011220,R0002_55039851,1.0,Administration Support,Administration Support,Regulatory Operations BAU,Direct Administration Assistants,False
R0002_55039851,R0002_55037718,1.0,Administration Support,Administration Support,Direct Administration Assistants,Subsidiary Governance,False
R0002_55039851,R0002_55025080,1.0,Administration Support,Administration Support,Direct Administration Assistants,Valuations Operations,False
R0002_55031358,R0002_55039851,1.0,Administration Support,Administration Support,Transformation,Direct Administration Assistants,False
R0002_55039851,R0002_55031358,1.0,Administration Support,Administration Support,Direct Administration Assistants,Transformation,False
R0002_55042075,R0002_55039851,1.0,Administration Support,Administration Support,Suppliers & Partners,Direct Administration Assistants,False
R0002_55039851,R0002_55042075,1.0,Administration Support,Administration Support,Direct Administration Assistants,Suppliers & Partners,False
R0002_55037718,R0002_55039851,1.0,Administration Support,Administration Support,Subsidiary Governance,Direct Administration Assistants,False
R0002_55043901,R0002_55039851,1.0,Administration Support,Administration Support,Siebel Infra and Projects,Direct Administration Assistants,False
R0002_55039851,R0002_55043779,1.0,Administration Support,Administration Support,Direct Administration Assistants,Release Train,False
R0002_55039851,R0002_55043901,1.0,Administration Support,Administration Support,Direct Administration Assistants,Siebel Infra and Projects,False
R0002_55037878,R0002_55039851,1.0,Administration Support,Administration Support,Shared Services Collection,Direct Administration Assistants,False
R0002_55039851,R0002_55037878,1.0,Administration Support,Administration Support,Direct Administration Assistants,Shared Services Collection,False
R0002_55026664,R0002_55039851,1.0,Administration Support,Administration Support,Risk Commitee,Direct Administration Assistants,False
R0002_55039851,R0002_55026664,1.0,Administration Support,Administration Support,Direct Administration Assistants,Risk Commitee,False
R0002_55043779,R0002_55039851,1.0,Administration Support,Administration Support,Release Train,Direct Administration Assistants,False
R0002_55035727,R0002_55037787,1.0,Administration Support,Administration Support,NH Data Operations,Delivery Services & Change Management,False
R0002_55027319,R0002_55037787,1.0,Administration Support,Administration Support,NAB Staff Club - MF,Delivery Services & Change Management,False
R0002_55041833,R0002_55041509,1.0,Administration Support,Administration Support,POA Implementation,Contact Centre WL Servicing,False
R0002_55044076,R0002_55036059,1.0,Administration Support,Administration Support,IPP - Data Reporting and Governance,Credit Strategy,False
R0002_55036505,R0002_55036059,1.0,Administration Support,Administration Support,HICAPS Sales,Credit Strategy,False
R0002_55036059,R0002_55036505,1.0,Administration Support,Administration Support,Credit Strategy,HICAPS Sales,False
R0002_55006197,R0002_55036059,1.0,Administration Support,Administration Support,Group Company Secretary,Credit Strategy,False
R0002_55036059,R0002_55006197,1.0,Administration Support,Administration Support,Credit Strategy,Group Company Secretary,False
R0002_55033035,R0002_55036059,1.0,Administration Support,Administration Support,GPO Process Design & Control,Credit Strategy,False
R0002_55036059,R0002_55033035,1.0,Administration Support,Administration Support,Credit Strategy,GPO Process Design & Control,False
R0002_55019960,R0002_55036059,1.0,Administration Support,Administration Support,Governance Compliance,Credit Strategy,False
R0002_55036059,R0002_55019960,1.0,Administration Support,Administration Support,Credit Strategy,Governance Compliance,False
R0002_55038839,R0002_55036059,1.0,Administration Support,Administration Support,Global Tech Academy,Credit Strategy,False
R0002_55036059,R0002_55038839,1.0,Administration Support,Administration Support,Credit Strategy,Global Tech Academy,False
R0002_55027831,R0002_55036059,1.0,Administration Support,Administration Support,Front Office Tools,Credit Strategy,False
R0002_55036059,R0002_55027831,1.0,Administration Support,Administration Support,Credit Strategy,Front Office Tools,False
R0002_55028991,R0002_55036059,1.0,Administration Support,Administration Support,Financial Crime and Fraud Technology,Credit Strategy,False
R0002_55036059,R0002_55028991,1.0,Administration Support,Administration Support,Credit Strategy,Financial Crime and Fraud Technology,False
R0002_55031467,R0002_55036059,1.0,Administration Support,Administration Support,FC Enablement - Planning & Execution,Credit Strategy,False
R0002_55036059,R0002_55044076,1.0,Administration Support,Administration Support,Credit Strategy,IPP - Data Reporting and Governance,False
R0002_55036059,R0002_55036050,1.0,Administration Support,Administration Support,Credit Strategy,Lending Experience,False
R0002_55011002,R0002_55036059,1.0,Administration Support,Administration Support,Executive Support,Credit Strategy,False
R0002_55036050,R0002_55036059,1.0,Administration Support,Administration Support,Lending Experience,Credit Strategy,False
R0002_55036059,R0002_55032858,1.0,Administration Support,Administration Support,Credit Strategy,Operations and Property Support,False
R0002_55035727,R0002_55036059,1.0,Administration Support,Administration Support,NH Data Operations,Credit Strategy,False
R0002_55036059,R0002_55035727,1.0,Administration Support,Administration Support,Credit Strategy,NH Data Operations,False
R0002_55027319,R0002_55036059,1.0,Administration Support,Administration Support,NAB Staff Club - MF,Credit Strategy,False
R0002_55036059,R0002_55027319,1.0,Administration Support,Administration Support,Credit Strategy,NAB Staff Club - MF,False
R0002_55003518,R0002_55036059,1.0,Administration Support,Administration Support,NAB Staff Club,Credit Strategy,False
R0002_55036059,R0002_55003518,1.0,Administration Support,Administration Support,Credit Strategy,NAB Staff Club,False
R0002_55014421,R0002_55036059,1.0,Administration Support,Administration Support,NAB Corporate VIC/SA,Credit Strategy,False
R0002_55036059,R0002_55014421,1.0,Administration Support,Administration Support,Credit Strategy,NAB Corporate VIC/SA,False
R0002_55043136,R0002_55036059,1.0,Administration Support,Administration Support,Merchant Services,Credit Strategy,False
R0002_55036059,R0002_55043136,1.0,Administration Support,Administration Support,Credit Strategy,Merchant Services,False
R0002_55040793,R0002_55036059,1.0,Administration Support,Administration Support,Merchant Contracts,Credit Strategy,False
R0002_55036059,R0002_55040793,1.0,Administration Support,Administration Support,Credit Strategy,Merchant Contracts,False
R0002_55037530,R0002_55036059,1.0,Administration Support,Administration Support,Markets Enablement,Credit Strategy,False
R0002_55036059,R0002_55037530,1.0,Administration Support,Administration Support,Credit Strategy,Markets Enablement,False
R0002_55036059,R0002_55031467,1.0,Administration Support,Administration Support,Credit Strategy,FC Enablement - Planning & Execution,False
R0002_55036059,R0002_55011002,1.0,Administration Support,Administration Support,Credit Strategy,Executive Support,False
R0002_55037787,R0002_55027319,1.0,Administration Support,Administration Support,Delivery Services & Change Management,NAB Staff Club - MF,False
R0002_55042075,R0002_55041509,1.0,Administration Support,Administration Support,Suppliers & Partners,Contact Centre WL Servicing,False
R0002_55037718,R0002_55041509,1.0,Administration Support,Administration Support,Subsidiary Governance,Contact Centre WL Servicing,False
R0002_55041509,R0002_55037718,1.0,Administration Support,Administration Support,Contact Centre WL Servicing,Subsidiary Governance,False
R0002_55043901,R0002_55041509,1.0,Administration Support,Administration Support,Siebel Infra and Projects,Contact Centre WL Servicing,False
R0002_55041509,R0002_55043901,1.0,Administration Support,Administration Support,Contact Centre WL Servicing,Siebel Infra and Projects,False
R0002_55037878,R0002_55041509,1.0,Administration Support,Administration Support,Shared Services Collection,Contact Centre WL Servicing,False
R0002_55041509,R0002_55037878,1.0,Administration Support,Administration Support,Contact Centre WL Servicing,Shared Services Collection,False
R0002_55026664,R0002_55041509,1.0,Administration Support,Administration Support,Risk Commitee,Contact Centre WL Servicing,False
R0002_55041509,R0002_55026664,1.0,Administration Support,Administration Support,Contact Centre WL Servicing,Risk Commitee,False
R0002_55043779,R0002_55041509,1.0,Administration Support,Administration Support,Release Train,Contact Centre WL Servicing,False
R0002_55041509,R0002_55043779,1.0,Administration Support,Administration Support,Contact Centre WL Servicing,Release Train,False
R0002_55011220,R0002_55041509,1.0,Administration Support,Administration Support,Regulatory Operations BAU,Contact Centre WL Servicing,False
R0002_55041509,R0002_55011220,1.0,Administration Support,Administration Support,Contact Centre WL Servicing,Regulatory Operations BAU,False
R0002_55030125,R0002_55041509,1.0,Administration Support,Administration Support,Records Mgmt & Third Party Data Serv,Contact Centre WL Servicing,False
R0002_55041509,R0002_55030125,1.0,Administration Support,Administration Support,Contact Centre WL Servicing,Records Mgmt & Third Party Data Serv,False
R0002_55031084,R0002_55041509,1.0,Administration Support,Administration Support,Quality Assurance,Contact Centre WL Servicing,False
R0002_55041509,R0002_55042075,1.0,Administration Support,Administration Support,Contact Centre WL Servicing,Suppliers & Partners,False
R0002_55041509,R0002_55031358,1.0,Administration Support,Administration Support,Contact Centre WL Servicing,Transformation,False
R0002_55035505,R0002_55036059,1.0,Administration Support,Administration Support,ELP SWAT,Credit Strategy,False
R0002_55031358,R0002_55041509,1.0,Administration Support,Administration Support,Transformation,Contact Centre WL Servicing,False
R0002_55036059,R0002_55035505,1.0,Administration Support,Administration Support,Credit Strategy,ELP SWAT,False
R0002_55036171,R0002_55036059,1.0,Administration Support,Administration Support,Domain Orchestration,Credit Strategy,False
R0002_55036059,R0002_55036171,1.0,Administration Support,Administration Support,Credit Strategy,Domain Orchestration,False
R0002_55032782,R0002_55036059,1.0,Administration Support,Administration Support,Direct Administration Hub,Credit Strategy,False
R0002_55036059,R0002_55032782,1.0,Administration Support,Administration Support,Credit Strategy,Direct Administration Hub,False
R0002_55039851,R0002_55036059,1.0,Administration Support,Administration Support,Direct Administration Assistants,Credit Strategy,False
R0002_55036059,R0002_55039851,1.0,Administration Support,Administration Support,Credit Strategy,Direct Administration Assistants,False
R0002_55037787,R0002_55036059,1.0,Administration Support,Administration Support,Delivery Services & Change Management,Credit Strategy,False
R0002_55036059,R0002_55037787,1.0,Administration Support,Administration Support,Credit Strategy,Delivery Services & Change Management,False
R0002_55019387,R0002_55041509,1.0,Administration Support,Administration Support,Whistleblower,Contact Centre WL Servicing,False
R0002_55041509,R0002_55019387,1.0,Administration Support,Administration Support,Contact Centre WL Servicing,Whistleblower,False
R0002_55037283,R0002_55041509,1.0,Administration Support,Administration Support,VRT/ VIT,Contact Centre WL Servicing,False
R0002_55041509,R0002_55037283,1.0,Administration Support,Administration Support,Contact Centre WL Servicing,VRT/ VIT,False
R0002_55025080,R0002_55041509,1.0,Administration Support,Administration Support,Valuations Operations,Contact Centre WL Servicing,False
R0002_55041509,R0002_55025080,1.0,Administration Support,Administration Support,Contact Centre WL Servicing,Valuations Operations,False
R0002_55032858,R0002_55036059,1.0,Administration Support,Administration Support,Operations and Property Support,Credit Strategy,False
R0002_55036059,R0002_55029026,1.0,Administration Support,Administration Support,Credit Strategy,P&C Divisional Controls,False
R0002_55029026,R0002_55036059,1.0,Administration Support,Administration Support,P&C Divisional Controls,Credit Strategy,False
R0002_55037787,R0002_55006197,1.0,Administration Support,Administration Support,Delivery Services & Change Management,Group Company Secretary,False
R0002_55037787,R0002_55033035,1.0,Administration Support,Administration Support,Delivery Services & Change Management,GPO Process Design & Control,False
R0002_55019960,R0002_55037787,1.0,Administration Support,Administration Support,Governance Compliance,Delivery Services & Change Management,False
R0002_55037787,R0002_55019960,1.0,Administration Support,Administration Support,Delivery Services & Change Management,Governance Compliance,False
R0002_55038839,R0002_55037787,1.0,Administration Support,Administration Support,Global Tech Academy,Delivery Services & Change Management,False
R0002_55037787,R0002_55038839,1.0,Administration Support,Administration Support,Delivery Services & Change Management,Global Tech Academy,False
R0002_55027831,R0002_55037787,1.0,Administration Support,Administration Support,Front Office Tools,Delivery Services & Change Management,False
R0002_55037787,R0002_55027831,1.0,Administration Support,Administration Support,Delivery Services & Change Management,Front Office Tools,False
R0002_55028991,R0002_55037787,1.0,Administration Support,Administration Support,Financial Crime and Fraud Technology,Delivery Services & Change Management,False
R0002_55037787,R0002_55028991,1.0,Administration Support,Administration Support,Delivery Services & Change Management,Financial Crime and Fraud Technology,False
R0002_55031467,R0002_55037787,1.0,Administration Support,Administration Support,FC Enablement - Planning & Execution,Delivery Services & Change Management,False
R0002_55037787,R0002_55031467,1.0,Administration Support,Administration Support,Delivery Services & Change Management,FC Enablement - Planning & Execution,False
R0002_55011002,R0002_55037787,1.0,Administration Support,Administration Support,Executive Support,Delivery Services & Change Management,False
R0002_55037787,R0002_55011002,1.0,Administration Support,Administration Support,Delivery Services & Change Management,Executive Support,False
R0002_55035505,R0002_55037787,1.0,Administration Support,Administration Support,ELP SWAT,Delivery Services & Change Management,False
R0002_55037787,R0002_55035505,1.0,Administration Support,Administration Support,Delivery Services & Change Management,ELP SWAT,False
R0002_55033035,R0002_55037787,1.0,Administration Support,Administration Support,GPO Process Design & Control,Delivery Services & Change Management,False
R0002_55006197,R0002_55037787,1.0,Administration Support,Administration Support,Group Company Secretary,Delivery Services & Change Management,False
R0002_55036059,R0002_55039889,1.0,Administration Support,Administration Support,Credit Strategy,Payments Experience,False
R0002_55037787,R0002_55036505,1.0,Administration Support,Administration Support,Delivery Services & Change Management,HICAPS Sales,False
R0002_55003518,R0002_55037787,1.0,Administration Support,Administration Support,NAB Staff Club,Delivery Services & Change Management,False
R0002_55037787,R0002_55003518,1.0,Administration Support,Administration Support,Delivery Services & Change Management,NAB Staff Club,False
R0002_55014421,R0002_55037787,1.0,Administration Support,Administration Support,NAB Corporate VIC/SA,Delivery Services & Change Management,False
R0002_55037787,R0002_55014421,1.0,Administration Support,Administration Support,Delivery Services & Change Management,NAB Corporate VIC/SA,False
R0002_55043136,R0002_55037787,1.0,Administration Support,Administration Support,Merchant Services,Delivery Services & Change Management,False
R0002_55037787,R0002_55043136,1.0,Administration Support,Administration Support,Delivery Services & Change Management,Merchant Services,False
R0002_55040793,R0002_55037787,1.0,Administration Support,Administration Support,Merchant Contracts,Delivery Services & Change Management,False
R0002_55037787,R0002_55040793,1.0,Administration Support,Administration Support,Delivery Services & Change Management,Merchant Contracts,False
R0002_55037530,R0002_55037787,1.0,Administration Support,Administration Support,Markets Enablement,Delivery Services & Change Management,False
R0002_55037787,R0002_55037530,1.0,Administration Support,Administration Support,Delivery Services & Change Management,Markets Enablement,False
R0002_55036050,R0002_55037787,1.0,Administration Support,Administration Support,Lending Experience,Delivery Services & Change Management,False
R0002_55037787,R0002_55036050,1.0,Administration Support,Administration Support,Delivery Services & Change Management,Lending Experience,False
R0002_55044076,R0002_55037787,1.0,Administration Support,Administration Support,IPP - Data Reporting and Governance,Delivery Services & Change Management,False
R0002_55037787,R0002_55044076,1.0,Administration Support,Administration Support,Delivery Services & Change Management,IPP - Data Reporting and Governance,False
R0002_55036505,R0002_55037787,1.0,Administration Support,Administration Support,HICAPS Sales,Delivery Services & Change Management,False
R0002_55036171,R0002_55037787,1.0,Administration Support,Administration Support,Domain Orchestration,Delivery Services & Change Management,False
R0002_55037787,R0002_55036171,1.0,Administration Support,Administration Support,Delivery Services & Change Management,Domain Orchestration,False
R0002_55032782,R0002_55037787,1.0,Administration Support,Administration Support,Direct Administration Hub,Delivery Services & Change Management,False
R0002_55037787,R0002_55032782,1.0,Administration Support,Administration Support,Delivery Services & Change Management,Direct Administration Hub,False
R0002_55026664,R0002_55036059,1.0,Administration Support,Administration Support,Risk Commitee,Credit Strategy,False
R0002_55036059,R0002_55026664,1.0,Administration Support,Administration Support,Credit Strategy,Risk Commitee,False
R0002_55043779,R0002_55036059,1.0,Administration Support,Administration Support,Release Train,Credit Strategy,False
R0002_55036059,R0002_55043779,1.0,Administration Support,Administration Support,Credit Strategy,Release Train,False
R0002_55011220,R0002_55036059,1.0,Administration Support,Administration Support,Regulatory Operations BAU,Credit Strategy,False
R0002_55036059,R0002_55011220,1.0,Administration Support,Administration Support,Credit Strategy,Regulatory Operations BAU,False
R0002_55030125,R0002_55036059,1.0,Administration Support,Administration Support,Records Mgmt & Third Party Data Serv,Credit Strategy,False
R0002_55036059,R0002_55030125,1.0,Administration Support,Administration Support,Credit Strategy,Records Mgmt & Third Party Data Serv,False
R0002_55031084,R0002_55036059,1.0,Administration Support,Administration Support,Quality Assurance,Credit Strategy,False
R0002_55036059,R0002_55031084,1.0,Administration Support,Administration Support,Credit Strategy,Quality Assurance,False
R0002_55041833,R0002_55036059,1.0,Administration Support,Administration Support,POA Implementation,Credit Strategy,False
R0002_55036059,R0002_55041833,1.0,Administration Support,Administration Support,Credit Strategy,POA Implementation,False
R0002_55041025,R0002_55036059,1.0,Administration Support,Administration Support,People Reporting,Credit Strategy,False
R0002_55036059,R0002_55041025,1.0,Administration Support,Administration Support,Credit Strategy,People Reporting,False
R0002_55039889,R0002_55036059,1.0,Administration Support,Administration Support,Payments Experience,Credit Strategy,False
R0002_55036059,R0002_55037878,1.0,Administration Support,Administration Support,Credit Strategy,Shared Services Collection,False
R0002_55037878,R0002_55036059,1.0,Administration Support,Administration Support,Shared Services Collection,Credit Strategy,False
R0002_55036059,R0002_55043901,1.0,Administration Support,Administration Support,Credit Strategy,Siebel Infra and Projects,False
R0002_55025080,R0002_55036059,1.0,Administration Support,Administration Support,Valuations Operations,Credit Strategy,False
R0002_55039851,R0002_55037787,1.0,Administration Support,Administration Support,Direct Administration Assistants,Delivery Services & Change Management,False
R0002_55037787,R0002_55039851,1.0,Administration Support,Administration Support,Delivery Services & Change Management,Direct Administration Assistants,False
R0002_55019387,R0002_55036059,1.0,Administration Support,Administration Support,Whistleblower,Credit Strategy,False
R0002_55036059,R0002_55019387,1.0,Administration Support,Administration Support,Credit Strategy,Whistleblower,False
R0002_55037283,R0002_55036059,1.0,Administration Support,Administration Support,VRT/ VIT,Credit Strategy,False
R0002_55036059,R0002_55037283,1.0,Administration Support,Administration Support,Credit Strategy,VRT/ VIT,False
R0002_55036059,R0002_55025080,1.0,Administration Support,Administration Support,Credit Strategy,Valuations Operations,False
R0002_55043901,R0002_55036059,1.0,Administration Support,Administration Support,Siebel Infra and Projects,Credit Strategy,False
R0002_55031358,R0002_55036059,1.0,Administration Support,Administration Support,Transformation,Credit Strategy,False
R0002_55036059,R0002_55031358,1.0,Administration Support,Administration Support,Credit Strategy,Transformation,False
R0002_55042075,R0002_55036059,1.0,Administration Support,Administration Support,Suppliers & Partners,Credit Strategy,False
R0002_55036059,R0002_55042075,1.0,Administration Support,Administration Support,Credit Strategy,Suppliers & Partners,False
R0002_55037718,R0002_55036059,1.0,Administration Support,Administration Support,Subsidiary Governance,Credit Strategy,False
R0002_55036059,R0002_55037718,1.0,Administration Support,Administration Support,Credit Strategy,Subsidiary Governance,False
R0002_55014421,R0002_55032782,1.0,Administration Support,Administration Support,NAB Corporate VIC/SA,Direct Administration Hub,False
R0002_55032782,R0002_55003518,1.0,Administration Support,Administration Support,Direct Administration Hub,NAB Staff Club,False
R0002_55003518,R0002_55032782,1.0,Administration Support,Administration Support,NAB Staff Club,Direct Administration Hub,False
R0002_55036050,R0002_55011002,1.0,Administration Support,Administration Support,Lending Experience,Executive Support,False
R0002_55044076,R0002_55011002,1.0,Administration Support,Administration Support,IPP - Data Reporting and Governance,Executive Support,False
R0002_55011002,R0002_55044076,1.0,Administration Support,Administration Support,Executive Support,IPP - Data Reporting and Governance,False
R0002_55036505,R0002_55011002,1.0,Administration Support,Administration Support,HICAPS Sales,Executive Support,False
R0002_55011002,R0002_55036505,1.0,Administration Support,Administration Support,Executive Support,HICAPS Sales,False
R0002_55006197,R0002_55011002,1.0,Administration Support,Administration Support,Group Company Secretary,Executive Support,False
R0002_55011002,R0002_55006197,1.0,Administration Support,Administration Support,Executive Support,Group Company Secretary,False
R0002_55033035,R0002_55011002,1.0,Administration Support,Administration Support,GPO Process Design & Control,Executive Support,False
R0002_55011002,R0002_55033035,1.0,Administration Support,Administration Support,Executive Support,GPO Process Design & Control,False
R0002_55019960,R0002_55011002,1.0,Administration Support,Administration Support,Governance Compliance,Executive Support,False
R0002_55011002,R0002_55019960,1.0,Administration Support,Administration Support,Executive Support,Governance Compliance,False
R0002_55038839,R0002_55011002,1.0,Administration Support,Administration Support,Global Tech Academy,Executive Support,False
R0002_55011002,R0002_55038839,1.0,Administration Support,Administration Support,Executive Support,Global Tech Academy,False
R0002_55027831,R0002_55011002,1.0,Administration Support,Administration Support,Front Office Tools,Executive Support,False
R0002_55011002,R0002_55027831,1.0,Administration Support,Administration Support,Executive Support,Front Office Tools,False
R0002_55028991,R0002_55011002,1.0,Administration Support,Administration Support,Financial Crime and Fraud Technology,Executive Support,False
R0002_55011002,R0002_55036050,1.0,Administration Support,Administration Support,Executive Support,Lending Experience,False
R0002_55011002,R0002_55037530,1.0,Administration Support,Administration Support,Executive Support,Markets Enablement,False
R0002_55031467,R0002_55011002,1.0,Administration Support,Administration Support,FC Enablement - Planning & Execution,Executive Support,False
R0002_55037530,R0002_55011002,1.0,Administration Support,Administration Support,Markets Enablement,Executive Support,False
R0002_55011002,R0002_55029026,1.0,Administration Support,Administration Support,Executive Support,P&C Divisional Controls,False
R0002_55032858,R0002_55011002,1.0,Administration Support,Administration Support,Operations and Property Support,Executive Support,False
R0002_55011002,R0002_55032858,1.0,Administration Support,Administration Support,Executive Support,Operations and Property Support,False
R0002_55035727,R0002_55011002,1.0,Administration Support,Administration Support,NH Data Operations,Executive Support,False
R0002_55011002,R0002_55035727,1.0,Administration Support,Administration Support,Executive Support,NH Data Operations,False
R0002_55027319,R0002_55011002,1.0,Administration Support,Administration Support,NAB Staff Club - MF,Executive Support,False
R0002_55011002,R0002_55027319,1.0,Administration Support,Administration Support,Executive Support,NAB Staff Club - MF,False
R0002_55003518,R0002_55011002,1.0,Administration Support,Administration Support,NAB Staff Club,Executive Support,False
R0002_55011002,R0002_55003518,1.0,Administration Support,Administration Support,Executive Support,NAB Staff Club,False
R0002_55014421,R0002_55011002,1.0,Administration Support,Administration Support,NAB Corporate VIC/SA,Executive Support,False
R0002_55011002,R0002_55014421,1.0,Administration Support,Administration Support,Executive Support,NAB Corporate VIC/SA,False
R0002_55043136,R0002_55011002,1.0,Administration Support,Administration Support,Merchant Services,Executive Support,False
R0002_55011002,R0002_55043136,1.0,Administration Support,Administration Support,Executive Support,Merchant Services,False
R0002_55040793,R0002_55011002,1.0,Administration Support,Administration Support,Merchant Contracts,Executive Support,False
R0002_55011002,R0002_55040793,1.0,Administration Support,Administration Support,Executive Support,Merchant Contracts,False
R0002_55011002,R0002_55028991,1.0,Administration Support,Administration Support,Executive Support,Financial Crime and Fraud Technology,False
R0002_55011002,R0002_55031467,1.0,Administration Support,Administration Support,Executive Support,FC Enablement - Planning & Execution,False
R0002_55032782,R0002_55027319,1.0,Administration Support,Administration Support,Direct Administration Hub,NAB Staff Club - MF,False
R0002_55043779,R0002_55035505,1.0,Administration Support,Administration Support,Release Train,ELP SWAT,False
R0002_55011220,R0002_55035505,1.0,Administration Support,Administration Support,Regulatory Operations BAU,ELP SWAT,False
R0002_55035505,R0002_55011220,1.0,Administration Support,Administration Support,ELP SWAT,Regulatory Operations BAU,False
R0002_55030125,R0002_55035505,1.0,Administration Support,Administration Support,Records Mgmt & Third Party Data Serv,ELP SWAT,False
R0002_55035505,R0002_55030125,1.0,Administration Support,Administration Support,ELP SWAT,Records Mgmt & Third Party Data Serv,False
R0002_55031084,R0002_55035505,1.0,Administration Support,Administration Support,Quality Assurance,ELP SWAT,False
R0002_55035505,R0002_55031084,1.0,Administration Support,Administration Support,ELP SWAT,Quality Assurance,False
R0002_55041833,R0002_55035505,1.0,Administration Support,Administration Support,POA Implementation,ELP SWAT,False
R0002_55035505,R0002_55041833,1.0,Administration Support,Administration Support,ELP SWAT,POA Implementation,False
R0002_55041025,R0002_55035505,1.0,Administration Support,Administration Support,People Reporting,ELP SWAT,False
R0002_55035505,R0002_55041025,1.0,Administration Support,Administration Support,ELP SWAT,People Reporting,False
R0002_55039889,R0002_55035505,1.0,Administration Support,Administration Support,Payments Experience,ELP SWAT,False
R0002_55035505,R0002_55039889,1.0,Administration Support,Administration Support,ELP SWAT,Payments Experience,False
R0002_55029026,R0002_55035505,1.0,Administration Support,Administration Support,P&C Divisional Controls,ELP SWAT,False
R0002_55035505,R0002_55029026,1.0,Administration Support,Administration Support,ELP SWAT,P&C Divisional Controls,False
R0002_55032858,R0002_55035505,1.0,Administration Support,Administration Support,Operations and Property Support,ELP SWAT,False
R0002_55035505,R0002_55043779,1.0,Administration Support,Administration Support,ELP SWAT,Release Train,False
R0002_55035505,R0002_55026664,1.0,Administration Support,Administration Support,ELP SWAT,Risk Commitee,False
R0002_55019387,R0002_55035505,1.0,Administration Support,Administration Support,Whistleblower,ELP SWAT,False
R0002_55026664,R0002_55035505,1.0,Administration Support,Administration Support,Risk Commitee,ELP SWAT,False
R0002_55035505,R0002_55019387,1.0,Administration Support,Administration Support,ELP SWAT,Whistleblower,False
R0002_55037283,R0002_55035505,1.0,Administration Support,Administration Support,VRT/ VIT,ELP SWAT,False
R0002_55035505,R0002_55037283,1.0,Administration Support,Administration Support,ELP SWAT,VRT/ VIT,False
R0002_55025080,R0002_55035505,1.0,Administration Support,Administration Support,Valuations Operations,ELP SWAT,False
R0002_55035505,R0002_55025080,1.0,Administration Support,Administration Support,ELP SWAT,Valuations Operations,False
R0002_55031358,R0002_55035505,1.0,Administration Support,Administration Support,Transformation,ELP SWAT,False
R0002_55035505,R0002_55031358,1.0,Administration Support,Administration Support,ELP SWAT,Transformation,False
R0002_55042075,R0002_55035505,1.0,Administration Support,Administration Support,Suppliers & Partners,ELP SWAT,False
R0002_55035505,R0002_55042075,1.0,Administration Support,Administration Support,ELP SWAT,Suppliers & Partners,False
R0002_55037718,R0002_55035505,1.0,Administration Support,Administration Support,Subsidiary Governance,ELP SWAT,False
R0002_55035505,R0002_55037718,1.0,Administration Support,Administration Support,ELP SWAT,Subsidiary Governance,False
R0002_55043901,R0002_55035505,1.0,Administration Support,Administration Support,Siebel Infra and Projects,ELP SWAT,False
R0002_55035505,R0002_55043901,1.0,Administration Support,Administration Support,ELP SWAT,Siebel Infra and Projects,False
R0002_55037878,R0002_55035505,1.0,Administration Support,Administration Support,Shared Services Collection,ELP SWAT,False
R0002_55035505,R0002_55037878,1.0,Administration Support,Administration Support,ELP SWAT,Shared Services Collection,False
R0002_55029026,R0002_55011002,1.0,Administration Support,Administration Support,P&C Divisional Controls,Executive Support,False
R0002_55011002,R0002_55039889,1.0,Administration Support,Administration Support,Executive Support,Payments Experience,False
R0002_55039889,R0002_55011002,1.0,Administration Support,Administration Support,Payments Experience,Executive Support,False
R0002_55031467,R0002_55014421,1.0,Administration Support,Administration Support,FC Enablement - Planning & Execution,NAB Corporate VIC/SA,False
R0002_55031467,R0002_55043136,1.0,Administration Support,Administration Support,FC Enablement - Planning & Execution,Merchant Services,False
R0002_55040793,R0002_55031467,1.0,Administration Support,Administration Support,Merchant Contracts,FC Enablement - Planning & Execution,False
R0002_55031467,R0002_55040793,1.0,Administration Support,Administration Support,FC Enablement - Planning & Execution,Merchant Contracts,False
R0002_55037530,R0002_55031467,1.0,Administration Support,Administration Support,Markets Enablement,FC Enablement - Planning & Execution,False
R0002_55031467,R0002_55037530,1.0,Administration Support,Administration Support,FC Enablement - Planning & Execution,Markets Enablement,False
R0002_55036050,R0002_55031467,1.0,Administration Support,Administration Support,Lending Experience,FC Enablement - Planning & Execution,False
R0002_55031467,R0002_55036050,1.0,Administration Support,Administration Support,FC Enablement - Planning & Execution,Lending Experience,False
R0002_55044076,R0002_55031467,1.0,Administration Support,Administration Support,IPP - Data Reporting and Governance,FC Enablement - Planning & Execution,False
R0002_55031467,R0002_55044076,1.0,Administration Support,Administration Support,FC Enablement - Planning & Execution,IPP - Data Reporting and Governance,False
R0002_55036505,R0002_55031467,1.0,Administration Support,Administration Support,HICAPS Sales,FC Enablement - Planning & Execution,False
R0002_55031467,R0002_55036505,1.0,Administration Support,Administration Support,FC Enablement - Planning & Execution,HICAPS Sales,False
R0002_55006197,R0002_55031467,1.0,Administration Support,Administration Support,Group Company Secretary,FC Enablement - Planning & Execution,False
R0002_55031467,R0002_55006197,1.0,Administration Support,Administration Support,FC Enablement - Planning & Execution,Group Company Secretary,False
R0002_55033035,R0002_55031467,1.0,Administration Support,Administration Support,GPO Process Design & Control,FC Enablement - Planning & Execution,False
R0002_55031467,R0002_55033035,1.0,Administration Support,Administration Support,FC Enablement - Planning & Execution,GPO Process Design & Control,False
R0002_55043136,R0002_55031467,1.0,Administration Support,Administration Support,Merchant Services,FC Enablement - Planning & Execution,False
R0002_55014421,R0002_55031467,1.0,Administration Support,Administration Support,NAB Corporate VIC/SA,FC Enablement - Planning & Execution,False
R0002_55011002,R0002_55041025,1.0,Administration Support,Administration Support,Executive Support,People Reporting,False
R0002_55031467,R0002_55003518,1.0,Administration Support,Administration Support,FC Enablement - Planning & Execution,NAB Staff Club,False
R0002_55041833,R0002_55031467,1.0,Administration Support,Administration Support,POA Implementation,FC Enablement - Planning & Execution,False
R0002_55031467,R0002_55041833,1.0,Administration Support,Administration Support,FC Enablement - Planning & Execution,POA Implementation,False
R0002_55041025,R0002_55031467,1.0,Administration Support,Administration Support,People Reporting,FC Enablement - Planning & Execution,False
R0002_55031467,R0002_55041025,1.0,Administration Support,Administration Support,FC Enablement - Planning & Execution,People Reporting,False
R0002_55039889,R0002_55031467,1.0,Administration Support,Administration Support,Payments Experience,FC Enablement - Planning & Execution,False
R0002_55031467,R0002_55039889,1.0,Administration Support,Administration Support,FC Enablement - Planning & Execution,Payments Experience,False
R0002_55029026,R0002_55031467,1.0,Administration Support,Administration Support,P&C Divisional Controls,FC Enablement - Planning & Execution,False
R0002_55031467,R0002_55029026,1.0,Administration Support,Administration Support,FC Enablement - Planning & Execution,P&C Divisional Controls,False
R0002_55032858,R0002_55031467,1.0,Administration Support,Administration Support,Operations and Property Support,FC Enablement - Planning & Execution,False
R0002_55031467,R0002_55032858,1.0,Administration Support,Administration Support,FC Enablement - Planning & Execution,Operations and Property Support,False
R0002_55035727,R0002_55031467,1.0,Administration Support,Administration Support,NH Data Operations,FC Enablement - Planning & Execution,False
R0002_55031467,R0002_55035727,1.0,Administration Support,Administration Support,FC Enablement - Planning & Execution,NH Data Operations,False
R0002_55027319,R0002_55031467,1.0,Administration Support,Administration Support,NAB Staff Club - MF,FC Enablement - Planning & Execution,False
R0002_55031467,R0002_55027319,1.0,Administration Support,Administration Support,FC Enablement - Planning & Execution,NAB Staff Club - MF,False
R0002_55003518,R0002_55031467,1.0,Administration Support,Administration Support,NAB Staff Club,FC Enablement - Planning & Execution,False
R0002_55019960,R0002_55031467,1.0,Administration Support,Administration Support,Governance Compliance,FC Enablement - Planning & Execution,False
R0002_55031467,R0002_55019960,1.0,Administration Support,Administration Support,FC Enablement - Planning & Execution,Governance Compliance,False
R0002_55038839,R0002_55031467,1.0,Administration Support,Administration Support,Global Tech Academy,FC Enablement - Planning & Execution,False
R0002_55031467,R0002_55038839,1.0,Administration Support,Administration Support,FC Enablement - Planning & Execution,Global Tech Academy,False
R0002_55037878,R0002_55011002,1.0,Administration Support,Administration Support,Shared Services Collection,Executive Support,False
R0002_55011002,R0002_55037878,1.0,Administration Support,Administration Support,Executive Support,Shared Services Collection,False
R0002_55026664,R0002_55011002,1.0,Administration Support,Administration Support,Risk Commitee,Executive Support,False
R0002_55011002,R0002_55026664,1.0,Administration Support,Administration Support,Executive Support,Risk Commitee,False
R0002_55043779,R0002_55011002,1.0,Administration Support,Administration Support,Release Train,Executive Support,False
R0002_55011002,R0002_55043779,1.0,Administration Support,Administration Support,Executive Support,Release Train,False
R0002_55011220,R0002_55011002,1.0,Administration Support,Administration Support,Regulatory Operations BAU,Executive Support,False
R0002_55011002,R0002_55011220,1.0,Administration Support,Administration Support,Executive Support,Regulatory Operations BAU,False
R0043_55032863,R0043_55035478,1.0,Wealth Remediation,Wealth Remediation,JBW Remediation File Collection & Liaiso,Adviser Scoping and Book Closure,False
R0002_55011002,R0002_55030125,1.0,Administration Support,Administration Support,Executive Support,Records Mgmt & Third Party Data Serv,False
R0002_55031084,R0002_55011002,1.0,Administration Support,Administration Support,Quality Assurance,Executive Support,False
R0002_55011002,R0002_55031084,1.0,Administration Support,Administration Support,Executive Support,Quality Assurance,False
R0002_55041833,R0002_55011002,1.0,Administration Support,Administration Support,POA Implementation,Executive Support,False
R0002_55011002,R0002_55041833,1.0,Administration Support,Administration Support,Executive Support,POA Implementation,False
R0002_55041025,R0002_55011002,1.0,Administration Support,Administration Support,People Reporting,Executive Support,False
R0002_55011002,R0002_55043901,1.0,Administration Support,Administration Support,Executive Support,Siebel Infra and Projects,False
R0002_55043901,R0002_55011002,1.0,Administration Support,Administration Support,Siebel Infra and Projects,Executive Support,False
R0002_55011002,R0002_55037718,1.0,Administration Support,Administration Support,Executive Support,Subsidiary Governance,False
R0002_55037283,R0002_55011002,1.0,Administration Support,Administration Support,VRT/ VIT,Executive Support,False
R0002_55027831,R0002_55031467,1.0,Administration Support,Administration Support,Front Office Tools,FC Enablement - Planning & Execution,False
R0002_55031467,R0002_55027831,1.0,Administration Support,Administration Support,FC Enablement - Planning & Execution,Front Office Tools,False
R0002_55028991,R0002_55031467,1.0,Administration Support,Administration Support,Financial Crime and Fraud Technology,FC Enablement - Planning & Execution,False
R0002_55031467,R0002_55028991,1.0,Administration Support,Administration Support,FC Enablement - Planning & Execution,Financial Crime and Fraud Technology,False
R0002_55019387,R0002_55011002,1.0,Administration Support,Administration Support,Whistleblower,Executive Support,False
R0002_55011002,R0002_55019387,1.0,Administration Support,Administration Support,Executive Support,Whistleblower,False
R0002_55011002,R0002_55037283,1.0,Administration Support,Administration Support,Executive Support,VRT/ VIT,False
R0002_55037718,R0002_55011002,1.0,Administration Support,Administration Support,Subsidiary Governance,Executive Support,False
R0002_55025080,R0002_55011002,1.0,Administration Support,Administration Support,Valuations Operations,Executive Support,False
R0002_55011002,R0002_55025080,1.0,Administration Support,Administration Support,Executive Support,Valuations Operations,False
R0002_55031358,R0002_55011002,1.0,Administration Support,Administration Support,Transformation,Executive Support,False
R0002_55011002,R0002_55031358,1.0,Administration Support,Administration Support,Executive Support,Transformation,False
R0002_55042075,R0002_55011002,1.0,Administration Support,Administration Support,Suppliers & Partners,Executive Support,False
R0002_55011002,R0002_55042075,1.0,Administration Support,Administration Support,Executive Support,Suppliers & Partners,False
R0002_55035505,R0002_55032858,1.0,Administration Support,Administration Support,ELP SWAT,Operations and Property Support,False
R0002_55035727,R0002_55035505,1.0,Administration Support,Administration Support,NH Data Operations,ELP SWAT,False
R0002_55035505,R0002_55035727,1.0,Administration Support,Administration Support,ELP SWAT,NH Data Operations,False
R0002_55036171,R0002_55033035,1.0,Administration Support,Administration Support,Domain Orchestration,GPO Process Design & Control,False
R0002_55036171,R0002_55019960,1.0,Administration Support,Administration Support,Domain Orchestration,Governance Compliance,False
R0002_55038839,R0002_55036171,1.0,Administration Support,Administration Support,Global Tech Academy,Domain Orchestration,False
R0002_55036171,R0002_55038839,1.0,Administration Support,Administration Support,Domain Orchestration,Global Tech Academy,False
R0002_55027831,R0002_55036171,1.0,Administration Support,Administration Support,Front Office Tools,Domain Orchestration,False
R0002_55036171,R0002_55027831,1.0,Administration Support,Administration Support,Domain Orchestration,Front Office Tools,False
R0002_55028991,R0002_55036171,1.0,Administration Support,Administration Support,Financial Crime and Fraud Technology,Domain Orchestration,False
R0002_55036171,R0002_55028991,1.0,Administration Support,Administration Support,Domain Orchestration,Financial Crime and Fraud Technology,False
R0002_55031467,R0002_55036171,1.0,Administration Support,Administration Support,FC Enablement - Planning & Execution,Domain Orchestration,False
R0002_55036171,R0002_55031467,1.0,Administration Support,Administration Support,Domain Orchestration,FC Enablement - Planning & Execution,False
R0002_55011002,R0002_55036171,1.0,Administration Support,Administration Support,Executive Support,Domain Orchestration,False
R0002_55036171,R0002_55011002,1.0,Administration Support,Administration Support,Domain Orchestration,Executive Support,False
R0002_55035505,R0002_55036171,1.0,Administration Support,Administration Support,ELP SWAT,Domain Orchestration,False
R0002_55036171,R0002_55035505,1.0,Administration Support,Administration Support,Domain Orchestration,ELP SWAT,False
R0002_55019387,R0002_55032782,1.0,Administration Support,Administration Support,Whistleblower,Direct Administration Hub,False
R0002_55032782,R0002_55019387,1.0,Administration Support,Administration Support,Direct Administration Hub,Whistleblower,False
R0002_55019960,R0002_55036171,1.0,Administration Support,Administration Support,Governance Compliance,Domain Orchestration,False
R0002_55033035,R0002_55036171,1.0,Administration Support,Administration Support,GPO Process Design & Control,Domain Orchestration,False
R0002_55003518,R0002_55036171,1.0,Administration Support,Administration Support,NAB Staff Club,Domain Orchestration,False
R0002_55036171,R0002_55006197,1.0,Administration Support,Administration Support,Domain Orchestration,Group Company Secretary,False
R0002_55014421,R0002_55036171,1.0,Administration Support,Administration Support,NAB Corporate VIC/SA,Domain Orchestration,False
R0002_55036171,R0002_55014421,1.0,Administration Support,Administration Support,Domain Orchestration,NAB Corporate VIC/SA,False
R0002_55043136,R0002_55036171,1.0,Administration Support,Administration Support,Merchant Services,Domain Orchestration,False
R0002_55036171,R0002_55043136,1.0,Administration Support,Administration Support,Domain Orchestration,Merchant Services,False
R0002_55040793,R0002_55036171,1.0,Administration Support,Administration Support,Merchant Contracts,Domain Orchestration,False
R0002_55036171,R0002_55040793,1.0,Administration Support,Administration Support,Domain Orchestration,Merchant Contracts,False
R0002_55037530,R0002_55036171,1.0,Administration Support,Administration Support,Markets Enablement,Domain Orchestration,False
R0002_55036171,R0002_55037530,1.0,Administration Support,Administration Support,Domain Orchestration,Markets Enablement,False
R0002_55036050,R0002_55036171,1.0,Administration Support,Administration Support,Lending Experience,Domain Orchestration,False
R0002_55036171,R0002_55036050,1.0,Administration Support,Administration Support,Domain Orchestration,Lending Experience,False
R0002_55044076,R0002_55036171,1.0,Administration Support,Administration Support,IPP - Data Reporting and Governance,Domain Orchestration,False
R0002_55036171,R0002_55044076,1.0,Administration Support,Administration Support,Domain Orchestration,IPP - Data Reporting and Governance,False
R0002_55036505,R0002_55036171,1.0,Administration Support,Administration Support,HICAPS Sales,Domain Orchestration,False
R0002_55036171,R0002_55036505,1.0,Administration Support,Administration Support,Domain Orchestration,HICAPS Sales,False
R0002_55006197,R0002_55036171,1.0,Administration Support,Administration Support,Group Company Secretary,Domain Orchestration,False
R0002_55037283,R0002_55032782,1.0,Administration Support,Administration Support,VRT/ VIT,Direct Administration Hub,False
R0002_55032782,R0002_55037283,1.0,Administration Support,Administration Support,Direct Administration Hub,VRT/ VIT,False
R0002_55025080,R0002_55032782,1.0,Administration Support,Administration Support,Valuations Operations,Direct Administration Hub,False
R0002_55032782,R0002_55025080,1.0,Administration Support,Administration Support,Direct Administration Hub,Valuations Operations,False
R0002_55031084,R0002_55032782,1.0,Administration Support,Administration Support,Quality Assurance,Direct Administration Hub,False
R0002_55032782,R0002_55031084,1.0,Administration Support,Administration Support,Direct Administration Hub,Quality Assurance,False
R0002_55041833,R0002_55032782,1.0,Administration Support,Administration Support,POA Implementation,Direct Administration Hub,False
R0002_55032782,R0002_55041833,1.0,Administration Support,Administration Support,Direct Administration Hub,POA Implementation,False
R0002_55041025,R0002_55032782,1.0,Administration Support,Administration Support,People Reporting,Direct Administration Hub,False
R0002_55032782,R0002_55041025,1.0,Administration Support,Administration Support,Direct Administration Hub,People Reporting,False
R0002_55039889,R0002_55032782,1.0,Administration Support,Administration Support,Payments Experience,Direct Administration Hub,False
R0002_55032782,R0002_55039889,1.0,Administration Support,Administration Support,Direct Administration Hub,Payments Experience,False
R0002_55029026,R0002_55032782,1.0,Administration Support,Administration Support,P&C Divisional Controls,Direct Administration Hub,False
R0002_55032782,R0002_55029026,1.0,Administration Support,Administration Support,Direct Administration Hub,P&C Divisional Controls,False
R0002_55032858,R0002_55032782,1.0,Administration Support,Administration Support,Operations and Property Support,Direct Administration Hub,False
R0002_55032782,R0002_55032858,1.0,Administration Support,Administration Support,Direct Administration Hub,Operations and Property Support,False
R0002_55035727,R0002_55032782,1.0,Administration Support,Administration Support,NH Data Operations,Direct Administration Hub,False
R0002_55032782,R0002_55035727,1.0,Administration Support,Administration Support,Direct Administration Hub,NH Data Operations,False
R0002_55027319,R0002_55032782,1.0,Administration Support,Administration Support,NAB Staff Club - MF,Direct Administration Hub,False
R0002_55032782,R0002_55030125,1.0,Administration Support,Administration Support,Direct Administration Hub,Records Mgmt & Third Party Data Serv,False
R0002_55030125,R0002_55032782,1.0,Administration Support,Administration Support,Records Mgmt & Third Party Data Serv,Direct Administration Hub,False
R0002_55032782,R0002_55011220,1.0,Administration Support,Administration Support,Direct Administration Hub,Regulatory Operations BAU,False
R0002_55043901,R0002_55032782,1.0,Administration Support,Administration Support,Siebel Infra and Projects,Direct Administration Hub,False
R0002_55031358,R0002_55032782,1.0,Administration Support,Administration Support,Transformation,Direct Administration Hub,False
R0002_55032782,R0002_55031358,1.0,Administration Support,Administration Support,Direct Administration Hub,Transformation,False
R0002_55042075,R0002_55032782,1.0,Administration Support,Administration Support,Suppliers & Partners,Direct Administration Hub,False
R0002_55032782,R0002_55042075,1.0,Administration Support,Administration Support,Direct Administration Hub,Suppliers & Partners,False
R0002_55037718,R0002_55032782,1.0,Administration Support,Administration Support,Subsidiary Governance,Direct Administration Hub,False
R0002_55032782,R0002_55037718,1.0,Administration Support,Administration Support,Direct Administration Hub,Subsidiary Governance,False
R0002_55032782,R0002_55043901,1.0,Administration Support,Administration Support,Direct Administration Hub,Siebel Infra and Projects,False
R0002_55011220,R0002_55032782,1.0,Administration Support,Administration Support,Regulatory Operations BAU,Direct Administration Hub,False
R0002_55037878,R0002_55032782,1.0,Administration Support,Administration Support,Shared Services Collection,Direct Administration Hub,False
R0002_55032782,R0002_55037878,1.0,Administration Support,Administration Support,Direct Administration Hub,Shared Services Collection,False
R0002_55026664,R0002_55032782,1.0,Administration Support,Administration Support,Risk Commitee,Direct Administration Hub,False
R0002_55032782,R0002_55026664,1.0,Administration Support,Administration Support,Direct Administration Hub,Risk Commitee,False
R0002_55043779,R0002_55032782,1.0,Administration Support,Administration Support,Release Train,Direct Administration Hub,False
R0002_55032782,R0002_55043779,1.0,Administration Support,Administration Support,Direct Administration Hub,Release Train,False
R0002_55036171,R0002_55003518,1.0,Administration Support,Administration Support,Domain Orchestration,NAB Staff Club,False
R0002_55036171,R0002_55027319,1.0,Administration Support,Administration Support,Domain Orchestration,NAB Staff Club - MF,False
R0002_55027319,R0002_55035505,1.0,Administration Support,Administration Support,NAB Staff Club - MF,ELP SWAT,False
R0002_55006197,R0002_55035505,1.0,Administration Support,Administration Support,Group Company Secretary,ELP SWAT,False
R0002_55033035,R0002_55035505,1.0,Administration Support,Administration Support,GPO Process Design & Control,ELP SWAT,False
R0002_55035505,R0002_55033035,1.0,Administration Support,Administration Support,ELP SWAT,GPO Process Design & Control,False
R0002_55019960,R0002_55035505,1.0,Administration Support,Administration Support,Governance Compliance,ELP SWAT,False
R0002_55035505,R0002_55019960,1.0,Administration Support,Administration Support,ELP SWAT,Governance Compliance,False
R0002_55038839,R0002_55035505,1.0,Administration Support,Administration Support,Global Tech Academy,ELP SWAT,False
R0002_55035505,R0002_55038839,1.0,Administration Support,Administration Support,ELP SWAT,Global Tech Academy,False
R0002_55027831,R0002_55035505,1.0,Administration Support,Administration Support,Front Office Tools,ELP SWAT,False
R0002_55035505,R0002_55027831,1.0,Administration Support,Administration Support,ELP SWAT,Front Office Tools,False
R0002_55028991,R0002_55035505,1.0,Administration Support,Administration Support,Financial Crime and Fraud Technology,ELP SWAT,False
R0002_55035505,R0002_55028991,1.0,Administration Support,Administration Support,ELP SWAT,Financial Crime and Fraud Technology,False
R0002_55031467,R0002_55035505,1.0,Administration Support,Administration Support,FC Enablement - Planning & Execution,ELP SWAT,False
R0002_55035505,R0002_55031467,1.0,Administration Support,Administration Support,ELP SWAT,FC Enablement - Planning & Execution,False
R0002_55011002,R0002_55035505,1.0,Administration Support,Administration Support,Executive Support,ELP SWAT,False
R0002_55035505,R0002_55011002,1.0,Administration Support,Administration Support,ELP SWAT,Executive Support,False
R0002_55019387,R0002_55036171,1.0,Administration Support,Administration Support,Whistleblower,Domain Orchestration,False
R0002_55035505,R0002_55006197,1.0,Administration Support,Administration Support,ELP SWAT,Group Company Secretary,False
R0002_55035505,R0002_55036505,1.0,Administration Support,Administration Support,ELP SWAT,HICAPS Sales,False
R0002_55027319,R0002_55036171,1.0,Administration Support,Administration Support,NAB Staff Club - MF,Domain Orchestration,False
R0002_55036505,R0002_55035505,1.0,Administration Support,Administration Support,HICAPS Sales,ELP SWAT,False
R0002_55035505,R0002_55027319,1.0,Administration Support,Administration Support,ELP SWAT,NAB Staff Club - MF,False
R0002_55003518,R0002_55035505,1.0,Administration Support,Administration Support,NAB Staff Club,ELP SWAT,False
R0002_55035505,R0002_55003518,1.0,Administration Support,Administration Support,ELP SWAT,NAB Staff Club,False
R0002_55014421,R0002_55035505,1.0,Administration Support,Administration Support,NAB Corporate VIC/SA,ELP SWAT,False
R0002_55035505,R0002_55014421,1.0,Administration Support,Administration Support,ELP SWAT,NAB Corporate VIC/SA,False
R0002_55043136,R0002_55035505,1.0,Administration Support,Administration Support,Merchant Services,ELP SWAT,False
R0002_55035505,R0002_55043136,1.0,Administration Support,Administration Support,ELP SWAT,Merchant Services,False
R0002_55040793,R0002_55035505,1.0,Administration Support,Administration Support,Merchant Contracts,ELP SWAT,False
R0002_55035505,R0002_55040793,1.0,Administration Support,Administration Support,ELP SWAT,Merchant Contracts,False
R0002_55037530,R0002_55035505,1.0,Administration Support,Administration Support,Markets Enablement,ELP SWAT,False
R0002_55035505,R0002_55037530,1.0,Administration Support,Administration Support,ELP SWAT,Markets Enablement,False
R0002_55036050,R0002_55035505,1.0,Administration Support,Administration Support,Lending Experience,ELP SWAT,False
R0002_55035505,R0002_55036050,1.0,Administration Support,Administration Support,ELP SWAT,Lending Experience,False
R0002_55044076,R0002_55035505,1.0,Administration Support,Administration Support,IPP - Data Reporting and Governance,ELP SWAT,False
R0002_55035505,R0002_55044076,1.0,Administration Support,Administration Support,ELP SWAT,IPP - Data Reporting and Governance,False
R0002_55036171,R0002_55019387,1.0,Administration Support,Administration Support,Domain Orchestration,Whistleblower,False
R0002_55037283,R0002_55036171,1.0,Administration Support,Administration Support,VRT/ VIT,Domain Orchestration,False
R0002_55036171,R0002_55037283,1.0,Administration Support,Administration Support,Domain Orchestration,VRT/ VIT,False
R0002_55025080,R0002_55036171,1.0,Administration Support,Administration Support,Valuations Operations,Domain Orchestration,False
R0002_55036171,R0002_55030125,1.0,Administration Support,Administration Support,Domain Orchestration,Records Mgmt & Third Party Data Serv,False
R0002_55031084,R0002_55036171,1.0,Administration Support,Administration Support,Quality Assurance,Domain Orchestration,False
R0002_55036171,R0002_55031084,1.0,Administration Support,Administration Support,Domain Orchestration,Quality Assurance,False
R0002_55041833,R0002_55036171,1.0,Administration Support,Administration Support,POA Implementation,Domain Orchestration,False
R0002_55036171,R0002_55041833,1.0,Administration Support,Administration Support,Domain Orchestration,POA Implementation,False
R0002_55041025,R0002_55036171,1.0,Administration Support,Administration Support,People Reporting,Domain Orchestration,False
R0002_55036171,R0002_55041025,1.0,Administration Support,Administration Support,Domain Orchestration,People Reporting,False
R0002_55039889,R0002_55036171,1.0,Administration Support,Administration Support,Payments Experience,Domain Orchestration,False
R0002_55036171,R0002_55039889,1.0,Administration Support,Administration Support,Domain Orchestration,Payments Experience,False
R0002_55029026,R0002_55036171,1.0,Administration Support,Administration Support,P&C Divisional Controls,Domain Orchestration,False
R0002_55036171,R0002_55029026,1.0,Administration Support,Administration Support,Domain Orchestration,P&C Divisional Controls,False
R0002_55032858,R0002_55036171,1.0,Administration Support,Administration Support,Operations and Property Support,Domain Orchestration,False
R0002_55036171,R0002_55032858,1.0,Administration Support,Administration Support,Domain Orchestration,Operations and Property Support,False
R0002_55035727,R0002_55036171,1.0,Administration Support,Administration Support,NH Data Operations,Domain Orchestration,False
R0002_55036171,R0002_55035727,1.0,Administration Support,Administration Support,Domain Orchestration,NH Data Operations,False
R0002_55030125,R0002_55036171,1.0,Administration Support,Administration Support,Records Mgmt & Third Party Data Serv,Domain Orchestration,False
R0002_55036171,R0002_55011220,1.0,Administration Support,Administration Support,Domain Orchestration,Regulatory Operations BAU,False
R0002_55011220,R0002_55036171,1.0,Administration Support,Administration Support,Regulatory Operations BAU,Domain Orchestration,False
R0002_55036171,R0002_55037718,1.0,Administration Support,Administration Support,Domain Orchestration,Subsidiary Governance,False
R0002_55036171,R0002_55025080,1.0,Administration Support,Administration Support,Domain Orchestration,Valuations Operations,False
R0002_55031358,R0002_55036171,1.0,Administration Support,Administration Support,Transformation,Domain Orchestration,False
R0002_55036171,R0002_55031358,1.0,Administration Support,Administration Support,Domain Orchestration,Transformation,False
R0002_55042075,R0002_55036171,1.0,Administration Support,Administration Support,Suppliers & Partners,Domain Orchestration,False
R0002_55036171,R0002_55042075,1.0,Administration Support,Administration Support,Domain Orchestration,Suppliers & Partners,False
R0002_55037718,R0002_55036171,1.0,Administration Support,Administration Support,Subsidiary Governance,Domain Orchestration,False
R0002_55043901,R0002_55036171,1.0,Administration Support,Administration Support,Siebel Infra and Projects,Domain Orchestration,False
R0002_55036171,R0002_55043779,1.0,Administration Support,Administration Support,Domain Orchestration,Release Train,False
R0002_55036171,R0002_55043901,1.0,Administration Support,Administration Support,Domain Orchestration,Siebel Infra and Projects,False
R0002_55037878,R0002_55036171,1.0,Administration Support,Administration Support,Shared Services Collection,Domain Orchestration,False
R0002_55036171,R0002_55037878,1.0,Administration Support,Administration Support,Domain Orchestration,Shared Services Collection,False
R0002_55026664,R0002_55036171,1.0,Administration Support,Administration Support,Risk Commitee,Domain Orchestration,False
R0002_55036171,R0002_55026664,1.0,Administration Support,Administration Support,Domain Orchestration,Risk Commitee,False
R0002_55043779,R0002_55036171,1.0,Administration Support,Administration Support,Release Train,Domain Orchestration,False
R0002_55041509,R0002_55031084,1.0,Administration Support,Administration Support,Contact Centre WL Servicing,Quality Assurance,False
R0002_55041509,R0002_55041833,1.0,Administration Support,Administration Support,Contact Centre WL Servicing,POA Implementation,False
R0002_55031084,R0002_55031467,1.0,Administration Support,Administration Support,Quality Assurance,FC Enablement - Planning & Execution,False
R0002_55036171,R0002_55015378,1.0,Administration Support,Administration Support,Domain Orchestration,Broker Response Centre 1,False
R0002_55032782,R0002_55015378,1.0,Administration Support,Administration Support,Direct Administration Hub,Broker Response Centre 1,False
R0002_55015378,R0002_55032782,1.0,Administration Support,Administration Support,Broker Response Centre 1,Direct Administration Hub,False
R0002_55039851,R0002_55015378,1.0,Administration Support,Administration Support,Direct Administration Assistants,Broker Response Centre 1,False
R0002_55015378,R0002_55039851,1.0,Administration Support,Administration Support,Broker Response Centre 1,Direct Administration Assistants,False
R0002_55037787,R0002_55015378,1.0,Administration Support,Administration Support,Delivery Services & Change Management,Broker Response Centre 1,False
R0002_55015378,R0002_55037787,1.0,Administration Support,Administration Support,Broker Response Centre 1,Delivery Services & Change Management,False
R0002_55036059,R0002_55015378,1.0,Administration Support,Administration Support,Credit Strategy,Broker Response Centre 1,False
R0002_55015378,R0002_55036059,1.0,Administration Support,Administration Support,Broker Response Centre 1,Credit Strategy,False
R0002_55041509,R0002_55015378,1.0,Administration Support,Administration Support,Contact Centre WL Servicing,Broker Response Centre 1,False
R0002_55015378,R0002_55041509,1.0,Administration Support,Administration Support,Broker Response Centre 1,Contact Centre WL Servicing,False
R0002_55024341,R0002_55015378,1.0,Administration Support,Administration Support,Client Coverage Executive Management and,Broker Response Centre 1,False
R0002_55015378,R0002_55024341,1.0,Administration Support,Administration Support,Broker Response Centre 1,Client Coverage Executive Management and,False
R0002_55025944,R0002_55015378,1.0,Administration Support,Administration Support,Business Operations and Governance,Broker Response Centre 1,False
R0002_55015378,R0002_55025944,1.0,Administration Support,Administration Support,Broker Response Centre 1,Business Operations and Governance,False
R0002_55032731,R0002_55015378,1.0,Administration Support,Administration Support,Business Execution,Broker Response Centre 1,False
R0002_55015378,R0002_55036171,1.0,Administration Support,Administration Support,Broker Response Centre 1,Domain Orchestration,False
R0002_55015378,R0002_55035505,1.0,Administration Support,Administration Support,Broker Response Centre 1,ELP SWAT,False
R0002_55019387,R0002_55036002,1.0,Administration Support,Administration Support,Whistleblower,ADV Customer Care 3,False
R0002_55035505,R0002_55015378,1.0,Administration Support,Administration Support,ELP SWAT,Broker Response Centre 1,False
R0002_55015378,R0002_55006197,1.0,Administration Support,Administration Support,Broker Response Centre 1,Group Company Secretary,False
R0002_55033035,R0002_55015378,1.0,Administration Support,Administration Support,GPO Process Design & Control,Broker Response Centre 1,False
R0002_55015378,R0002_55033035,1.0,Administration Support,Administration Support,Broker Response Centre 1,GPO Process Design & Control,False
R0002_55019960,R0002_55015378,1.0,Administration Support,Administration Support,Governance Compliance,Broker Response Centre 1,False
R0002_55015378,R0002_55019960,1.0,Administration Support,Administration Support,Broker Response Centre 1,Governance Compliance,False
R0002_55038839,R0002_55015378,1.0,Administration Support,Administration Support,Global Tech Academy,Broker Response Centre 1,False
R0002_55015378,R0002_55038839,1.0,Administration Support,Administration Support,Broker Response Centre 1,Global Tech Academy,False
R0002_55027831,R0002_55015378,1.0,Administration Support,Administration Support,Front Office Tools,Broker Response Centre 1,False
R0002_55015378,R0002_55027831,1.0,Administration Support,Administration Support,Broker Response Centre 1,Front Office Tools,False
R0002_55028991,R0002_55015378,1.0,Administration Support,Administration Support,Financial Crime and Fraud Technology,Broker Response Centre 1,False
R0002_55015378,R0002_55028991,1.0,Administration Support,Administration Support,Broker Response Centre 1,Financial Crime and Fraud Technology,False
R0002_55031467,R0002_55015378,1.0,Administration Support,Administration Support,FC Enablement - Planning & Execution,Broker Response Centre 1,False
R0002_55015378,R0002_55031467,1.0,Administration Support,Administration Support,Broker Response Centre 1,FC Enablement - Planning & Execution,False
R0002_55011002,R0002_55015378,1.0,Administration Support,Administration Support,Executive Support,Broker Response Centre 1,False
R0002_55015378,R0002_55011002,1.0,Administration Support,Administration Support,Broker Response Centre 1,Executive Support,False
R0002_55015378,R0002_55032731,1.0,Administration Support,Administration Support,Broker Response Centre 1,Business Execution,False
R0002_55036002,R0002_55019387,1.0,Administration Support,Administration Support,ADV Customer Care 3,Whistleblower,False
R0002_55027319,R0002_55036002,1.0,Administration Support,Administration Support,NAB Staff Club - MF,ADV Customer Care 3,False
R0002_55011220,R0002_55036002,1.0,Administration Support,Administration Support,Regulatory Operations BAU,ADV Customer Care 3,False
R0002_55030125,R0002_55036002,1.0,Administration Support,Administration Support,Records Mgmt & Third Party Data Serv,ADV Customer Care 3,False
R0002_55036002,R0002_55030125,1.0,Administration Support,Administration Support,ADV Customer Care 3,Records Mgmt & Third Party Data Serv,False
R0002_55031084,R0002_55036002,1.0,Administration Support,Administration Support,Quality Assurance,ADV Customer Care 3,False
R0002_55036002,R0002_55031084,1.0,Administration Support,Administration Support,ADV Customer Care 3,Quality Assurance,False
R0002_55041833,R0002_55036002,1.0,Administration Support,Administration Support,POA Implementation,ADV Customer Care 3,False
R0002_55036002,R0002_55041833,1.0,Administration Support,Administration Support,ADV Customer Care 3,POA Implementation,False
R0002_55041025,R0002_55036002,1.0,Administration Support,Administration Support,People Reporting,ADV Customer Care 3,False
R0002_55036002,R0002_55041025,1.0,Administration Support,Administration Support,ADV Customer Care 3,People Reporting,False
R0002_55039889,R0002_55036002,1.0,Administration Support,Administration Support,Payments Experience,ADV Customer Care 3,False
R0002_55036002,R0002_55039889,1.0,Administration Support,Administration Support,ADV Customer Care 3,Payments Experience,False
R0002_55029026,R0002_55036002,1.0,Administration Support,Administration Support,P&C Divisional Controls,ADV Customer Care 3,False
R0002_55036002,R0002_55029026,1.0,Administration Support,Administration Support,ADV Customer Care 3,P&C Divisional Controls,False
R0002_55032858,R0002_55036002,1.0,Administration Support,Administration Support,Operations and Property Support,ADV Customer Care 3,False
R0002_55036002,R0002_55032858,1.0,Administration Support,Administration Support,ADV Customer Care 3,Operations and Property Support,False
R0002_55035727,R0002_55036002,1.0,Administration Support,Administration Support,NH Data Operations,ADV Customer Care 3,False
R0002_55036002,R0002_55011220,1.0,Administration Support,Administration Support,ADV Customer Care 3,Regulatory Operations BAU,False
R0002_55036002,R0002_55043779,1.0,Administration Support,Administration Support,ADV Customer Care 3,Release Train,False
R0002_55037283,R0002_55036002,1.0,Administration Support,Administration Support,VRT/ VIT,ADV Customer Care 3,False
R0002_55043779,R0002_55036002,1.0,Administration Support,Administration Support,Release Train,ADV Customer Care 3,False
R0002_55036002,R0002_55037283,1.0,Administration Support,Administration Support,ADV Customer Care 3,VRT/ VIT,False
R0002_55025080,R0002_55036002,1.0,Administration Support,Administration Support,Valuations Operations,ADV Customer Care 3,False
R0002_55036002,R0002_55025080,1.0,Administration Support,Administration Support,ADV Customer Care 3,Valuations Operations,False
R0002_55031358,R0002_55036002,1.0,Administration Support,Administration Support,Transformation,ADV Customer Care 3,False
R0002_55036002,R0002_55031358,1.0,Administration Support,Administration Support,ADV Customer Care 3,Transformation,False
R0002_55042075,R0002_55036002,1.0,Administration Support,Administration Support,Suppliers & Partners,ADV Customer Care 3,False
R0002_55036002,R0002_55042075,1.0,Administration Support,Administration Support,ADV Customer Care 3,Suppliers & Partners,False
R0002_55037718,R0002_55036002,1.0,Administration Support,Administration Support,Subsidiary Governance,ADV Customer Care 3,False
R0002_55036002,R0002_55037718,1.0,Administration Support,Administration Support,ADV Customer Care 3,Subsidiary Governance,False
R0002_55043901,R0002_55036002,1.0,Administration Support,Administration Support,Siebel Infra and Projects,ADV Customer Care 3,False
R0002_55036002,R0002_55043901,1.0,Administration Support,Administration Support,ADV Customer Care 3,Siebel Infra and Projects,False
R0002_55037878,R0002_55036002,1.0,Administration Support,Administration Support,Shared Services Collection,ADV Customer Care 3,False
R0002_55036002,R0002_55037878,1.0,Administration Support,Administration Support,ADV Customer Care 3,Shared Services Collection,False
R0002_55026664,R0002_55036002,1.0,Administration Support,Administration Support,Risk Commitee,ADV Customer Care 3,False
R0002_55036002,R0002_55026664,1.0,Administration Support,Administration Support,ADV Customer Care 3,Risk Commitee,False
R0002_55006197,R0002_55015378,1.0,Administration Support,Administration Support,Group Company Secretary,Broker Response Centre 1,False
R0002_55015378,R0002_55036505,1.0,Administration Support,Administration Support,Broker Response Centre 1,HICAPS Sales,False
R0002_55036505,R0002_55015378,1.0,Administration Support,Administration Support,HICAPS Sales,Broker Response Centre 1,False
R0002_55032731,R0002_55025944,1.0,Administration Support,Administration Support,Business Execution,Business Operations and Governance,False
R0002_55015378,R0002_55019387,1.0,Administration Support,Administration Support,Broker Response Centre 1,Whistleblower,False
R0002_55037283,R0002_55015378,1.0,Administration Support,Administration Support,VRT/ VIT,Broker Response Centre 1,False
R0002_55015378,R0002_55037283,1.0,Administration Support,Administration Support,Broker Response Centre 1,VRT/ VIT,False
R0002_55025080,R0002_55015378,1.0,Administration Support,Administration Support,Valuations Operations,Broker Response Centre 1,False
R0002_55015378,R0002_55025080,1.0,Administration Support,Administration Support,Broker Response Centre 1,Valuations Operations,False
R0002_55031358,R0002_55015378,1.0,Administration Support,Administration Support,Transformation,Broker Response Centre 1,False
R0002_55015378,R0002_55031358,1.0,Administration Support,Administration Support,Broker Response Centre 1,Transformation,False
R0002_55042075,R0002_55015378,1.0,Administration Support,Administration Support,Suppliers & Partners,Broker Response Centre 1,False
R0002_55015378,R0002_55042075,1.0,Administration Support,Administration Support,Broker Response Centre 1,Suppliers & Partners,False
R0002_55037718,R0002_55015378,1.0,Administration Support,Administration Support,Subsidiary Governance,Broker Response Centre 1,False
R0002_55015378,R0002_55037718,1.0,Administration Support,Administration Support,Broker Response Centre 1,Subsidiary Governance,False
R0002_55043901,R0002_55015378,1.0,Administration Support,Administration Support,Siebel Infra and Projects,Broker Response Centre 1,False
R0002_55015378,R0002_55043901,1.0,Administration Support,Administration Support,Broker Response Centre 1,Siebel Infra and Projects,False
R0002_55037878,R0002_55015378,1.0,Administration Support,Administration Support,Shared Services Collection,Broker Response Centre 1,False
R0002_55015378,R0002_55037878,1.0,Administration Support,Administration Support,Broker Response Centre 1,Shared Services Collection,False
R0002_55019387,R0002_55015378,1.0,Administration Support,Administration Support,Whistleblower,Broker Response Centre 1,False
R0002_55025944,R0002_55032731,1.0,Administration Support,Administration Support,Business Operations and Governance,Business Execution,False
R0002_55015378,R0002_55044076,1.0,Administration Support,Administration Support,Broker Response Centre 1,IPP - Data Reporting and Governance,False
R0002_55032731,R0002_55024341,1.0,Administration Support,Administration Support,Business Execution,Client Coverage Executive Management and,False
R0002_55035505,R0002_55032731,1.0,Administration Support,Administration Support,ELP SWAT,Business Execution,False
R0002_55032731,R0002_55035505,1.0,Administration Support,Administration Support,Business Execution,ELP SWAT,False
R0002_55036171,R0002_55032731,1.0,Administration Support,Administration Support,Domain Orchestration,Business Execution,False
R0002_55032731,R0002_55036171,1.0,Administration Support,Administration Support,Business Execution,Domain Orchestration,False
R0002_55032782,R0002_55032731,1.0,Administration Support,Administration Support,Direct Administration Hub,Business Execution,False
R0002_55032731,R0002_55032782,1.0,Administration Support,Administration Support,Business Execution,Direct Administration Hub,False
R0002_55039851,R0002_55032731,1.0,Administration Support,Administration Support,Direct Administration Assistants,Business Execution,False
R0002_55032731,R0002_55039851,1.0,Administration Support,Administration Support,Business Execution,Direct Administration Assistants,False
R0002_55037787,R0002_55032731,1.0,Administration Support,Administration Support,Delivery Services & Change Management,Business Execution,False
R0002_55032731,R0002_55037787,1.0,Administration Support,Administration Support,Business Execution,Delivery Services & Change Management,False
R0002_55036059,R0002_55032731,1.0,Administration Support,Administration Support,Credit Strategy,Business Execution,False
R0002_55032731,R0002_55036059,1.0,Administration Support,Administration Support,Business Execution,Credit Strategy,False
R0002_55041509,R0002_55032731,1.0,Administration Support,Administration Support,Contact Centre WL Servicing,Business Execution,False
R0002_55032731,R0002_55041509,1.0,Administration Support,Administration Support,Business Execution,Contact Centre WL Servicing,False
R0002_55024341,R0002_55032731,1.0,Administration Support,Administration Support,Client Coverage Executive Management and,Business Execution,False
R0002_55026664,R0002_55015378,1.0,Administration Support,Administration Support,Risk Commitee,Broker Response Centre 1,False
R0002_55015378,R0002_55026664,1.0,Administration Support,Administration Support,Broker Response Centre 1,Risk Commitee,False
R0002_55043779,R0002_55015378,1.0,Administration Support,Administration Support,Release Train,Broker Response Centre 1,False
R0002_55015378,R0002_55043779,1.0,Administration Support,Administration Support,Broker Response Centre 1,Release Train,False
R0002_55027319,R0002_55015378,1.0,Administration Support,Administration Support,NAB Staff Club - MF,Broker Response Centre 1,False
R0002_55015378,R0002_55027319,1.0,Administration Support,Administration Support,Broker Response Centre 1,NAB Staff Club - MF,False
R0002_55003518,R0002_55015378,1.0,Administration Support,Administration Support,NAB Staff Club,Broker Response Centre 1,False
R0002_55015378,R0002_55003518,1.0,Administration Support,Administration Support,Broker Response Centre 1,NAB Staff Club,False
R0002_55014421,R0002_55015378,1.0,Administration Support,Administration Support,NAB Corporate VIC/SA,Broker Response Centre 1,False
R0002_55015378,R0002_55014421,1.0,Administration Support,Administration Support,Broker Response Centre 1,NAB Corporate VIC/SA,False
R0002_55043136,R0002_55015378,1.0,Administration Support,Administration Support,Merchant Services,Broker Response Centre 1,False
R0002_55015378,R0002_55043136,1.0,Administration Support,Administration Support,Broker Response Centre 1,Merchant Services,False
R0002_55040793,R0002_55015378,1.0,Administration Support,Administration Support,Merchant Contracts,Broker Response Centre 1,False
R0002_55015378,R0002_55040793,1.0,Administration Support,Administration Support,Broker Response Centre 1,Merchant Contracts,False
R0002_55037530,R0002_55015378,1.0,Administration Support,Administration Support,Markets Enablement,Broker Response Centre 1,False
R0002_55015378,R0002_55037530,1.0,Administration Support,Administration Support,Broker Response Centre 1,Markets Enablement,False
R0002_55036050,R0002_55015378,1.0,Administration Support,Administration Support,Lending Experience,Broker Response Centre 1,False
R0002_55015378,R0002_55036050,1.0,Administration Support,Administration Support,Broker Response Centre 1,Lending Experience,False
R0002_55044076,R0002_55015378,1.0,Administration Support,Administration Support,IPP - Data Reporting and Governance,Broker Response Centre 1,False
R0002_55015378,R0002_55035727,1.0,Administration Support,Administration Support,Broker Response Centre 1,NH Data Operations,False
R0002_55035727,R0002_55015378,1.0,Administration Support,Administration Support,NH Data Operations,Broker Response Centre 1,False
R0002_55015378,R0002_55032858,1.0,Administration Support,Administration Support,Broker Response Centre 1,Operations and Property Support,False
R0002_55041833,R0002_55015378,1.0,Administration Support,Administration Support,POA Implementation,Broker Response Centre 1,False
R0002_55011220,R0002_55015378,1.0,Administration Support,Administration Support,Regulatory Operations BAU,Broker Response Centre 1,False
R0002_55015378,R0002_55011220,1.0,Administration Support,Administration Support,Broker Response Centre 1,Regulatory Operations BAU,False
R0002_55030125,R0002_55015378,1.0,Administration Support,Administration Support,Records Mgmt & Third Party Data Serv,Broker Response Centre 1,False
R0002_55015378,R0002_55030125,1.0,Administration Support,Administration Support,Broker Response Centre 1,Records Mgmt & Third Party Data Serv,False
R0002_55031084,R0002_55015378,1.0,Administration Support,Administration Support,Quality Assurance,Broker Response Centre 1,False
R0002_55015378,R0002_55031084,1.0,Administration Support,Administration Support,Broker Response Centre 1,Quality Assurance,False
R0002_55015378,R0002_55041833,1.0,Administration Support,Administration Support,Broker Response Centre 1,POA Implementation,False
R0002_55032858,R0002_55015378,1.0,Administration Support,Administration Support,Operations and Property Support,Broker Response Centre 1,False
R0002_55041025,R0002_55015378,1.0,Administration Support,Administration Support,People Reporting,Broker Response Centre 1,False
R0002_55015378,R0002_55041025,1.0,Administration Support,Administration Support,Broker Response Centre 1,People Reporting,False
R0002_55039889,R0002_55015378,1.0,Administration Support,Administration Support,Payments Experience,Broker Response Centre 1,False
R0002_55015378,R0002_55039889,1.0,Administration Support,Administration Support,Broker Response Centre 1,Payments Experience,False
R0002_55029026,R0002_55015378,1.0,Administration Support,Administration Support,P&C Divisional Controls,Broker Response Centre 1,False
R0002_55015378,R0002_55029026,1.0,Administration Support,Administration Support,Broker Response Centre 1,P&C Divisional Controls,False
R0002_55036002,R0002_55035727,1.0,Administration Support,Administration Support,ADV Customer Care 3,NH Data Operations,False
R0002_55036002,R0002_55027319,1.0,Administration Support,Administration Support,ADV Customer Care 3,NAB Staff Club - MF,False
R0002_55041025,R0002_55041509,1.0,Administration Support,Administration Support,People Reporting,Contact Centre WL Servicing,False
R0002_55043311,R0002_55027319,1.0,Administration Support,Administration Support,Admin & Support,NAB Staff Club - MF,False
R0002_55043311,R0002_55003518,1.0,Administration Support,Administration Support,Admin & Support,NAB Staff Club,False
R0002_55014421,R0002_55043311,1.0,Administration Support,Administration Support,NAB Corporate VIC/SA,Admin & Support,False
R0002_55043311,R0002_55014421,1.0,Administration Support,Administration Support,Admin & Support,NAB Corporate VIC/SA,False
R0002_55043136,R0002_55043311,1.0,Administration Support,Administration Support,Merchant Services,Admin & Support,False
R0002_55043311,R0002_55043136,1.0,Administration Support,Administration Support,Admin & Support,Merchant Services,False
R0002_55040793,R0002_55043311,1.0,Administration Support,Administration Support,Merchant Contracts,Admin & Support,False
R0002_55043311,R0002_55040793,1.0,Administration Support,Administration Support,Admin & Support,Merchant Contracts,False
R0002_55037530,R0002_55043311,1.0,Administration Support,Administration Support,Markets Enablement,Admin & Support,False
R0002_55043311,R0002_55037530,1.0,Administration Support,Administration Support,Admin & Support,Markets Enablement,False
R0002_55036050,R0002_55043311,1.0,Administration Support,Administration Support,Lending Experience,Admin & Support,False
R0002_55043311,R0002_55036050,1.0,Administration Support,Administration Support,Admin & Support,Lending Experience,False
R0002_55044076,R0002_55043311,1.0,Administration Support,Administration Support,IPP - Data Reporting and Governance,Admin & Support,False
R0002_55043311,R0002_55044076,1.0,Administration Support,Administration Support,Admin & Support,IPP - Data Reporting and Governance,False
R0002_55036505,R0002_55043311,1.0,Administration Support,Administration Support,HICAPS Sales,Admin & Support,False
R0002_55043311,R0002_55036505,1.0,Administration Support,Administration Support,Admin & Support,HICAPS Sales,False
R0002_55003518,R0002_55043311,1.0,Administration Support,Administration Support,NAB Staff Club,Admin & Support,False
R0002_55027319,R0002_55043311,1.0,Administration Support,Administration Support,NAB Staff Club - MF,Admin & Support,False
R0002_55043311,R0002_55006197,1.0,Administration Support,Administration Support,Admin & Support,Group Company Secretary,False
R0002_55043311,R0002_55035727,1.0,Administration Support,Administration Support,Admin & Support,NH Data Operations,False
R0002_55030125,R0002_55043311,1.0,Administration Support,Administration Support,Records Mgmt & Third Party Data Serv,Admin & Support,False
R0002_55043311,R0002_55030125,1.0,Administration Support,Administration Support,Admin & Support,Records Mgmt & Third Party Data Serv,False
R0002_55031084,R0002_55043311,1.0,Administration Support,Administration Support,Quality Assurance,Admin & Support,False
R0002_55043311,R0002_55031084,1.0,Administration Support,Administration Support,Admin & Support,Quality Assurance,False
R0002_55041833,R0002_55043311,1.0,Administration Support,Administration Support,POA Implementation,Admin & Support,False
R0002_55043311,R0002_55041833,1.0,Administration Support,Administration Support,Admin & Support,POA Implementation,False
R0002_55041025,R0002_55043311,1.0,Administration Support,Administration Support,People Reporting,Admin & Support,False
R0002_55043311,R0002_55041025,1.0,Administration Support,Administration Support,Admin & Support,People Reporting,False
R0002_55039889,R0002_55043311,1.0,Administration Support,Administration Support,Payments Experience,Admin & Support,False
R0002_55043311,R0002_55039889,1.0,Administration Support,Administration Support,Admin & Support,Payments Experience,False
R0002_55029026,R0002_55043311,1.0,Administration Support,Administration Support,P&C Divisional Controls,Admin & Support,False
R0002_55043311,R0002_55029026,1.0,Administration Support,Administration Support,Admin & Support,P&C Divisional Controls,False
R0002_55032858,R0002_55043311,1.0,Administration Support,Administration Support,Operations and Property Support,Admin & Support,False
R0002_55043311,R0002_55032858,1.0,Administration Support,Administration Support,Admin & Support,Operations and Property Support,False
R0002_55035727,R0002_55043311,1.0,Administration Support,Administration Support,NH Data Operations,Admin & Support,False
R0002_55006197,R0002_55043311,1.0,Administration Support,Administration Support,Group Company Secretary,Admin & Support,False
R0002_55033035,R0002_55043311,1.0,Administration Support,Administration Support,GPO Process Design & Control,Admin & Support,False
R0002_55003518,R0002_55036002,1.0,Administration Support,Administration Support,NAB Staff Club,ADV Customer Care 3,False
R0002_55043311,R0002_55032782,1.0,Administration Support,Administration Support,Admin & Support,Direct Administration Hub,False
R0002_55043311,R0002_55039851,1.0,Administration Support,Administration Support,Admin & Support,Direct Administration Assistants,False
R0002_55037787,R0002_55043311,1.0,Administration Support,Administration Support,Delivery Services & Change Management,Admin & Support,False
R0002_55043311,R0002_55037787,1.0,Administration Support,Administration Support,Admin & Support,Delivery Services & Change Management,False
R0002_55036059,R0002_55043311,1.0,Administration Support,Administration Support,Credit Strategy,Admin & Support,False
R0002_55043311,R0002_55036059,1.0,Administration Support,Administration Support,Admin & Support,Credit Strategy,False
R0002_55041509,R0002_55043311,1.0,Administration Support,Administration Support,Contact Centre WL Servicing,Admin & Support,False
R0002_55043311,R0002_55041509,1.0,Administration Support,Administration Support,Admin & Support,Contact Centre WL Servicing,False
R0002_55024341,R0002_55043311,1.0,Administration Support,Administration Support,Client Coverage Executive Management and,Admin & Support,False
R0002_55043311,R0002_55024341,1.0,Administration Support,Administration Support,Admin & Support,Client Coverage Executive Management and,False
R0002_55025944,R0002_55043311,1.0,Administration Support,Administration Support,Business Operations and Governance,Admin & Support,False
R0002_55043311,R0002_55025944,1.0,Administration Support,Administration Support,Admin & Support,Business Operations and Governance,False
R0002_55032731,R0002_55043311,1.0,Administration Support,Administration Support,Business Execution,Admin & Support,False
R0002_55043311,R0002_55032731,1.0,Administration Support,Administration Support,Admin & Support,Business Execution,False
R0002_55015378,R0002_55043311,1.0,Administration Support,Administration Support,Broker Response Centre 1,Admin & Support,False
R0002_55043311,R0002_55015378,1.0,Administration Support,Administration Support,Admin & Support,Broker Response Centre 1,False
R0002_55039851,R0002_55043311,1.0,Administration Support,Administration Support,Direct Administration Assistants,Admin & Support,False
R0002_55032782,R0002_55043311,1.0,Administration Support,Administration Support,Direct Administration Hub,Admin & Support,False
R0002_55043311,R0002_55033035,1.0,Administration Support,Administration Support,Admin & Support,GPO Process Design & Control,False
R0002_55043311,R0002_55036171,1.0,Administration Support,Administration Support,Admin & Support,Domain Orchestration,False
R0002_55019960,R0002_55043311,1.0,Administration Support,Administration Support,Governance Compliance,Admin & Support,False
R0002_55043311,R0002_55019960,1.0,Administration Support,Administration Support,Admin & Support,Governance Compliance,False
R0002_55038839,R0002_55043311,1.0,Administration Support,Administration Support,Global Tech Academy,Admin & Support,False
R0002_55043311,R0002_55038839,1.0,Administration Support,Administration Support,Admin & Support,Global Tech Academy,False
R0002_55027831,R0002_55043311,1.0,Administration Support,Administration Support,Front Office Tools,Admin & Support,False
R0002_55043311,R0002_55027831,1.0,Administration Support,Administration Support,Admin & Support,Front Office Tools,False
R0002_55028991,R0002_55043311,1.0,Administration Support,Administration Support,Financial Crime and Fraud Technology,Admin & Support,False
R0002_55043311,R0002_55028991,1.0,Administration Support,Administration Support,Admin & Support,Financial Crime and Fraud Technology,False
R0002_55031467,R0002_55043311,1.0,Administration Support,Administration Support,FC Enablement - Planning & Execution,Admin & Support,False
R0002_55043311,R0002_55031467,1.0,Administration Support,Administration Support,Admin & Support,FC Enablement - Planning & Execution,False
R0002_55011002,R0002_55043311,1.0,Administration Support,Administration Support,Executive Support,Admin & Support,False
R0002_55043311,R0002_55011002,1.0,Administration Support,Administration Support,Admin & Support,Executive Support,False
R0002_55035505,R0002_55043311,1.0,Administration Support,Administration Support,ELP SWAT,Admin & Support,False
R0002_55043311,R0002_55035505,1.0,Administration Support,Administration Support,Admin & Support,ELP SWAT,False
R0002_55036171,R0002_55043311,1.0,Administration Support,Administration Support,Domain Orchestration,Admin & Support,False
R0002_55043311,R0002_55011220,1.0,Administration Support,Administration Support,Admin & Support,Regulatory Operations BAU,False
R0002_55011220,R0002_55043311,1.0,Administration Support,Administration Support,Regulatory Operations BAU,Admin & Support,False
R0002_55043311,R0002_55043779,1.0,Administration Support,Administration Support,Admin & Support,Release Train,False
R0002_55033035,R0002_55036002,1.0,Administration Support,Administration Support,GPO Process Design & Control,ADV Customer Care 3,False
R0002_55019960,R0002_55036002,1.0,Administration Support,Administration Support,Governance Compliance,ADV Customer Care 3,False
R0002_55036002,R0002_55019960,1.0,Administration Support,Administration Support,ADV Customer Care 3,Governance Compliance,False
R0002_55038839,R0002_55036002,1.0,Administration Support,Administration Support,Global Tech Academy,ADV Customer Care 3,False
R0002_55036002,R0002_55038839,1.0,Administration Support,Administration Support,ADV Customer Care 3,Global Tech Academy,False
R0002_55027831,R0002_55036002,1.0,Administration Support,Administration Support,Front Office Tools,ADV Customer Care 3,False
R0002_55036002,R0002_55027831,1.0,Administration Support,Administration Support,ADV Customer Care 3,Front Office Tools,False
R0002_55028991,R0002_55036002,1.0,Administration Support,Administration Support,Financial Crime and Fraud Technology,ADV Customer Care 3,False
R0002_55036002,R0002_55028991,1.0,Administration Support,Administration Support,ADV Customer Care 3,Financial Crime and Fraud Technology,False
R0002_55031467,R0002_55036002,1.0,Administration Support,Administration Support,FC Enablement - Planning & Execution,ADV Customer Care 3,False
R0002_55036002,R0002_55031467,1.0,Administration Support,Administration Support,ADV Customer Care 3,FC Enablement - Planning & Execution,False
R0002_55011002,R0002_55036002,1.0,Administration Support,Administration Support,Executive Support,ADV Customer Care 3,False
R0002_55036002,R0002_55011002,1.0,Administration Support,Administration Support,ADV Customer Care 3,Executive Support,False
R0002_55035505,R0002_55036002,1.0,Administration Support,Administration Support,ELP SWAT,ADV Customer Care 3,False
R0002_55036002,R0002_55035505,1.0,Administration Support,Administration Support,ADV Customer Care 3,ELP SWAT,False
R0002_55036171,R0002_55036002,1.0,Administration Support,Administration Support,Domain Orchestration,ADV Customer Care 3,False
R0002_55036002,R0002_55033035,1.0,Administration Support,Administration Support,ADV Customer Care 3,GPO Process Design & Control,False
R0002_55036002,R0002_55006197,1.0,Administration Support,Administration Support,ADV Customer Care 3,Group Company Secretary,False
R0002_55043779,R0002_55043311,1.0,Administration Support,Administration Support,Release Train,Admin & Support,False
R0002_55006197,R0002_55036002,1.0,Administration Support,Administration Support,Group Company Secretary,ADV Customer Care 3,False
R0002_55036002,R0002_55003518,1.0,Administration Support,Administration Support,ADV Customer Care 3,NAB Staff Club,False
R0002_55014421,R0002_55036002,1.0,Administration Support,Administration Support,NAB Corporate VIC/SA,ADV Customer Care 3,False
R0002_55036002,R0002_55014421,1.0,Administration Support,Administration Support,ADV Customer Care 3,NAB Corporate VIC/SA,False
R0002_55043136,R0002_55036002,1.0,Administration Support,Administration Support,Merchant Services,ADV Customer Care 3,False
R0002_55036002,R0002_55043136,1.0,Administration Support,Administration Support,ADV Customer Care 3,Merchant Services,False
R0002_55040793,R0002_55036002,1.0,Administration Support,Administration Support,Merchant Contracts,ADV Customer Care 3,False
R0002_55036002,R0002_55040793,1.0,Administration Support,Administration Support,ADV Customer Care 3,Merchant Contracts,False
R0002_55037530,R0002_55036002,1.0,Administration Support,Administration Support,Markets Enablement,ADV Customer Care 3,False
R0002_55036002,R0002_55037530,1.0,Administration Support,Administration Support,ADV Customer Care 3,Markets Enablement,False
R0002_55036050,R0002_55036002,1.0,Administration Support,Administration Support,Lending Experience,ADV Customer Care 3,False
R0002_55036002,R0002_55036050,1.0,Administration Support,Administration Support,ADV Customer Care 3,Lending Experience,False
R0002_55044076,R0002_55036002,1.0,Administration Support,Administration Support,IPP - Data Reporting and Governance,ADV Customer Care 3,False
R0002_55036002,R0002_55044076,1.0,Administration Support,Administration Support,ADV Customer Care 3,IPP - Data Reporting and Governance,False
R0002_55036505,R0002_55036002,1.0,Administration Support,Administration Support,HICAPS Sales,ADV Customer Care 3,False
R0002_55036002,R0002_55036505,1.0,Administration Support,Administration Support,ADV Customer Care 3,HICAPS Sales,False
R0002_55036002,R0002_55036171,1.0,Administration Support,Administration Support,ADV Customer Care 3,Domain Orchestration,False
R0002_55032782,R0002_55036002,1.0,Administration Support,Administration Support,Direct Administration Hub,ADV Customer Care 3,False
R0002_55036002,R0002_55032782,1.0,Administration Support,Administration Support,ADV Customer Care 3,Direct Administration Hub,False
R0002_55039851,R0002_55036002,1.0,Administration Support,Administration Support,Direct Administration Assistants,ADV Customer Care 3,False
R0002_55043311,R0002_55037283,1.0,Administration Support,Administration Support,Admin & Support,VRT/ VIT,False
R0002_55025080,R0002_55043311,1.0,Administration Support,Administration Support,Valuations Operations,Admin & Support,False
R0002_55043311,R0002_55025080,1.0,Administration Support,Administration Support,Admin & Support,Valuations Operations,False
R0002_55031358,R0002_55043311,1.0,Administration Support,Administration Support,Transformation,Admin & Support,False
R0002_55043311,R0002_55031358,1.0,Administration Support,Administration Support,Admin & Support,Transformation,False
R0002_55042075,R0002_55043311,1.0,Administration Support,Administration Support,Suppliers & Partners,Admin & Support,False
R0002_55043311,R0002_55042075,1.0,Administration Support,Administration Support,Admin & Support,Suppliers & Partners,False
R0002_55037718,R0002_55043311,1.0,Administration Support,Administration Support,Subsidiary Governance,Admin & Support,False
R0002_55043311,R0002_55037718,1.0,Administration Support,Administration Support,Admin & Support,Subsidiary Governance,False
R0002_55043901,R0002_55043311,1.0,Administration Support,Administration Support,Siebel Infra and Projects,Admin & Support,False
R0002_55043311,R0002_55043901,1.0,Administration Support,Administration Support,Admin & Support,Siebel Infra and Projects,False
R0002_55037878,R0002_55043311,1.0,Administration Support,Administration Support,Shared Services Collection,Admin & Support,False
R0002_55043311,R0002_55037878,1.0,Administration Support,Administration Support,Admin & Support,Shared Services Collection,False
R0002_55026664,R0002_55043311,1.0,Administration Support,Administration Support,Risk Commitee,Admin & Support,False
R0002_55043311,R0002_55026664,1.0,Administration Support,Administration Support,Admin & Support,Risk Commitee,False
R0002_55037283,R0002_55043311,1.0,Administration Support,Administration Support,VRT/ VIT,Admin & Support,False
R0002_55043311,R0002_55019387,1.0,Administration Support,Administration Support,Admin & Support,Whistleblower,False
R0002_55019387,R0002_55043311,1.0,Administration Support,Administration Support,Whistleblower,Admin & Support,False
R0002_55036002,R0002_55041509,1.0,Administration Support,Administration Support,ADV Customer Care 3,Contact Centre WL Servicing,False
R0002_55036002,R0002_55039851,1.0,Administration Support,Administration Support,ADV Customer Care 3,Direct Administration Assistants,False
R0002_55037787,R0002_55036002,1.0,Administration Support,Administration Support,Delivery Services & Change Management,ADV Customer Care 3,False
R0002_55036002,R0002_55037787,1.0,Administration Support,Administration Support,ADV Customer Care 3,Delivery Services & Change Management,False
R0002_55036059,R0002_55036002,1.0,Administration Support,Administration Support,Credit Strategy,ADV Customer Care 3,False
R0002_55036002,R0002_55036059,1.0,Administration Support,Administration Support,ADV Customer Care 3,Credit Strategy,False
R0002_55041509,R0002_55036002,1.0,Administration Support,Administration Support,Contact Centre WL Servicing,ADV Customer Care 3,False
R0002_55024341,R0002_55036002,1.0,Administration Support,Administration Support,Client Coverage Executive Management and,ADV Customer Care 3,False
R0002_55036002,R0002_55015378,1.0,Administration Support,Administration Support,ADV Customer Care 3,Broker Response Centre 1,False
R0002_55036002,R0002_55024341,1.0,Administration Support,Administration Support,ADV Customer Care 3,Client Coverage Executive Management and,False
R0002_55025944,R0002_55036002,1.0,Administration Support,Administration Support,Business Operations and Governance,ADV Customer Care 3,False
R0002_55036002,R0002_55025944,1.0,Administration Support,Administration Support,ADV Customer Care 3,Business Operations and Governance,False
R0002_55032731,R0002_55036002,1.0,Administration Support,Administration Support,Business Execution,ADV Customer Care 3,False
R0002_55036002,R0002_55032731,1.0,Administration Support,Administration Support,ADV Customer Care 3,Business Execution,False
R0002_55015378,R0002_55036002,1.0,Administration Support,Administration Support,Broker Response Centre 1,ADV Customer Care 3,False
R0002_55032731,R0002_55011002,1.0,Administration Support,Administration Support,Business Execution,Executive Support,False
R0002_55011002,R0002_55032731,1.0,Administration Support,Administration Support,Executive Support,Business Execution,False
R0002_55032731,R0002_55031467,1.0,Administration Support,Administration Support,Business Execution,FC Enablement - Planning & Execution,False
R0002_55024341,R0002_55035727,1.0,Administration Support,Administration Support,Client Coverage Executive Management and,NH Data Operations,False
R0002_55024341,R0002_55027319,1.0,Administration Support,Administration Support,Client Coverage Executive Management and,NAB Staff Club - MF,False
R0002_55003518,R0002_55024341,1.0,Administration Support,Administration Support,NAB Staff Club,Client Coverage Executive Management and,False
R0002_55024341,R0002_55003518,1.0,Administration Support,Administration Support,Client Coverage Executive Management and,NAB Staff Club,False
R0002_55014421,R0002_55024341,1.0,Administration Support,Administration Support,NAB Corporate VIC/SA,Client Coverage Executive Management and,False
R0002_55024341,R0002_55014421,1.0,Administration Support,Administration Support,Client Coverage Executive Management and,NAB Corporate VIC/SA,False
R0002_55043136,R0002_55024341,1.0,Administration Support,Administration Support,Merchant Services,Client Coverage Executive Management and,False
R0002_55024341,R0002_55043136,1.0,Administration Support,Administration Support,Client Coverage Executive Management and,Merchant Services,False
R0002_55040793,R0002_55024341,1.0,Administration Support,Administration Support,Merchant Contracts,Client Coverage Executive Management and,False
R0002_55024341,R0002_55040793,1.0,Administration Support,Administration Support,Client Coverage Executive Management and,Merchant Contracts,False
R0002_55037530,R0002_55024341,1.0,Administration Support,Administration Support,Markets Enablement,Client Coverage Executive Management and,False
R0002_55024341,R0002_55037530,1.0,Administration Support,Administration Support,Client Coverage Executive Management and,Markets Enablement,False
R0002_55036050,R0002_55024341,1.0,Administration Support,Administration Support,Lending Experience,Client Coverage Executive Management and,False
R0002_55024341,R0002_55036050,1.0,Administration Support,Administration Support,Client Coverage Executive Management and,Lending Experience,False
R0002_55044076,R0002_55024341,1.0,Administration Support,Administration Support,IPP - Data Reporting and Governance,Client Coverage Executive Management and,False
R0002_55024341,R0002_55044076,1.0,Administration Support,Administration Support,Client Coverage Executive Management and,IPP - Data Reporting and Governance,False
R0002_55027319,R0002_55024341,1.0,Administration Support,Administration Support,NAB Staff Club - MF,Client Coverage Executive Management and,False
R0002_55035727,R0002_55024341,1.0,Administration Support,Administration Support,NH Data Operations,Client Coverage Executive Management and,False
R0002_55024341,R0002_55036505,1.0,Administration Support,Administration Support,Client Coverage Executive Management and,HICAPS Sales,False
R0002_55024341,R0002_55032858,1.0,Administration Support,Administration Support,Client Coverage Executive Management and,Operations and Property Support,False
R0002_55011220,R0002_55024341,1.0,Administration Support,Administration Support,Regulatory Operations BAU,Client Coverage Executive Management and,False
R0002_55024341,R0002_55011220,1.0,Administration Support,Administration Support,Client Coverage Executive Management and,Regulatory Operations BAU,False
R0002_55030125,R0002_55024341,1.0,Administration Support,Administration Support,Records Mgmt & Third Party Data Serv,Client Coverage Executive Management and,False
R0002_55024341,R0002_55030125,1.0,Administration Support,Administration Support,Client Coverage Executive Management and,Records Mgmt & Third Party Data Serv,False
R0002_55031084,R0002_55024341,1.0,Administration Support,Administration Support,Quality Assurance,Client Coverage Executive Management and,False
R0002_55024341,R0002_55031084,1.0,Administration Support,Administration Support,Client Coverage Executive Management and,Quality Assurance,False
R0002_55041833,R0002_55024341,1.0,Administration Support,Administration Support,POA Implementation,Client Coverage Executive Management and,False
R0002_55024341,R0002_55041833,1.0,Administration Support,Administration Support,Client Coverage Executive Management and,POA Implementation,False
R0002_55041025,R0002_55024341,1.0,Administration Support,Administration Support,People Reporting,Client Coverage Executive Management and,False
R0002_55024341,R0002_55041025,1.0,Administration Support,Administration Support,Client Coverage Executive Management and,People Reporting,False
R0002_55039889,R0002_55024341,1.0,Administration Support,Administration Support,Payments Experience,Client Coverage Executive Management and,False
R0002_55024341,R0002_55039889,1.0,Administration Support,Administration Support,Client Coverage Executive Management and,Payments Experience,False
R0002_55029026,R0002_55024341,1.0,Administration Support,Administration Support,P&C Divisional Controls,Client Coverage Executive Management and,False
R0002_55024341,R0002_55029026,1.0,Administration Support,Administration Support,Client Coverage Executive Management and,P&C Divisional Controls,False
R0002_55032858,R0002_55024341,1.0,Administration Support,Administration Support,Operations and Property Support,Client Coverage Executive Management and,False
R0002_55036505,R0002_55024341,1.0,Administration Support,Administration Support,HICAPS Sales,Client Coverage Executive Management and,False
R0002_55006197,R0002_55024341,1.0,Administration Support,Administration Support,Group Company Secretary,Client Coverage Executive Management and,False
R0002_55031467,R0002_55032731,1.0,Administration Support,Administration Support,FC Enablement - Planning & Execution,Business Execution,False
R0002_55024341,R0002_55036171,1.0,Administration Support,Administration Support,Client Coverage Executive Management and,Domain Orchestration,False
R0002_55024341,R0002_55032782,1.0,Administration Support,Administration Support,Client Coverage Executive Management and,Direct Administration Hub,False
R0002_55039851,R0002_55024341,1.0,Administration Support,Administration Support,Direct Administration Assistants,Client Coverage Executive Management and,False
R0002_55024341,R0002_55039851,1.0,Administration Support,Administration Support,Client Coverage Executive Management and,Direct Administration Assistants,False
R0002_55037787,R0002_55024341,1.0,Administration Support,Administration Support,Delivery Services & Change Management,Client Coverage Executive Management and,False
R0002_55024341,R0002_55037787,1.0,Administration Support,Administration Support,Client Coverage Executive Management and,Delivery Services & Change Management,False
R0002_55036059,R0002_55024341,1.0,Administration Support,Administration Support,Credit Strategy,Client Coverage Executive Management and,False
R0002_55024341,R0002_55036059,1.0,Administration Support,Administration Support,Client Coverage Executive Management and,Credit Strategy,False
R0002_55041509,R0002_55024341,1.0,Administration Support,Administration Support,Contact Centre WL Servicing,Client Coverage Executive Management and,False
R0002_55024341,R0002_55041509,1.0,Administration Support,Administration Support,Client Coverage Executive Management and,Contact Centre WL Servicing,False
R0002_55019387,R0002_55025944,1.0,Administration Support,Administration Support,Whistleblower,Business Operations and Governance,False
R0002_55025944,R0002_55019387,1.0,Administration Support,Administration Support,Business Operations and Governance,Whistleblower,False
R0002_55037283,R0002_55025944,1.0,Administration Support,Administration Support,VRT/ VIT,Business Operations and Governance,False
R0002_55025944,R0002_55037283,1.0,Administration Support,Administration Support,Business Operations and Governance,VRT/ VIT,False
R0002_55025080,R0002_55025944,1.0,Administration Support,Administration Support,Valuations Operations,Business Operations and Governance,False
R0002_55025944,R0002_55025080,1.0,Administration Support,Administration Support,Business Operations and Governance,Valuations Operations,False
R0002_55032782,R0002_55024341,1.0,Administration Support,Administration Support,Direct Administration Hub,Client Coverage Executive Management and,False
R0002_55036171,R0002_55024341,1.0,Administration Support,Administration Support,Domain Orchestration,Client Coverage Executive Management and,False
R0002_55024341,R0002_55006197,1.0,Administration Support,Administration Support,Client Coverage Executive Management and,Group Company Secretary,False
R0002_55024341,R0002_55035505,1.0,Administration Support,Administration Support,Client Coverage Executive Management and,ELP SWAT,False
R0002_55033035,R0002_55024341,1.0,Administration Support,Administration Support,GPO Process Design & Control,Client Coverage Executive Management and,False
R0002_55024341,R0002_55033035,1.0,Administration Support,Administration Support,Client Coverage Executive Management and,GPO Process Design & Control,False
R0002_55019960,R0002_55024341,1.0,Administration Support,Administration Support,Governance Compliance,Client Coverage Executive Management and,False
R0002_55024341,R0002_55019960,1.0,Administration Support,Administration Support,Client Coverage Executive Management and,Governance Compliance,False
R0002_55038839,R0002_55024341,1.0,Administration Support,Administration Support,Global Tech Academy,Client Coverage Executive Management and,False
R0002_55024341,R0002_55038839,1.0,Administration Support,Administration Support,Client Coverage Executive Management and,Global Tech Academy,False
R0002_55027831,R0002_55024341,1.0,Administration Support,Administration Support,Front Office Tools,Client Coverage Executive Management and,False
R0002_55024341,R0002_55027831,1.0,Administration Support,Administration Support,Client Coverage Executive Management and,Front Office Tools,False
R0002_55028991,R0002_55024341,1.0,Administration Support,Administration Support,Financial Crime and Fraud Technology,Client Coverage Executive Management and,False
R0002_55024341,R0002_55028991,1.0,Administration Support,Administration Support,Client Coverage Executive Management and,Financial Crime and Fraud Technology,False
R0002_55031467,R0002_55024341,1.0,Administration Support,Administration Support,FC Enablement - Planning & Execution,Client Coverage Executive Management and,False
R0002_55024341,R0002_55031467,1.0,Administration Support,Administration Support,Client Coverage Executive Management and,FC Enablement - Planning & Execution,False
R0002_55011002,R0002_55024341,1.0,Administration Support,Administration Support,Executive Support,Client Coverage Executive Management and,False
R0002_55024341,R0002_55011002,1.0,Administration Support,Administration Support,Client Coverage Executive Management and,Executive Support,False
R0002_55035505,R0002_55024341,1.0,Administration Support,Administration Support,ELP SWAT,Client Coverage Executive Management and,False
R0002_55024341,R0002_55043779,1.0,Administration Support,Administration Support,Client Coverage Executive Management and,Release Train,False
R0002_55043779,R0002_55024341,1.0,Administration Support,Administration Support,Release Train,Client Coverage Executive Management and,False
R0002_55024341,R0002_55026664,1.0,Administration Support,Administration Support,Client Coverage Executive Management and,Risk Commitee,False
R0002_55040793,R0002_55041509,1.0,Administration Support,Administration Support,Merchant Contracts,Contact Centre WL Servicing,False
R0002_55037530,R0002_55041509,1.0,Administration Support,Administration Support,Markets Enablement,Contact Centre WL Servicing,False
R0002_55041509,R0002_55037530,1.0,Administration Support,Administration Support,Contact Centre WL Servicing,Markets Enablement,False
R0002_55036050,R0002_55041509,1.0,Administration Support,Administration Support,Lending Experience,Contact Centre WL Servicing,False
R0002_55041509,R0002_55036050,1.0,Administration Support,Administration Support,Contact Centre WL Servicing,Lending Experience,False
R0002_55044076,R0002_55041509,1.0,Administration Support,Administration Support,IPP - Data Reporting and Governance,Contact Centre WL Servicing,False
R0002_55041509,R0002_55044076,1.0,Administration Support,Administration Support,Contact Centre WL Servicing,IPP - Data Reporting and Governance,False
R0002_55036505,R0002_55041509,1.0,Administration Support,Administration Support,HICAPS Sales,Contact Centre WL Servicing,False
R0002_55041509,R0002_55036505,1.0,Administration Support,Administration Support,Contact Centre WL Servicing,HICAPS Sales,False
R0002_55006197,R0002_55041509,1.0,Administration Support,Administration Support,Group Company Secretary,Contact Centre WL Servicing,False
R0002_55041509,R0002_55006197,1.0,Administration Support,Administration Support,Contact Centre WL Servicing,Group Company Secretary,False
R0002_55033035,R0002_55041509,1.0,Administration Support,Administration Support,GPO Process Design & Control,Contact Centre WL Servicing,False
R0002_55041509,R0002_55033035,1.0,Administration Support,Administration Support,Contact Centre WL Servicing,GPO Process Design & Control,False
R0002_55019960,R0002_55041509,1.0,Administration Support,Administration Support,Governance Compliance,Contact Centre WL Servicing,False
R0002_55041509,R0002_55019960,1.0,Administration Support,Administration Support,Contact Centre WL Servicing,Governance Compliance,False
R0002_55038839,R0002_55041509,1.0,Administration Support,Administration Support,Global Tech Academy,Contact Centre WL Servicing,False
R0002_55041509,R0002_55040793,1.0,Administration Support,Administration Support,Contact Centre WL Servicing,Merchant Contracts,False
R0002_55041509,R0002_55043136,1.0,Administration Support,Administration Support,Contact Centre WL Servicing,Merchant Services,False
R0002_55026664,R0002_55024341,1.0,Administration Support,Administration Support,Risk Commitee,Client Coverage Executive Management and,False
R0002_55043136,R0002_55041509,1.0,Administration Support,Administration Support,Merchant Services,Contact Centre WL Servicing,False
R0002_55041509,R0002_55041025,1.0,Administration Support,Administration Support,Contact Centre WL Servicing,People Reporting,False
R0002_55039889,R0002_55041509,1.0,Administration Support,Administration Support,Payments Experience,Contact Centre WL Servicing,False
R0002_55041509,R0002_55039889,1.0,Administration Support,Administration Support,Contact Centre WL Servicing,Payments Experience,False
R0002_55029026,R0002_55041509,1.0,Administration Support,Administration Support,P&C Divisional Controls,Contact Centre WL Servicing,False
R0002_55041509,R0002_55029026,1.0,Administration Support,Administration Support,Contact Centre WL Servicing,P&C Divisional Controls,False
R0002_55032858,R0002_55041509,1.0,Administration Support,Administration Support,Operations and Property Support,Contact Centre WL Servicing,False
R0002_55041509,R0002_55032858,1.0,Administration Support,Administration Support,Contact Centre WL Servicing,Operations and Property Support,False
R0002_55035727,R0002_55041509,1.0,Administration Support,Administration Support,NH Data Operations,Contact Centre WL Servicing,False
R0002_55041509,R0002_55035727,1.0,Administration Support,Administration Support,Contact Centre WL Servicing,NH Data Operations,False
R0002_55027319,R0002_55041509,1.0,Administration Support,Administration Support,NAB Staff Club - MF,Contact Centre WL Servicing,False
R0002_55041509,R0002_55027319,1.0,Administration Support,Administration Support,Contact Centre WL Servicing,NAB Staff Club - MF,False
R0002_55003518,R0002_55041509,1.0,Administration Support,Administration Support,NAB Staff Club,Contact Centre WL Servicing,False
R0002_55041509,R0002_55003518,1.0,Administration Support,Administration Support,Contact Centre WL Servicing,NAB Staff Club,False
R0002_55014421,R0002_55041509,1.0,Administration Support,Administration Support,NAB Corporate VIC/SA,Contact Centre WL Servicing,False
R0002_55041509,R0002_55014421,1.0,Administration Support,Administration Support,Contact Centre WL Servicing,NAB Corporate VIC/SA,False
R0002_55041509,R0002_55038839,1.0,Administration Support,Administration Support,Contact Centre WL Servicing,Global Tech Academy,False
R0002_55027831,R0002_55041509,1.0,Administration Support,Administration Support,Front Office Tools,Contact Centre WL Servicing,False
R0002_55041509,R0002_55027831,1.0,Administration Support,Administration Support,Contact Centre WL Servicing,Front Office Tools,False
R0002_55028991,R0002_55041509,1.0,Administration Support,Administration Support,Financial Crime and Fraud Technology,Contact Centre WL Servicing,False
R0002_55024341,R0002_55019387,1.0,Administration Support,Administration Support,Client Coverage Executive Management and,Whistleblower,False
R0002_55037283,R0002_55024341,1.0,Administration Support,Administration Support,VRT/ VIT,Client Coverage Executive Management and,False
R0002_55024341,R0002_55037283,1.0,Administration Support,Administration Support,Client Coverage Executive Management and,VRT/ VIT,False
R0002_55025080,R0002_55024341,1.0,Administration Support,Administration Support,Valuations Operations,Client Coverage Executive Management and,False
R0002_55024341,R0002_55025080,1.0,Administration Support,Administration Support,Client Coverage Executive Management and,Valuations Operations,False
R0002_55031358,R0002_55024341,1.0,Administration Support,Administration Support,Transformation,Client Coverage Executive Management and,False
R0002_55024341,R0002_55031358,1.0,Administration Support,Administration Support,Client Coverage Executive Management and,Transformation,False
R0002_55042075,R0002_55024341,1.0,Administration Support,Administration Support,Suppliers & Partners,Client Coverage Executive Management and,False
R0002_55024341,R0002_55042075,1.0,Administration Support,Administration Support,Client Coverage Executive Management and,Suppliers & Partners,False
R0002_55037718,R0002_55024341,1.0,Administration Support,Administration Support,Subsidiary Governance,Client Coverage Executive Management and,False
R0002_55024341,R0002_55037718,1.0,Administration Support,Administration Support,Client Coverage Executive Management and,Subsidiary Governance,False
R0002_55043901,R0002_55024341,1.0,Administration Support,Administration Support,Siebel Infra and Projects,Client Coverage Executive Management and,False
R0002_55024341,R0002_55043901,1.0,Administration Support,Administration Support,Client Coverage Executive Management and,Siebel Infra and Projects,False
R0002_55037878,R0002_55024341,1.0,Administration Support,Administration Support,Shared Services Collection,Client Coverage Executive Management and,False
R0002_55024341,R0002_55037878,1.0,Administration Support,Administration Support,Client Coverage Executive Management and,Shared Services Collection,False
R0002_55019387,R0002_55024341,1.0,Administration Support,Administration Support,Whistleblower,Client Coverage Executive Management and,False
R0002_55041509,R0002_55036059,1.0,Administration Support,Administration Support,Contact Centre WL Servicing,Credit Strategy,False
R0002_55036059,R0002_55041509,1.0,Administration Support,Administration Support,Credit Strategy,Contact Centre WL Servicing,False
R0002_55041509,R0002_55035505,1.0,Administration Support,Administration Support,Contact Centre WL Servicing,ELP SWAT,False
R0002_55041509,R0002_55028991,1.0,Administration Support,Administration Support,Contact Centre WL Servicing,Financial Crime and Fraud Technology,False
R0002_55031467,R0002_55041509,1.0,Administration Support,Administration Support,FC Enablement - Planning & Execution,Contact Centre WL Servicing,False
R0002_55041509,R0002_55031467,1.0,Administration Support,Administration Support,Contact Centre WL Servicing,FC Enablement - Planning & Execution,False
R0002_55011002,R0002_55041509,1.0,Administration Support,Administration Support,Executive Support,Contact Centre WL Servicing,False
R0002_55041509,R0002_55011002,1.0,Administration Support,Administration Support,Contact Centre WL Servicing,Executive Support,False
R0002_55035505,R0002_55041509,1.0,Administration Support,Administration Support,ELP SWAT,Contact Centre WL Servicing,False
R0002_55036171,R0002_55041509,1.0,Administration Support,Administration Support,Domain Orchestration,Contact Centre WL Servicing,False
R0002_55041509,R0002_55037787,1.0,Administration Support,Administration Support,Contact Centre WL Servicing,Delivery Services & Change Management,False
R0002_55041509,R0002_55036171,1.0,Administration Support,Administration Support,Contact Centre WL Servicing,Domain Orchestration,False
R0002_55032782,R0002_55041509,1.0,Administration Support,Administration Support,Direct Administration Hub,Contact Centre WL Servicing,False
R0002_55041509,R0002_55032782,1.0,Administration Support,Administration Support,Contact Centre WL Servicing,Direct Administration Hub,False
R0002_55039851,R0002_55041509,1.0,Administration Support,Administration Support,Direct Administration Assistants,Contact Centre WL Servicing,False
R0002_55041509,R0002_55039851,1.0,Administration Support,Administration Support,Contact Centre WL Servicing,Direct Administration Assistants,False
R0002_55037787,R0002_55041509,1.0,Administration Support,Administration Support,Delivery Services & Change Management,Contact Centre WL Servicing,False
R0002_55031358,R0002_55025944,1.0,Administration Support,Administration Support,Transformation,Business Operations and Governance,False
R0002_55025944,R0002_55031358,1.0,Administration Support,Administration Support,Business Operations and Governance,Transformation,False
R0002_55042075,R0002_55025944,1.0,Administration Support,Administration Support,Suppliers & Partners,Business Operations and Governance,False
R0002_55037878,R0002_55032731,1.0,Administration Support,Administration Support,Shared Services Collection,Business Execution,False
R0002_55026664,R0002_55032731,1.0,Administration Support,Administration Support,Risk Commitee,Business Execution,False
R0002_55032731,R0002_55026664,1.0,Administration Support,Administration Support,Business Execution,Risk Commitee,False
R0002_55043779,R0002_55032731,1.0,Administration Support,Administration Support,Release Train,Business Execution,False
R0002_55032731,R0002_55043779,1.0,Administration Support,Administration Support,Business Execution,Release Train,False
R0002_55011220,R0002_55032731,1.0,Administration Support,Administration Support,Regulatory Operations BAU,Business Execution,False
R0002_55032731,R0002_55011220,1.0,Administration Support,Administration Support,Business Execution,Regulatory Operations BAU,False
R0002_55030125,R0002_55032731,1.0,Administration Support,Administration Support,Records Mgmt & Third Party Data Serv,Business Execution,False
R0002_55032731,R0002_55030125,1.0,Administration Support,Administration Support,Business Execution,Records Mgmt & Third Party Data Serv,False
R0002_55031084,R0002_55032731,1.0,Administration Support,Administration Support,Quality Assurance,Business Execution,False
R0002_55032731,R0002_55031084,1.0,Administration Support,Administration Support,Business Execution,Quality Assurance,False
R0002_55041833,R0002_55032731,1.0,Administration Support,Administration Support,POA Implementation,Business Execution,False
R0002_55032731,R0002_55041833,1.0,Administration Support,Administration Support,Business Execution,POA Implementation,False
R0002_55041025,R0002_55032731,1.0,Administration Support,Administration Support,People Reporting,Business Execution,False
R0002_55032731,R0002_55041025,1.0,Administration Support,Administration Support,Business Execution,People Reporting,False
R0002_55039889,R0002_55032731,1.0,Administration Support,Administration Support,Payments Experience,Business Execution,False
R0002_55032731,R0002_55037878,1.0,Administration Support,Administration Support,Business Execution,Shared Services Collection,False
R0002_55032731,R0002_55043901,1.0,Administration Support,Administration Support,Business Execution,Siebel Infra and Projects,False
R0002_55025944,R0002_55036059,1.0,Administration Support,Administration Support,Business Operations and Governance,Credit Strategy,False
R0002_55043901,R0002_55032731,1.0,Administration Support,Administration Support,Siebel Infra and Projects,Business Execution,False
R0002_55025944,R0002_55041509,1.0,Administration Support,Administration Support,Business Operations and Governance,Contact Centre WL Servicing,False
R0002_55024341,R0002_55025944,1.0,Administration Support,Administration Support,Client Coverage Executive Management and,Business Operations and Governance,False
R0002_55025944,R0002_55024341,1.0,Administration Support,Administration Support,Business Operations and Governance,Client Coverage Executive Management and,False
R0002_55019387,R0002_55032731,1.0,Administration Support,Administration Support,Whistleblower,Business Execution,False
R0002_55032731,R0002_55019387,1.0,Administration Support,Administration Support,Business Execution,Whistleblower,False
R0002_55037283,R0002_55032731,1.0,Administration Support,Administration Support,VRT/ VIT,Business Execution,False
R0002_55032731,R0002_55037283,1.0,Administration Support,Administration Support,Business Execution,VRT/ VIT,False
R0002_55025080,R0002_55032731,1.0,Administration Support,Administration Support,Valuations Operations,Business Execution,False
R0002_55032731,R0002_55025080,1.0,Administration Support,Administration Support,Business Execution,Valuations Operations,False
R0002_55031358,R0002_55032731,1.0,Administration Support,Administration Support,Transformation,Business Execution,False
R0002_55032731,R0002_55031358,1.0,Administration Support,Administration Support,Business Execution,Transformation,False
R0002_55042075,R0002_55032731,1.0,Administration Support,Administration Support,Suppliers & Partners,Business Execution,False
R0002_55032731,R0002_55042075,1.0,Administration Support,Administration Support,Business Execution,Suppliers & Partners,False
R0002_55037718,R0002_55032731,1.0,Administration Support,Administration Support,Subsidiary Governance,Business Execution,False
R0002_55032731,R0002_55037718,1.0,Administration Support,Administration Support,Business Execution,Subsidiary Governance,False
R0002_55032731,R0002_55039889,1.0,Administration Support,Administration Support,Business Execution,Payments Experience,False
R0002_55029026,R0002_55032731,1.0,Administration Support,Administration Support,P&C Divisional Controls,Business Execution,False
R0002_55032731,R0002_55029026,1.0,Administration Support,Administration Support,Business Execution,P&C Divisional Controls,False
R0002_55032858,R0002_55032731,1.0,Administration Support,Administration Support,Operations and Property Support,Business Execution,False
R0002_55032731,R0002_55044076,1.0,Administration Support,Administration Support,Business Execution,IPP - Data Reporting and Governance,False
R0002_55036505,R0002_55032731,1.0,Administration Support,Administration Support,HICAPS Sales,Business Execution,False
R0002_55032731,R0002_55036505,1.0,Administration Support,Administration Support,Business Execution,HICAPS Sales,False
R0002_55006197,R0002_55032731,1.0,Administration Support,Administration Support,Group Company Secretary,Business Execution,False
R0002_55032731,R0002_55006197,1.0,Administration Support,Administration Support,Business Execution,Group Company Secretary,False
R0002_55033035,R0002_55032731,1.0,Administration Support,Administration Support,GPO Process Design & Control,Business Execution,False
R0002_55032731,R0002_55033035,1.0,Administration Support,Administration Support,Business Execution,GPO Process Design & Control,False
R0002_55019960,R0002_55032731,1.0,Administration Support,Administration Support,Governance Compliance,Business Execution,False
R0002_55032731,R0002_55019960,1.0,Administration Support,Administration Support,Business Execution,Governance Compliance,False
R0002_55038839,R0002_55032731,1.0,Administration Support,Administration Support,Global Tech Academy,Business Execution,False
R0002_55032731,R0002_55038839,1.0,Administration Support,Administration Support,Business Execution,Global Tech Academy,False
R0002_55027831,R0002_55032731,1.0,Administration Support,Administration Support,Front Office Tools,Business Execution,False
R0002_55032731,R0002_55027831,1.0,Administration Support,Administration Support,Business Execution,Front Office Tools,False
R0002_55028991,R0002_55032731,1.0,Administration Support,Administration Support,Financial Crime and Fraud Technology,Business Execution,False
R0002_55032731,R0002_55028991,1.0,Administration Support,Administration Support,Business Execution,Financial Crime and Fraud Technology,False
R0002_55044076,R0002_55032731,1.0,Administration Support,Administration Support,IPP - Data Reporting and Governance,Business Execution,False
R0002_55032731,R0002_55036050,1.0,Administration Support,Administration Support,Business Execution,Lending Experience,False
R0002_55036050,R0002_55032731,1.0,Administration Support,Administration Support,Lending Experience,Business Execution,False
R0002_55032731,R0002_55003518,1.0,Administration Support,Administration Support,Business Execution,NAB Staff Club,False
R0002_55032731,R0002_55032858,1.0,Administration Support,Administration Support,Business Execution,Operations and Property Support,False
R0002_55035727,R0002_55032731,1.0,Administration Support,Administration Support,NH Data Operations,Business Execution,False
R0002_55032731,R0002_55035727,1.0,Administration Support,Administration Support,Business Execution,NH Data Operations,False
R0002_55027319,R0002_55032731,1.0,Administration Support,Administration Support,NAB Staff Club - MF,Business Execution,False
R0002_55032731,R0002_55027319,1.0,Administration Support,Administration Support,Business Execution,NAB Staff Club - MF,False
R0002_55003518,R0002_55032731,1.0,Administration Support,Administration Support,NAB Staff Club,Business Execution,False
R0002_55014421,R0002_55032731,1.0,Administration Support,Administration Support,NAB Corporate VIC/SA,Business Execution,False
R0002_55032731,R0002_55037530,1.0,Administration Support,Administration Support,Business Execution,Markets Enablement,False
R0002_55032731,R0002_55014421,1.0,Administration Support,Administration Support,Business Execution,NAB Corporate VIC/SA,False
R0002_55043136,R0002_55032731,1.0,Administration Support,Administration Support,Merchant Services,Business Execution,False
R0002_55032731,R0002_55043136,1.0,Administration Support,Administration Support,Business Execution,Merchant Services,False
R0002_55040793,R0002_55032731,1.0,Administration Support,Administration Support,Merchant Contracts,Business Execution,False
R0002_55032731,R0002_55040793,1.0,Administration Support,Administration Support,Business Execution,Merchant Contracts,False
R0002_55037530,R0002_55032731,1.0,Administration Support,Administration Support,Markets Enablement,Business Execution,False
R0002_55041509,R0002_55025944,1.0,Administration Support,Administration Support,Contact Centre WL Servicing,Business Operations and Governance,False
R0002_55036059,R0002_55025944,1.0,Administration Support,Administration Support,Credit Strategy,Business Operations and Governance,False
R0002_55025944,R0002_55042075,1.0,Administration Support,Administration Support,Business Operations and Governance,Suppliers & Partners,False
R0002_55025944,R0002_55041833,1.0,Administration Support,Administration Support,Business Operations and Governance,POA Implementation,False
R0002_55025944,R0002_55041025,1.0,Administration Support,Administration Support,Business Operations and Governance,People Reporting,False
R0002_55039889,R0002_55025944,1.0,Administration Support,Administration Support,Payments Experience,Business Operations and Governance,False
R0002_55025944,R0002_55039889,1.0,Administration Support,Administration Support,Business Operations and Governance,Payments Experience,False
R0002_55029026,R0002_55025944,1.0,Administration Support,Administration Support,P&C Divisional Controls,Business Operations and Governance,False
R0002_55025944,R0002_55029026,1.0,Administration Support,Administration Support,Business Operations and Governance,P&C Divisional Controls,False
R0002_55032858,R0002_55025944,1.0,Administration Support,Administration Support,Operations and Property Support,Business Operations and Governance,False
R0002_55025944,R0002_55032858,1.0,Administration Support,Administration Support,Business Operations and Governance,Operations and Property Support,False
R0002_55035727,R0002_55025944,1.0,Administration Support,Administration Support,NH Data Operations,Business Operations and Governance,False
R0002_55025944,R0002_55035727,1.0,Administration Support,Administration Support,Business Operations and Governance,NH Data Operations,False
R0002_55027319,R0002_55025944,1.0,Administration Support,Administration Support,NAB Staff Club - MF,Business Operations and Governance,False
R0002_55025944,R0002_55027319,1.0,Administration Support,Administration Support,Business Operations and Governance,NAB Staff Club - MF,False
R0002_55003518,R0002_55025944,1.0,Administration Support,Administration Support,NAB Staff Club,Business Operations and Governance,False
R0002_55025944,R0002_55003518,1.0,Administration Support,Administration Support,Business Operations and Governance,NAB Staff Club,False
R0002_55014421,R0002_55025944,1.0,Administration Support,Administration Support,NAB Corporate VIC/SA,Business Operations and Governance,False
R0002_55025944,R0002_55014421,1.0,Administration Support,Administration Support,Business Operations and Governance,NAB Corporate VIC/SA,False
R0002_55041025,R0002_55025944,1.0,Administration Support,Administration Support,People Reporting,Business Operations and Governance,False
R0002_55041833,R0002_55025944,1.0,Administration Support,Administration Support,POA Implementation,Business Operations and Governance,False
R0002_55025944,R0002_55037787,1.0,Administration Support,Administration Support,Business Operations and Governance,Delivery Services & Change Management,False
R0002_55025944,R0002_55031084,1.0,Administration Support,Administration Support,Business Operations and Governance,Quality Assurance,False
R0002_55037718,R0002_55025944,1.0,Administration Support,Administration Support,Subsidiary Governance,Business Operations and Governance,False
R0002_55025944,R0002_55037718,1.0,Administration Support,Administration Support,Business Operations and Governance,Subsidiary Governance,False
R0002_55043901,R0002_55025944,1.0,Administration Support,Administration Support,Siebel Infra and Projects,Business Operations and Governance,False
R0002_55025944,R0002_55043901,1.0,Administration Support,Administration Support,Business Operations and Governance,Siebel Infra and Projects,False
R0002_55037878,R0002_55025944,1.0,Administration Support,Administration Support,Shared Services Collection,Business Operations and Governance,False
R0002_55025944,R0002_55037878,1.0,Administration Support,Administration Support,Business Operations and Governance,Shared Services Collection,False
R0002_55026664,R0002_55025944,1.0,Administration Support,Administration Support,Risk Commitee,Business Operations and Governance,False
R0002_55025944,R0002_55026664,1.0,Administration Support,Administration Support,Business Operations and Governance,Risk Commitee,False
R0002_55043779,R0002_55025944,1.0,Administration Support,Administration Support,Release Train,Business Operations and Governance,False
R0002_55025944,R0002_55043779,1.0,Administration Support,Administration Support,Business Operations and Governance,Release Train,False
R0002_55011220,R0002_55025944,1.0,Administration Support,Administration Support,Regulatory Operations BAU,Business Operations and Governance,False
R0002_55025944,R0002_55011220,1.0,Administration Support,Administration Support,Business Operations and Governance,Regulatory Operations BAU,False
R0002_55030125,R0002_55025944,1.0,Administration Support,Administration Support,Records Mgmt & Third Party Data Serv,Business Operations and Governance,False
R0002_55025944,R0002_55030125,1.0,Administration Support,Administration Support,Business Operations and Governance,Records Mgmt & Third Party Data Serv,False
R0002_55031084,R0002_55025944,1.0,Administration Support,Administration Support,Quality Assurance,Business Operations and Governance,False
R0002_55043136,R0002_55025944,1.0,Administration Support,Administration Support,Merchant Services,Business Operations and Governance,False
R0002_55025944,R0002_55043136,1.0,Administration Support,Administration Support,Business Operations and Governance,Merchant Services,False
R0002_55040793,R0002_55025944,1.0,Administration Support,Administration Support,Merchant Contracts,Business Operations and Governance,False
R0002_55025944,R0002_55040793,1.0,Administration Support,Administration Support,Business Operations and Governance,Merchant Contracts,False
R0002_55028991,R0002_55025944,1.0,Administration Support,Administration Support,Financial Crime and Fraud Technology,Business Operations and Governance,False
R0002_55025944,R0002_55028991,1.0,Administration Support,Administration Support,Business Operations and Governance,Financial Crime and Fraud Technology,False
R0002_55031467,R0002_55025944,1.0,Administration Support,Administration Support,FC Enablement - Planning & Execution,Business Operations and Governance,False
R0002_55025944,R0002_55031467,1.0,Administration Support,Administration Support,Business Operations and Governance,FC Enablement - Planning & Execution,False
R0002_55011002,R0002_55025944,1.0,Administration Support,Administration Support,Executive Support,Business Operations and Governance,False
R0002_55025944,R0002_55011002,1.0,Administration Support,Administration Support,Business Operations and Governance,Executive Support,False
R0002_55035505,R0002_55025944,1.0,Administration Support,Administration Support,ELP SWAT,Business Operations and Governance,False
R0002_55025944,R0002_55035505,1.0,Administration Support,Administration Support,Business Operations and Governance,ELP SWAT,False
R0002_55036171,R0002_55025944,1.0,Administration Support,Administration Support,Domain Orchestration,Business Operations and Governance,False
R0002_55025944,R0002_55036171,1.0,Administration Support,Administration Support,Business Operations and Governance,Domain Orchestration,False
R0002_55032782,R0002_55025944,1.0,Administration Support,Administration Support,Direct Administration Hub,Business Operations and Governance,False
R0002_55025944,R0002_55032782,1.0,Administration Support,Administration Support,Business Operations and Governance,Direct Administration Hub,False
R0002_55039851,R0002_55025944,1.0,Administration Support,Administration Support,Direct Administration Assistants,Business Operations and Governance,False
R0002_55025944,R0002_55039851,1.0,Administration Support,Administration Support,Business Operations and Governance,Direct Administration Assistants,False
R0002_55037787,R0002_55025944,1.0,Administration Support,Administration Support,Delivery Services & Change Management,Business Operations and Governance,False
R0002_55025944,R0002_55027831,1.0,Administration Support,Administration Support,Business Operations and Governance,Front Office Tools,False
R0002_55027831,R0002_55025944,1.0,Administration Support,Administration Support,Front Office Tools,Business Operations and Governance,False
R0002_55025944,R0002_55038839,1.0,Administration Support,Administration Support,Business Operations and Governance,Global Tech Academy,False
R0002_55036505,R0002_55025944,1.0,Administration Support,Administration Support,HICAPS Sales,Business Operations and Governance,False
R0002_55037530,R0002_55025944,1.0,Administration Support,Administration Support,Markets Enablement,Business Operations and Governance,False
R0002_55025944,R0002_55037530,1.0,Administration Support,Administration Support,Business Operations and Governance,Markets Enablement,False
R0002_55036050,R0002_55025944,1.0,Administration Support,Administration Support,Lending Experience,Business Operations and Governance,False
R0002_55025944,R0002_55036050,1.0,Administration Support,Administration Support,Business Operations and Governance,Lending Experience,False
R0002_55044076,R0002_55025944,1.0,Administration Support,Administration Support,IPP - Data Reporting and Governance,Business Operations and Governance,False
R0002_55025944,R0002_55044076,1.0,Administration Support,Administration Support,Business Operations and Governance,IPP - Data Reporting and Governance,False
R0002_55025944,R0002_55036505,1.0,Administration Support,Administration Support,Business Operations and Governance,HICAPS Sales,False
R0002_55038839,R0002_55025944,1.0,Administration Support,Administration Support,Global Tech Academy,Business Operations and Governance,False
R0002_55006197,R0002_55025944,1.0,Administration Support,Administration Support,Group Company Secretary,Business Operations and Governance,False
R0002_55025944,R0002_55006197,1.0,Administration Support,Administration Support,Business Operations and Governance,Group Company Secretary,False
R0002_55033035,R0002_55025944,1.0,Administration Support,Administration Support,GPO Process Design & Control,Business Operations and Governance,False
R0002_55025944,R0002_55033035,1.0,Administration Support,Administration Support,Business Operations and Governance,GPO Process Design & Control,False
R0002_55019960,R0002_55025944,1.0,Administration Support,Administration Support,Governance Compliance,Business Operations and Governance,False
R0002_55025944,R0002_55019960,1.0,Administration Support,Administration Support,Business Operations and Governance,Governance Compliance,False
R0002_55031467,R0002_55031084,1.0,Administration Support,Administration Support,FC Enablement - Planning & Execution,Quality Assurance,False
R0002_55030125,R0002_55011002,1.0,Administration Support,Administration Support,Records Mgmt & Third Party Data Serv,Executive Support,False
R0002_55031467,R0002_55030125,1.0,Administration Support,Administration Support,FC Enablement - Planning & Execution,Records Mgmt & Third Party Data Serv,False
R0002_55039889,R0002_55035727,1.0,Administration Support,Administration Support,Payments Experience,NH Data Operations,False
R0002_55029026,R0002_55035727,1.0,Administration Support,Administration Support,P&C Divisional Controls,NH Data Operations,False
R0002_55035727,R0002_55029026,1.0,Administration Support,Administration Support,NH Data Operations,P&C Divisional Controls,False
R0002_55032858,R0002_55035727,1.0,Administration Support,Administration Support,Operations and Property Support,NH Data Operations,False
R0002_55035727,R0002_55032858,1.0,Administration Support,Administration Support,NH Data Operations,Operations and Property Support,False
R0002_55019387,R0002_55027319,1.0,Administration Support,Administration Support,Whistleblower,NAB Staff Club - MF,False
R0002_55027319,R0002_55019387,1.0,Administration Support,Administration Support,NAB Staff Club - MF,Whistleblower,False
R0002_55037283,R0002_55027319,1.0,Administration Support,Administration Support,VRT/ VIT,NAB Staff Club - MF,False
R0002_55027319,R0002_55037283,1.0,Administration Support,Administration Support,NAB Staff Club - MF,VRT/ VIT,False
R0002_55025080,R0002_55027319,1.0,Administration Support,Administration Support,Valuations Operations,NAB Staff Club - MF,False
R0002_55027319,R0002_55025080,1.0,Administration Support,Administration Support,NAB Staff Club - MF,Valuations Operations,False
R0002_55031358,R0002_55027319,1.0,Administration Support,Administration Support,Transformation,NAB Staff Club - MF,False
R0002_55027319,R0002_55031358,1.0,Administration Support,Administration Support,NAB Staff Club - MF,Transformation,False
R0002_55042075,R0002_55027319,1.0,Administration Support,Administration Support,Suppliers & Partners,NAB Staff Club - MF,False
R0002_55027319,R0002_55042075,1.0,Administration Support,Administration Support,NAB Staff Club - MF,Suppliers & Partners,False
R0002_55037718,R0002_55027319,1.0,Administration Support,Administration Support,Subsidiary Governance,NAB Staff Club - MF,False
R0002_55035727,R0002_55039889,1.0,Administration Support,Administration Support,NH Data Operations,Payments Experience,False
R0002_55035727,R0002_55041025,1.0,Administration Support,Administration Support,NH Data Operations,People Reporting,False
R0002_55043901,R0002_55027319,1.0,Administration Support,Administration Support,Siebel Infra and Projects,NAB Staff Club - MF,False
R0002_55041025,R0002_55035727,1.0,Administration Support,Administration Support,People Reporting,NH Data Operations,False
R0002_55035727,R0002_55043901,1.0,Administration Support,Administration Support,NH Data Operations,Siebel Infra and Projects,False
R0002_55037878,R0002_55035727,1.0,Administration Support,Administration Support,Shared Services Collection,NH Data Operations,False
R0002_55035727,R0002_55037878,1.0,Administration Support,Administration Support,NH Data Operations,Shared Services Collection,False
R0002_55026664,R0002_55035727,1.0,Administration Support,Administration Support,Risk Commitee,NH Data Operations,False
R0002_55035727,R0002_55026664,1.0,Administration Support,Administration Support,NH Data Operations,Risk Commitee,False
R0002_55043779,R0002_55035727,1.0,Administration Support,Administration Support,Release Train,NH Data Operations,False
R0002_55035727,R0002_55043779,1.0,Administration Support,Administration Support,NH Data Operations,Release Train,False
R0002_55011220,R0002_55035727,1.0,Administration Support,Administration Support,Regulatory Operations BAU,NH Data Operations,False
R0002_55035727,R0002_55011220,1.0,Administration Support,Administration Support,NH Data Operations,Regulatory Operations BAU,False
R0002_55030125,R0002_55035727,1.0,Administration Support,Administration Support,Records Mgmt & Third Party Data Serv,NH Data Operations,False
R0002_55035727,R0002_55030125,1.0,Administration Support,Administration Support,NH Data Operations,Records Mgmt & Third Party Data Serv,False
R0002_55031084,R0002_55035727,1.0,Administration Support,Administration Support,Quality Assurance,NH Data Operations,False
R0002_55035727,R0002_55031084,1.0,Administration Support,Administration Support,NH Data Operations,Quality Assurance,False
R0002_55041833,R0002_55035727,1.0,Administration Support,Administration Support,POA Implementation,NH Data Operations,False
R0002_55035727,R0002_55041833,1.0,Administration Support,Administration Support,NH Data Operations,POA Implementation,False
R0002_55027319,R0002_55037718,1.0,Administration Support,Administration Support,NAB Staff Club - MF,Subsidiary Governance,False
R0002_55027319,R0002_55043901,1.0,Administration Support,Administration Support,NAB Staff Club - MF,Siebel Infra and Projects,False
R0002_55043901,R0002_55003518,1.0,Administration Support,Administration Support,Siebel Infra and Projects,NAB Staff Club,False
R0002_55029026,R0002_55027319,1.0,Administration Support,Administration Support,P&C Divisional Controls,NAB Staff Club - MF,False
R0002_55032858,R0002_55027319,1.0,Administration Support,Administration Support,Operations and Property Support,NAB Staff Club - MF,False
R0002_55027319,R0002_55032858,1.0,Administration Support,Administration Support,NAB Staff Club - MF,Operations and Property Support,False
R0002_55035727,R0002_55027319,1.0,Administration Support,Administration Support,NH Data Operations,NAB Staff Club - MF,False
R0002_55027319,R0002_55035727,1.0,Administration Support,Administration Support,NAB Staff Club - MF,NH Data Operations,False
R0002_55019387,R0002_55003518,1.0,Administration Support,Administration Support,Whistleblower,NAB Staff Club,False
R0002_55003518,R0002_55019387,1.0,Administration Support,Administration Support,NAB Staff Club,Whistleblower,False
R0002_55037283,R0002_55003518,1.0,Administration Support,Administration Support,VRT/ VIT,NAB Staff Club,False
R0002_55003518,R0002_55037283,1.0,Administration Support,Administration Support,NAB Staff Club,VRT/ VIT,False
R0002_55025080,R0002_55003518,1.0,Administration Support,Administration Support,Valuations Operations,NAB Staff Club,False
R0002_55003518,R0002_55025080,1.0,Administration Support,Administration Support,NAB Staff Club,Valuations Operations,False
R0002_55031358,R0002_55003518,1.0,Administration Support,Administration Support,Transformation,NAB Staff Club,False
R0002_55003518,R0002_55031358,1.0,Administration Support,Administration Support,NAB Staff Club,Transformation,False
R0002_55042075,R0002_55003518,1.0,Administration Support,Administration Support,Suppliers & Partners,NAB Staff Club,False
R0002_55003518,R0002_55042075,1.0,Administration Support,Administration Support,NAB Staff Club,Suppliers & Partners,False
R0002_55037718,R0002_55003518,1.0,Administration Support,Administration Support,Subsidiary Governance,NAB Staff Club,False
R0002_55027319,R0002_55029026,1.0,Administration Support,Administration Support,NAB Staff Club - MF,P&C Divisional Controls,False
R0002_55027319,R0002_55039889,1.0,Administration Support,Administration Support,NAB Staff Club - MF,Payments Experience,False
R0002_55037878,R0002_55027319,1.0,Administration Support,Administration Support,Shared Services Collection,NAB Staff Club - MF,False
R0002_55039889,R0002_55027319,1.0,Administration Support,Administration Support,Payments Experience,NAB Staff Club - MF,False
R0002_55027319,R0002_55037878,1.0,Administration Support,Administration Support,NAB Staff Club - MF,Shared Services Collection,False
R0002_55026664,R0002_55027319,1.0,Administration Support,Administration Support,Risk Commitee,NAB Staff Club - MF,False
R0002_55027319,R0002_55026664,1.0,Administration Support,Administration Support,NAB Staff Club - MF,Risk Commitee,False
R0002_55043779,R0002_55027319,1.0,Administration Support,Administration Support,Release Train,NAB Staff Club - MF,False
R0002_55027319,R0002_55043779,1.0,Administration Support,Administration Support,NAB Staff Club - MF,Release Train,False
R0002_55011220,R0002_55027319,1.0,Administration Support,Administration Support,Regulatory Operations BAU,NAB Staff Club - MF,False
R0002_55027319,R0002_55011220,1.0,Administration Support,Administration Support,NAB Staff Club - MF,Regulatory Operations BAU,False
R0002_55030125,R0002_55027319,1.0,Administration Support,Administration Support,Records Mgmt & Third Party Data Serv,NAB Staff Club - MF,False
R0002_55027319,R0002_55030125,1.0,Administration Support,Administration Support,NAB Staff Club - MF,Records Mgmt & Third Party Data Serv,False
R0002_55031084,R0002_55027319,1.0,Administration Support,Administration Support,Quality Assurance,NAB Staff Club - MF,False
R0002_55027319,R0002_55031084,1.0,Administration Support,Administration Support,NAB Staff Club - MF,Quality Assurance,False
R0002_55041833,R0002_55027319,1.0,Administration Support,Administration Support,POA Implementation,NAB Staff Club - MF,False
R0002_55027319,R0002_55041833,1.0,Administration Support,Administration Support,NAB Staff Club - MF,POA Implementation,False
R0002_55041025,R0002_55027319,1.0,Administration Support,Administration Support,People Reporting,NAB Staff Club - MF,False
R0002_55027319,R0002_55041025,1.0,Administration Support,Administration Support,NAB Staff Club - MF,People Reporting,False
R0002_55043901,R0002_55035727,1.0,Administration Support,Administration Support,Siebel Infra and Projects,NH Data Operations,False
R0002_55035727,R0002_55037718,1.0,Administration Support,Administration Support,NH Data Operations,Subsidiary Governance,False
R0002_55037718,R0002_55035727,1.0,Administration Support,Administration Support,Subsidiary Governance,NH Data Operations,False
R0002_55029026,R0002_55011220,1.0,Administration Support,Administration Support,P&C Divisional Controls,Regulatory Operations BAU,False
R0002_55029026,R0002_55030125,1.0,Administration Support,Administration Support,P&C Divisional Controls,Records Mgmt & Third Party Data Serv,False
R0002_55031084,R0002_55029026,1.0,Administration Support,Administration Support,Quality Assurance,P&C Divisional Controls,False
R0002_55029026,R0002_55031084,1.0,Administration Support,Administration Support,P&C Divisional Controls,Quality Assurance,False
R0002_55041833,R0002_55029026,1.0,Administration Support,Administration Support,POA Implementation,P&C Divisional Controls,False
R0002_55029026,R0002_55041833,1.0,Administration Support,Administration Support,P&C Divisional Controls,POA Implementation,False
R0002_55041025,R0002_55029026,1.0,Administration Support,Administration Support,People Reporting,P&C Divisional Controls,False
R0002_55029026,R0002_55041025,1.0,Administration Support,Administration Support,P&C Divisional Controls,People Reporting,False
R0002_55039889,R0002_55029026,1.0,Administration Support,Administration Support,Payments Experience,P&C Divisional Controls,False
R0002_55029026,R0002_55039889,1.0,Administration Support,Administration Support,P&C Divisional Controls,Payments Experience,False
R0002_55019387,R0002_55032858,1.0,Administration Support,Administration Support,Whistleblower,Operations and Property Support,False
R0002_55032858,R0002_55019387,1.0,Administration Support,Administration Support,Operations and Property Support,Whistleblower,False
R0002_55037283,R0002_55032858,1.0,Administration Support,Administration Support,VRT/ VIT,Operations and Property Support,False
R0002_55032858,R0002_55037283,1.0,Administration Support,Administration Support,Operations and Property Support,VRT/ VIT,False
R0002_55025080,R0002_55032858,1.0,Administration Support,Administration Support,Valuations Operations,Operations and Property Support,False
R0002_55032858,R0002_55025080,1.0,Administration Support,Administration Support,Operations and Property Support,Valuations Operations,False
R0002_55030125,R0002_55029026,1.0,Administration Support,Administration Support,Records Mgmt & Third Party Data Serv,P&C Divisional Controls,False
R0002_55011220,R0002_55029026,1.0,Administration Support,Administration Support,Regulatory Operations BAU,P&C Divisional Controls,False
R0002_55035727,R0002_55042075,1.0,Administration Support,Administration Support,NH Data Operations,Suppliers & Partners,False
R0002_55029026,R0002_55043779,1.0,Administration Support,Administration Support,P&C Divisional Controls,Release Train,False
R0002_55025080,R0002_55029026,1.0,Administration Support,Administration Support,Valuations Operations,P&C Divisional Controls,False
R0002_55029026,R0002_55025080,1.0,Administration Support,Administration Support,P&C Divisional Controls,Valuations Operations,False
R0002_55031358,R0002_55029026,1.0,Administration Support,Administration Support,Transformation,P&C Divisional Controls,False
R0002_55029026,R0002_55031358,1.0,Administration Support,Administration Support,P&C Divisional Controls,Transformation,False
R0002_55042075,R0002_55029026,1.0,Administration Support,Administration Support,Suppliers & Partners,P&C Divisional Controls,False
R0002_55029026,R0002_55042075,1.0,Administration Support,Administration Support,P&C Divisional Controls,Suppliers & Partners,False
R0002_55037718,R0002_55029026,1.0,Administration Support,Administration Support,Subsidiary Governance,P&C Divisional Controls,False
R0002_55029026,R0002_55037718,1.0,Administration Support,Administration Support,P&C Divisional Controls,Subsidiary Governance,False
R0002_55043901,R0002_55029026,1.0,Administration Support,Administration Support,Siebel Infra and Projects,P&C Divisional Controls,False
R0002_55029026,R0002_55043901,1.0,Administration Support,Administration Support,P&C Divisional Controls,Siebel Infra and Projects,False
R0002_55037878,R0002_55029026,1.0,Administration Support,Administration Support,Shared Services Collection,P&C Divisional Controls,False
R0002_55029026,R0002_55037878,1.0,Administration Support,Administration Support,P&C Divisional Controls,Shared Services Collection,False
R0002_55026664,R0002_55029026,1.0,Administration Support,Administration Support,Risk Commitee,P&C Divisional Controls,False
R0002_55029026,R0002_55026664,1.0,Administration Support,Administration Support,P&C Divisional Controls,Risk Commitee,False
R0002_55043779,R0002_55029026,1.0,Administration Support,Administration Support,Release Train,P&C Divisional Controls,False
R0002_55031358,R0002_55032858,1.0,Administration Support,Administration Support,Transformation,Operations and Property Support,False
R0002_55032858,R0002_55031358,1.0,Administration Support,Administration Support,Operations and Property Support,Transformation,False
R0002_55042075,R0002_55032858,1.0,Administration Support,Administration Support,Suppliers & Partners,Operations and Property Support,False
R0002_55032858,R0002_55042075,1.0,Administration Support,Administration Support,Operations and Property Support,Suppliers & Partners,False
R0002_55041025,R0002_55032858,1.0,Administration Support,Administration Support,People Reporting,Operations and Property Support,False
R0002_55032858,R0002_55041025,1.0,Administration Support,Administration Support,Operations and Property Support,People Reporting,False
R0002_55039889,R0002_55032858,1.0,Administration Support,Administration Support,Payments Experience,Operations and Property Support,False
R0002_55032858,R0002_55039889,1.0,Administration Support,Administration Support,Operations and Property Support,Payments Experience,False
R0002_55029026,R0002_55032858,1.0,Administration Support,Administration Support,P&C Divisional Controls,Operations and Property Support,False
R0002_55032858,R0002_55029026,1.0,Administration Support,Administration Support,Operations and Property Support,P&C Divisional Controls,False
R0002_55019387,R0002_55035727,1.0,Administration Support,Administration Support,Whistleblower,NH Data Operations,False
R0002_55035727,R0002_55019387,1.0,Administration Support,Administration Support,NH Data Operations,Whistleblower,False
R0002_55037283,R0002_55035727,1.0,Administration Support,Administration Support,VRT/ VIT,NH Data Operations,False
R0002_55035727,R0002_55037283,1.0,Administration Support,Administration Support,NH Data Operations,VRT/ VIT,False
R0002_55025080,R0002_55035727,1.0,Administration Support,Administration Support,Valuations Operations,NH Data Operations,False
R0002_55035727,R0002_55025080,1.0,Administration Support,Administration Support,NH Data Operations,Valuations Operations,False
R0002_55031358,R0002_55035727,1.0,Administration Support,Administration Support,Transformation,NH Data Operations,False
R0002_55035727,R0002_55031358,1.0,Administration Support,Administration Support,NH Data Operations,Transformation,False
R0002_55042075,R0002_55035727,1.0,Administration Support,Administration Support,Suppliers & Partners,NH Data Operations,False
R0002_55032858,R0002_55041833,1.0,Administration Support,Administration Support,Operations and Property Support,POA Implementation,False
R0002_55041833,R0002_55032858,1.0,Administration Support,Administration Support,POA Implementation,Operations and Property Support,False
R0002_55032858,R0002_55031084,1.0,Administration Support,Administration Support,Operations and Property Support,Quality Assurance,False
R0002_55026664,R0002_55032858,1.0,Administration Support,Administration Support,Risk Commitee,Operations and Property Support,False
R0002_55037718,R0002_55032858,1.0,Administration Support,Administration Support,Subsidiary Governance,Operations and Property Support,False
R0002_55032858,R0002_55037718,1.0,Administration Support,Administration Support,Operations and Property Support,Subsidiary Governance,False
R0002_55043901,R0002_55032858,1.0,Administration Support,Administration Support,Siebel Infra and Projects,Operations and Property Support,False
R0002_55032858,R0002_55043901,1.0,Administration Support,Administration Support,Operations and Property Support,Siebel Infra and Projects,False
R0002_55037878,R0002_55032858,1.0,Administration Support,Administration Support,Shared Services Collection,Operations and Property Support,False
R0002_55032858,R0002_55037878,1.0,Administration Support,Administration Support,Operations and Property Support,Shared Services Collection,False
R0002_55032858,R0002_55026664,1.0,Administration Support,Administration Support,Operations and Property Support,Risk Commitee,False
R0002_55031084,R0002_55032858,1.0,Administration Support,Administration Support,Quality Assurance,Operations and Property Support,False
R0002_55043779,R0002_55032858,1.0,Administration Support,Administration Support,Release Train,Operations and Property Support,False
R0002_55032858,R0002_55043779,1.0,Administration Support,Administration Support,Operations and Property Support,Release Train,False
R0002_55011220,R0002_55032858,1.0,Administration Support,Administration Support,Regulatory Operations BAU,Operations and Property Support,False
R0002_55032858,R0002_55011220,1.0,Administration Support,Administration Support,Operations and Property Support,Regulatory Operations BAU,False
R0002_55030125,R0002_55032858,1.0,Administration Support,Administration Support,Records Mgmt & Third Party Data Serv,Operations and Property Support,False
R0002_55032858,R0002_55030125,1.0,Administration Support,Administration Support,Operations and Property Support,Records Mgmt & Third Party Data Serv,False
R0002_55003518,R0002_55037718,1.0,Administration Support,Administration Support,NAB Staff Club,Subsidiary Governance,False
R0002_55003518,R0002_55043901,1.0,Administration Support,Administration Support,NAB Staff Club,Siebel Infra and Projects,False
R0002_55040793,R0002_55035727,1.0,Administration Support,Administration Support,Merchant Contracts,NH Data Operations,False
R0002_55043136,R0002_55031084,1.0,Administration Support,Administration Support,Merchant Services,Quality Assurance,False
R0002_55043136,R0002_55041833,1.0,Administration Support,Administration Support,Merchant Services,POA Implementation,False
R0002_55041025,R0002_55043136,1.0,Administration Support,Administration Support,People Reporting,Merchant Services,False
R0002_55043136,R0002_55041025,1.0,Administration Support,Administration Support,Merchant Services,People Reporting,False
R0002_55039889,R0002_55043136,1.0,Administration Support,Administration Support,Payments Experience,Merchant Services,False
R0002_55043136,R0002_55039889,1.0,Administration Support,Administration Support,Merchant Services,Payments Experience,False
R0002_55029026,R0002_55043136,1.0,Administration Support,Administration Support,P&C Divisional Controls,Merchant Services,False
R0002_55043136,R0002_55029026,1.0,Administration Support,Administration Support,Merchant Services,P&C Divisional Controls,False
R0002_55032858,R0002_55043136,1.0,Administration Support,Administration Support,Operations and Property Support,Merchant Services,False
R0002_55043136,R0002_55032858,1.0,Administration Support,Administration Support,Merchant Services,Operations and Property Support,False
R0002_55035727,R0002_55043136,1.0,Administration Support,Administration Support,NH Data Operations,Merchant Services,False
R0002_55043136,R0002_55035727,1.0,Administration Support,Administration Support,Merchant Services,NH Data Operations,False
R0002_55027319,R0002_55043136,1.0,Administration Support,Administration Support,NAB Staff Club - MF,Merchant Services,False
R0002_55043136,R0002_55027319,1.0,Administration Support,Administration Support,Merchant Services,NAB Staff Club - MF,False
R0002_55003518,R0002_55043136,1.0,Administration Support,Administration Support,NAB Staff Club,Merchant Services,False
R0002_55043136,R0002_55003518,1.0,Administration Support,Administration Support,Merchant Services,NAB Staff Club,False
R0002_55041833,R0002_55043136,1.0,Administration Support,Administration Support,POA Implementation,Merchant Services,False
R0002_55031084,R0002_55043136,1.0,Administration Support,Administration Support,Quality Assurance,Merchant Services,False
R0002_55043136,R0002_55014421,1.0,Administration Support,Administration Support,Merchant Services,NAB Corporate VIC/SA,False
R0002_55043136,R0002_55030125,1.0,Administration Support,Administration Support,Merchant Services,Records Mgmt & Third Party Data Serv,False
R0002_55042075,R0002_55043136,1.0,Administration Support,Administration Support,Suppliers & Partners,Merchant Services,False
R0002_55043136,R0002_55042075,1.0,Administration Support,Administration Support,Merchant Services,Suppliers & Partners,False
R0002_55037718,R0002_55043136,1.0,Administration Support,Administration Support,Subsidiary Governance,Merchant Services,False
R0002_55043136,R0002_55037718,1.0,Administration Support,Administration Support,Merchant Services,Subsidiary Governance,False
R0002_55043901,R0002_55043136,1.0,Administration Support,Administration Support,Siebel Infra and Projects,Merchant Services,False
R0002_55043136,R0002_55043901,1.0,Administration Support,Administration Support,Merchant Services,Siebel Infra and Projects,False
R0002_55037878,R0002_55043136,1.0,Administration Support,Administration Support,Shared Services Collection,Merchant Services,False
R0002_55030125,R0002_55031467,1.0,Administration Support,Administration Support,Records Mgmt & Third Party Data Serv,FC Enablement - Planning & Execution,False
R0002_55026664,R0002_55043136,1.0,Administration Support,Administration Support,Risk Commitee,Merchant Services,False
R0002_55043136,R0002_55026664,1.0,Administration Support,Administration Support,Merchant Services,Risk Commitee,False
R0002_55043779,R0002_55043136,1.0,Administration Support,Administration Support,Release Train,Merchant Services,False
R0002_55043136,R0002_55043779,1.0,Administration Support,Administration Support,Merchant Services,Release Train,False
R0002_55011220,R0002_55043136,1.0,Administration Support,Administration Support,Regulatory Operations BAU,Merchant Services,False
R0002_55043136,R0002_55011220,1.0,Administration Support,Administration Support,Merchant Services,Regulatory Operations BAU,False
R0002_55030125,R0002_55043136,1.0,Administration Support,Administration Support,Records Mgmt & Third Party Data Serv,Merchant Services,False
R0002_55014421,R0002_55043136,1.0,Administration Support,Administration Support,NAB Corporate VIC/SA,Merchant Services,False
R0002_55019387,R0002_55040793,1.0,Administration Support,Administration Support,Whistleblower,Merchant Contracts,False
R0002_55037878,R0002_55003518,1.0,Administration Support,Administration Support,Shared Services Collection,NAB Staff Club,False
R0002_55040793,R0002_55043779,1.0,Administration Support,Administration Support,Merchant Contracts,Release Train,False
R0002_55040793,R0002_55011220,1.0,Administration Support,Administration Support,Merchant Contracts,Regulatory Operations BAU,False
R0002_55030125,R0002_55040793,1.0,Administration Support,Administration Support,Records Mgmt & Third Party Data Serv,Merchant Contracts,False
R0002_55040793,R0002_55030125,1.0,Administration Support,Administration Support,Merchant Contracts,Records Mgmt & Third Party Data Serv,False
R0002_55031084,R0002_55040793,1.0,Administration Support,Administration Support,Quality Assurance,Merchant Contracts,False
R0002_55040793,R0002_55031084,1.0,Administration Support,Administration Support,Merchant Contracts,Quality Assurance,False
R0002_55041833,R0002_55040793,1.0,Administration Support,Administration Support,POA Implementation,Merchant Contracts,False
R0002_55040793,R0002_55041833,1.0,Administration Support,Administration Support,Merchant Contracts,POA Implementation,False
R0002_55041025,R0002_55040793,1.0,Administration Support,Administration Support,People Reporting,Merchant Contracts,False
R0002_55040793,R0002_55041025,1.0,Administration Support,Administration Support,Merchant Contracts,People Reporting,False
R0002_55039889,R0002_55040793,1.0,Administration Support,Administration Support,Payments Experience,Merchant Contracts,False
R0002_55040793,R0002_55039889,1.0,Administration Support,Administration Support,Merchant Contracts,Payments Experience,False
R0002_55029026,R0002_55040793,1.0,Administration Support,Administration Support,P&C Divisional Controls,Merchant Contracts,False
R0002_55040793,R0002_55029026,1.0,Administration Support,Administration Support,Merchant Contracts,P&C Divisional Controls,False
R0002_55032858,R0002_55040793,1.0,Administration Support,Administration Support,Operations and Property Support,Merchant Contracts,False
R0002_55040793,R0002_55032858,1.0,Administration Support,Administration Support,Merchant Contracts,Operations and Property Support,False
R0002_55011220,R0002_55040793,1.0,Administration Support,Administration Support,Regulatory Operations BAU,Merchant Contracts,False
R0002_55043779,R0002_55040793,1.0,Administration Support,Administration Support,Release Train,Merchant Contracts,False
R0002_55040793,R0002_55019387,1.0,Administration Support,Administration Support,Merchant Contracts,Whistleblower,False
R0002_55040793,R0002_55026664,1.0,Administration Support,Administration Support,Merchant Contracts,Risk Commitee,False
R0002_55037283,R0002_55040793,1.0,Administration Support,Administration Support,VRT/ VIT,Merchant Contracts,False
R0002_55040793,R0002_55037283,1.0,Administration Support,Administration Support,Merchant Contracts,VRT/ VIT,False
R0002_55025080,R0002_55040793,1.0,Administration Support,Administration Support,Valuations Operations,Merchant Contracts,False
R0002_55040793,R0002_55025080,1.0,Administration Support,Administration Support,Merchant Contracts,Valuations Operations,False
R0002_55031358,R0002_55040793,1.0,Administration Support,Administration Support,Transformation,Merchant Contracts,False
R0002_55040793,R0002_55031358,1.0,Administration Support,Administration Support,Merchant Contracts,Transformation,False
R0002_55042075,R0002_55040793,1.0,Administration Support,Administration Support,Suppliers & Partners,Merchant Contracts,False
R0002_55040793,R0002_55042075,1.0,Administration Support,Administration Support,Merchant Contracts,Suppliers & Partners,False
R0002_55037718,R0002_55040793,1.0,Administration Support,Administration Support,Subsidiary Governance,Merchant Contracts,False
R0002_55040793,R0002_55037718,1.0,Administration Support,Administration Support,Merchant Contracts,Subsidiary Governance,False
R0002_55043901,R0002_55040793,1.0,Administration Support,Administration Support,Siebel Infra and Projects,Merchant Contracts,False
R0002_55040793,R0002_55043901,1.0,Administration Support,Administration Support,Merchant Contracts,Siebel Infra and Projects,False
R0002_55037878,R0002_55040793,1.0,Administration Support,Administration Support,Shared Services Collection,Merchant Contracts,False
R0002_55040793,R0002_55037878,1.0,Administration Support,Administration Support,Merchant Contracts,Shared Services Collection,False
R0002_55026664,R0002_55040793,1.0,Administration Support,Administration Support,Risk Commitee,Merchant Contracts,False
R0002_55043136,R0002_55031358,1.0,Administration Support,Administration Support,Merchant Services,Transformation,False
R0002_55031358,R0002_55043136,1.0,Administration Support,Administration Support,Transformation,Merchant Services,False
R0002_55043136,R0002_55025080,1.0,Administration Support,Administration Support,Merchant Services,Valuations Operations,False
R0002_55029026,R0002_55003518,1.0,Administration Support,Administration Support,P&C Divisional Controls,NAB Staff Club,False
R0002_55032858,R0002_55003518,1.0,Administration Support,Administration Support,Operations and Property Support,NAB Staff Club,False
R0002_55003518,R0002_55032858,1.0,Administration Support,Administration Support,NAB Staff Club,Operations and Property Support,False
R0002_55035727,R0002_55003518,1.0,Administration Support,Administration Support,NH Data Operations,NAB Staff Club,False
R0002_55003518,R0002_55035727,1.0,Administration Support,Administration Support,NAB Staff Club,NH Data Operations,False
R0002_55027319,R0002_55003518,1.0,Administration Support,Administration Support,NAB Staff Club - MF,NAB Staff Club,False
R0002_55003518,R0002_55027319,1.0,Administration Support,Administration Support,NAB Staff Club,NAB Staff Club - MF,False
R0002_55019387,R0002_55014421,1.0,Administration Support,Administration Support,Whistleblower,NAB Corporate VIC/SA,False
R0002_55014421,R0002_55019387,1.0,Administration Support,Administration Support,NAB Corporate VIC/SA,Whistleblower,False
R0002_55037283,R0002_55014421,1.0,Administration Support,Administration Support,VRT/ VIT,NAB Corporate VIC/SA,False
R0002_55014421,R0002_55037283,1.0,Administration Support,Administration Support,NAB Corporate VIC/SA,VRT/ VIT,False
R0002_55025080,R0002_55014421,1.0,Administration Support,Administration Support,Valuations Operations,NAB Corporate VIC/SA,False
R0002_55014421,R0002_55025080,1.0,Administration Support,Administration Support,NAB Corporate VIC/SA,Valuations Operations,False
R0002_55031358,R0002_55014421,1.0,Administration Support,Administration Support,Transformation,NAB Corporate VIC/SA,False
R0002_55014421,R0002_55031358,1.0,Administration Support,Administration Support,NAB Corporate VIC/SA,Transformation,False
R0002_55042075,R0002_55014421,1.0,Administration Support,Administration Support,Suppliers & Partners,NAB Corporate VIC/SA,False
R0002_55003518,R0002_55029026,1.0,Administration Support,Administration Support,NAB Staff Club,P&C Divisional Controls,False
R0002_55003518,R0002_55039889,1.0,Administration Support,Administration Support,NAB Staff Club,Payments Experience,False
R0002_55025080,R0002_55043136,1.0,Administration Support,Administration Support,Valuations Operations,Merchant Services,False
R0002_55039889,R0002_55003518,1.0,Administration Support,Administration Support,Payments Experience,NAB Staff Club,False
R0002_55003518,R0002_55037878,1.0,Administration Support,Administration Support,NAB Staff Club,Shared Services Collection,False
R0002_55026664,R0002_55003518,1.0,Administration Support,Administration Support,Risk Commitee,NAB Staff Club,False
R0002_55003518,R0002_55026664,1.0,Administration Support,Administration Support,NAB Staff Club,Risk Commitee,False
R0002_55043779,R0002_55003518,1.0,Administration Support,Administration Support,Release Train,NAB Staff Club,False
R0002_55003518,R0002_55043779,1.0,Administration Support,Administration Support,NAB Staff Club,Release Train,False
R0002_55011220,R0002_55003518,1.0,Administration Support,Administration Support,Regulatory Operations BAU,NAB Staff Club,False
R0002_55003518,R0002_55011220,1.0,Administration Support,Administration Support,NAB Staff Club,Regulatory Operations BAU,False
R0002_55030125,R0002_55003518,1.0,Administration Support,Administration Support,Records Mgmt & Third Party Data Serv,NAB Staff Club,False
R0002_55003518,R0002_55030125,1.0,Administration Support,Administration Support,NAB Staff Club,Records Mgmt & Third Party Data Serv,False
R0002_55031084,R0002_55003518,1.0,Administration Support,Administration Support,Quality Assurance,NAB Staff Club,False
R0002_55003518,R0002_55031084,1.0,Administration Support,Administration Support,NAB Staff Club,Quality Assurance,False
R0002_55041833,R0002_55003518,1.0,Administration Support,Administration Support,POA Implementation,NAB Staff Club,False
R0002_55003518,R0002_55041833,1.0,Administration Support,Administration Support,NAB Staff Club,POA Implementation,False
R0002_55041025,R0002_55003518,1.0,Administration Support,Administration Support,People Reporting,NAB Staff Club,False
R0002_55003518,R0002_55041025,1.0,Administration Support,Administration Support,NAB Staff Club,People Reporting,False
R0002_55014421,R0002_55042075,1.0,Administration Support,Administration Support,NAB Corporate VIC/SA,Suppliers & Partners,False
R0002_55037718,R0002_55014421,1.0,Administration Support,Administration Support,Subsidiary Governance,NAB Corporate VIC/SA,False
R0002_55014421,R0002_55037718,1.0,Administration Support,Administration Support,NAB Corporate VIC/SA,Subsidiary Governance,False
R0002_55043901,R0002_55014421,1.0,Administration Support,Administration Support,Siebel Infra and Projects,NAB Corporate VIC/SA,False
R0002_55014421,R0002_55039889,1.0,Administration Support,Administration Support,NAB Corporate VIC/SA,Payments Experience,False
R0002_55029026,R0002_55014421,1.0,Administration Support,Administration Support,P&C Divisional Controls,NAB Corporate VIC/SA,False
R0002_55014421,R0002_55029026,1.0,Administration Support,Administration Support,NAB Corporate VIC/SA,P&C Divisional Controls,False
R0002_55032858,R0002_55014421,1.0,Administration Support,Administration Support,Operations and Property Support,NAB Corporate VIC/SA,False
R0002_55014421,R0002_55032858,1.0,Administration Support,Administration Support,NAB Corporate VIC/SA,Operations and Property Support,False
R0002_55035727,R0002_55014421,1.0,Administration Support,Administration Support,NH Data Operations,NAB Corporate VIC/SA,False
R0002_55014421,R0002_55035727,1.0,Administration Support,Administration Support,NAB Corporate VIC/SA,NH Data Operations,False
R0002_55027319,R0002_55014421,1.0,Administration Support,Administration Support,NAB Staff Club - MF,NAB Corporate VIC/SA,False
R0002_55014421,R0002_55027319,1.0,Administration Support,Administration Support,NAB Corporate VIC/SA,NAB Staff Club - MF,False
R0002_55003518,R0002_55014421,1.0,Administration Support,Administration Support,NAB Staff Club,NAB Corporate VIC/SA,False
R0002_55014421,R0002_55003518,1.0,Administration Support,Administration Support,NAB Corporate VIC/SA,NAB Staff Club,False
R0002_55019387,R0002_55043136,1.0,Administration Support,Administration Support,Whistleblower,Merchant Services,False
R0002_55043136,R0002_55019387,1.0,Administration Support,Administration Support,Merchant Services,Whistleblower,False
R0002_55037283,R0002_55043136,1.0,Administration Support,Administration Support,VRT/ VIT,Merchant Services,False
R0002_55043136,R0002_55037283,1.0,Administration Support,Administration Support,Merchant Services,VRT/ VIT,False
R0002_55039889,R0002_55014421,1.0,Administration Support,Administration Support,Payments Experience,NAB Corporate VIC/SA,False
R0002_55014421,R0002_55041025,1.0,Administration Support,Administration Support,NAB Corporate VIC/SA,People Reporting,False
R0002_55041025,R0002_55014421,1.0,Administration Support,Administration Support,People Reporting,NAB Corporate VIC/SA,False
R0002_55014421,R0002_55043779,1.0,Administration Support,Administration Support,NAB Corporate VIC/SA,Release Train,False
R0002_55014421,R0002_55043901,1.0,Administration Support,Administration Support,NAB Corporate VIC/SA,Siebel Infra and Projects,False
R0002_55037878,R0002_55014421,1.0,Administration Support,Administration Support,Shared Services Collection,NAB Corporate VIC/SA,False
R0002_55014421,R0002_55037878,1.0,Administration Support,Administration Support,NAB Corporate VIC/SA,Shared Services Collection,False
R0002_55026664,R0002_55014421,1.0,Administration Support,Administration Support,Risk Commitee,NAB Corporate VIC/SA,False
R0002_55014421,R0002_55026664,1.0,Administration Support,Administration Support,NAB Corporate VIC/SA,Risk Commitee,False
R0002_55043779,R0002_55014421,1.0,Administration Support,Administration Support,Release Train,NAB Corporate VIC/SA,False
R0002_55011220,R0002_55014421,1.0,Administration Support,Administration Support,Regulatory Operations BAU,NAB Corporate VIC/SA,False
R0002_55014421,R0002_55041833,1.0,Administration Support,Administration Support,NAB Corporate VIC/SA,POA Implementation,False
R0002_55014421,R0002_55011220,1.0,Administration Support,Administration Support,NAB Corporate VIC/SA,Regulatory Operations BAU,False
R0002_55030125,R0002_55014421,1.0,Administration Support,Administration Support,Records Mgmt & Third Party Data Serv,NAB Corporate VIC/SA,False
R0002_55014421,R0002_55030125,1.0,Administration Support,Administration Support,NAB Corporate VIC/SA,Records Mgmt & Third Party Data Serv,False
R0002_55031084,R0002_55014421,1.0,Administration Support,Administration Support,Quality Assurance,NAB Corporate VIC/SA,False
R0002_55014421,R0002_55031084,1.0,Administration Support,Administration Support,NAB Corporate VIC/SA,Quality Assurance,False
R0002_55041833,R0002_55014421,1.0,Administration Support,Administration Support,POA Implementation,NAB Corporate VIC/SA,False
R0002_55029026,R0002_55037283,1.0,Administration Support,Administration Support,P&C Divisional Controls,VRT/ VIT,False
R0002_55037283,R0002_55029026,1.0,Administration Support,Administration Support,VRT/ VIT,P&C Divisional Controls,False
R0002_55029026,R0002_55019387,1.0,Administration Support,Administration Support,P&C Divisional Controls,Whistleblower,False
R0002_55043901,R0002_55025080,1.0,Administration Support,Administration Support,Siebel Infra and Projects,Valuations Operations,False
R0002_55043901,R0002_55031358,1.0,Administration Support,Administration Support,Siebel Infra and Projects,Transformation,False
R0002_55042075,R0002_55043901,1.0,Administration Support,Administration Support,Suppliers & Partners,Siebel Infra and Projects,False
R0002_55043901,R0002_55042075,1.0,Administration Support,Administration Support,Siebel Infra and Projects,Suppliers & Partners,False
R0002_55037718,R0002_55043901,1.0,Administration Support,Administration Support,Subsidiary Governance,Siebel Infra and Projects,False
R0002_55043901,R0002_55037718,1.0,Administration Support,Administration Support,Siebel Infra and Projects,Subsidiary Governance,False
R0002_55019387,R0002_55037878,1.0,Administration Support,Administration Support,Whistleblower,Shared Services Collection,False
R0002_55037878,R0002_55019387,1.0,Administration Support,Administration Support,Shared Services Collection,Whistleblower,False
R0002_55037283,R0002_55037878,1.0,Administration Support,Administration Support,VRT/ VIT,Shared Services Collection,False
R0002_55037878,R0002_55037283,1.0,Administration Support,Administration Support,Shared Services Collection,VRT/ VIT,False
R0002_55025080,R0002_55037878,1.0,Administration Support,Administration Support,Valuations Operations,Shared Services Collection,False
R0002_55037878,R0002_55025080,1.0,Administration Support,Administration Support,Shared Services Collection,Valuations Operations,False
R0002_55031358,R0002_55037878,1.0,Administration Support,Administration Support,Transformation,Shared Services Collection,False
R0002_55037878,R0002_55031358,1.0,Administration Support,Administration Support,Shared Services Collection,Transformation,False
R0002_55042075,R0002_55037878,1.0,Administration Support,Administration Support,Suppliers & Partners,Shared Services Collection,False
R0002_55037878,R0002_55042075,1.0,Administration Support,Administration Support,Shared Services Collection,Suppliers & Partners,False
R0002_55031358,R0002_55043901,1.0,Administration Support,Administration Support,Transformation,Siebel Infra and Projects,False
R0002_55025080,R0002_55043901,1.0,Administration Support,Administration Support,Valuations Operations,Siebel Infra and Projects,False
R0002_55037878,R0002_55037718,1.0,Administration Support,Administration Support,Shared Services Collection,Subsidiary Governance,False
R0002_55043901,R0002_55037283,1.0,Administration Support,Administration Support,Siebel Infra and Projects,VRT/ VIT,False
R0002_55031358,R0002_55042075,1.0,Administration Support,Administration Support,Transformation,Suppliers & Partners,False
R0002_55042075,R0002_55031358,1.0,Administration Support,Administration Support,Suppliers & Partners,Transformation,False
R0002_55019387,R0002_55037718,1.0,Administration Support,Administration Support,Whistleblower,Subsidiary Governance,False
R0002_55037718,R0002_55019387,1.0,Administration Support,Administration Support,Subsidiary Governance,Whistleblower,False
R0002_55037283,R0002_55037718,1.0,Administration Support,Administration Support,VRT/ VIT,Subsidiary Governance,False
R0002_55037718,R0002_55037283,1.0,Administration Support,Administration Support,Subsidiary Governance,VRT/ VIT,False
R0002_55025080,R0002_55037718,1.0,Administration Support,Administration Support,Valuations Operations,Subsidiary Governance,False
R0002_55037718,R0002_55025080,1.0,Administration Support,Administration Support,Subsidiary Governance,Valuations Operations,False
R0002_55031358,R0002_55037718,1.0,Administration Support,Administration Support,Transformation,Subsidiary Governance,False
R0002_55037718,R0002_55031358,1.0,Administration Support,Administration Support,Subsidiary Governance,Transformation,False
R0002_55042075,R0002_55037718,1.0,Administration Support,Administration Support,Suppliers & Partners,Subsidiary Governance,False
R0002_55037718,R0002_55042075,1.0,Administration Support,Administration Support,Subsidiary Governance,Suppliers & Partners,False
R0002_55019387,R0002_55043901,1.0,Administration Support,Administration Support,Whistleblower,Siebel Infra and Projects,False
R0002_55043901,R0002_55019387,1.0,Administration Support,Administration Support,Siebel Infra and Projects,Whistleblower,False
R0002_55037283,R0002_55043901,1.0,Administration Support,Administration Support,VRT/ VIT,Siebel Infra and Projects,False
R0002_55037718,R0002_55037878,1.0,Administration Support,Administration Support,Subsidiary Governance,Shared Services Collection,False
R0002_55043901,R0002_55037878,1.0,Administration Support,Administration Support,Siebel Infra and Projects,Shared Services Collection,False
R0002_55019387,R0002_55029026,1.0,Administration Support,Administration Support,Whistleblower,P&C Divisional Controls,False
R0002_55043779,R0002_55019387,1.0,Administration Support,Administration Support,Release Train,Whistleblower,False
R0002_55043779,R0002_55037283,1.0,Administration Support,Administration Support,Release Train,VRT/ VIT,False
R0002_55025080,R0002_55043779,1.0,Administration Support,Administration Support,Valuations Operations,Release Train,False
R0002_55043779,R0002_55025080,1.0,Administration Support,Administration Support,Release Train,Valuations Operations,False
R0002_55031358,R0002_55043779,1.0,Administration Support,Administration Support,Transformation,Release Train,False
R0002_55043779,R0002_55031358,1.0,Administration Support,Administration Support,Release Train,Transformation,False
R0002_55042075,R0002_55043779,1.0,Administration Support,Administration Support,Suppliers & Partners,Release Train,False
R0002_55043779,R0002_55042075,1.0,Administration Support,Administration Support,Release Train,Suppliers & Partners,False
R0002_55037718,R0002_55043779,1.0,Administration Support,Administration Support,Subsidiary Governance,Release Train,False
R0002_55043779,R0002_55037718,1.0,Administration Support,Administration Support,Release Train,Subsidiary Governance,False
R0002_55043901,R0002_55043779,1.0,Administration Support,Administration Support,Siebel Infra and Projects,Release Train,False
R0002_55043779,R0002_55043901,1.0,Administration Support,Administration Support,Release Train,Siebel Infra and Projects,False
R0002_55037878,R0002_55043779,1.0,Administration Support,Administration Support,Shared Services Collection,Release Train,False
R0002_55043779,R0002_55037878,1.0,Administration Support,Administration Support,Release Train,Shared Services Collection,False
R0002_55026664,R0002_55043779,1.0,Administration Support,Administration Support,Risk Commitee,Release Train,False
R0002_55043779,R0002_55026664,1.0,Administration Support,Administration Support,Release Train,Risk Commitee,False
R0002_55037283,R0002_55043779,1.0,Administration Support,Administration Support,VRT/ VIT,Release Train,False
R0002_55019387,R0002_55043779,1.0,Administration Support,Administration Support,Whistleblower,Release Train,False
R0002_55037878,R0002_55043901,1.0,Administration Support,Administration Support,Shared Services Collection,Siebel Infra and Projects,False
R0002_55026664,R0002_55037878,1.0,Administration Support,Administration Support,Risk Commitee,Shared Services Collection,False
R0002_55019387,R0002_55026664,1.0,Administration Support,Administration Support,Whistleblower,Risk Commitee,False
R0002_55026664,R0002_55019387,1.0,Administration Support,Administration Support,Risk Commitee,Whistleblower,False
R0002_55037283,R0002_55026664,1.0,Administration Support,Administration Support,VRT/ VIT,Risk Commitee,False
R0002_55026664,R0002_55037283,1.0,Administration Support,Administration Support,Risk Commitee,VRT/ VIT,False
R0002_55025080,R0002_55026664,1.0,Administration Support,Administration Support,Valuations Operations,Risk Commitee,False
R0002_55026664,R0002_55025080,1.0,Administration Support,Administration Support,Risk Commitee,Valuations Operations,False
R0002_55031358,R0002_55026664,1.0,Administration Support,Administration Support,Transformation,Risk Commitee,False
R0002_55026664,R0002_55031358,1.0,Administration Support,Administration Support,Risk Commitee,Transformation,False
R0002_55042075,R0002_55026664,1.0,Administration Support,Administration Support,Suppliers & Partners,Risk Commitee,False
R0002_55026664,R0002_55042075,1.0,Administration Support,Administration Support,Risk Commitee,Suppliers & Partners,False
R0002_55037718,R0002_55026664,1.0,Administration Support,Administration Support,Subsidiary Governance,Risk Commitee,False
R0002_55026664,R0002_55037718,1.0,Administration Support,Administration Support,Risk Commitee,Subsidiary Governance,False
R0002_55043901,R0002_55026664,1.0,Administration Support,Administration Support,Siebel Infra and Projects,Risk Commitee,False
R0002_55026664,R0002_55043901,1.0,Administration Support,Administration Support,Risk Commitee,Siebel Infra and Projects,False
R0002_55037878,R0002_55026664,1.0,Administration Support,Administration Support,Shared Services Collection,Risk Commitee,False
R0002_55042075,R0002_55025080,1.0,Administration Support,Administration Support,Suppliers & Partners,Valuations Operations,False
R0002_55025080,R0002_55042075,1.0,Administration Support,Administration Support,Valuations Operations,Suppliers & Partners,False
R0002_55042075,R0002_55037283,1.0,Administration Support,Administration Support,Suppliers & Partners,VRT/ VIT,False
R0043_55039679,R0043_55035478,1.0,Wealth Remediation,Wealth Remediation,JBW CRI Assessment,Adviser Scoping and Book Closure,False
R0043_55034882,R0043_55035478,1.0,Wealth Remediation,Wealth Remediation,JBW ASF Assessment,Adviser Scoping and Book Closure,False
R0043_55035478,R0043_55034882,1.0,Wealth Remediation,Wealth Remediation,Adviser Scoping and Book Closure,JBW ASF Assessment,False
R0043_55029012,R0043_55035478,1.0,Wealth Remediation,Wealth Remediation,CRI Remediation Data,Adviser Scoping and Book Closure,False
R0043_55035478,R0043_55029012,1.0,Wealth Remediation,Wealth Remediation,Adviser Scoping and Book Closure,CRI Remediation Data,False
R0043_55041926,R0043_55035478,1.0,Wealth Remediation,Wealth Remediation,CRI Remediation,Adviser Scoping and Book Closure,False
R0043_55035478,R0043_55041926,1.0,Wealth Remediation,Wealth Remediation,Adviser Scoping and Book Closure,CRI Remediation,False
R0043_55021537,R0043_55035478,1.0,Wealth Remediation,Wealth Remediation,CRI Calcs Team - Kate,Adviser Scoping and Book Closure,False
R0043_55035478,R0043_55021537,1.0,Wealth Remediation,Wealth Remediation,Adviser Scoping and Book Closure,CRI Calcs Team - Kate,False
R0043_55032632,R0043_55035478,1.0,Wealth Remediation,Wealth Remediation,CRI Calcs Team - Jane,Adviser Scoping and Book Closure,False
R0043_55035478,R0043_55032632,1.0,Wealth Remediation,Wealth Remediation,Adviser Scoping and Book Closure,CRI Calcs Team - Jane,False
R0043_55039684,R0043_55035478,1.0,Wealth Remediation,Wealth Remediation,CRI Assessment Team 4,Adviser Scoping and Book Closure,False
R0043_55035478,R0043_55039684,1.0,Wealth Remediation,Wealth Remediation,Adviser Scoping and Book Closure,CRI Assessment Team 4,False
R0043_55039683,R0043_55035478,1.0,Wealth Remediation,Wealth Remediation,CRI Assessment Team 3,Adviser Scoping and Book Closure,False
R0043_55035478,R0043_55039683,1.0,Wealth Remediation,Wealth Remediation,Adviser Scoping and Book Closure,CRI Assessment Team 3,False
R0043_55039682,R0043_55035478,1.0,Wealth Remediation,Wealth Remediation,CRI Assessment Team 2,Adviser Scoping and Book Closure,False
R0043_55035478,R0043_55039679,1.0,Wealth Remediation,Wealth Remediation,Adviser Scoping and Book Closure,JBW CRI Assessment,False
R0043_55035478,R0043_55032862,1.0,Wealth Remediation,Wealth Remediation,Adviser Scoping and Book Closure,JBW CRI Remediation Methodology,False
R0002_55037283,R0002_55042075,1.0,Administration Support,Administration Support,VRT/ VIT,Suppliers & Partners,False
R0043_55032862,R0043_55035478,1.0,Wealth Remediation,Wealth Remediation,JBW CRI Remediation Methodology,Adviser Scoping and Book Closure,False
R0043_55035478,R0043_55032863,1.0,Wealth Remediation,Wealth Remediation,Adviser Scoping and Book Closure,JBW Remediation File Collection & Liaiso,False
R0043_55039686,R0043_55035478,1.0,Wealth Remediation,Wealth Remediation,JBW Remediation Engagement,Adviser Scoping and Book Closure,False
R0043_55035478,R0043_55039686,1.0,Wealth Remediation,Wealth Remediation,Adviser Scoping and Book Closure,JBW Remediation Engagement,False
R0043_55032908,R0043_55035478,1.0,Wealth Remediation,Wealth Remediation,JBW Remediation CRI,Adviser Scoping and Book Closure,False
R0043_55035478,R0043_55032908,1.0,Wealth Remediation,Wealth Remediation,Adviser Scoping and Book Closure,JBW Remediation CRI,False
R0043_55034879,R0043_55035478,1.0,Wealth Remediation,Wealth Remediation,JBW Remediation Case Construction 2,Adviser Scoping and Book Closure,False
R0043_55035478,R0043_55034879,1.0,Wealth Remediation,Wealth Remediation,Adviser Scoping and Book Closure,JBW Remediation Case Construction 2,False
R0043_55027552,R0043_55035478,1.0,Wealth Remediation,Wealth Remediation,JBW Remediation Case Construction,Adviser Scoping and Book Closure,False
R0043_55035478,R0043_55027552,1.0,Wealth Remediation,Wealth Remediation,Adviser Scoping and Book Closure,JBW Remediation Case Construction,False
R0043_55037979,R0043_55035478,1.0,Wealth Remediation,Wealth Remediation,JBW Remediation Calculations,Adviser Scoping and Book Closure,False
R0043_55035478,R0043_55037979,1.0,Wealth Remediation,Wealth Remediation,Adviser Scoping and Book Closure,JBW Remediation Calculations,False
R0043_55037980,R0043_55035478,1.0,Wealth Remediation,Wealth Remediation,JBW Remediation Assurance,Adviser Scoping and Book Closure,False
R0043_55035478,R0043_55037980,1.0,Wealth Remediation,Wealth Remediation,Adviser Scoping and Book Closure,JBW Remediation Assurance,False
R0043_55032759,R0043_55035478,1.0,Wealth Remediation,Wealth Remediation,JBW Remediation ASF,Adviser Scoping and Book Closure,False
R0043_55035478,R0043_55032759,1.0,Wealth Remediation,Wealth Remediation,Adviser Scoping and Book Closure,JBW Remediation ASF,False
R0043_55035478,R0043_55039682,1.0,Wealth Remediation,Wealth Remediation,Adviser Scoping and Book Closure,CRI Assessment Team 2,False
R0043_55039681,R0043_55035478,1.0,Wealth Remediation,Wealth Remediation,CRI Assessment Team 1,Adviser Scoping and Book Closure,False
R0043_55035478,R0043_55039681,1.0,Wealth Remediation,Wealth Remediation,Adviser Scoping and Book Closure,CRI Assessment Team 1,False
R0043_55032758,R0043_55035478,1.0,Wealth Remediation,Wealth Remediation,Complex Executions,Adviser Scoping and Book Closure,False
R0043_55035478,R0043_55032756,1.0,Wealth Remediation,Wealth Remediation,Adviser Scoping and Book Closure,ASF AP Program,False
R0002_55019387,R0002_55037283,1.0,Administration Support,Administration Support,Whistleblower,VRT/ VIT,False
R0002_55037283,R0002_55019387,1.0,Administration Support,Administration Support,VRT/ VIT,Whistleblower,False
R0002_55019387,R0002_55025080,1.0,Administration Support,Administration Support,Whistleblower,Valuations Operations,False
R0002_55025080,R0002_55019387,1.0,Administration Support,Administration Support,Valuations Operations,Whistleblower,False
R0002_55037283,R0002_55025080,1.0,Administration Support,Administration Support,VRT/ VIT,Valuations Operations,False
R0002_55025080,R0002_55037283,1.0,Administration Support,Administration Support,Valuations Operations,VRT/ VIT,False
R0002_55019387,R0002_55031358,1.0,Administration Support,Administration Support,Whistleblower,Transformation,False
R0002_55031358,R0002_55019387,1.0,Administration Support,Administration Support,Transformation,Whistleblower,False
R0002_55037283,R0002_55031358,1.0,Administration Support,Administration Support,VRT/ VIT,Transformation,False
R0002_55031358,R0002_55037283,1.0,Administration Support,Administration Support,Transformation,VRT/ VIT,False
R0002_55025080,R0002_55031358,1.0,Administration Support,Administration Support,Valuations Operations,Transformation,False
R0002_55031358,R0002_55025080,1.0,Administration Support,Administration Support,Transformation,Valuations Operations,False
R0002_55019387,R0002_55042075,1.0,Administration Support,Administration Support,Whistleblower,Suppliers & Partners,False
R0002_55042075,R0002_55019387,1.0,Administration Support,Administration Support,Suppliers & Partners,Whistleblower,False
R0043_55032756,R0043_55035478,1.0,Wealth Remediation,Wealth Remediation,ASF AP Program,Adviser Scoping and Book Closure,False
R0043_55035478,R0043_55039677,1.0,Wealth Remediation,Wealth Remediation,Adviser Scoping and Book Closure,ASF Assessment Team 1,False
R0043_55039677,R0043_55035478,1.0,Wealth Remediation,Wealth Remediation,ASF Assessment Team 1,Adviser Scoping and Book Closure,False
R0043_55035478,R0043_55031083,1.0,Wealth Remediation,Wealth Remediation,Adviser Scoping and Book Closure,Campaign Execution,False
R0043_55035478,R0043_55032758,1.0,Wealth Remediation,Wealth Remediation,Adviser Scoping and Book Closure,Complex Executions,False
R0043_55035181,R0043_55035478,1.0,Wealth Remediation,Wealth Remediation,Competency,Adviser Scoping and Book Closure,False
R0043_55035478,R0043_55035181,1.0,Wealth Remediation,Wealth Remediation,Adviser Scoping and Book Closure,Competency,False
R0043_55036209,R0043_55035478,1.0,Wealth Remediation,Wealth Remediation,Client Restoration,Adviser Scoping and Book Closure,False
R0043_55035478,R0043_55036209,1.0,Wealth Remediation,Wealth Remediation,Adviser Scoping and Book Closure,Client Restoration,False
R0043_55031083,R0043_55035478,1.0,Wealth Remediation,Wealth Remediation,Campaign Execution,Adviser Scoping and Book Closure,False
R0043_55034675,R0043_55035478,1.0,Wealth Remediation,Wealth Remediation,Business Enablement,Adviser Scoping and Book Closure,False
R0043_55035478,R0043_55039678,1.0,Wealth Remediation,Wealth Remediation,Adviser Scoping and Book Closure,ASF Assessment Team 2,False
R0043_55035478,R0043_55034675,1.0,Wealth Remediation,Wealth Remediation,Adviser Scoping and Book Closure,Business Enablement,False
R0043_55036252,R0043_55035478,1.0,Wealth Remediation,Wealth Remediation,BA Pool,Adviser Scoping and Book Closure,False
R0043_55035478,R0043_55036252,1.0,Wealth Remediation,Wealth Remediation,Adviser Scoping and Book Closure,BA Pool,False
R0043_55029067,R0043_55035478,1.0,Wealth Remediation,Wealth Remediation,Assessment - Em,Adviser Scoping and Book Closure,False
R0043_55035478,R0043_55029067,1.0,Wealth Remediation,Wealth Remediation,Adviser Scoping and Book Closure,Assessment - Em,False
R0043_55039678,R0043_55035478,1.0,Wealth Remediation,Wealth Remediation,ASF Assessment Team 2,Adviser Scoping and Book Closure,False
R0002_55019387,R0002_55011220,1.0,Administration Support,Administration Support,Whistleblower,Regulatory Operations BAU,False
R0002_55011220,R0002_55019387,1.0,Administration Support,Administration Support,Regulatory Operations BAU,Whistleblower,False
R0002_55037283,R0002_55011220,1.0,Administration Support,Administration Support,VRT/ VIT,Regulatory Operations BAU,False
R0002_55025080,R0002_55041025,1.0,Administration Support,Administration Support,Valuations Operations,People Reporting,False
R0002_55031358,R0002_55041025,1.0,Administration Support,Administration Support,Transformation,People Reporting,False
R0002_55041025,R0002_55031358,1.0,Administration Support,Administration Support,People Reporting,Transformation,False
R0002_55042075,R0002_55041025,1.0,Administration Support,Administration Support,Suppliers & Partners,People Reporting,False
R0002_55041025,R0002_55042075,1.0,Administration Support,Administration Support,People Reporting,Suppliers & Partners,False
R0002_55037718,R0002_55041025,1.0,Administration Support,Administration Support,Subsidiary Governance,People Reporting,False
R0002_55041025,R0002_55037718,1.0,Administration Support,Administration Support,People Reporting,Subsidiary Governance,False
R0002_55043901,R0002_55041025,1.0,Administration Support,Administration Support,Siebel Infra and Projects,People Reporting,False
R0002_55041025,R0002_55043901,1.0,Administration Support,Administration Support,People Reporting,Siebel Infra and Projects,False
R0002_55037878,R0002_55041025,1.0,Administration Support,Administration Support,Shared Services Collection,People Reporting,False
R0002_55041025,R0002_55037878,1.0,Administration Support,Administration Support,People Reporting,Shared Services Collection,False
R0002_55026664,R0002_55041025,1.0,Administration Support,Administration Support,Risk Commitee,People Reporting,False
R0002_55041025,R0002_55026664,1.0,Administration Support,Administration Support,People Reporting,Risk Commitee,False
R0002_55043779,R0002_55041025,1.0,Administration Support,Administration Support,Release Train,People Reporting,False
R0002_55041025,R0002_55043779,1.0,Administration Support,Administration Support,People Reporting,Release Train,False
R0002_55011220,R0002_55041025,1.0,Administration Support,Administration Support,Regulatory Operations BAU,People Reporting,False
R0002_55041025,R0002_55025080,1.0,Administration Support,Administration Support,People Reporting,Valuations Operations,False
R0002_55041025,R0002_55037283,1.0,Administration Support,Administration Support,People Reporting,VRT/ VIT,False
R0002_55041833,R0002_55037718,1.0,Administration Support,Administration Support,POA Implementation,Subsidiary Governance,False
R0002_55037283,R0002_55041025,1.0,Administration Support,Administration Support,VRT/ VIT,People Reporting,False
R0002_55041833,R0002_55043901,1.0,Administration Support,Administration Support,POA Implementation,Siebel Infra and Projects,False
R0002_55037878,R0002_55041833,1.0,Administration Support,Administration Support,Shared Services Collection,POA Implementation,False
R0002_55041833,R0002_55037878,1.0,Administration Support,Administration Support,POA Implementation,Shared Services Collection,False
R0002_55026664,R0002_55041833,1.0,Administration Support,Administration Support,Risk Commitee,POA Implementation,False
R0002_55041833,R0002_55026664,1.0,Administration Support,Administration Support,POA Implementation,Risk Commitee,False
R0002_55043779,R0002_55041833,1.0,Administration Support,Administration Support,Release Train,POA Implementation,False
R0002_55041833,R0002_55043779,1.0,Administration Support,Administration Support,POA Implementation,Release Train,False
R0002_55011220,R0002_55041833,1.0,Administration Support,Administration Support,Regulatory Operations BAU,POA Implementation,False
R0002_55041833,R0002_55011220,1.0,Administration Support,Administration Support,POA Implementation,Regulatory Operations BAU,False
R0002_55030125,R0002_55041833,1.0,Administration Support,Administration Support,Records Mgmt & Third Party Data Serv,POA Implementation,False
R0002_55041833,R0002_55030125,1.0,Administration Support,Administration Support,POA Implementation,Records Mgmt & Third Party Data Serv,False
R0002_55031084,R0002_55041833,1.0,Administration Support,Administration Support,Quality Assurance,POA Implementation,False
R0002_55041833,R0002_55031084,1.0,Administration Support,Administration Support,POA Implementation,Quality Assurance,False
R0002_55019387,R0002_55041025,1.0,Administration Support,Administration Support,Whistleblower,People Reporting,False
R0002_55041025,R0002_55019387,1.0,Administration Support,Administration Support,People Reporting,Whistleblower,False
R0002_55041025,R0002_55011220,1.0,Administration Support,Administration Support,People Reporting,Regulatory Operations BAU,False
R0002_55030125,R0002_55041025,1.0,Administration Support,Administration Support,Records Mgmt & Third Party Data Serv,People Reporting,False
R0002_55041025,R0002_55030125,1.0,Administration Support,Administration Support,People Reporting,Records Mgmt & Third Party Data Serv,False
R0002_55031084,R0002_55041025,1.0,Administration Support,Administration Support,Quality Assurance,People Reporting,False
R0002_55039889,R0002_55037878,1.0,Administration Support,Administration Support,Payments Experience,Shared Services Collection,False
R0002_55026664,R0002_55039889,1.0,Administration Support,Administration Support,Risk Commitee,Payments Experience,False
R0002_55039889,R0002_55026664,1.0,Administration Support,Administration Support,Payments Experience,Risk Commitee,False
R0002_55043779,R0002_55039889,1.0,Administration Support,Administration Support,Release Train,Payments Experience,False
R0002_55039889,R0002_55043779,1.0,Administration Support,Administration Support,Payments Experience,Release Train,False
R0002_55011220,R0002_55039889,1.0,Administration Support,Administration Support,Regulatory Operations BAU,Payments Experience,False
R0002_55039889,R0002_55011220,1.0,Administration Support,Administration Support,Payments Experience,Regulatory Operations BAU,False
R0002_55030125,R0002_55039889,1.0,Administration Support,Administration Support,Records Mgmt & Third Party Data Serv,Payments Experience,False
R0002_55039889,R0002_55030125,1.0,Administration Support,Administration Support,Payments Experience,Records Mgmt & Third Party Data Serv,False
R0002_55031084,R0002_55039889,1.0,Administration Support,Administration Support,Quality Assurance,Payments Experience,False
R0002_55039889,R0002_55031084,1.0,Administration Support,Administration Support,Payments Experience,Quality Assurance,False
R0002_55041833,R0002_55039889,1.0,Administration Support,Administration Support,POA Implementation,Payments Experience,False
R0002_55039889,R0002_55041833,1.0,Administration Support,Administration Support,Payments Experience,POA Implementation,False
R0002_55041025,R0002_55039889,1.0,Administration Support,Administration Support,People Reporting,Payments Experience,False
R0002_55039889,R0002_55041025,1.0,Administration Support,Administration Support,Payments Experience,People Reporting,False
R0002_55037878,R0002_55039889,1.0,Administration Support,Administration Support,Shared Services Collection,Payments Experience,False
R0002_55039889,R0002_55043901,1.0,Administration Support,Administration Support,Payments Experience,Siebel Infra and Projects,False
R0002_55043901,R0002_55039889,1.0,Administration Support,Administration Support,Siebel Infra and Projects,Payments Experience,False
R0002_55039889,R0002_55037283,1.0,Administration Support,Administration Support,Payments Experience,VRT/ VIT,False
R0002_55041025,R0002_55031084,1.0,Administration Support,Administration Support,People Reporting,Quality Assurance,False
R0002_55041833,R0002_55041025,1.0,Administration Support,Administration Support,POA Implementation,People Reporting,False
R0002_55041025,R0002_55041833,1.0,Administration Support,Administration Support,People Reporting,POA Implementation,False
R0002_55019387,R0002_55039889,1.0,Administration Support,Administration Support,Whistleblower,Payments Experience,False
R0002_55039889,R0002_55019387,1.0,Administration Support,Administration Support,Payments Experience,Whistleblower,False
R0002_55037283,R0002_55039889,1.0,Administration Support,Administration Support,VRT/ VIT,Payments Experience,False
R0002_55025080,R0002_55039889,1.0,Administration Support,Administration Support,Valuations Operations,Payments Experience,False
R0002_55039889,R0002_55037718,1.0,Administration Support,Administration Support,Payments Experience,Subsidiary Governance,False
R0002_55039889,R0002_55025080,1.0,Administration Support,Administration Support,Payments Experience,Valuations Operations,False
R0002_55031358,R0002_55039889,1.0,Administration Support,Administration Support,Transformation,Payments Experience,False
R0002_55039889,R0002_55031358,1.0,Administration Support,Administration Support,Payments Experience,Transformation,False
R0002_55042075,R0002_55039889,1.0,Administration Support,Administration Support,Suppliers & Partners,Payments Experience,False
R0002_55039889,R0002_55042075,1.0,Administration Support,Administration Support,Payments Experience,Suppliers & Partners,False
R0002_55037718,R0002_55039889,1.0,Administration Support,Administration Support,Subsidiary Governance,Payments Experience,False
R0002_55043901,R0002_55041833,1.0,Administration Support,Administration Support,Siebel Infra and Projects,POA Implementation,False
R0002_55037718,R0002_55041833,1.0,Administration Support,Administration Support,Subsidiary Governance,POA Implementation,False
R0002_55011220,R0002_55037283,1.0,Administration Support,Administration Support,Regulatory Operations BAU,VRT/ VIT,False
R0002_55030125,R0002_55019387,1.0,Administration Support,Administration Support,Records Mgmt & Third Party Data Serv,Whistleblower,False
R0002_55030125,R0002_55037283,1.0,Administration Support,Administration Support,Records Mgmt & Third Party Data Serv,VRT/ VIT,False
R0002_55025080,R0002_55030125,1.0,Administration Support,Administration Support,Valuations Operations,Records Mgmt & Third Party Data Serv,False
R0002_55030125,R0002_55025080,1.0,Administration Support,Administration Support,Records Mgmt & Third Party Data Serv,Valuations Operations,False
R0002_55031358,R0002_55030125,1.0,Administration Support,Administration Support,Transformation,Records Mgmt & Third Party Data Serv,False
R0002_55030125,R0002_55031358,1.0,Administration Support,Administration Support,Records Mgmt & Third Party Data Serv,Transformation,False
R0002_55042075,R0002_55030125,1.0,Administration Support,Administration Support,Suppliers & Partners,Records Mgmt & Third Party Data Serv,False
R0002_55030125,R0002_55042075,1.0,Administration Support,Administration Support,Records Mgmt & Third Party Data Serv,Suppliers & Partners,False
R0002_55037718,R0002_55030125,1.0,Administration Support,Administration Support,Subsidiary Governance,Records Mgmt & Third Party Data Serv,False
R0002_55030125,R0002_55037718,1.0,Administration Support,Administration Support,Records Mgmt & Third Party Data Serv,Subsidiary Governance,False
R0002_55043901,R0002_55030125,1.0,Administration Support,Administration Support,Siebel Infra and Projects,Records Mgmt & Third Party Data Serv,False
R0002_55030125,R0002_55043901,1.0,Administration Support,Administration Support,Records Mgmt & Third Party Data Serv,Siebel Infra and Projects,False
R0002_55037878,R0002_55030125,1.0,Administration Support,Administration Support,Shared Services Collection,Records Mgmt & Third Party Data Serv,False
R0002_55030125,R0002_55037878,1.0,Administration Support,Administration Support,Records Mgmt & Third Party Data Serv,Shared Services Collection,False
R0002_55026664,R0002_55030125,1.0,Administration Support,Administration Support,Risk Commitee,Records Mgmt & Third Party Data Serv,False
R0002_55030125,R0002_55026664,1.0,Administration Support,Administration Support,Records Mgmt & Third Party Data Serv,Risk Commitee,False
R0002_55037283,R0002_55030125,1.0,Administration Support,Administration Support,VRT/ VIT,Records Mgmt & Third Party Data Serv,False
R0002_55019387,R0002_55030125,1.0,Administration Support,Administration Support,Whistleblower,Records Mgmt & Third Party Data Serv,False
R0002_55041833,R0002_55042075,1.0,Administration Support,Administration Support,POA Implementation,Suppliers & Partners,False
R0002_55011220,R0002_55043779,1.0,Administration Support,Administration Support,Regulatory Operations BAU,Release Train,False
R0002_55025080,R0002_55011220,1.0,Administration Support,Administration Support,Valuations Operations,Regulatory Operations BAU,False
R0002_55011220,R0002_55025080,1.0,Administration Support,Administration Support,Regulatory Operations BAU,Valuations Operations,False
R0002_55031358,R0002_55011220,1.0,Administration Support,Administration Support,Transformation,Regulatory Operations BAU,False
R0002_55011220,R0002_55031358,1.0,Administration Support,Administration Support,Regulatory Operations BAU,Transformation,False
R0002_55042075,R0002_55011220,1.0,Administration Support,Administration Support,Suppliers & Partners,Regulatory Operations BAU,False
R0002_55011220,R0002_55042075,1.0,Administration Support,Administration Support,Regulatory Operations BAU,Suppliers & Partners,False
R0002_55037718,R0002_55011220,1.0,Administration Support,Administration Support,Subsidiary Governance,Regulatory Operations BAU,False
R0002_55011220,R0002_55037718,1.0,Administration Support,Administration Support,Regulatory Operations BAU,Subsidiary Governance,False
R0002_55043901,R0002_55011220,1.0,Administration Support,Administration Support,Siebel Infra and Projects,Regulatory Operations BAU,False
R0002_55011220,R0002_55043901,1.0,Administration Support,Administration Support,Regulatory Operations BAU,Siebel Infra and Projects,False
R0002_55037878,R0002_55011220,1.0,Administration Support,Administration Support,Shared Services Collection,Regulatory Operations BAU,False
R0002_55011220,R0002_55037878,1.0,Administration Support,Administration Support,Regulatory Operations BAU,Shared Services Collection,False
R0002_55026664,R0002_55011220,1.0,Administration Support,Administration Support,Risk Commitee,Regulatory Operations BAU,False
R0002_55011220,R0002_55026664,1.0,Administration Support,Administration Support,Regulatory Operations BAU,Risk Commitee,False
R0002_55043779,R0002_55011220,1.0,Administration Support,Administration Support,Release Train,Regulatory Operations BAU,False
R0002_55043779,R0002_55030125,1.0,Administration Support,Administration Support,Release Train,Records Mgmt & Third Party Data Serv,False
R0002_55030125,R0002_55043779,1.0,Administration Support,Administration Support,Records Mgmt & Third Party Data Serv,Release Train,False
R0002_55011220,R0002_55030125,1.0,Administration Support,Administration Support,Regulatory Operations BAU,Records Mgmt & Third Party Data Serv,False
R0002_55030125,R0002_55011220,1.0,Administration Support,Administration Support,Records Mgmt & Third Party Data Serv,Regulatory Operations BAU,False
R0002_55043779,R0002_55031084,1.0,Administration Support,Administration Support,Release Train,Quality Assurance,False
R0002_55031084,R0002_55043779,1.0,Administration Support,Administration Support,Quality Assurance,Release Train,False
R0002_55011220,R0002_55031084,1.0,Administration Support,Administration Support,Regulatory Operations BAU,Quality Assurance,False
R0002_55031084,R0002_55011220,1.0,Administration Support,Administration Support,Quality Assurance,Regulatory Operations BAU,False
R0002_55030125,R0002_55031084,1.0,Administration Support,Administration Support,Records Mgmt & Third Party Data Serv,Quality Assurance,False
R0002_55031084,R0002_55030125,1.0,Administration Support,Administration Support,Quality Assurance,Records Mgmt & Third Party Data Serv,False
R0002_55019387,R0002_55041833,1.0,Administration Support,Administration Support,Whistleblower,POA Implementation,False
R0002_55041833,R0002_55019387,1.0,Administration Support,Administration Support,POA Implementation,Whistleblower,False
R0002_55037283,R0002_55041833,1.0,Administration Support,Administration Support,VRT/ VIT,POA Implementation,False
R0002_55041833,R0002_55037283,1.0,Administration Support,Administration Support,POA Implementation,VRT/ VIT,False
R0002_55025080,R0002_55041833,1.0,Administration Support,Administration Support,Valuations Operations,POA Implementation,False
R0002_55041833,R0002_55025080,1.0,Administration Support,Administration Support,POA Implementation,Valuations Operations,False
R0002_55031358,R0002_55041833,1.0,Administration Support,Administration Support,Transformation,POA Implementation,False
R0002_55041833,R0002_55031358,1.0,Administration Support,Administration Support,POA Implementation,Transformation,False
R0002_55042075,R0002_55041833,1.0,Administration Support,Administration Support,Suppliers & Partners,POA Implementation,False
R0002_55031084,R0002_55026664,1.0,Administration Support,Administration Support,Quality Assurance,Risk Commitee,False
R0002_55026664,R0002_55031084,1.0,Administration Support,Administration Support,Risk Commitee,Quality Assurance,False
R0002_55031084,R0002_55037878,1.0,Administration Support,Administration Support,Quality Assurance,Shared Services Collection,False
R0002_55031358,R0002_55031084,1.0,Administration Support,Administration Support,Transformation,Quality Assurance,False
R0002_55019387,R0002_55031084,1.0,Administration Support,Administration Support,Whistleblower,Quality Assurance,False
R0002_55031084,R0002_55019387,1.0,Administration Support,Administration Support,Quality Assurance,Whistleblower,False
R0002_55037283,R0002_55031084,1.0,Administration Support,Administration Support,VRT/ VIT,Quality Assurance,False
R0002_55031084,R0002_55037283,1.0,Administration Support,Administration Support,Quality Assurance,VRT/ VIT,False
R0002_55025080,R0002_55031084,1.0,Administration Support,Administration Support,Valuations Operations,Quality Assurance,False
R0002_55031084,R0002_55025080,1.0,Administration Support,Administration Support,Quality Assurance,Valuations Operations,False
R0002_55031084,R0002_55031358,1.0,Administration Support,Administration Support,Quality Assurance,Transformation,False
R0002_55037878,R0002_55031084,1.0,Administration Support,Administration Support,Shared Services Collection,Quality Assurance,False
R0002_55042075,R0002_55031084,1.0,Administration Support,Administration Support,Suppliers & Partners,Quality Assurance,False
R0002_55031084,R0002_55042075,1.0,Administration Support,Administration Support,Quality Assurance,Suppliers & Partners,False
R0002_55037718,R0002_55031084,1.0,Administration Support,Administration Support,Subsidiary Governance,Quality Assurance,False
R0002_55031084,R0002_55037718,1.0,Administration Support,Administration Support,Quality Assurance,Subsidiary Governance,False
R0002_55043901,R0002_55031084,1.0,Administration Support,Administration Support,Siebel Infra and Projects,Quality Assurance,False
R0002_55031084,R0002_55043901,1.0,Administration Support,Administration Support,Quality Assurance,Siebel Infra and Projects,False
R0002_55035727,R0002_55040793,1.0,Administration Support,Administration Support,NH Data Operations,Merchant Contracts,False
R0002_55043136,R0002_55037878,1.0,Administration Support,Administration Support,Merchant Services,Shared Services Collection,False
R0002_55027319,R0002_55040793,1.0,Administration Support,Administration Support,NAB Staff Club - MF,Merchant Contracts,False
R0002_55031084,R0002_55019960,1.0,Administration Support,Administration Support,Quality Assurance,Governance Compliance,False
R0002_55041833,R0002_55019960,1.0,Administration Support,Administration Support,POA Implementation,Governance Compliance,False
R0002_55019960,R0002_55041833,1.0,Administration Support,Administration Support,Governance Compliance,POA Implementation,False
R0002_55041025,R0002_55019960,1.0,Administration Support,Administration Support,People Reporting,Governance Compliance,False
R0002_55019960,R0002_55041025,1.0,Administration Support,Administration Support,Governance Compliance,People Reporting,False
R0002_55039889,R0002_55019960,1.0,Administration Support,Administration Support,Payments Experience,Governance Compliance,False
R0002_55019960,R0002_55039889,1.0,Administration Support,Administration Support,Governance Compliance,Payments Experience,False
R0002_55029026,R0002_55019960,1.0,Administration Support,Administration Support,P&C Divisional Controls,Governance Compliance,False
R0002_55019960,R0002_55029026,1.0,Administration Support,Administration Support,Governance Compliance,P&C Divisional Controls,False
R0002_55032858,R0002_55019960,1.0,Administration Support,Administration Support,Operations and Property Support,Governance Compliance,False
R0002_55019960,R0002_55032858,1.0,Administration Support,Administration Support,Governance Compliance,Operations and Property Support,False
R0002_55035727,R0002_55019960,1.0,Administration Support,Administration Support,NH Data Operations,Governance Compliance,False
R0002_55019960,R0002_55035727,1.0,Administration Support,Administration Support,Governance Compliance,NH Data Operations,False
R0002_55027319,R0002_55019960,1.0,Administration Support,Administration Support,NAB Staff Club - MF,Governance Compliance,False
R0002_55019960,R0002_55027319,1.0,Administration Support,Administration Support,Governance Compliance,NAB Staff Club - MF,False
R0002_55003518,R0002_55019960,1.0,Administration Support,Administration Support,NAB Staff Club,Governance Compliance,False
R0002_55019960,R0002_55003518,1.0,Administration Support,Administration Support,Governance Compliance,NAB Staff Club,False
R0002_55014421,R0002_55019960,1.0,Administration Support,Administration Support,NAB Corporate VIC/SA,Governance Compliance,False
R0002_55019960,R0002_55014421,1.0,Administration Support,Administration Support,Governance Compliance,NAB Corporate VIC/SA,False
R0002_55043136,R0002_55019960,1.0,Administration Support,Administration Support,Merchant Services,Governance Compliance,False
R0002_55019960,R0002_55031084,1.0,Administration Support,Administration Support,Governance Compliance,Quality Assurance,False
R0002_55019960,R0002_55030125,1.0,Administration Support,Administration Support,Governance Compliance,Records Mgmt & Third Party Data Serv,False
R0002_55040793,R0002_55019960,1.0,Administration Support,Administration Support,Merchant Contracts,Governance Compliance,False
R0002_55030125,R0002_55019960,1.0,Administration Support,Administration Support,Records Mgmt & Third Party Data Serv,Governance Compliance,False
R0002_55019960,R0002_55037283,1.0,Administration Support,Administration Support,Governance Compliance,VRT/ VIT,False
R0002_55025080,R0002_55019960,1.0,Administration Support,Administration Support,Valuations Operations,Governance Compliance,False
R0002_55019960,R0002_55025080,1.0,Administration Support,Administration Support,Governance Compliance,Valuations Operations,False
R0002_55031358,R0002_55019960,1.0,Administration Support,Administration Support,Transformation,Governance Compliance,False
R0002_55019960,R0002_55031358,1.0,Administration Support,Administration Support,Governance Compliance,Transformation,False
R0002_55042075,R0002_55019960,1.0,Administration Support,Administration Support,Suppliers & Partners,Governance Compliance,False
R0002_55019960,R0002_55042075,1.0,Administration Support,Administration Support,Governance Compliance,Suppliers & Partners,False
R0002_55037718,R0002_55019960,1.0,Administration Support,Administration Support,Subsidiary Governance,Governance Compliance,False
R0002_55019960,R0002_55037718,1.0,Administration Support,Administration Support,Governance Compliance,Subsidiary Governance,False
R0002_55043901,R0002_55019960,1.0,Administration Support,Administration Support,Siebel Infra and Projects,Governance Compliance,False
R0002_55019960,R0002_55043901,1.0,Administration Support,Administration Support,Governance Compliance,Siebel Infra and Projects,False
R0002_55037878,R0002_55019960,1.0,Administration Support,Administration Support,Shared Services Collection,Governance Compliance,False
R0002_55019960,R0002_55037878,1.0,Administration Support,Administration Support,Governance Compliance,Shared Services Collection,False
R0002_55026664,R0002_55019960,1.0,Administration Support,Administration Support,Risk Commitee,Governance Compliance,False
R0002_55019960,R0002_55026664,1.0,Administration Support,Administration Support,Governance Compliance,Risk Commitee,False
R0002_55043779,R0002_55019960,1.0,Administration Support,Administration Support,Release Train,Governance Compliance,False
R0002_55019960,R0002_55043779,1.0,Administration Support,Administration Support,Governance Compliance,Release Train,False
R0002_55011220,R0002_55019960,1.0,Administration Support,Administration Support,Regulatory Operations BAU,Governance Compliance,False
R0002_55019960,R0002_55011220,1.0,Administration Support,Administration Support,Governance Compliance,Regulatory Operations BAU,False
R0002_55019960,R0002_55043136,1.0,Administration Support,Administration Support,Governance Compliance,Merchant Services,False
R0002_55019960,R0002_55040793,1.0,Administration Support,Administration Support,Governance Compliance,Merchant Contracts,False
R0002_55019960,R0002_55019387,1.0,Administration Support,Administration Support,Governance Compliance,Whistleblower,False
R0002_55037718,R0002_55038839,1.0,Administration Support,Administration Support,Subsidiary Governance,Global Tech Academy,False
R0002_55043901,R0002_55038839,1.0,Administration Support,Administration Support,Siebel Infra and Projects,Global Tech Academy,False
R0002_55038839,R0002_55043901,1.0,Administration Support,Administration Support,Global Tech Academy,Siebel Infra and Projects,False
R0002_55037878,R0002_55038839,1.0,Administration Support,Administration Support,Shared Services Collection,Global Tech Academy,False
R0002_55038839,R0002_55037878,1.0,Administration Support,Administration Support,Global Tech Academy,Shared Services Collection,False
R0002_55026664,R0002_55038839,1.0,Administration Support,Administration Support,Risk Commitee,Global Tech Academy,False
R0002_55038839,R0002_55026664,1.0,Administration Support,Administration Support,Global Tech Academy,Risk Commitee,False
R0002_55043779,R0002_55038839,1.0,Administration Support,Administration Support,Release Train,Global Tech Academy,False
R0002_55038839,R0002_55043779,1.0,Administration Support,Administration Support,Global Tech Academy,Release Train,False
R0002_55011220,R0002_55038839,1.0,Administration Support,Administration Support,Regulatory Operations BAU,Global Tech Academy,False
R0002_55038839,R0002_55011220,1.0,Administration Support,Administration Support,Global Tech Academy,Regulatory Operations BAU,False
R0002_55030125,R0002_55038839,1.0,Administration Support,Administration Support,Records Mgmt & Third Party Data Serv,Global Tech Academy,False
R0002_55038839,R0002_55030125,1.0,Administration Support,Administration Support,Global Tech Academy,Records Mgmt & Third Party Data Serv,False
R0002_55031084,R0002_55038839,1.0,Administration Support,Administration Support,Quality Assurance,Global Tech Academy,False
R0002_55038839,R0002_55031084,1.0,Administration Support,Administration Support,Global Tech Academy,Quality Assurance,False
R0002_55041833,R0002_55038839,1.0,Administration Support,Administration Support,POA Implementation,Global Tech Academy,False
R0002_55038839,R0002_55041833,1.0,Administration Support,Administration Support,Global Tech Academy,POA Implementation,False
R0002_55041025,R0002_55038839,1.0,Administration Support,Administration Support,People Reporting,Global Tech Academy,False
R0002_55038839,R0002_55041025,1.0,Administration Support,Administration Support,Global Tech Academy,People Reporting,False
R0002_55039889,R0002_55038839,1.0,Administration Support,Administration Support,Payments Experience,Global Tech Academy,False
R0002_55038839,R0002_55037718,1.0,Administration Support,Administration Support,Global Tech Academy,Subsidiary Governance,False
R0002_55038839,R0002_55042075,1.0,Administration Support,Administration Support,Global Tech Academy,Suppliers & Partners,False
R0002_55037530,R0002_55019960,1.0,Administration Support,Administration Support,Markets Enablement,Governance Compliance,False
R0002_55042075,R0002_55038839,1.0,Administration Support,Administration Support,Suppliers & Partners,Global Tech Academy,False
R0002_55019960,R0002_55037530,1.0,Administration Support,Administration Support,Governance Compliance,Markets Enablement,False
R0002_55036050,R0002_55019960,1.0,Administration Support,Administration Support,Lending Experience,Governance Compliance,False
R0002_55019960,R0002_55036050,1.0,Administration Support,Administration Support,Governance Compliance,Lending Experience,False
R0002_55044076,R0002_55019960,1.0,Administration Support,Administration Support,IPP - Data Reporting and Governance,Governance Compliance,False
R0002_55019960,R0002_55044076,1.0,Administration Support,Administration Support,Governance Compliance,IPP - Data Reporting and Governance,False
R0002_55036505,R0002_55019960,1.0,Administration Support,Administration Support,HICAPS Sales,Governance Compliance,False
R0002_55019960,R0002_55036505,1.0,Administration Support,Administration Support,Governance Compliance,HICAPS Sales,False
R0002_55006197,R0002_55019960,1.0,Administration Support,Administration Support,Group Company Secretary,Governance Compliance,False
R0002_55019960,R0002_55006197,1.0,Administration Support,Administration Support,Governance Compliance,Group Company Secretary,False
R0002_55033035,R0002_55019960,1.0,Administration Support,Administration Support,GPO Process Design & Control,Governance Compliance,False
R0002_55019960,R0002_55033035,1.0,Administration Support,Administration Support,Governance Compliance,GPO Process Design & Control,False
R0002_55019387,R0002_55038839,1.0,Administration Support,Administration Support,Whistleblower,Global Tech Academy,False
R0002_55038839,R0002_55019387,1.0,Administration Support,Administration Support,Global Tech Academy,Whistleblower,False
R0002_55037283,R0002_55038839,1.0,Administration Support,Administration Support,VRT/ VIT,Global Tech Academy,False
R0002_55038839,R0002_55037283,1.0,Administration Support,Administration Support,Global Tech Academy,VRT/ VIT,False
R0002_55025080,R0002_55038839,1.0,Administration Support,Administration Support,Valuations Operations,Global Tech Academy,False
R0002_55038839,R0002_55025080,1.0,Administration Support,Administration Support,Global Tech Academy,Valuations Operations,False
R0002_55031358,R0002_55038839,1.0,Administration Support,Administration Support,Transformation,Global Tech Academy,False
R0002_55038839,R0002_55031358,1.0,Administration Support,Administration Support,Global Tech Academy,Transformation,False
R0002_55037283,R0002_55019960,1.0,Administration Support,Administration Support,VRT/ VIT,Governance Compliance,False
R0002_55019387,R0002_55019960,1.0,Administration Support,Administration Support,Whistleblower,Governance Compliance,False
R0002_55006197,R0002_55030125,1.0,Administration Support,Administration Support,Group Company Secretary,Records Mgmt & Third Party Data Serv,False
R0002_55040793,R0002_55006197,1.0,Administration Support,Administration Support,Merchant Contracts,Group Company Secretary,False
R0002_55037530,R0002_55006197,1.0,Administration Support,Administration Support,Markets Enablement,Group Company Secretary,False
R0002_55006197,R0002_55037530,1.0,Administration Support,Administration Support,Group Company Secretary,Markets Enablement,False
R0002_55036050,R0002_55006197,1.0,Administration Support,Administration Support,Lending Experience,Group Company Secretary,False
R0002_55006197,R0002_55036050,1.0,Administration Support,Administration Support,Group Company Secretary,Lending Experience,False
R0002_55044076,R0002_55006197,1.0,Administration Support,Administration Support,IPP - Data Reporting and Governance,Group Company Secretary,False
R0002_55006197,R0002_55044076,1.0,Administration Support,Administration Support,Group Company Secretary,IPP - Data Reporting and Governance,False
R0002_55036505,R0002_55006197,1.0,Administration Support,Administration Support,HICAPS Sales,Group Company Secretary,False
R0002_55006197,R0002_55036505,1.0,Administration Support,Administration Support,Group Company Secretary,HICAPS Sales,False
R0002_55019387,R0002_55033035,1.0,Administration Support,Administration Support,Whistleblower,GPO Process Design & Control,False
R0002_55033035,R0002_55019387,1.0,Administration Support,Administration Support,GPO Process Design & Control,Whistleblower,False
R0002_55037283,R0002_55033035,1.0,Administration Support,Administration Support,VRT/ VIT,GPO Process Design & Control,False
R0002_55033035,R0002_55037283,1.0,Administration Support,Administration Support,GPO Process Design & Control,VRT/ VIT,False
R0002_55025080,R0002_55033035,1.0,Administration Support,Administration Support,Valuations Operations,GPO Process Design & Control,False
R0002_55033035,R0002_55025080,1.0,Administration Support,Administration Support,GPO Process Design & Control,Valuations Operations,False
R0002_55031358,R0002_55033035,1.0,Administration Support,Administration Support,Transformation,GPO Process Design & Control,False
R0002_55033035,R0002_55031358,1.0,Administration Support,Administration Support,GPO Process Design & Control,Transformation,False
R0002_55042075,R0002_55033035,1.0,Administration Support,Administration Support,Suppliers & Partners,GPO Process Design & Control,False
R0002_55033035,R0002_55042075,1.0,Administration Support,Administration Support,GPO Process Design & Control,Suppliers & Partners,False
R0002_55037718,R0002_55033035,1.0,Administration Support,Administration Support,Subsidiary Governance,GPO Process Design & Control,False
R0002_55006197,R0002_55040793,1.0,Administration Support,Administration Support,Group Company Secretary,Merchant Contracts,False
R0002_55006197,R0002_55043136,1.0,Administration Support,Administration Support,Group Company Secretary,Merchant Services,False
R0002_55043901,R0002_55033035,1.0,Administration Support,Administration Support,Siebel Infra and Projects,GPO Process Design & Control,False
R0002_55043136,R0002_55006197,1.0,Administration Support,Administration Support,Merchant Services,Group Company Secretary,False
R0002_55006197,R0002_55031084,1.0,Administration Support,Administration Support,Group Company Secretary,Quality Assurance,False
R0002_55041833,R0002_55006197,1.0,Administration Support,Administration Support,POA Implementation,Group Company Secretary,False
R0002_55006197,R0002_55041833,1.0,Administration Support,Administration Support,Group Company Secretary,POA Implementation,False
R0002_55041025,R0002_55006197,1.0,Administration Support,Administration Support,People Reporting,Group Company Secretary,False
R0002_55006197,R0002_55041025,1.0,Administration Support,Administration Support,Group Company Secretary,People Reporting,False
R0002_55039889,R0002_55006197,1.0,Administration Support,Administration Support,Payments Experience,Group Company Secretary,False
R0002_55006197,R0002_55039889,1.0,Administration Support,Administration Support,Group Company Secretary,Payments Experience,False
R0002_55029026,R0002_55006197,1.0,Administration Support,Administration Support,P&C Divisional Controls,Group Company Secretary,False
R0002_55006197,R0002_55029026,1.0,Administration Support,Administration Support,Group Company Secretary,P&C Divisional Controls,False
R0002_55032858,R0002_55006197,1.0,Administration Support,Administration Support,Operations and Property Support,Group Company Secretary,False
R0002_55006197,R0002_55032858,1.0,Administration Support,Administration Support,Group Company Secretary,Operations and Property Support,False
R0002_55035727,R0002_55006197,1.0,Administration Support,Administration Support,NH Data Operations,Group Company Secretary,False
R0002_55006197,R0002_55035727,1.0,Administration Support,Administration Support,Group Company Secretary,NH Data Operations,False
R0002_55027319,R0002_55006197,1.0,Administration Support,Administration Support,NAB Staff Club - MF,Group Company Secretary,False
R0002_55006197,R0002_55027319,1.0,Administration Support,Administration Support,Group Company Secretary,NAB Staff Club - MF,False
R0002_55003518,R0002_55006197,1.0,Administration Support,Administration Support,NAB Staff Club,Group Company Secretary,False
R0002_55006197,R0002_55003518,1.0,Administration Support,Administration Support,Group Company Secretary,NAB Staff Club,False
R0002_55014421,R0002_55006197,1.0,Administration Support,Administration Support,NAB Corporate VIC/SA,Group Company Secretary,False
R0002_55006197,R0002_55014421,1.0,Administration Support,Administration Support,Group Company Secretary,NAB Corporate VIC/SA,False
R0002_55033035,R0002_55037718,1.0,Administration Support,Administration Support,GPO Process Design & Control,Subsidiary Governance,False
R0002_55033035,R0002_55043901,1.0,Administration Support,Administration Support,GPO Process Design & Control,Siebel Infra and Projects,False
R0002_55033035,R0002_55006197,1.0,Administration Support,Administration Support,GPO Process Design & Control,Group Company Secretary,False
R0002_55035727,R0002_55033035,1.0,Administration Support,Administration Support,NH Data Operations,GPO Process Design & Control,False
R0002_55027319,R0002_55033035,1.0,Administration Support,Administration Support,NAB Staff Club - MF,GPO Process Design & Control,False
R0002_55033035,R0002_55027319,1.0,Administration Support,Administration Support,GPO Process Design & Control,NAB Staff Club - MF,False
R0002_55003518,R0002_55033035,1.0,Administration Support,Administration Support,NAB Staff Club,GPO Process Design & Control,False
R0002_55033035,R0002_55003518,1.0,Administration Support,Administration Support,GPO Process Design & Control,NAB Staff Club,False
R0002_55014421,R0002_55033035,1.0,Administration Support,Administration Support,NAB Corporate VIC/SA,GPO Process Design & Control,False
R0002_55033035,R0002_55014421,1.0,Administration Support,Administration Support,GPO Process Design & Control,NAB Corporate VIC/SA,False
R0002_55043136,R0002_55033035,1.0,Administration Support,Administration Support,Merchant Services,GPO Process Design & Control,False
R0002_55033035,R0002_55043136,1.0,Administration Support,Administration Support,GPO Process Design & Control,Merchant Services,False
R0002_55040793,R0002_55033035,1.0,Administration Support,Administration Support,Merchant Contracts,GPO Process Design & Control,False
R0002_55033035,R0002_55040793,1.0,Administration Support,Administration Support,GPO Process Design & Control,Merchant Contracts,False
R0002_55037530,R0002_55033035,1.0,Administration Support,Administration Support,Markets Enablement,GPO Process Design & Control,False
R0002_55033035,R0002_55037530,1.0,Administration Support,Administration Support,GPO Process Design & Control,Markets Enablement,False
R0002_55036050,R0002_55033035,1.0,Administration Support,Administration Support,Lending Experience,GPO Process Design & Control,False
R0002_55033035,R0002_55036050,1.0,Administration Support,Administration Support,GPO Process Design & Control,Lending Experience,False
R0002_55044076,R0002_55033035,1.0,Administration Support,Administration Support,IPP - Data Reporting and Governance,GPO Process Design & Control,False
R0002_55033035,R0002_55044076,1.0,Administration Support,Administration Support,GPO Process Design & Control,IPP - Data Reporting and Governance,False
R0002_55036505,R0002_55033035,1.0,Administration Support,Administration Support,HICAPS Sales,GPO Process Design & Control,False
R0002_55033035,R0002_55036505,1.0,Administration Support,Administration Support,GPO Process Design & Control,HICAPS Sales,False
R0002_55006197,R0002_55033035,1.0,Administration Support,Administration Support,Group Company Secretary,GPO Process Design & Control,False
R0002_55033035,R0002_55035727,1.0,Administration Support,Administration Support,GPO Process Design & Control,NH Data Operations,False
R0002_55033035,R0002_55032858,1.0,Administration Support,Administration Support,GPO Process Design & Control,Operations and Property Support,False
R0002_55037878,R0002_55033035,1.0,Administration Support,Administration Support,Shared Services Collection,GPO Process Design & Control,False
R0002_55032858,R0002_55033035,1.0,Administration Support,Administration Support,Operations and Property Support,GPO Process Design & Control,False
R0002_55033035,R0002_55037878,1.0,Administration Support,Administration Support,GPO Process Design & Control,Shared Services Collection,False
R0002_55026664,R0002_55033035,1.0,Administration Support,Administration Support,Risk Commitee,GPO Process Design & Control,False
R0002_55033035,R0002_55026664,1.0,Administration Support,Administration Support,GPO Process Design & Control,Risk Commitee,False
R0002_55043779,R0002_55033035,1.0,Administration Support,Administration Support,Release Train,GPO Process Design & Control,False
R0002_55033035,R0002_55043779,1.0,Administration Support,Administration Support,GPO Process Design & Control,Release Train,False
R0002_55011220,R0002_55033035,1.0,Administration Support,Administration Support,Regulatory Operations BAU,GPO Process Design & Control,False
R0002_55033035,R0002_55011220,1.0,Administration Support,Administration Support,GPO Process Design & Control,Regulatory Operations BAU,False
R0002_55030125,R0002_55033035,1.0,Administration Support,Administration Support,Records Mgmt & Third Party Data Serv,GPO Process Design & Control,False
R0002_55033035,R0002_55030125,1.0,Administration Support,Administration Support,GPO Process Design & Control,Records Mgmt & Third Party Data Serv,False
R0002_55031084,R0002_55033035,1.0,Administration Support,Administration Support,Quality Assurance,GPO Process Design & Control,False
R0002_55033035,R0002_55031084,1.0,Administration Support,Administration Support,GPO Process Design & Control,Quality Assurance,False
R0002_55041833,R0002_55033035,1.0,Administration Support,Administration Support,POA Implementation,GPO Process Design & Control,False
R0002_55033035,R0002_55041833,1.0,Administration Support,Administration Support,GPO Process Design & Control,POA Implementation,False
R0002_55041025,R0002_55033035,1.0,Administration Support,Administration Support,People Reporting,GPO Process Design & Control,False
R0002_55033035,R0002_55041025,1.0,Administration Support,Administration Support,GPO Process Design & Control,People Reporting,False
R0002_55039889,R0002_55033035,1.0,Administration Support,Administration Support,Payments Experience,GPO Process Design & Control,False
R0002_55033035,R0002_55039889,1.0,Administration Support,Administration Support,GPO Process Design & Control,Payments Experience,False
R0002_55029026,R0002_55033035,1.0,Administration Support,Administration Support,P&C Divisional Controls,GPO Process Design & Control,False
R0002_55033035,R0002_55029026,1.0,Administration Support,Administration Support,GPO Process Design & Control,P&C Divisional Controls,False
R0002_55038839,R0002_55039889,1.0,Administration Support,Administration Support,Global Tech Academy,Payments Experience,False
R0002_55029026,R0002_55038839,1.0,Administration Support,Administration Support,P&C Divisional Controls,Global Tech Academy,False
R0002_55038839,R0002_55029026,1.0,Administration Support,Administration Support,Global Tech Academy,P&C Divisional Controls,False
R0002_55028991,R0002_55011220,1.0,Administration Support,Administration Support,Financial Crime and Fraud Technology,Regulatory Operations BAU,False
R0002_55028991,R0002_55030125,1.0,Administration Support,Administration Support,Financial Crime and Fraud Technology,Records Mgmt & Third Party Data Serv,False
R0002_55031084,R0002_55028991,1.0,Administration Support,Administration Support,Quality Assurance,Financial Crime and Fraud Technology,False
R0002_55028991,R0002_55031084,1.0,Administration Support,Administration Support,Financial Crime and Fraud Technology,Quality Assurance,False
R0002_55041833,R0002_55028991,1.0,Administration Support,Administration Support,POA Implementation,Financial Crime and Fraud Technology,False
R0002_55028991,R0002_55041833,1.0,Administration Support,Administration Support,Financial Crime and Fraud Technology,POA Implementation,False
R0002_55041025,R0002_55028991,1.0,Administration Support,Administration Support,People Reporting,Financial Crime and Fraud Technology,False
R0002_55028991,R0002_55041025,1.0,Administration Support,Administration Support,Financial Crime and Fraud Technology,People Reporting,False
R0002_55039889,R0002_55028991,1.0,Administration Support,Administration Support,Payments Experience,Financial Crime and Fraud Technology,False
R0002_55028991,R0002_55039889,1.0,Administration Support,Administration Support,Financial Crime and Fraud Technology,Payments Experience,False
R0002_55029026,R0002_55028991,1.0,Administration Support,Administration Support,P&C Divisional Controls,Financial Crime and Fraud Technology,False
R0002_55028991,R0002_55029026,1.0,Administration Support,Administration Support,Financial Crime and Fraud Technology,P&C Divisional Controls,False
R0002_55032858,R0002_55028991,1.0,Administration Support,Administration Support,Operations and Property Support,Financial Crime and Fraud Technology,False
R0002_55028991,R0002_55032858,1.0,Administration Support,Administration Support,Financial Crime and Fraud Technology,Operations and Property Support,False
R0002_55035727,R0002_55028991,1.0,Administration Support,Administration Support,NH Data Operations,Financial Crime and Fraud Technology,False
R0002_55028991,R0002_55035727,1.0,Administration Support,Administration Support,Financial Crime and Fraud Technology,NH Data Operations,False
R0002_55027319,R0002_55028991,1.0,Administration Support,Administration Support,NAB Staff Club - MF,Financial Crime and Fraud Technology,False
R0002_55028991,R0002_55027319,1.0,Administration Support,Administration Support,Financial Crime and Fraud Technology,NAB Staff Club - MF,False
R0002_55003518,R0002_55028991,1.0,Administration Support,Administration Support,NAB Staff Club,Financial Crime and Fraud Technology,False
R0002_55028991,R0002_55003518,1.0,Administration Support,Administration Support,Financial Crime and Fraud Technology,NAB Staff Club,False
R0002_55030125,R0002_55028991,1.0,Administration Support,Administration Support,Records Mgmt & Third Party Data Serv,Financial Crime and Fraud Technology,False
R0002_55011220,R0002_55028991,1.0,Administration Support,Administration Support,Regulatory Operations BAU,Financial Crime and Fraud Technology,False
R0002_55028991,R0002_55014421,1.0,Administration Support,Administration Support,Financial Crime and Fraud Technology,NAB Corporate VIC/SA,False
R0002_55028991,R0002_55043779,1.0,Administration Support,Administration Support,Financial Crime and Fraud Technology,Release Train,False
R0002_55019387,R0002_55028991,1.0,Administration Support,Administration Support,Whistleblower,Financial Crime and Fraud Technology,False
R0002_55028991,R0002_55019387,1.0,Administration Support,Administration Support,Financial Crime and Fraud Technology,Whistleblower,False
R0002_55037283,R0002_55028991,1.0,Administration Support,Administration Support,VRT/ VIT,Financial Crime and Fraud Technology,False
R0002_55028991,R0002_55037283,1.0,Administration Support,Administration Support,Financial Crime and Fraud Technology,VRT/ VIT,False
R0002_55025080,R0002_55028991,1.0,Administration Support,Administration Support,Valuations Operations,Financial Crime and Fraud Technology,False
R0002_55028991,R0002_55025080,1.0,Administration Support,Administration Support,Financial Crime and Fraud Technology,Valuations Operations,False
R0002_55031358,R0002_55028991,1.0,Administration Support,Administration Support,Transformation,Financial Crime and Fraud Technology,False
R0002_55028991,R0002_55031358,1.0,Administration Support,Administration Support,Financial Crime and Fraud Technology,Transformation,False
R0002_55042075,R0002_55028991,1.0,Administration Support,Administration Support,Suppliers & Partners,Financial Crime and Fraud Technology,False
R0002_55028991,R0002_55042075,1.0,Administration Support,Administration Support,Financial Crime and Fraud Technology,Suppliers & Partners,False
R0002_55037718,R0002_55028991,1.0,Administration Support,Administration Support,Subsidiary Governance,Financial Crime and Fraud Technology,False
R0002_55028991,R0002_55037718,1.0,Administration Support,Administration Support,Financial Crime and Fraud Technology,Subsidiary Governance,False
R0002_55043901,R0002_55028991,1.0,Administration Support,Administration Support,Siebel Infra and Projects,Financial Crime and Fraud Technology,False
R0002_55028991,R0002_55043901,1.0,Administration Support,Administration Support,Financial Crime and Fraud Technology,Siebel Infra and Projects,False
R0002_55037878,R0002_55028991,1.0,Administration Support,Administration Support,Shared Services Collection,Financial Crime and Fraud Technology,False
R0002_55028991,R0002_55037878,1.0,Administration Support,Administration Support,Financial Crime and Fraud Technology,Shared Services Collection,False
R0002_55026664,R0002_55028991,1.0,Administration Support,Administration Support,Risk Commitee,Financial Crime and Fraud Technology,False
R0002_55028991,R0002_55026664,1.0,Administration Support,Administration Support,Financial Crime and Fraud Technology,Risk Commitee,False
R0002_55043779,R0002_55028991,1.0,Administration Support,Administration Support,Release Train,Financial Crime and Fraud Technology,False
R0002_55014421,R0002_55028991,1.0,Administration Support,Administration Support,NAB Corporate VIC/SA,Financial Crime and Fraud Technology,False
R0002_55043136,R0002_55028991,1.0,Administration Support,Administration Support,Merchant Services,Financial Crime and Fraud Technology,False
R0002_55032858,R0002_55038839,1.0,Administration Support,Administration Support,Operations and Property Support,Global Tech Academy,False
R0002_55031467,R0002_55019387,1.0,Administration Support,Administration Support,FC Enablement - Planning & Execution,Whistleblower,False
R0002_55031467,R0002_55037283,1.0,Administration Support,Administration Support,FC Enablement - Planning & Execution,VRT/ VIT,False
R0002_55025080,R0002_55031467,1.0,Administration Support,Administration Support,Valuations Operations,FC Enablement - Planning & Execution,False
R0002_55031467,R0002_55025080,1.0,Administration Support,Administration Support,FC Enablement - Planning & Execution,Valuations Operations,False
R0002_55031358,R0002_55031467,1.0,Administration Support,Administration Support,Transformation,FC Enablement - Planning & Execution,False
R0002_55031467,R0002_55031358,1.0,Administration Support,Administration Support,FC Enablement - Planning & Execution,Transformation,False
R0002_55042075,R0002_55031467,1.0,Administration Support,Administration Support,Suppliers & Partners,FC Enablement - Planning & Execution,False
R0002_55031467,R0002_55042075,1.0,Administration Support,Administration Support,FC Enablement - Planning & Execution,Suppliers & Partners,False
R0002_55037718,R0002_55031467,1.0,Administration Support,Administration Support,Subsidiary Governance,FC Enablement - Planning & Execution,False
R0002_55031467,R0002_55037718,1.0,Administration Support,Administration Support,FC Enablement - Planning & Execution,Subsidiary Governance,False
R0002_55043901,R0002_55031467,1.0,Administration Support,Administration Support,Siebel Infra and Projects,FC Enablement - Planning & Execution,False
R0002_55031467,R0002_55043901,1.0,Administration Support,Administration Support,FC Enablement - Planning & Execution,Siebel Infra and Projects,False
R0002_55037878,R0002_55031467,1.0,Administration Support,Administration Support,Shared Services Collection,FC Enablement - Planning & Execution,False
R0002_55031467,R0002_55037878,1.0,Administration Support,Administration Support,FC Enablement - Planning & Execution,Shared Services Collection,False
R0002_55026664,R0002_55031467,1.0,Administration Support,Administration Support,Risk Commitee,FC Enablement - Planning & Execution,False
R0002_55031467,R0002_55026664,1.0,Administration Support,Administration Support,FC Enablement - Planning & Execution,Risk Commitee,False
R0002_55043779,R0002_55031467,1.0,Administration Support,Administration Support,Release Train,FC Enablement - Planning & Execution,False
R0002_55031467,R0002_55043779,1.0,Administration Support,Administration Support,FC Enablement - Planning & Execution,Release Train,False
R0002_55011220,R0002_55031467,1.0,Administration Support,Administration Support,Regulatory Operations BAU,FC Enablement - Planning & Execution,False
R0002_55031467,R0002_55011220,1.0,Administration Support,Administration Support,FC Enablement - Planning & Execution,Regulatory Operations BAU,False
R0002_55037283,R0002_55031467,1.0,Administration Support,Administration Support,VRT/ VIT,FC Enablement - Planning & Execution,False
R0002_55019387,R0002_55031467,1.0,Administration Support,Administration Support,Whistleblower,FC Enablement - Planning & Execution,False
R0002_55028991,R0002_55043136,1.0,Administration Support,Administration Support,Financial Crime and Fraud Technology,Merchant Services,False
R0002_55028991,R0002_55027831,1.0,Administration Support,Administration Support,Financial Crime and Fraud Technology,Front Office Tools,False
R0002_55040793,R0002_55028991,1.0,Administration Support,Administration Support,Merchant Contracts,Financial Crime and Fraud Technology,False
R0002_55028991,R0002_55040793,1.0,Administration Support,Administration Support,Financial Crime and Fraud Technology,Merchant Contracts,False
R0002_55037530,R0002_55028991,1.0,Administration Support,Administration Support,Markets Enablement,Financial Crime and Fraud Technology,False
R0002_55028991,R0002_55037530,1.0,Administration Support,Administration Support,Financial Crime and Fraud Technology,Markets Enablement,False
R0002_55036050,R0002_55028991,1.0,Administration Support,Administration Support,Lending Experience,Financial Crime and Fraud Technology,False
R0002_55028991,R0002_55036050,1.0,Administration Support,Administration Support,Financial Crime and Fraud Technology,Lending Experience,False
R0002_55044076,R0002_55028991,1.0,Administration Support,Administration Support,IPP - Data Reporting and Governance,Financial Crime and Fraud Technology,False
R0002_55028991,R0002_55044076,1.0,Administration Support,Administration Support,Financial Crime and Fraud Technology,IPP - Data Reporting and Governance,False
R0002_55036505,R0002_55028991,1.0,Administration Support,Administration Support,HICAPS Sales,Financial Crime and Fraud Technology,False
R0002_55028991,R0002_55036505,1.0,Administration Support,Administration Support,Financial Crime and Fraud Technology,HICAPS Sales,False
R0002_55006197,R0002_55028991,1.0,Administration Support,Administration Support,Group Company Secretary,Financial Crime and Fraud Technology,False
R0002_55028991,R0002_55006197,1.0,Administration Support,Administration Support,Financial Crime and Fraud Technology,Group Company Secretary,False
R0002_55033035,R0002_55028991,1.0,Administration Support,Administration Support,GPO Process Design & Control,Financial Crime and Fraud Technology,False
R0002_55028991,R0002_55033035,1.0,Administration Support,Administration Support,Financial Crime and Fraud Technology,GPO Process Design & Control,False
R0002_55019960,R0002_55028991,1.0,Administration Support,Administration Support,Governance Compliance,Financial Crime and Fraud Technology,False
R0002_55028991,R0002_55019960,1.0,Administration Support,Administration Support,Financial Crime and Fraud Technology,Governance Compliance,False
R0002_55038839,R0002_55028991,1.0,Administration Support,Administration Support,Global Tech Academy,Financial Crime and Fraud Technology,False
R0002_55028991,R0002_55038839,1.0,Administration Support,Administration Support,Financial Crime and Fraud Technology,Global Tech Academy,False
R0002_55027831,R0002_55028991,1.0,Administration Support,Administration Support,Front Office Tools,Financial Crime and Fraud Technology,False
R0002_55027831,R0002_55038839,1.0,Administration Support,Administration Support,Front Office Tools,Global Tech Academy,False
R0002_55038839,R0002_55027831,1.0,Administration Support,Administration Support,Global Tech Academy,Front Office Tools,False
R0002_55027831,R0002_55019960,1.0,Administration Support,Administration Support,Front Office Tools,Governance Compliance,False
R0002_55006197,R0002_55038839,1.0,Administration Support,Administration Support,Group Company Secretary,Global Tech Academy,False
R0002_55033035,R0002_55038839,1.0,Administration Support,Administration Support,GPO Process Design & Control,Global Tech Academy,False
R0002_55038839,R0002_55033035,1.0,Administration Support,Administration Support,Global Tech Academy,GPO Process Design & Control,False
R0002_55019960,R0002_55038839,1.0,Administration Support,Administration Support,Governance Compliance,Global Tech Academy,False
R0002_55038839,R0002_55019960,1.0,Administration Support,Administration Support,Global Tech Academy,Governance Compliance,False
R0002_55019387,R0002_55027831,1.0,Administration Support,Administration Support,Whistleblower,Front Office Tools,False
R0002_55027831,R0002_55019387,1.0,Administration Support,Administration Support,Front Office Tools,Whistleblower,False
R0002_55037283,R0002_55027831,1.0,Administration Support,Administration Support,VRT/ VIT,Front Office Tools,False
R0002_55027831,R0002_55037283,1.0,Administration Support,Administration Support,Front Office Tools,VRT/ VIT,False
R0002_55025080,R0002_55027831,1.0,Administration Support,Administration Support,Valuations Operations,Front Office Tools,False
R0002_55027831,R0002_55025080,1.0,Administration Support,Administration Support,Front Office Tools,Valuations Operations,False
R0002_55031358,R0002_55027831,1.0,Administration Support,Administration Support,Transformation,Front Office Tools,False
R0002_55027831,R0002_55031358,1.0,Administration Support,Administration Support,Front Office Tools,Transformation,False
R0002_55042075,R0002_55027831,1.0,Administration Support,Administration Support,Suppliers & Partners,Front Office Tools,False
R0002_55027831,R0002_55042075,1.0,Administration Support,Administration Support,Front Office Tools,Suppliers & Partners,False
R0002_55037718,R0002_55027831,1.0,Administration Support,Administration Support,Subsidiary Governance,Front Office Tools,False
R0002_55027831,R0002_55037718,1.0,Administration Support,Administration Support,Front Office Tools,Subsidiary Governance,False
R0002_55043901,R0002_55027831,1.0,Administration Support,Administration Support,Siebel Infra and Projects,Front Office Tools,False
R0002_55027831,R0002_55043901,1.0,Administration Support,Administration Support,Front Office Tools,Siebel Infra and Projects,False
R0002_55037878,R0002_55027831,1.0,Administration Support,Administration Support,Shared Services Collection,Front Office Tools,False
R0002_55038839,R0002_55006197,1.0,Administration Support,Administration Support,Global Tech Academy,Group Company Secretary,False
R0002_55038839,R0002_55036505,1.0,Administration Support,Administration Support,Global Tech Academy,HICAPS Sales,False
R0002_55019960,R0002_55027831,1.0,Administration Support,Administration Support,Governance Compliance,Front Office Tools,False
R0002_55036505,R0002_55038839,1.0,Administration Support,Administration Support,HICAPS Sales,Global Tech Academy,False
R0002_55038839,R0002_55032858,1.0,Administration Support,Administration Support,Global Tech Academy,Operations and Property Support,False
R0002_55035727,R0002_55038839,1.0,Administration Support,Administration Support,NH Data Operations,Global Tech Academy,False
R0002_55038839,R0002_55035727,1.0,Administration Support,Administration Support,Global Tech Academy,NH Data Operations,False
R0002_55027319,R0002_55038839,1.0,Administration Support,Administration Support,NAB Staff Club - MF,Global Tech Academy,False
R0002_55038839,R0002_55027319,1.0,Administration Support,Administration Support,Global Tech Academy,NAB Staff Club - MF,False
R0002_55003518,R0002_55038839,1.0,Administration Support,Administration Support,NAB Staff Club,Global Tech Academy,False
R0002_55038839,R0002_55003518,1.0,Administration Support,Administration Support,Global Tech Academy,NAB Staff Club,False
R0002_55014421,R0002_55038839,1.0,Administration Support,Administration Support,NAB Corporate VIC/SA,Global Tech Academy,False
R0002_55038839,R0002_55014421,1.0,Administration Support,Administration Support,Global Tech Academy,NAB Corporate VIC/SA,False
R0002_55043136,R0002_55038839,1.0,Administration Support,Administration Support,Merchant Services,Global Tech Academy,False
R0002_55038839,R0002_55043136,1.0,Administration Support,Administration Support,Global Tech Academy,Merchant Services,False
R0002_55040793,R0002_55038839,1.0,Administration Support,Administration Support,Merchant Contracts,Global Tech Academy,False
R0002_55038839,R0002_55040793,1.0,Administration Support,Administration Support,Global Tech Academy,Merchant Contracts,False
R0002_55037530,R0002_55038839,1.0,Administration Support,Administration Support,Markets Enablement,Global Tech Academy,False
R0002_55038839,R0002_55037530,1.0,Administration Support,Administration Support,Global Tech Academy,Markets Enablement,False
R0002_55036050,R0002_55038839,1.0,Administration Support,Administration Support,Lending Experience,Global Tech Academy,False
R0002_55038839,R0002_55036050,1.0,Administration Support,Administration Support,Global Tech Academy,Lending Experience,False
R0002_55044076,R0002_55038839,1.0,Administration Support,Administration Support,IPP - Data Reporting and Governance,Global Tech Academy,False
R0002_55038839,R0002_55044076,1.0,Administration Support,Administration Support,Global Tech Academy,IPP - Data Reporting and Governance,False
R0002_55027831,R0002_55037878,1.0,Administration Support,Administration Support,Front Office Tools,Shared Services Collection,False
R0002_55026664,R0002_55027831,1.0,Administration Support,Administration Support,Risk Commitee,Front Office Tools,False
R0002_55027831,R0002_55026664,1.0,Administration Support,Administration Support,Front Office Tools,Risk Commitee,False
R0002_55043779,R0002_55027831,1.0,Administration Support,Administration Support,Release Train,Front Office Tools,False
R0002_55027831,R0002_55003518,1.0,Administration Support,Administration Support,Front Office Tools,NAB Staff Club,False
R0002_55014421,R0002_55027831,1.0,Administration Support,Administration Support,NAB Corporate VIC/SA,Front Office Tools,False
R0002_55027831,R0002_55014421,1.0,Administration Support,Administration Support,Front Office Tools,NAB Corporate VIC/SA,False
R0002_55043136,R0002_55027831,1.0,Administration Support,Administration Support,Merchant Services,Front Office Tools,False
R0002_55027831,R0002_55043136,1.0,Administration Support,Administration Support,Front Office Tools,Merchant Services,False
R0002_55040793,R0002_55027831,1.0,Administration Support,Administration Support,Merchant Contracts,Front Office Tools,False
R0002_55027831,R0002_55040793,1.0,Administration Support,Administration Support,Front Office Tools,Merchant Contracts,False
R0002_55037530,R0002_55027831,1.0,Administration Support,Administration Support,Markets Enablement,Front Office Tools,False
R0002_55027831,R0002_55037530,1.0,Administration Support,Administration Support,Front Office Tools,Markets Enablement,False
R0002_55036050,R0002_55027831,1.0,Administration Support,Administration Support,Lending Experience,Front Office Tools,False
R0002_55027831,R0002_55036050,1.0,Administration Support,Administration Support,Front Office Tools,Lending Experience,False
R0002_55044076,R0002_55027831,1.0,Administration Support,Administration Support,IPP - Data Reporting and Governance,Front Office Tools,False
R0002_55027831,R0002_55044076,1.0,Administration Support,Administration Support,Front Office Tools,IPP - Data Reporting and Governance,False
R0002_55036505,R0002_55027831,1.0,Administration Support,Administration Support,HICAPS Sales,Front Office Tools,False
R0002_55027831,R0002_55036505,1.0,Administration Support,Administration Support,Front Office Tools,HICAPS Sales,False
R0002_55006197,R0002_55027831,1.0,Administration Support,Administration Support,Group Company Secretary,Front Office Tools,False
R0002_55027831,R0002_55006197,1.0,Administration Support,Administration Support,Front Office Tools,Group Company Secretary,False
R0002_55033035,R0002_55027831,1.0,Administration Support,Administration Support,GPO Process Design & Control,Front Office Tools,False
R0002_55027831,R0002_55033035,1.0,Administration Support,Administration Support,Front Office Tools,GPO Process Design & Control,False
R0002_55003518,R0002_55027831,1.0,Administration Support,Administration Support,NAB Staff Club,Front Office Tools,False
R0002_55027831,R0002_55027319,1.0,Administration Support,Administration Support,Front Office Tools,NAB Staff Club - MF,False
R0002_55027319,R0002_55027831,1.0,Administration Support,Administration Support,NAB Staff Club - MF,Front Office Tools,False
R0002_55027831,R0002_55041833,1.0,Administration Support,Administration Support,Front Office Tools,POA Implementation,False
R0002_55027831,R0002_55043779,1.0,Administration Support,Administration Support,Front Office Tools,Release Train,False
R0002_55011220,R0002_55027831,1.0,Administration Support,Administration Support,Regulatory Operations BAU,Front Office Tools,False
R0002_55027831,R0002_55011220,1.0,Administration Support,Administration Support,Front Office Tools,Regulatory Operations BAU,False
R0002_55030125,R0002_55027831,1.0,Administration Support,Administration Support,Records Mgmt & Third Party Data Serv,Front Office Tools,False
R0002_55027831,R0002_55030125,1.0,Administration Support,Administration Support,Front Office Tools,Records Mgmt & Third Party Data Serv,False
R0002_55031084,R0002_55027831,1.0,Administration Support,Administration Support,Quality Assurance,Front Office Tools,False
R0002_55027831,R0002_55031084,1.0,Administration Support,Administration Support,Front Office Tools,Quality Assurance,False
R0002_55041833,R0002_55027831,1.0,Administration Support,Administration Support,POA Implementation,Front Office Tools,False
R0002_55041025,R0002_55027831,1.0,Administration Support,Administration Support,People Reporting,Front Office Tools,False
R0002_55027831,R0002_55035727,1.0,Administration Support,Administration Support,Front Office Tools,NH Data Operations,False
R0002_55027831,R0002_55041025,1.0,Administration Support,Administration Support,Front Office Tools,People Reporting,False
R0002_55039889,R0002_55027831,1.0,Administration Support,Administration Support,Payments Experience,Front Office Tools,False
R0002_55027831,R0002_55039889,1.0,Administration Support,Administration Support,Front Office Tools,Payments Experience,False
R0002_55029026,R0002_55027831,1.0,Administration Support,Administration Support,P&C Divisional Controls,Front Office Tools,False
R0002_55027831,R0002_55029026,1.0,Administration Support,Administration Support,Front Office Tools,P&C Divisional Controls,False
R0002_55032858,R0002_55027831,1.0,Administration Support,Administration Support,Operations and Property Support,Front Office Tools,False
R0002_55027831,R0002_55032858,1.0,Administration Support,Administration Support,Front Office Tools,Operations and Property Support,False
R0002_55035727,R0002_55027831,1.0,Administration Support,Administration Support,NH Data Operations,Front Office Tools,False
R0002_55031084,R0002_55006197,1.0,Administration Support,Administration Support,Quality Assurance,Group Company Secretary,False
R0002_55030125,R0002_55006197,1.0,Administration Support,Administration Support,Records Mgmt & Third Party Data Serv,Group Company Secretary,False
R0002_55040793,R0002_55027319,1.0,Administration Support,Administration Support,Merchant Contracts,NAB Staff Club - MF,False
R0002_55036050,R0002_55027319,1.0,Administration Support,Administration Support,Lending Experience,NAB Staff Club - MF,False
R0002_55036050,R0002_55029026,1.0,Administration Support,Administration Support,Lending Experience,P&C Divisional Controls,False
R0002_55032858,R0002_55036050,1.0,Administration Support,Administration Support,Operations and Property Support,Lending Experience,False
R0002_55036050,R0002_55032858,1.0,Administration Support,Administration Support,Lending Experience,Operations and Property Support,False
R0002_55035727,R0002_55036050,1.0,Administration Support,Administration Support,NH Data Operations,Lending Experience,False
R0002_55036050,R0002_55035727,1.0,Administration Support,Administration Support,Lending Experience,NH Data Operations,False
R0002_55027319,R0002_55036050,1.0,Administration Support,Administration Support,NAB Staff Club - MF,Lending Experience,False
R0002_55003518,R0002_55036050,1.0,Administration Support,Administration Support,NAB Staff Club,Lending Experience,False
R0002_55037530,R0002_55036050,1.0,Administration Support,Administration Support,Markets Enablement,Lending Experience,False
R0002_55036050,R0002_55003518,1.0,Administration Support,Administration Support,Lending Experience,NAB Staff Club,False
R0002_55014421,R0002_55036050,1.0,Administration Support,Administration Support,NAB Corporate VIC/SA,Lending Experience,False
R0002_55036050,R0002_55014421,1.0,Administration Support,Administration Support,Lending Experience,NAB Corporate VIC/SA,False
R0002_55043136,R0002_55036050,1.0,Administration Support,Administration Support,Merchant Services,Lending Experience,False
R0002_55036050,R0002_55043136,1.0,Administration Support,Administration Support,Lending Experience,Merchant Services,False
R0002_55040793,R0002_55036050,1.0,Administration Support,Administration Support,Merchant Contracts,Lending Experience,False
R0002_55029026,R0002_55036050,1.0,Administration Support,Administration Support,P&C Divisional Controls,Lending Experience,False
R0002_55036050,R0002_55039889,1.0,Administration Support,Administration Support,Lending Experience,Payments Experience,False
R0002_55039889,R0002_55036050,1.0,Administration Support,Administration Support,Payments Experience,Lending Experience,False
R0002_55036050,R0002_55041025,1.0,Administration Support,Administration Support,Lending Experience,People Reporting,False
R0002_55041025,R0002_55036050,1.0,Administration Support,Administration Support,People Reporting,Lending Experience,False
R0002_55036050,R0002_55041833,1.0,Administration Support,Administration Support,Lending Experience,POA Implementation,False
R0002_55041833,R0002_55036050,1.0,Administration Support,Administration Support,POA Implementation,Lending Experience,False
R0002_55036050,R0002_55031084,1.0,Administration Support,Administration Support,Lending Experience,Quality Assurance,False
R0002_55031084,R0002_55036050,1.0,Administration Support,Administration Support,Quality Assurance,Lending Experience,False
R0002_55036050,R0002_55030125,1.0,Administration Support,Administration Support,Lending Experience,Records Mgmt & Third Party Data Serv,False
R0002_55030125,R0002_55036050,1.0,Administration Support,Administration Support,Records Mgmt & Third Party Data Serv,Lending Experience,False
R0002_55036050,R0002_55011220,1.0,Administration Support,Administration Support,Lending Experience,Regulatory Operations BAU,False
R0002_55011220,R0002_55036050,1.0,Administration Support,Administration Support,Regulatory Operations BAU,Lending Experience,False
R0002_55036050,R0002_55043779,1.0,Administration Support,Administration Support,Lending Experience,Release Train,False
R0002_55043779,R0002_55036050,1.0,Administration Support,Administration Support,Release Train,Lending Experience,False
R0002_55036050,R0002_55026664,1.0,Administration Support,Administration Support,Lending Experience,Risk Commitee,False
R0002_55026664,R0002_55036050,1.0,Administration Support,Administration Support,Risk Commitee,Lending Experience,False
R0002_55036050,R0002_55040793,1.0,Administration Support,Administration Support,Lending Experience,Merchant Contracts,False
R0002_55036050,R0002_55037530,1.0,Administration Support,Administration Support,Lending Experience,Markets Enablement,False
R0002_55037878,R0002_55036050,1.0,Administration Support,Administration Support,Shared Services Collection,Lending Experience,False
R0002_55031084,R0002_55044076,1.0,Administration Support,Administration Support,Quality Assurance,IPP - Data Reporting and Governance,False
R0002_55043779,R0002_55044076,1.0,Administration Support,Administration Support,Release Train,IPP - Data Reporting and Governance,False
R0002_55044076,R0002_55043779,1.0,Administration Support,Administration Support,IPP - Data Reporting and Governance,Release Train,False
R0002_55011220,R0002_55044076,1.0,Administration Support,Administration Support,Regulatory Operations BAU,IPP - Data Reporting and Governance,False
R0002_55044076,R0002_55011220,1.0,Administration Support,Administration Support,IPP - Data Reporting and Governance,Regulatory Operations BAU,False
R0002_55030125,R0002_55044076,1.0,Administration Support,Administration Support,Records Mgmt & Third Party Data Serv,IPP - Data Reporting and Governance,False
R0002_55044076,R0002_55030125,1.0,Administration Support,Administration Support,IPP - Data Reporting and Governance,Records Mgmt & Third Party Data Serv,False
R0002_55044076,R0002_55031084,1.0,Administration Support,Administration Support,IPP - Data Reporting and Governance,Quality Assurance,False
R0002_55019387,R0002_55044076,1.0,Administration Support,Administration Support,Whistleblower,IPP - Data Reporting and Governance,False
R0002_55041833,R0002_55044076,1.0,Administration Support,Administration Support,POA Implementation,IPP - Data Reporting and Governance,False
R0002_55044076,R0002_55041833,1.0,Administration Support,Administration Support,IPP - Data Reporting and Governance,POA Implementation,False
R0002_55041025,R0002_55044076,1.0,Administration Support,Administration Support,People Reporting,IPP - Data Reporting and Governance,False
R0002_55044076,R0002_55041025,1.0,Administration Support,Administration Support,IPP - Data Reporting and Governance,People Reporting,False
R0002_55039889,R0002_55044076,1.0,Administration Support,Administration Support,Payments Experience,IPP - Data Reporting and Governance,False
R0002_55044076,R0002_55039889,1.0,Administration Support,Administration Support,IPP - Data Reporting and Governance,Payments Experience,False
R0002_55044076,R0002_55026664,1.0,Administration Support,Administration Support,IPP - Data Reporting and Governance,Risk Commitee,False
R0002_55026664,R0002_55044076,1.0,Administration Support,Administration Support,Risk Commitee,IPP - Data Reporting and Governance,False
R0002_55044076,R0002_55037878,1.0,Administration Support,Administration Support,IPP - Data Reporting and Governance,Shared Services Collection,False
R0002_55037878,R0002_55044076,1.0,Administration Support,Administration Support,Shared Services Collection,IPP - Data Reporting and Governance,False
R0002_55044076,R0002_55043901,1.0,Administration Support,Administration Support,IPP - Data Reporting and Governance,Siebel Infra and Projects,False
R0002_55043901,R0002_55044076,1.0,Administration Support,Administration Support,Siebel Infra and Projects,IPP - Data Reporting and Governance,False
R0002_55044076,R0002_55037718,1.0,Administration Support,Administration Support,IPP - Data Reporting and Governance,Subsidiary Governance,False
R0002_55037718,R0002_55044076,1.0,Administration Support,Administration Support,Subsidiary Governance,IPP - Data Reporting and Governance,False
R0002_55044076,R0002_55042075,1.0,Administration Support,Administration Support,IPP - Data Reporting and Governance,Suppliers & Partners,False
R0002_55042075,R0002_55044076,1.0,Administration Support,Administration Support,Suppliers & Partners,IPP - Data Reporting and Governance,False
R0002_55044076,R0002_55031358,1.0,Administration Support,Administration Support,IPP - Data Reporting and Governance,Transformation,False
R0002_55031358,R0002_55044076,1.0,Administration Support,Administration Support,Transformation,IPP - Data Reporting and Governance,False
R0002_55044076,R0002_55025080,1.0,Administration Support,Administration Support,IPP - Data Reporting and Governance,Valuations Operations,False
R0002_55025080,R0002_55044076,1.0,Administration Support,Administration Support,Valuations Operations,IPP - Data Reporting and Governance,False
R0002_55044076,R0002_55037283,1.0,Administration Support,Administration Support,IPP - Data Reporting and Governance,VRT/ VIT,False
R0002_55037283,R0002_55044076,1.0,Administration Support,Administration Support,VRT/ VIT,IPP - Data Reporting and Governance,False
R0002_55044076,R0002_55019387,1.0,Administration Support,Administration Support,IPP - Data Reporting and Governance,Whistleblower,False
R0002_55036050,R0002_55037878,1.0,Administration Support,Administration Support,Lending Experience,Shared Services Collection,False
R0002_55036050,R0002_55043901,1.0,Administration Support,Administration Support,Lending Experience,Siebel Infra and Projects,False
R0002_55006197,R0002_55011220,1.0,Administration Support,Administration Support,Group Company Secretary,Regulatory Operations BAU,False
R0002_55037530,R0002_55026664,1.0,Administration Support,Administration Support,Markets Enablement,Risk Commitee,False
R0002_55037530,R0002_55037718,1.0,Administration Support,Administration Support,Markets Enablement,Subsidiary Governance,False
R0002_55043901,R0002_55037530,1.0,Administration Support,Administration Support,Siebel Infra and Projects,Markets Enablement,False
R0002_55037530,R0002_55043901,1.0,Administration Support,Administration Support,Markets Enablement,Siebel Infra and Projects,False
R0002_55037878,R0002_55037530,1.0,Administration Support,Administration Support,Shared Services Collection,Markets Enablement,False
R0002_55037530,R0002_55037878,1.0,Administration Support,Administration Support,Markets Enablement,Shared Services Collection,False
R0002_55026664,R0002_55037530,1.0,Administration Support,Administration Support,Risk Commitee,Markets Enablement,False
R0002_55043779,R0002_55037530,1.0,Administration Support,Administration Support,Release Train,Markets Enablement,False
R0002_55041833,R0002_55037530,1.0,Administration Support,Administration Support,POA Implementation,Markets Enablement,False
R0002_55037530,R0002_55043779,1.0,Administration Support,Administration Support,Markets Enablement,Release Train,False
R0002_55011220,R0002_55037530,1.0,Administration Support,Administration Support,Regulatory Operations BAU,Markets Enablement,False
R0002_55037530,R0002_55011220,1.0,Administration Support,Administration Support,Markets Enablement,Regulatory Operations BAU,False
R0002_55030125,R0002_55037530,1.0,Administration Support,Administration Support,Records Mgmt & Third Party Data Serv,Markets Enablement,False
R0002_55037530,R0002_55030125,1.0,Administration Support,Administration Support,Markets Enablement,Records Mgmt & Third Party Data Serv,False
R0002_55031084,R0002_55037530,1.0,Administration Support,Administration Support,Quality Assurance,Markets Enablement,False
R0002_55037718,R0002_55037530,1.0,Administration Support,Administration Support,Subsidiary Governance,Markets Enablement,False
R0002_55037530,R0002_55042075,1.0,Administration Support,Administration Support,Markets Enablement,Suppliers & Partners,False
R0002_55042075,R0002_55037530,1.0,Administration Support,Administration Support,Suppliers & Partners,Markets Enablement,False
R0002_55037530,R0002_55031358,1.0,Administration Support,Administration Support,Markets Enablement,Transformation,False
R0002_55031358,R0002_55037530,1.0,Administration Support,Administration Support,Transformation,Markets Enablement,False
R0002_55037530,R0002_55025080,1.0,Administration Support,Administration Support,Markets Enablement,Valuations Operations,False
R0002_55025080,R0002_55037530,1.0,Administration Support,Administration Support,Valuations Operations,Markets Enablement,False
R0002_55037530,R0002_55037283,1.0,Administration Support,Administration Support,Markets Enablement,VRT/ VIT,False
R0002_55037283,R0002_55037530,1.0,Administration Support,Administration Support,VRT/ VIT,Markets Enablement,False
R0002_55037530,R0002_55019387,1.0,Administration Support,Administration Support,Markets Enablement,Whistleblower,False
R0002_55019387,R0002_55037530,1.0,Administration Support,Administration Support,Whistleblower,Markets Enablement,False
R0002_55040793,R0002_55043136,1.0,Administration Support,Administration Support,Merchant Contracts,Merchant Services,False
R0002_55043136,R0002_55040793,1.0,Administration Support,Administration Support,Merchant Services,Merchant Contracts,False
R0002_55040793,R0002_55014421,1.0,Administration Support,Administration Support,Merchant Contracts,NAB Corporate VIC/SA,False
R0002_55014421,R0002_55040793,1.0,Administration Support,Administration Support,NAB Corporate VIC/SA,Merchant Contracts,False
R0002_55040793,R0002_55003518,1.0,Administration Support,Administration Support,Merchant Contracts,NAB Staff Club,False
R0002_55003518,R0002_55040793,1.0,Administration Support,Administration Support,NAB Staff Club,Merchant Contracts,False
R0002_55037530,R0002_55031084,1.0,Administration Support,Administration Support,Markets Enablement,Quality Assurance,False
R0002_55037530,R0002_55041833,1.0,Administration Support,Administration Support,Markets Enablement,POA Implementation,False
R0002_55043901,R0002_55036050,1.0,Administration Support,Administration Support,Siebel Infra and Projects,Lending Experience,False
R0002_55025080,R0002_55036050,1.0,Administration Support,Administration Support,Valuations Operations,Lending Experience,False
R0002_55040793,R0002_55037530,1.0,Administration Support,Administration Support,Merchant Contracts,Markets Enablement,False
R0002_55037530,R0002_55040793,1.0,Administration Support,Administration Support,Markets Enablement,Merchant Contracts,False
R0002_55019387,R0002_55036050,1.0,Administration Support,Administration Support,Whistleblower,Lending Experience,False
R0002_55036050,R0002_55019387,1.0,Administration Support,Administration Support,Lending Experience,Whistleblower,False
R0002_55037283,R0002_55036050,1.0,Administration Support,Administration Support,VRT/ VIT,Lending Experience,False
R0002_55036050,R0002_55037283,1.0,Administration Support,Administration Support,Lending Experience,VRT/ VIT,False
R0002_55036050,R0002_55025080,1.0,Administration Support,Administration Support,Lending Experience,Valuations Operations,False
R0002_55041025,R0002_55037530,1.0,Administration Support,Administration Support,People Reporting,Markets Enablement,False
R0002_55031358,R0002_55036050,1.0,Administration Support,Administration Support,Transformation,Lending Experience,False
R0002_55036050,R0002_55031358,1.0,Administration Support,Administration Support,Lending Experience,Transformation,False
R0002_55042075,R0002_55036050,1.0,Administration Support,Administration Support,Suppliers & Partners,Lending Experience,False
R0002_55036050,R0002_55042075,1.0,Administration Support,Administration Support,Lending Experience,Suppliers & Partners,False
R0002_55037718,R0002_55036050,1.0,Administration Support,Administration Support,Subsidiary Governance,Lending Experience,False
R0002_55036050,R0002_55037718,1.0,Administration Support,Administration Support,Lending Experience,Subsidiary Governance,False
R0002_55037530,R0002_55043136,1.0,Administration Support,Administration Support,Markets Enablement,Merchant Services,False
R0002_55043136,R0002_55037530,1.0,Administration Support,Administration Support,Merchant Services,Markets Enablement,False
R0002_55037530,R0002_55014421,1.0,Administration Support,Administration Support,Markets Enablement,NAB Corporate VIC/SA,False
R0002_55014421,R0002_55037530,1.0,Administration Support,Administration Support,NAB Corporate VIC/SA,Markets Enablement,False
R0002_55037530,R0002_55003518,1.0,Administration Support,Administration Support,Markets Enablement,NAB Staff Club,False
R0002_55003518,R0002_55037530,1.0,Administration Support,Administration Support,NAB Staff Club,Markets Enablement,False
R0002_55037530,R0002_55027319,1.0,Administration Support,Administration Support,Markets Enablement,NAB Staff Club - MF,False
R0002_55027319,R0002_55037530,1.0,Administration Support,Administration Support,NAB Staff Club - MF,Markets Enablement,False
R0002_55037530,R0002_55035727,1.0,Administration Support,Administration Support,Markets Enablement,NH Data Operations,False
R0002_55035727,R0002_55037530,1.0,Administration Support,Administration Support,NH Data Operations,Markets Enablement,False
R0002_55037530,R0002_55032858,1.0,Administration Support,Administration Support,Markets Enablement,Operations and Property Support,False
R0002_55032858,R0002_55037530,1.0,Administration Support,Administration Support,Operations and Property Support,Markets Enablement,False
R0002_55037530,R0002_55029026,1.0,Administration Support,Administration Support,Markets Enablement,P&C Divisional Controls,False
R0002_55029026,R0002_55037530,1.0,Administration Support,Administration Support,P&C Divisional Controls,Markets Enablement,False
R0002_55037530,R0002_55039889,1.0,Administration Support,Administration Support,Markets Enablement,Payments Experience,False
R0002_55039889,R0002_55037530,1.0,Administration Support,Administration Support,Payments Experience,Markets Enablement,False
R0002_55037530,R0002_55041025,1.0,Administration Support,Administration Support,Markets Enablement,People Reporting,False
R0002_55029026,R0002_55044076,1.0,Administration Support,Administration Support,P&C Divisional Controls,IPP - Data Reporting and Governance,False
R0043_55039679,R0043_55032756,1.0,Wealth Remediation,Wealth Remediation,JBW CRI Assessment,ASF AP Program,False
R0002_55011220,R0002_55036505,1.0,Administration Support,Administration Support,Regulatory Operations BAU,HICAPS Sales,False
R0002_55037878,R0002_55036505,1.0,Administration Support,Administration Support,Shared Services Collection,HICAPS Sales,False
R0002_55036505,R0002_55025080,1.0,Administration Support,Administration Support,HICAPS Sales,Valuations Operations,False
R0002_55031358,R0002_55036505,1.0,Administration Support,Administration Support,Transformation,HICAPS Sales,False
R0002_55036505,R0002_55031358,1.0,Administration Support,Administration Support,HICAPS Sales,Transformation,False
R0002_55042075,R0002_55036505,1.0,Administration Support,Administration Support,Suppliers & Partners,HICAPS Sales,False
R0002_55036505,R0002_55042075,1.0,Administration Support,Administration Support,HICAPS Sales,Suppliers & Partners,False
R0002_55037718,R0002_55036505,1.0,Administration Support,Administration Support,Subsidiary Governance,HICAPS Sales,False
R0002_55036505,R0002_55037718,1.0,Administration Support,Administration Support,HICAPS Sales,Subsidiary Governance,False
R0002_55043901,R0002_55036505,1.0,Administration Support,Administration Support,Siebel Infra and Projects,HICAPS Sales,False
R0002_55036505,R0002_55043901,1.0,Administration Support,Administration Support,HICAPS Sales,Siebel Infra and Projects,False
R0002_55036505,R0002_55037878,1.0,Administration Support,Administration Support,HICAPS Sales,Shared Services Collection,False
R0002_55036505,R0002_55037283,1.0,Administration Support,Administration Support,HICAPS Sales,VRT/ VIT,False
R0002_55026664,R0002_55036505,1.0,Administration Support,Administration Support,Risk Commitee,HICAPS Sales,False
R0002_55036505,R0002_55026664,1.0,Administration Support,Administration Support,HICAPS Sales,Risk Commitee,False
R0002_55043779,R0002_55036505,1.0,Administration Support,Administration Support,Release Train,HICAPS Sales,False
R0002_55036505,R0002_55043779,1.0,Administration Support,Administration Support,HICAPS Sales,Release Train,False
R0002_55036505,R0002_55011220,1.0,Administration Support,Administration Support,HICAPS Sales,Regulatory Operations BAU,False
R0002_55030125,R0002_55036505,1.0,Administration Support,Administration Support,Records Mgmt & Third Party Data Serv,HICAPS Sales,False
R0002_55036505,R0002_55030125,1.0,Administration Support,Administration Support,HICAPS Sales,Records Mgmt & Third Party Data Serv,False
R0002_55031084,R0002_55036505,1.0,Administration Support,Administration Support,Quality Assurance,HICAPS Sales,False
R0002_55041833,R0002_55036505,1.0,Administration Support,Administration Support,POA Implementation,HICAPS Sales,False
R0002_55025080,R0002_55036505,1.0,Administration Support,Administration Support,Valuations Operations,HICAPS Sales,False
R0002_55037283,R0002_55036505,1.0,Administration Support,Administration Support,VRT/ VIT,HICAPS Sales,False
R0002_55041025,R0002_55036505,1.0,Administration Support,Administration Support,People Reporting,HICAPS Sales,False
R0002_55014421,R0002_55044076,1.0,Administration Support,Administration Support,NAB Corporate VIC/SA,IPP - Data Reporting and Governance,False
R0002_55044076,R0002_55029026,1.0,Administration Support,Administration Support,IPP - Data Reporting and Governance,P&C Divisional Controls,False
R0002_55032858,R0002_55044076,1.0,Administration Support,Administration Support,Operations and Property Support,IPP - Data Reporting and Governance,False
R0002_55044076,R0002_55032858,1.0,Administration Support,Administration Support,IPP - Data Reporting and Governance,Operations and Property Support,False
R0002_55035727,R0002_55044076,1.0,Administration Support,Administration Support,NH Data Operations,IPP - Data Reporting and Governance,False
R0002_55044076,R0002_55035727,1.0,Administration Support,Administration Support,IPP - Data Reporting and Governance,NH Data Operations,False
R0002_55027319,R0002_55044076,1.0,Administration Support,Administration Support,NAB Staff Club - MF,IPP - Data Reporting and Governance,False
R0002_55044076,R0002_55027319,1.0,Administration Support,Administration Support,IPP - Data Reporting and Governance,NAB Staff Club - MF,False
R0002_55003518,R0002_55044076,1.0,Administration Support,Administration Support,NAB Staff Club,IPP - Data Reporting and Governance,False
R0002_55044076,R0002_55003518,1.0,Administration Support,Administration Support,IPP - Data Reporting and Governance,NAB Staff Club,False
R0002_55044076,R0002_55014421,1.0,Administration Support,Administration Support,IPP - Data Reporting and Governance,NAB Corporate VIC/SA,False
R0002_55036505,R0002_55019387,1.0,Administration Support,Administration Support,HICAPS Sales,Whistleblower,False
R0002_55043136,R0002_55044076,1.0,Administration Support,Administration Support,Merchant Services,IPP - Data Reporting and Governance,False
R0002_55044076,R0002_55043136,1.0,Administration Support,Administration Support,IPP - Data Reporting and Governance,Merchant Services,False
R0002_55040793,R0002_55044076,1.0,Administration Support,Administration Support,Merchant Contracts,IPP - Data Reporting and Governance,False
R0002_55044076,R0002_55040793,1.0,Administration Support,Administration Support,IPP - Data Reporting and Governance,Merchant Contracts,False
R0002_55037530,R0002_55044076,1.0,Administration Support,Administration Support,Markets Enablement,IPP - Data Reporting and Governance,False
R0002_55044076,R0002_55037530,1.0,Administration Support,Administration Support,IPP - Data Reporting and Governance,Markets Enablement,False
R0002_55036050,R0002_55044076,1.0,Administration Support,Administration Support,Lending Experience,IPP - Data Reporting and Governance,False
R0002_55044076,R0002_55036050,1.0,Administration Support,Administration Support,IPP - Data Reporting and Governance,Lending Experience,False
R0002_55019387,R0002_55036505,1.0,Administration Support,Administration Support,Whistleblower,HICAPS Sales,False
R0002_55036505,R0002_55041833,1.0,Administration Support,Administration Support,HICAPS Sales,POA Implementation,False
R0002_55036505,R0002_55031084,1.0,Administration Support,Administration Support,HICAPS Sales,Quality Assurance,False
R0002_55036505,R0002_55041025,1.0,Administration Support,Administration Support,HICAPS Sales,People Reporting,False
R0002_55044076,R0002_55036505,1.0,Administration Support,Administration Support,IPP - Data Reporting and Governance,HICAPS Sales,False
R0002_55039889,R0002_55036505,1.0,Administration Support,Administration Support,Payments Experience,HICAPS Sales,False
R0002_55006197,R0002_55019387,1.0,Administration Support,Administration Support,Group Company Secretary,Whistleblower,False
R0002_55037283,R0002_55006197,1.0,Administration Support,Administration Support,VRT/ VIT,Group Company Secretary,False
R0002_55006197,R0002_55037283,1.0,Administration Support,Administration Support,Group Company Secretary,VRT/ VIT,False
R0002_55025080,R0002_55006197,1.0,Administration Support,Administration Support,Valuations Operations,Group Company Secretary,False
R0002_55006197,R0002_55025080,1.0,Administration Support,Administration Support,Group Company Secretary,Valuations Operations,False
R0002_55031358,R0002_55006197,1.0,Administration Support,Administration Support,Transformation,Group Company Secretary,False
R0002_55006197,R0002_55031358,1.0,Administration Support,Administration Support,Group Company Secretary,Transformation,False
R0002_55042075,R0002_55006197,1.0,Administration Support,Administration Support,Suppliers & Partners,Group Company Secretary,False
R0002_55006197,R0002_55042075,1.0,Administration Support,Administration Support,Group Company Secretary,Suppliers & Partners,False
R0002_55037718,R0002_55006197,1.0,Administration Support,Administration Support,Subsidiary Governance,Group Company Secretary,False
R0002_55006197,R0002_55037718,1.0,Administration Support,Administration Support,Group Company Secretary,Subsidiary Governance,False
R0002_55043901,R0002_55006197,1.0,Administration Support,Administration Support,Siebel Infra and Projects,Group Company Secretary,False
R0002_55006197,R0002_55043901,1.0,Administration Support,Administration Support,Group Company Secretary,Siebel Infra and Projects,False
R0002_55037878,R0002_55006197,1.0,Administration Support,Administration Support,Shared Services Collection,Group Company Secretary,False
R0002_55006197,R0002_55037878,1.0,Administration Support,Administration Support,Group Company Secretary,Shared Services Collection,False
R0002_55026664,R0002_55006197,1.0,Administration Support,Administration Support,Risk Commitee,Group Company Secretary,False
R0002_55006197,R0002_55026664,1.0,Administration Support,Administration Support,Group Company Secretary,Risk Commitee,False
R0002_55043779,R0002_55006197,1.0,Administration Support,Administration Support,Release Train,Group Company Secretary,False
R0002_55006197,R0002_55043779,1.0,Administration Support,Administration Support,Group Company Secretary,Release Train,False
R0002_55011220,R0002_55006197,1.0,Administration Support,Administration Support,Regulatory Operations BAU,Group Company Secretary,False
R0002_55036505,R0002_55044076,1.0,Administration Support,Administration Support,HICAPS Sales,IPP - Data Reporting and Governance,False
R0002_55019387,R0002_55006197,1.0,Administration Support,Administration Support,Whistleblower,Group Company Secretary,False
R0002_55036505,R0002_55036050,1.0,Administration Support,Administration Support,HICAPS Sales,Lending Experience,False
R0002_55003518,R0002_55036505,1.0,Administration Support,Administration Support,NAB Staff Club,HICAPS Sales,False
R0002_55036505,R0002_55039889,1.0,Administration Support,Administration Support,HICAPS Sales,Payments Experience,False
R0002_55029026,R0002_55036505,1.0,Administration Support,Administration Support,P&C Divisional Controls,HICAPS Sales,False
R0002_55036505,R0002_55029026,1.0,Administration Support,Administration Support,HICAPS Sales,P&C Divisional Controls,False
R0002_55032858,R0002_55036505,1.0,Administration Support,Administration Support,Operations and Property Support,HICAPS Sales,False
R0002_55036505,R0002_55032858,1.0,Administration Support,Administration Support,HICAPS Sales,Operations and Property Support,False
R0002_55036050,R0002_55036505,1.0,Administration Support,Administration Support,Lending Experience,HICAPS Sales,False
R0002_55036505,R0002_55035727,1.0,Administration Support,Administration Support,HICAPS Sales,NH Data Operations,False
R0002_55027319,R0002_55036505,1.0,Administration Support,Administration Support,NAB Staff Club - MF,HICAPS Sales,False
R0002_55036505,R0002_55027319,1.0,Administration Support,Administration Support,HICAPS Sales,NAB Staff Club - MF,False
R0002_55035727,R0002_55036505,1.0,Administration Support,Administration Support,NH Data Operations,HICAPS Sales,False
R0002_55036505,R0002_55003518,1.0,Administration Support,Administration Support,HICAPS Sales,NAB Staff Club,False
R0002_55036505,R0002_55014421,1.0,Administration Support,Administration Support,HICAPS Sales,NAB Corporate VIC/SA,False
R0002_55043136,R0002_55036505,1.0,Administration Support,Administration Support,Merchant Services,HICAPS Sales,False
R0002_55036505,R0002_55043136,1.0,Administration Support,Administration Support,HICAPS Sales,Merchant Services,False
R0002_55040793,R0002_55036505,1.0,Administration Support,Administration Support,Merchant Contracts,HICAPS Sales,False
R0002_55036505,R0002_55040793,1.0,Administration Support,Administration Support,HICAPS Sales,Merchant Contracts,False
R0002_55037530,R0002_55036505,1.0,Administration Support,Administration Support,Markets Enablement,HICAPS Sales,False
R0002_55014421,R0002_55036505,1.0,Administration Support,Administration Support,NAB Corporate VIC/SA,HICAPS Sales,False
R0002_55036505,R0002_55037530,1.0,Administration Support,Administration Support,HICAPS Sales,Markets Enablement,False
R0290_55043722,R0290_55039755,0.9999999999999999,1st Line Risk: Technology,1st Line Risk: Technology,"Risk Enablement, Tech",Divisional Controls Group Security,False
R0290_55026840,R0290_55033209,0.9999999999999999,1st Line Risk: Technology,1st Line Risk: Technology,Divisional Controls LS&PO,EO Divisional Controls Enterprise Servic,False
R0290_55038681,R0290_55026840,0.9999999999999999,1st Line Risk: Technology,1st Line Risk: Technology,Divisional Controls NAB Assist,Divisional Controls LS&PO,False
R0290_55026840,R0290_55038681,0.9999999999999999,1st Line Risk: Technology,1st Line Risk: Technology,Divisional Controls LS&PO,Divisional Controls NAB Assist,False
R0290_55026840,R0290_55043722,0.9999999999999999,1st Line Risk: Technology,1st Line Risk: Technology,Divisional Controls LS&PO,"Risk Enablement, Tech",False
R0290_55039755,R0290_55043722,0.9999999999999999,1st Line Risk: Technology,1st Line Risk: Technology,Divisional Controls Group Security,"Risk Enablement, Tech",False
R0290_55033209,R0290_55039755,0.9999999999999999,1st Line Risk: Technology,1st Line Risk: Technology,EO Divisional Controls Enterprise Servic,Divisional Controls Group Security,False
R0290_55039755,R0290_55033209,0.9999999999999999,1st Line Risk: Technology,1st Line Risk: Technology,Divisional Controls Group Security,EO Divisional Controls Enterprise Servic,False
R0290_55033209,R0290_55026840,0.9999999999999999,1st Line Risk: Technology,1st Line Risk: Technology,EO Divisional Controls Enterprise Servic,Divisional Controls LS&PO,False
R0290_55033209,R0290_55041440,0.9999999999999999,1st Line Risk: Technology,1st Line Risk: Technology,EO Divisional Controls Enterprise Servic,Divisional Controls ED&A & Enabling,False
R0290_55043722,R0290_55026840,0.9999999999999999,1st Line Risk: Technology,1st Line Risk: Technology,"Risk Enablement, Tech",Divisional Controls LS&PO,False
R0290_55038681,R0290_55033209,0.9999999999999999,1st Line Risk: Technology,1st Line Risk: Technology,Divisional Controls NAB Assist,EO Divisional Controls Enterprise Servic,False
R0290_55033209,R0290_55038681,0.9999999999999999,1st Line Risk: Technology,1st Line Risk: Technology,EO Divisional Controls Enterprise Servic,Divisional Controls NAB Assist,False
R0290_55038681,R0290_55043722,0.9999999999999999,1st Line Risk: Technology,1st Line Risk: Technology,Divisional Controls NAB Assist,"Risk Enablement, Tech",False
R0290_55043722,R0290_55038681,0.9999999999999999,1st Line Risk: Technology,1st Line Risk: Technology,"Risk Enablement, Tech",Divisional Controls NAB Assist,False
R0290_55033209,R0290_55043722,0.9999999999999999,1st Line Risk: Technology,1st Line Risk: Technology,EO Divisional Controls Enterprise Servic,"Risk Enablement, Tech",False
R0290_55043722,R0290_55033209,0.9999999999999999,1st Line Risk: Technology,1st Line Risk: Technology,"Risk Enablement, Tech",EO Divisional Controls Enterprise Servic,False
R0290_55041440,R0290_55033209,0.9999999999999999,1st Line Risk: Technology,1st Line Risk: Technology,Divisional Controls ED&A & Enabling,EO Divisional Controls Enterprise Servic,False
R0290_55038681,R0290_55039755,0.9999999999999999,1st Line Risk: Technology,1st Line Risk: Technology,Divisional Controls NAB Assist,Divisional Controls Group Security,False
R0290_55039755,R0290_55038681,0.9999999999999999,1st Line Risk: Technology,1st Line Risk: Technology,Divisional Controls Group Security,Divisional Controls NAB Assist,False
R0290_55026840,R0290_55039755,0.9999999999999999,1st Line Risk: Technology,1st Line Risk: Technology,Divisional Controls LS&PO,Divisional Controls Group Security,False
R0290_55039755,R0290_55026840,0.9999999999999999,1st Line Risk: Technology,1st Line Risk: Technology,Divisional Controls Group Security,Divisional Controls LS&PO,False
R0290_55033209,R0290_55041442,0.9999999999999999,1st Line Risk: Technology,1st Line Risk: Technology,EO Divisional Controls Enterprise Servic,Divisional Controls CIO D&CET,False
R0290_55041442,R0290_55033209,0.9999999999999999,1st Line Risk: Technology,1st Line Risk: Technology,Divisional Controls CIO D&CET,EO Divisional Controls Enterprise Servic,False
R0290_55038681,R0290_55041442,0.9999999999999999,1st Line Risk: Technology,1st Line Risk: Technology,Divisional Controls NAB Assist,Divisional Controls CIO D&CET,False
R0290_55041442,R0290_55038681,0.9999999999999999,1st Line Risk: Technology,1st Line Risk: Technology,Divisional Controls CIO D&CET,Divisional Controls NAB Assist,False
R0290_55026840,R0290_55041442,0.9999999999999999,1st Line Risk: Technology,1st Line Risk: Technology,Divisional Controls LS&PO,Divisional Controls CIO D&CET,False
R0290_55041442,R0290_55026840,0.9999999999999999,1st Line Risk: Technology,1st Line Risk: Technology,Divisional Controls CIO D&CET,Divisional Controls LS&PO,False
R0290_55039755,R0290_55041442,0.9999999999999999,1st Line Risk: Technology,1st Line Risk: Technology,Divisional Controls Group Security,Divisional Controls CIO D&CET,False
R0290_55041442,R0290_55039755,0.9999999999999999,1st Line Risk: Technology,1st Line Risk: Technology,Divisional Controls CIO D&CET,Divisional Controls Group Security,False
R0290_55030423,R0290_55041442,0.9999999999999999,1st Line Risk: Technology,1st Line Risk: Technology,Divisional Controls FCO,Divisional Controls CIO D&CET,False
R0290_55041442,R0290_55030423,0.9999999999999999,1st Line Risk: Technology,1st Line Risk: Technology,Divisional Controls CIO D&CET,Divisional Controls FCO,False
R0290_55041441,R0290_55041442,0.9999999999999999,1st Line Risk: Technology,1st Line Risk: Technology,Divisional Controls ET & Arch,Divisional Controls CIO D&CET,False
R0290_55041442,R0290_55041441,0.9999999999999999,1st Line Risk: Technology,1st Line Risk: Technology,Divisional Controls CIO D&CET,Divisional Controls ET & Arch,False
R0290_55041440,R0290_55041442,0.9999999999999999,1st Line Risk: Technology,1st Line Risk: Technology,Divisional Controls ED&A & Enabling,Divisional Controls CIO D&CET,False
R0290_55041440,R0290_55043722,0.9999999999999999,1st Line Risk: Technology,1st Line Risk: Technology,Divisional Controls ED&A & Enabling,"Risk Enablement, Tech",False
R0290_55041438,R0290_55041442,0.9999999999999999,1st Line Risk: Technology,1st Line Risk: Technology,Divisional Controls CIO PB & B&PB,Divisional Controls CIO D&CET,False
R0290_55041442,R0290_55041438,0.9999999999999999,1st Line Risk: Technology,1st Line Risk: Technology,Divisional Controls CIO D&CET,Divisional Controls CIO PB & B&PB,False
R0290_55043722,R0290_55041439,0.9999999999999999,1st Line Risk: Technology,1st Line Risk: Technology,"Risk Enablement, Tech",Divisional Controls CIO CIB,False
R0290_55041439,R0290_55043722,0.9999999999999999,1st Line Risk: Technology,1st Line Risk: Technology,Divisional Controls CIO CIB,"Risk Enablement, Tech",False
R0290_55033209,R0290_55041439,0.9999999999999999,1st Line Risk: Technology,1st Line Risk: Technology,EO Divisional Controls Enterprise Servic,Divisional Controls CIO CIB,False
R0290_55041439,R0290_55033209,0.9999999999999999,1st Line Risk: Technology,1st Line Risk: Technology,Divisional Controls CIO CIB,EO Divisional Controls Enterprise Servic,False
R0290_55038681,R0290_55041439,0.9999999999999999,1st Line Risk: Technology,1st Line Risk: Technology,Divisional Controls NAB Assist,Divisional Controls CIO CIB,False
R0290_55041439,R0290_55038681,0.9999999999999999,1st Line Risk: Technology,1st Line Risk: Technology,Divisional Controls CIO CIB,Divisional Controls NAB Assist,False
R0290_55026840,R0290_55041439,0.9999999999999999,1st Line Risk: Technology,1st Line Risk: Technology,Divisional Controls LS&PO,Divisional Controls CIO CIB,False
R0290_55041439,R0290_55026840,0.9999999999999999,1st Line Risk: Technology,1st Line Risk: Technology,Divisional Controls CIO CIB,Divisional Controls LS&PO,False
R0290_55039755,R0290_55041439,0.9999999999999999,1st Line Risk: Technology,1st Line Risk: Technology,Divisional Controls Group Security,Divisional Controls CIO CIB,False
R0290_55041442,R0290_55043722,0.9999999999999999,1st Line Risk: Technology,1st Line Risk: Technology,Divisional Controls CIO D&CET,"Risk Enablement, Tech",False
R0290_55043722,R0290_55041442,0.9999999999999999,1st Line Risk: Technology,1st Line Risk: Technology,"Risk Enablement, Tech",Divisional Controls CIO D&CET,False
R0290_55041438,R0290_55041440,0.9999999999999999,1st Line Risk: Technology,1st Line Risk: Technology,Divisional Controls CIO PB & B&PB,Divisional Controls ED&A & Enabling,False
R0290_55041438,R0290_55043722,0.9999999999999999,1st Line Risk: Technology,1st Line Risk: Technology,Divisional Controls CIO PB & B&PB,"Risk Enablement, Tech",False
R0290_55038681,R0290_55041440,0.9999999999999999,1st Line Risk: Technology,1st Line Risk: Technology,Divisional Controls NAB Assist,Divisional Controls ED&A & Enabling,False
R0290_55041440,R0290_55038681,0.9999999999999999,1st Line Risk: Technology,1st Line Risk: Technology,Divisional Controls ED&A & Enabling,Divisional Controls NAB Assist,False
R0290_55026840,R0290_55041440,0.9999999999999999,1st Line Risk: Technology,1st Line Risk: Technology,Divisional Controls LS&PO,Divisional Controls ED&A & Enabling,False
R0290_55041440,R0290_55026840,0.9999999999999999,1st Line Risk: Technology,1st Line Risk: Technology,Divisional Controls ED&A & Enabling,Divisional Controls LS&PO,False
R0290_55039755,R0290_55041440,0.9999999999999999,1st Line Risk: Technology,1st Line Risk: Technology,Divisional Controls Group Security,Divisional Controls ED&A & Enabling,False
R0290_55041440,R0290_55039755,0.9999999999999999,1st Line Risk: Technology,1st Line Risk: Technology,Divisional Controls ED&A & Enabling,Divisional Controls Group Security,False
R0290_55030423,R0290_55041440,0.9999999999999999,1st Line Risk: Technology,1st Line Risk: Technology,Divisional Controls FCO,Divisional Controls ED&A & Enabling,False
R0290_55041440,R0290_55030423,0.9999999999999999,1st Line Risk: Technology,1st Line Risk: Technology,Divisional Controls ED&A & Enabling,Divisional Controls FCO,False
R0290_55041441,R0290_55041440,0.9999999999999999,1st Line Risk: Technology,1st Line Risk: Technology,Divisional Controls ET & Arch,Divisional Controls ED&A & Enabling,False
R0290_55041440,R0290_55041441,0.9999999999999999,1st Line Risk: Technology,1st Line Risk: Technology,Divisional Controls ED&A & Enabling,Divisional Controls ET & Arch,False
R0290_55043722,R0290_55041438,0.9999999999999999,1st Line Risk: Technology,1st Line Risk: Technology,"Risk Enablement, Tech",Divisional Controls CIO PB & B&PB,False
R0290_55033209,R0290_55041438,0.9999999999999999,1st Line Risk: Technology,1st Line Risk: Technology,EO Divisional Controls Enterprise Servic,Divisional Controls CIO PB & B&PB,False
R0290_55041440,R0290_55041438,0.9999999999999999,1st Line Risk: Technology,1st Line Risk: Technology,Divisional Controls ED&A & Enabling,Divisional Controls CIO PB & B&PB,False
R0290_55041438,R0290_55033209,0.9999999999999999,1st Line Risk: Technology,1st Line Risk: Technology,Divisional Controls CIO PB & B&PB,EO Divisional Controls Enterprise Servic,False
R0290_55038681,R0290_55041438,0.9999999999999999,1st Line Risk: Technology,1st Line Risk: Technology,Divisional Controls NAB Assist,Divisional Controls CIO PB & B&PB,False
R0290_55041438,R0290_55038681,0.9999999999999999,1st Line Risk: Technology,1st Line Risk: Technology,Divisional Controls CIO PB & B&PB,Divisional Controls NAB Assist,False
R0290_55026840,R0290_55041438,0.9999999999999999,1st Line Risk: Technology,1st Line Risk: Technology,Divisional Controls LS&PO,Divisional Controls CIO PB & B&PB,False
R0290_55041438,R0290_55026840,0.9999999999999999,1st Line Risk: Technology,1st Line Risk: Technology,Divisional Controls CIO PB & B&PB,Divisional Controls LS&PO,False
R0290_55039755,R0290_55041438,0.9999999999999999,1st Line Risk: Technology,1st Line Risk: Technology,Divisional Controls Group Security,Divisional Controls CIO PB & B&PB,False
R0290_55041438,R0290_55039755,0.9999999999999999,1st Line Risk: Technology,1st Line Risk: Technology,Divisional Controls CIO PB & B&PB,Divisional Controls Group Security,False
R0290_55030423,R0290_55041438,0.9999999999999999,1st Line Risk: Technology,1st Line Risk: Technology,Divisional Controls FCO,Divisional Controls CIO PB & B&PB,False
R0290_55041438,R0290_55030423,0.9999999999999999,1st Line Risk: Technology,1st Line Risk: Technology,Divisional Controls CIO PB & B&PB,Divisional Controls FCO,False
R0290_55041441,R0290_55041438,0.9999999999999999,1st Line Risk: Technology,1st Line Risk: Technology,Divisional Controls ET & Arch,Divisional Controls CIO PB & B&PB,False
R0290_55041438,R0290_55041441,0.9999999999999999,1st Line Risk: Technology,1st Line Risk: Technology,Divisional Controls CIO PB & B&PB,Divisional Controls ET & Arch,False
R0290_55041439,R0290_55039755,0.9999999999999999,1st Line Risk: Technology,1st Line Risk: Technology,Divisional Controls CIO CIB,Divisional Controls Group Security,False
R0290_55030423,R0290_55041439,0.9999999999999999,1st Line Risk: Technology,1st Line Risk: Technology,Divisional Controls FCO,Divisional Controls CIO CIB,False
R0290_55041439,R0290_55030423,0.9999999999999999,1st Line Risk: Technology,1st Line Risk: Technology,Divisional Controls CIO CIB,Divisional Controls FCO,False
R0290_55033209,R0290_55041441,0.9999999999999999,1st Line Risk: Technology,1st Line Risk: Technology,EO Divisional Controls Enterprise Servic,Divisional Controls ET & Arch,False
R0290_55038074,R0290_55041439,0.9999999999999999,1st Line Risk: Technology,1st Line Risk: Technology,DCO Compliance and Risk Delivery,Divisional Controls CIO CIB,False
R0290_55043722,R0290_55041440,0.9999999999999999,1st Line Risk: Technology,1st Line Risk: Technology,"Risk Enablement, Tech",Divisional Controls ED&A & Enabling,False
R0290_55041441,R0290_55030423,0.9999999999999999,1st Line Risk: Technology,1st Line Risk: Technology,Divisional Controls ET & Arch,Divisional Controls FCO,False
R0290_55030423,R0290_55041441,0.9999999999999999,1st Line Risk: Technology,1st Line Risk: Technology,Divisional Controls FCO,Divisional Controls ET & Arch,False
R0290_55041441,R0290_55039755,0.9999999999999999,1st Line Risk: Technology,1st Line Risk: Technology,Divisional Controls ET & Arch,Divisional Controls Group Security,False
R0290_55039755,R0290_55041441,0.9999999999999999,1st Line Risk: Technology,1st Line Risk: Technology,Divisional Controls Group Security,Divisional Controls ET & Arch,False
R0290_55041441,R0290_55026840,0.9999999999999999,1st Line Risk: Technology,1st Line Risk: Technology,Divisional Controls ET & Arch,Divisional Controls LS&PO,False
R0290_55026840,R0290_55041441,0.9999999999999999,1st Line Risk: Technology,1st Line Risk: Technology,Divisional Controls LS&PO,Divisional Controls ET & Arch,False
R0290_55041441,R0290_55038681,0.9999999999999999,1st Line Risk: Technology,1st Line Risk: Technology,Divisional Controls ET & Arch,Divisional Controls NAB Assist,False
R0290_55038681,R0290_55041441,0.9999999999999999,1st Line Risk: Technology,1st Line Risk: Technology,Divisional Controls NAB Assist,Divisional Controls ET & Arch,False
R0290_55041441,R0290_55033209,0.9999999999999999,1st Line Risk: Technology,1st Line Risk: Technology,Divisional Controls ET & Arch,EO Divisional Controls Enterprise Servic,False
R0290_55041441,R0290_55043722,0.9999999999999999,1st Line Risk: Technology,1st Line Risk: Technology,Divisional Controls ET & Arch,"Risk Enablement, Tech",False
R0290_55038074,R0290_55041442,0.9999999999999999,1st Line Risk: Technology,1st Line Risk: Technology,DCO Compliance and Risk Delivery,Divisional Controls CIO D&CET,False
R0290_55043722,R0290_55041441,0.9999999999999999,1st Line Risk: Technology,1st Line Risk: Technology,"Risk Enablement, Tech",Divisional Controls ET & Arch,False
R0290_55030423,R0290_55039755,0.9999999999999999,1st Line Risk: Technology,1st Line Risk: Technology,Divisional Controls FCO,Divisional Controls Group Security,False
R0290_55039755,R0290_55030423,0.9999999999999999,1st Line Risk: Technology,1st Line Risk: Technology,Divisional Controls Group Security,Divisional Controls FCO,False
R0290_55030423,R0290_55026840,0.9999999999999999,1st Line Risk: Technology,1st Line Risk: Technology,Divisional Controls FCO,Divisional Controls LS&PO,False
R0290_55026840,R0290_55030423,0.9999999999999999,1st Line Risk: Technology,1st Line Risk: Technology,Divisional Controls LS&PO,Divisional Controls FCO,False
R0290_55030423,R0290_55038681,0.9999999999999999,1st Line Risk: Technology,1st Line Risk: Technology,Divisional Controls FCO,Divisional Controls NAB Assist,False
R0290_55038681,R0290_55030423,0.9999999999999999,1st Line Risk: Technology,1st Line Risk: Technology,Divisional Controls NAB Assist,Divisional Controls FCO,False
R0290_55030423,R0290_55033209,0.9999999999999999,1st Line Risk: Technology,1st Line Risk: Technology,Divisional Controls FCO,EO Divisional Controls Enterprise Servic,False
R0290_55033209,R0290_55030423,0.9999999999999999,1st Line Risk: Technology,1st Line Risk: Technology,EO Divisional Controls Enterprise Servic,Divisional Controls FCO,False
R0290_55030423,R0290_55043722,0.9999999999999999,1st Line Risk: Technology,1st Line Risk: Technology,Divisional Controls FCO,"Risk Enablement, Tech",False
R0290_55043722,R0290_55030423,0.9999999999999999,1st Line Risk: Technology,1st Line Risk: Technology,"Risk Enablement, Tech",Divisional Controls FCO,False
R0290_55041439,R0290_55038074,0.9999999999999999,1st Line Risk: Technology,1st Line Risk: Technology,Divisional Controls CIO CIB,DCO Compliance and Risk Delivery,False
R0290_55041442,R0290_55038074,0.9999999999999999,1st Line Risk: Technology,1st Line Risk: Technology,Divisional Controls CIO D&CET,DCO Compliance and Risk Delivery,False
R0290_55041441,R0290_55041439,0.9999999999999999,1st Line Risk: Technology,1st Line Risk: Technology,Divisional Controls ET & Arch,Divisional Controls CIO CIB,False
R0290_55038681,R0290_55038074,0.9999999999999999,1st Line Risk: Technology,1st Line Risk: Technology,Divisional Controls NAB Assist,DCO Compliance and Risk Delivery,False
R0290_55041439,R0290_55041441,0.9999999999999999,1st Line Risk: Technology,1st Line Risk: Technology,Divisional Controls CIO CIB,Divisional Controls ET & Arch,False
R0290_55041440,R0290_55041439,0.9999999999999999,1st Line Risk: Technology,1st Line Risk: Technology,Divisional Controls ED&A & Enabling,Divisional Controls CIO CIB,False
R0290_55041439,R0290_55041440,0.9999999999999999,1st Line Risk: Technology,1st Line Risk: Technology,Divisional Controls CIO CIB,Divisional Controls ED&A & Enabling,False
R0290_55041438,R0290_55041439,0.9999999999999999,1st Line Risk: Technology,1st Line Risk: Technology,Divisional Controls CIO PB & B&PB,Divisional Controls CIO CIB,False
R0290_55041439,R0290_55041438,0.9999999999999999,1st Line Risk: Technology,1st Line Risk: Technology,Divisional Controls CIO CIB,Divisional Controls CIO PB & B&PB,False
R0290_55041442,R0290_55041439,0.9999999999999999,1st Line Risk: Technology,1st Line Risk: Technology,Divisional Controls CIO D&CET,Divisional Controls CIO CIB,False
R0290_55041439,R0290_55041442,0.9999999999999999,1st Line Risk: Technology,1st Line Risk: Technology,Divisional Controls CIO CIB,Divisional Controls CIO D&CET,False
R0290_55043722,R0290_55038074,0.9999999999999999,1st Line Risk: Technology,1st Line Risk: Technology,"Risk Enablement, Tech",DCO Compliance and Risk Delivery,False
R0290_55038074,R0290_55043722,0.9999999999999999,1st Line Risk: Technology,1st Line Risk: Technology,DCO Compliance and Risk Delivery,"Risk Enablement, Tech",False
R0290_55033209,R0290_55038074,0.9999999999999999,1st Line Risk: Technology,1st Line Risk: Technology,EO Divisional Controls Enterprise Servic,DCO Compliance and Risk Delivery,False
R0290_55038074,R0290_55033209,0.9999999999999999,1st Line Risk: Technology,1st Line Risk: Technology,DCO Compliance and Risk Delivery,EO Divisional Controls Enterprise Servic,False
R0290_55038074,R0290_55038681,0.9999999999999999,1st Line Risk: Technology,1st Line Risk: Technology,DCO Compliance and Risk Delivery,Divisional Controls NAB Assist,False
R0290_55038074,R0290_55041438,0.9999999999999999,1st Line Risk: Technology,1st Line Risk: Technology,DCO Compliance and Risk Delivery,Divisional Controls CIO PB & B&PB,False
R0290_55026840,R0290_55038074,0.9999999999999999,1st Line Risk: Technology,1st Line Risk: Technology,Divisional Controls LS&PO,DCO Compliance and Risk Delivery,False
R0290_55038074,R0290_55026840,0.9999999999999999,1st Line Risk: Technology,1st Line Risk: Technology,DCO Compliance and Risk Delivery,Divisional Controls LS&PO,False
R0290_55039755,R0290_55038074,0.9999999999999999,1st Line Risk: Technology,1st Line Risk: Technology,Divisional Controls Group Security,DCO Compliance and Risk Delivery,False
R0290_55038074,R0290_55039755,0.9999999999999999,1st Line Risk: Technology,1st Line Risk: Technology,DCO Compliance and Risk Delivery,Divisional Controls Group Security,False
R0290_55030423,R0290_55038074,0.9999999999999999,1st Line Risk: Technology,1st Line Risk: Technology,Divisional Controls FCO,DCO Compliance and Risk Delivery,False
R0290_55038074,R0290_55030423,0.9999999999999999,1st Line Risk: Technology,1st Line Risk: Technology,DCO Compliance and Risk Delivery,Divisional Controls FCO,False
R0290_55041441,R0290_55038074,0.9999999999999999,1st Line Risk: Technology,1st Line Risk: Technology,Divisional Controls ET & Arch,DCO Compliance and Risk Delivery,False
R0290_55038074,R0290_55041441,0.9999999999999999,1st Line Risk: Technology,1st Line Risk: Technology,DCO Compliance and Risk Delivery,Divisional Controls ET & Arch,False
R0290_55041440,R0290_55038074,0.9999999999999999,1st Line Risk: Technology,1st Line Risk: Technology,Divisional Controls ED&A & Enabling,DCO Compliance and Risk Delivery,False
R0290_55038074,R0290_55041440,0.9999999999999999,1st Line Risk: Technology,1st Line Risk: Technology,DCO Compliance and Risk Delivery,Divisional Controls ED&A & Enabling,False
R0290_55041438,R0290_55038074,0.9999999999999999,1st Line Risk: Technology,1st Line Risk: Technology,Divisional Controls CIO PB & B&PB,DCO Compliance and Risk Delivery,False
R0290_55041442,R0290_55041440,0.9999999999999999,1st Line Risk: Technology,1st Line Risk: Technology,Divisional Controls CIO D&CET,Divisional Controls ED&A & Enabling,False
