job_from,job_to,coverage
R0002_55043311,R0002_55036002,1.0
R0002_55043311,R0002_55015378,1.0
R0002_55043311,R0002_55032731,1.0
R0002_55043311,R0002_55025944,1.0
R0002_55043311,R0002_55024341,1.0
R0002_55043311,R0002_55041509,1.0
R0002_55043311,R0002_55036059,1.0
R0002_55043311,R0002_55037787,1.0
R0002_55043311,R0002_55039851,1.0
R0002_55043311,R0002_55032782,1.0
R0002_55043311,R0002_55036171,1.0
R0002_55043311,R0002_55035505,1.0
R0002_55043311,R0002_55011002,1.0
R0002_55043311,R0002_55031467,1.0
R0002_55043311,R0002_55028991,1.0
R0002_55043311,R0002_55027831,1.0
R0002_55043311,R0002_55038839,1.0
R0002_55043311,R0002_55019960,1.0
R0002_55043311,R0002_55033035,1.0
R0002_55043311,R0002_55006197,1.0
R0002_55043311,R0002_55036505,1.0
R0002_55043311,R0002_55044076,1.0
R0002_55043311,R0002_55036050,1.0
R0002_55043311,R0002_55037530,1.0
R0002_55043311,R0002_55040793,1.0
R0002_55043311,R0002_55043136,1.0
R0002_55043311,R0002_55014421,1.0
R0002_55043311,R0002_55003518,1.0
R0002_55043311,R0002_55027319,1.0
R0002_55043311,R0002_55035727,1.0
R0002_55043311,R0002_55032858,1.0
R0002_55043311,R0002_55029026,1.0
R0002_55043311,R0002_55039889,1.0
R0002_55043311,R0002_55041025,1.0
R0002_55043311,R0002_55041833,1.0
R0002_55043311,R0002_55031084,1.0
R0002_55043311,R0002_55030125,1.0
R0002_55043311,R0002_55011220,1.0
R0002_55043311,R0002_55043779,1.0
R0002_55043311,R0002_55026664,1.0
R0002_55043311,R0002_55037878,1.0
R0002_55043311,R0002_55043901,1.0
R0002_55043311,R0002_55037718,1.0
R0002_55043311,R0002_55042075,1.0
R0002_55043311,R0002_55031358,1.0
R0002_55043311,R0002_55025080,1.0
R0002_55043311,R0002_55037283,1.0
R0002_55043311,R0002_55019387,1.0
R0002_55043311,R0043_55035478,0.40816326530612246
R0002_55043311,R0043_55032756,0.40816326530612246
R0002_55043311,R0043_55039677,0.40816326530612246
R0002_55043311,R0043_55039678,0.40816326530612246
R0002_55043311,R0043_55029067,0.40816326530612246
R0002_55043311,R0043_55036252,0.40816326530612246
R0002_55043311,R0043_55034675,0.40816326530612246
R0002_55043311,R0043_55031083,0.40816326530612246
R0002_55043311,R0043_55036209,0.40816326530612246
R0002_55043311,R0043_55035181,0.40816326530612246
R0002_55043311,R0043_55032758,0.40816326530612246
R0002_55043311,R0043_55039681,0.40816326530612246
R0002_55043311,R0043_55039682,0.40816326530612246
R0002_55043311,R0043_55039683,0.40816326530612246
R0002_55043311,R0043_55039684,0.40816326530612246
R0002_55043311,R0043_55032632,0.40816326530612246
R0002_55043311,R0043_55021537,0.40816326530612246
R0002_55043311,R0043_55041926,0.40816326530612246
R0002_55043311,R0043_55029012,0.40816326530612246
R0002_55043311,R0043_55034882,0.40816326530612246
R0002_55043311,R0043_55039679,0.40816326530612246
R0002_55043311,R0043_55032862,0.40816326530612246
R0002_55043311,R0043_55032759,0.40816326530612246
R0002_55043311,R0043_55037980,0.40816326530612246
R0002_55043311,R0043_55037979,0.40816326530612246
R0002_55043311,R0043_55027552,0.40816326530612246
R0002_55043311,R0043_55034879,0.40816326530612246
R0002_55043311,R0043_55032908,0.40816326530612246
R0002_55043311,R0043_55039686,0.40816326530612246
R0002_55043311,R0043_55032863,0.40816326530612246
R0002_55043311,R0043_55009127,0.40816326530612246
R0002_55043311,R0043_55036250,0.40816326530612246
R0002_55043311,R0043_55034880,0.40816326530612246
R0002_55043311,R0043_55032860,0.40816326530612246
R0002_55043311,R0043_55029506,0.40816326530612246
R0002_55043311,R0043_55031288,0.40816326530612246
R0002_55043311,R0043_55036124,0.40816326530612246
R0002_55043311,R0043_55039830,0.40816326530612246
R0002_55043311,R0043_55034325,0.40816326530612246
R0002_55043311,R0043_55039829,0.40816326530612246
R0002_55043311,R0043_55031080,0.40816326530612246
R0002_55043311,R0043_55031077,0.40816326530612246
R0002_55043311,R0043_55017366,0.40816326530612246
R0002_55043311,R0043_55034335,0.40816326530612246
R0002_55043311,R0043_55031005,0.40816326530612246
R0002_55043311,R0055_55007584,0.4897959183673469
R0002_55043311,R0055_55007583,0.4897959183673469
R0002_55043311,R0204_55005925,0.5306122448979592
R0002_55043311,R0204_55032685,0.5306122448979592
R0002_55043311,R0204_55035156,0.5306122448979592
R0002_55043311,R0204_55022352,0.5306122448979592
R0002_55043311,R0204_55004131,0.5306122448979592
R0002_55043311,R0207_55036375,0.46938775510204084
R0002_55043311,R0207_55032672,0.46938775510204084
R0002_55043311,R0207_55032673,0.46938775510204084
R0002_55043311,R0290_55038074,0.46938775510204084
R0002_55043311,R0290_55041439,0.46938775510204084
R0002_55043311,R0290_55041442,0.46938775510204084
R0002_55043311,R0290_55041438,0.46938775510204084
R0002_55043311,R0290_55041440,0.46938775510204084
R0002_55043311,R0290_55041441,0.46938775510204084
R0002_55043311,R0290_55030423,0.46938775510204084
R0002_55043311,R0290_55039755,0.46938775510204084
R0002_55043311,R0290_55026840,0.46938775510204084
R0002_55043311,R0290_55038681,0.46938775510204084
R0002_55043311,R0290_55033209,0.46938775510204084
R0002_55043311,R0290_55043722,0.46938775510204084
R0002_55043311,R0377_55039577,0.5510204081632653
R0002_55043311,R0377_55032663,0.5510204081632653
R0002_55043311,R0377_55036003,0.5510204081632653
R0002_55043311,R0377_55036004,0.5510204081632653
R0002_55043311,R0377_55036006,0.5510204081632653
R0002_55043311,R0377_55036007,0.5510204081632653
R0002_55043311,R0377_55036008,0.5510204081632653
R0002_55043311,R0377_55036009,0.5510204081632653
R0002_55043311,R0377_55043375,0.5510204081632653
R0002_55043311,R0377_55032655,0.5510204081632653
R0002_55043311,R0377_55034860,0.5510204081632653
R0002_55043311,R0377_55042881,0.5510204081632653
R0002_55043311,R0377_55033035,0.5510204081632653
R0002_55043311,R0377_55044076,0.5510204081632653
R0002_55043311,R0377_55036698,0.5510204081632653
R0002_55043311,R0377_55032664,0.5510204081632653
R0002_55043311,R0377_55038331,0.5510204081632653
R0002_55043311,R0377_55041814,0.5510204081632653
R0002_55043311,R0377_55041025,0.5510204081632653
R0002_55043311,R0377_55039651,0.5510204081632653
R0002_55043311,R0377_55044100,0.5510204081632653
R0002_55043311,R0377_55026719,0.5510204081632653
R0002_55036002,R0002_55043311,1.0
R0002_55036002,R0002_55015378,1.0
R0002_55036002,R0002_55032731,1.0
R0002_55036002,R0002_55025944,1.0
R0002_55036002,R0002_55024341,1.0
R0002_55036002,R0002_55041509,1.0
R0002_55036002,R0002_55036059,1.0
R0002_55036002,R0002_55037787,1.0
R0002_55036002,R0002_55039851,1.0
R0002_55036002,R0002_55032782,1.0
R0002_55036002,R0002_55036171,1.0
R0002_55036002,R0002_55035505,1.0
R0002_55036002,R0002_55011002,1.0
R0002_55036002,R0002_55031467,1.0
R0002_55036002,R0002_55028991,1.0
R0002_55036002,R0002_55027831,1.0
R0002_55036002,R0002_55038839,1.0
R0002_55036002,R0002_55019960,1.0
R0002_55036002,R0002_55033035,1.0
R0002_55036002,R0002_55006197,1.0
R0002_55036002,R0002_55036505,1.0
R0002_55036002,R0002_55044076,1.0
R0002_55036002,R0002_55036050,1.0
R0002_55036002,R0002_55037530,1.0
R0002_55036002,R0002_55040793,1.0
R0002_55036002,R0002_55043136,1.0
R0002_55036002,R0002_55014421,1.0
R0002_55036002,R0002_55003518,1.0
R0002_55036002,R0002_55027319,1.0
R0002_55036002,R0002_55035727,1.0
R0002_55036002,R0002_55032858,1.0
R0002_55036002,R0002_55029026,1.0
R0002_55036002,R0002_55039889,1.0
R0002_55036002,R0002_55041025,1.0
R0002_55036002,R0002_55041833,1.0
R0002_55036002,R0002_55031084,1.0
R0002_55036002,R0002_55030125,1.0
R0002_55036002,R0002_55011220,1.0
R0002_55036002,R0002_55043779,1.0
R0002_55036002,R0002_55026664,1.0
R0002_55036002,R0002_55037878,1.0
R0002_55036002,R0002_55043901,1.0
R0002_55036002,R0002_55037718,1.0
R0002_55036002,R0002_55042075,1.0
R0002_55036002,R0002_55031358,1.0
R0002_55036002,R0002_55025080,1.0
R0002_55036002,R0002_55037283,1.0
R0002_55036002,R0002_55019387,1.0
R0002_55036002,R0043_55035478,0.40816326530612246
R0002_55036002,R0043_55032756,0.40816326530612246
R0002_55036002,R0043_55039677,0.40816326530612246
R0002_55036002,R0043_55039678,0.40816326530612246
R0002_55036002,R0043_55029067,0.40816326530612246
R0002_55036002,R0043_55036252,0.40816326530612246
R0002_55036002,R0043_55034675,0.40816326530612246
R0002_55036002,R0043_55031083,0.40816326530612246
R0002_55036002,R0043_55036209,0.40816326530612246
R0002_55036002,R0043_55035181,0.40816326530612246
R0002_55036002,R0043_55032758,0.40816326530612246
R0002_55036002,R0043_55039681,0.40816326530612246
R0002_55036002,R0043_55039682,0.40816326530612246
R0002_55036002,R0043_55039683,0.40816326530612246
R0002_55036002,R0043_55039684,0.40816326530612246
R0002_55036002,R0043_55032632,0.40816326530612246
R0002_55036002,R0043_55021537,0.40816326530612246
R0002_55036002,R0043_55041926,0.40816326530612246
R0002_55036002,R0043_55029012,0.40816326530612246
R0002_55036002,R0043_55034882,0.40816326530612246
R0002_55036002,R0043_55039679,0.40816326530612246
R0002_55036002,R0043_55032862,0.40816326530612246
R0002_55036002,R0043_55032759,0.40816326530612246
R0002_55036002,R0043_55037980,0.40816326530612246
R0002_55036002,R0043_55037979,0.40816326530612246
R0002_55036002,R0043_55027552,0.40816326530612246
R0002_55036002,R0043_55034879,0.40816326530612246
R0002_55036002,R0043_55032908,0.40816326530612246
R0002_55036002,R0043_55039686,0.40816326530612246
R0002_55036002,R0043_55032863,0.40816326530612246
R0002_55036002,R0043_55009127,0.40816326530612246
R0002_55036002,R0043_55036250,0.40816326530612246
R0002_55036002,R0043_55034880,0.40816326530612246
R0002_55036002,R0043_55032860,0.40816326530612246
R0002_55036002,R0043_55029506,0.40816326530612246
R0002_55036002,R0043_55031288,0.40816326530612246
R0002_55036002,R0043_55036124,0.40816326530612246
R0002_55036002,R0043_55039830,0.40816326530612246
R0002_55036002,R0043_55034325,0.40816326530612246
R0002_55036002,R0043_55039829,0.40816326530612246
R0002_55036002,R0043_55031080,0.40816326530612246
R0002_55036002,R0043_55031077,0.40816326530612246
R0002_55036002,R0043_55017366,0.40816326530612246
R0002_55036002,R0043_55034335,0.40816326530612246
R0002_55036002,R0043_55031005,0.40816326530612246
R0002_55036002,R0055_55007584,0.4897959183673469
R0002_55036002,R0055_55007583,0.4897959183673469
R0002_55036002,R0204_55005925,0.5306122448979592
R0002_55036002,R0204_55032685,0.5306122448979592
R0002_55036002,R0204_55035156,0.5306122448979592
R0002_55036002,R0204_55022352,0.5306122448979592
R0002_55036002,R0204_55004131,0.5306122448979592
R0002_55036002,R0207_55036375,0.46938775510204084
R0002_55036002,R0207_55032672,0.46938775510204084
R0002_55036002,R0207_55032673,0.46938775510204084
R0002_55036002,R0290_55038074,0.46938775510204084
R0002_55036002,R0290_55041439,0.46938775510204084
R0002_55036002,R0290_55041442,0.46938775510204084
R0002_55036002,R0290_55041438,0.46938775510204084
R0002_55036002,R0290_55041440,0.46938775510204084
R0002_55036002,R0290_55041441,0.46938775510204084
R0002_55036002,R0290_55030423,0.46938775510204084
R0002_55036002,R0290_55039755,0.46938775510204084
R0002_55036002,R0290_55026840,0.46938775510204084
R0002_55036002,R0290_55038681,0.46938775510204084
R0002_55036002,R0290_55033209,0.46938775510204084
R0002_55036002,R0290_55043722,0.46938775510204084
R0002_55036002,R0377_55039577,0.5510204081632653
R0002_55036002,R0377_55032663,0.5510204081632653
R0002_55036002,R0377_55036003,0.5510204081632653
R0002_55036002,R0377_55036004,0.5510204081632653
R0002_55036002,R0377_55036006,0.5510204081632653
R0002_55036002,R0377_55036007,0.5510204081632653
R0002_55036002,R0377_55036008,0.5510204081632653
R0002_55036002,R0377_55036009,0.5510204081632653
R0002_55036002,R0377_55043375,0.5510204081632653
R0002_55036002,R0377_55032655,0.5510204081632653
R0002_55036002,R0377_55034860,0.5510204081632653
R0002_55036002,R0377_55042881,0.5510204081632653
R0002_55036002,R0377_55033035,0.5510204081632653
R0002_55036002,R0377_55044076,0.5510204081632653
R0002_55036002,R0377_55036698,0.5510204081632653
R0002_55036002,R0377_55032664,0.5510204081632653
R0002_55036002,R0377_55038331,0.5510204081632653
R0002_55036002,R0377_55041814,0.5510204081632653
R0002_55036002,R0377_55041025,0.5510204081632653
R0002_55036002,R0377_55039651,0.5510204081632653
R0002_55036002,R0377_55044100,0.5510204081632653
R0002_55036002,R0377_55026719,0.5510204081632653
R0002_55015378,R0002_55043311,1.0
R0002_55015378,R0002_55036002,1.0
R0002_55015378,R0002_55032731,1.0
R0002_55015378,R0002_55025944,1.0
R0002_55015378,R0002_55024341,1.0
R0002_55015378,R0002_55041509,1.0
R0002_55015378,R0002_55036059,1.0
R0002_55015378,R0002_55037787,1.0
R0002_55015378,R0002_55039851,1.0
R0002_55015378,R0002_55032782,1.0
R0002_55015378,R0002_55036171,1.0
R0002_55015378,R0002_55035505,1.0
R0002_55015378,R0002_55011002,1.0
R0002_55015378,R0002_55031467,1.0
R0002_55015378,R0002_55028991,1.0
R0002_55015378,R0002_55027831,1.0
R0002_55015378,R0002_55038839,1.0
R0002_55015378,R0002_55019960,1.0
R0002_55015378,R0002_55033035,1.0
R0002_55015378,R0002_55006197,1.0
R0002_55015378,R0002_55036505,1.0
R0002_55015378,R0002_55044076,1.0
R0002_55015378,R0002_55036050,1.0
R0002_55015378,R0002_55037530,1.0
R0002_55015378,R0002_55040793,1.0
R0002_55015378,R0002_55043136,1.0
R0002_55015378,R0002_55014421,1.0
R0002_55015378,R0002_55003518,1.0
R0002_55015378,R0002_55027319,1.0
R0002_55015378,R0002_55035727,1.0
R0002_55015378,R0002_55032858,1.0
R0002_55015378,R0002_55029026,1.0
R0002_55015378,R0002_55039889,1.0
R0002_55015378,R0002_55041025,1.0
R0002_55015378,R0002_55041833,1.0
R0002_55015378,R0002_55031084,1.0
R0002_55015378,R0002_55030125,1.0
R0002_55015378,R0002_55011220,1.0
R0002_55015378,R0002_55043779,1.0
R0002_55015378,R0002_55026664,1.0
R0002_55015378,R0002_55037878,1.0
R0002_55015378,R0002_55043901,1.0
R0002_55015378,R0002_55037718,1.0
R0002_55015378,R0002_55042075,1.0
R0002_55015378,R0002_55031358,1.0
R0002_55015378,R0002_55025080,1.0
R0002_55015378,R0002_55037283,1.0
R0002_55015378,R0002_55019387,1.0
R0002_55015378,R0043_55035478,0.40816326530612246
R0002_55015378,R0043_55032756,0.40816326530612246
R0002_55015378,R0043_55039677,0.40816326530612246
R0002_55015378,R0043_55039678,0.40816326530612246
R0002_55015378,R0043_55029067,0.40816326530612246
R0002_55015378,R0043_55036252,0.40816326530612246
R0002_55015378,R0043_55034675,0.40816326530612246
R0002_55015378,R0043_55031083,0.40816326530612246
R0002_55015378,R0043_55036209,0.40816326530612246
R0002_55015378,R0043_55035181,0.40816326530612246
R0002_55015378,R0043_55032758,0.40816326530612246
R0002_55015378,R0043_55039681,0.40816326530612246
R0002_55015378,R0043_55039682,0.40816326530612246
R0002_55015378,R0043_55039683,0.40816326530612246
R0002_55015378,R0043_55039684,0.40816326530612246
R0002_55015378,R0043_55032632,0.40816326530612246
R0002_55015378,R0043_55021537,0.40816326530612246
R0002_55015378,R0043_55041926,0.40816326530612246
R0002_55015378,R0043_55029012,0.40816326530612246
R0002_55015378,R0043_55034882,0.40816326530612246
R0002_55015378,R0043_55039679,0.40816326530612246
R0002_55015378,R0043_55032862,0.40816326530612246
R0002_55015378,R0043_55032759,0.40816326530612246
R0002_55015378,R0043_55037980,0.40816326530612246
R0002_55015378,R0043_55037979,0.40816326530612246
R0002_55015378,R0043_55027552,0.40816326530612246
R0002_55015378,R0043_55034879,0.40816326530612246
R0002_55015378,R0043_55032908,0.40816326530612246
R0002_55015378,R0043_55039686,0.40816326530612246
R0002_55015378,R0043_55032863,0.40816326530612246
R0002_55015378,R0043_55009127,0.40816326530612246
R0002_55015378,R0043_55036250,0.40816326530612246
R0002_55015378,R0043_55034880,0.40816326530612246
R0002_55015378,R0043_55032860,0.40816326530612246
R0002_55015378,R0043_55029506,0.40816326530612246
R0002_55015378,R0043_55031288,0.40816326530612246
R0002_55015378,R0043_55036124,0.40816326530612246
R0002_55015378,R0043_55039830,0.40816326530612246
R0002_55015378,R0043_55034325,0.40816326530612246
R0002_55015378,R0043_55039829,0.40816326530612246
R0002_55015378,R0043_55031080,0.40816326530612246
R0002_55015378,R0043_55031077,0.40816326530612246
R0002_55015378,R0043_55017366,0.40816326530612246
R0002_55015378,R0043_55034335,0.40816326530612246
R0002_55015378,R0043_55031005,0.40816326530612246
R0002_55015378,R0055_55007584,0.4897959183673469
R0002_55015378,R0055_55007583,0.4897959183673469
R0002_55015378,R0204_55005925,0.5306122448979592
R0002_55015378,R0204_55032685,0.5306122448979592
R0002_55015378,R0204_55035156,0.5306122448979592
R0002_55015378,R0204_55022352,0.5306122448979592
R0002_55015378,R0204_55004131,0.5306122448979592
R0002_55015378,R0207_55036375,0.46938775510204084
R0002_55015378,R0207_55032672,0.46938775510204084
R0002_55015378,R0207_55032673,0.46938775510204084
R0002_55015378,R0290_55038074,0.46938775510204084
R0002_55015378,R0290_55041439,0.46938775510204084
R0002_55015378,R0290_55041442,0.46938775510204084
R0002_55015378,R0290_55041438,0.46938775510204084
R0002_55015378,R0290_55041440,0.46938775510204084
R0002_55015378,R0290_55041441,0.46938775510204084
R0002_55015378,R0290_55030423,0.46938775510204084
R0002_55015378,R0290_55039755,0.46938775510204084
R0002_55015378,R0290_55026840,0.46938775510204084
R0002_55015378,R0290_55038681,0.46938775510204084
R0002_55015378,R0290_55033209,0.46938775510204084
R0002_55015378,R0290_55043722,0.46938775510204084
R0002_55015378,R0377_55039577,0.5510204081632653
R0002_55015378,R0377_55032663,0.5510204081632653
R0002_55015378,R0377_55036003,0.5510204081632653
R0002_55015378,R0377_55036004,0.5510204081632653
R0002_55015378,R0377_55036006,0.5510204081632653
R0002_55015378,R0377_55036007,0.5510204081632653
R0002_55015378,R0377_55036008,0.5510204081632653
R0002_55015378,R0377_55036009,0.5510204081632653
R0002_55015378,R0377_55043375,0.5510204081632653
R0002_55015378,R0377_55032655,0.5510204081632653
R0002_55015378,R0377_55034860,0.5510204081632653
R0002_55015378,R0377_55042881,0.5510204081632653
R0002_55015378,R0377_55033035,0.5510204081632653
R0002_55015378,R0377_55044076,0.5510204081632653
R0002_55015378,R0377_55036698,0.5510204081632653
R0002_55015378,R0377_55032664,0.5510204081632653
R0002_55015378,R0377_55038331,0.5510204081632653
R0002_55015378,R0377_55041814,0.5510204081632653
R0002_55015378,R0377_55041025,0.5510204081632653
R0002_55015378,R0377_55039651,0.5510204081632653
R0002_55015378,R0377_55044100,0.5510204081632653
R0002_55015378,R0377_55026719,0.5510204081632653
R0002_55032731,R0002_55043311,1.0
R0002_55032731,R0002_55036002,1.0
R0002_55032731,R0002_55015378,1.0
R0002_55032731,R0002_55025944,1.0
R0002_55032731,R0002_55024341,1.0
R0002_55032731,R0002_55041509,1.0
R0002_55032731,R0002_55036059,1.0
R0002_55032731,R0002_55037787,1.0
R0002_55032731,R0002_55039851,1.0
R0002_55032731,R0002_55032782,1.0
R0002_55032731,R0002_55036171,1.0
R0002_55032731,R0002_55035505,1.0
R0002_55032731,R0002_55011002,1.0
R0002_55032731,R0002_55031467,1.0
R0002_55032731,R0002_55028991,1.0
R0002_55032731,R0002_55027831,1.0
R0002_55032731,R0002_55038839,1.0
R0002_55032731,R0002_55019960,1.0
R0002_55032731,R0002_55033035,1.0
R0002_55032731,R0002_55006197,1.0
R0002_55032731,R0002_55036505,1.0
R0002_55032731,R0002_55044076,1.0
R0002_55032731,R0002_55036050,1.0
R0002_55032731,R0002_55037530,1.0
R0002_55032731,R0002_55040793,1.0
R0002_55032731,R0002_55043136,1.0
R0002_55032731,R0002_55014421,1.0
R0002_55032731,R0002_55003518,1.0
R0002_55032731,R0002_55027319,1.0
R0002_55032731,R0002_55035727,1.0
R0002_55032731,R0002_55032858,1.0
R0002_55032731,R0002_55029026,1.0
R0002_55032731,R0002_55039889,1.0
R0002_55032731,R0002_55041025,1.0
R0002_55032731,R0002_55041833,1.0
R0002_55032731,R0002_55031084,1.0
R0002_55032731,R0002_55030125,1.0
R0002_55032731,R0002_55011220,1.0
R0002_55032731,R0002_55043779,1.0
R0002_55032731,R0002_55026664,1.0
R0002_55032731,R0002_55037878,1.0
R0002_55032731,R0002_55043901,1.0
R0002_55032731,R0002_55037718,1.0
R0002_55032731,R0002_55042075,1.0
R0002_55032731,R0002_55031358,1.0
R0002_55032731,R0002_55025080,1.0
R0002_55032731,R0002_55037283,1.0
R0002_55032731,R0002_55019387,1.0
R0002_55032731,R0043_55035478,0.40816326530612246
R0002_55032731,R0043_55032756,0.40816326530612246
R0002_55032731,R0043_55039677,0.40816326530612246
R0002_55032731,R0043_55039678,0.40816326530612246
R0002_55032731,R0043_55029067,0.40816326530612246
R0002_55032731,R0043_55036252,0.40816326530612246
R0002_55032731,R0043_55034675,0.40816326530612246
R0002_55032731,R0043_55031083,0.40816326530612246
R0002_55032731,R0043_55036209,0.40816326530612246
R0002_55032731,R0043_55035181,0.40816326530612246
R0002_55032731,R0043_55032758,0.40816326530612246
R0002_55032731,R0043_55039681,0.40816326530612246
R0002_55032731,R0043_55039682,0.40816326530612246
R0002_55032731,R0043_55039683,0.40816326530612246
R0002_55032731,R0043_55039684,0.40816326530612246
R0002_55032731,R0043_55032632,0.40816326530612246
R0002_55032731,R0043_55021537,0.40816326530612246
R0002_55032731,R0043_55041926,0.40816326530612246
R0002_55032731,R0043_55029012,0.40816326530612246
R0002_55032731,R0043_55034882,0.40816326530612246
R0002_55032731,R0043_55039679,0.40816326530612246
R0002_55032731,R0043_55032862,0.40816326530612246
R0002_55032731,R0043_55032759,0.40816326530612246
R0002_55032731,R0043_55037980,0.40816326530612246
R0002_55032731,R0043_55037979,0.40816326530612246
R0002_55032731,R0043_55027552,0.40816326530612246
R0002_55032731,R0043_55034879,0.40816326530612246
R0002_55032731,R0043_55032908,0.40816326530612246
R0002_55032731,R0043_55039686,0.40816326530612246
R0002_55032731,R0043_55032863,0.40816326530612246
R0002_55032731,R0043_55009127,0.40816326530612246
R0002_55032731,R0043_55036250,0.40816326530612246
R0002_55032731,R0043_55034880,0.40816326530612246
R0002_55032731,R0043_55032860,0.40816326530612246
R0002_55032731,R0043_55029506,0.40816326530612246
R0002_55032731,R0043_55031288,0.40816326530612246
R0002_55032731,R0043_55036124,0.40816326530612246
R0002_55032731,R0043_55039830,0.40816326530612246
R0002_55032731,R0043_55034325,0.40816326530612246
R0002_55032731,R0043_55039829,0.40816326530612246
R0002_55032731,R0043_55031080,0.40816326530612246
R0002_55032731,R0043_55031077,0.40816326530612246
R0002_55032731,R0043_55017366,0.40816326530612246
R0002_55032731,R0043_55034335,0.40816326530612246
R0002_55032731,R0043_55031005,0.40816326530612246
R0002_55032731,R0055_55007584,0.4897959183673469
R0002_55032731,R0055_55007583,0.4897959183673469
R0002_55032731,R0204_55005925,0.5306122448979592
R0002_55032731,R0204_55032685,0.5306122448979592
R0002_55032731,R0204_55035156,0.5306122448979592
R0002_55032731,R0204_55022352,0.5306122448979592
R0002_55032731,R0204_55004131,0.5306122448979592
R0002_55032731,R0207_55036375,0.46938775510204084
R0002_55032731,R0207_55032672,0.46938775510204084
R0002_55032731,R0207_55032673,0.46938775510204084
R0002_55032731,R0290_55038074,0.46938775510204084
R0002_55032731,R0290_55041439,0.46938775510204084
R0002_55032731,R0290_55041442,0.46938775510204084
R0002_55032731,R0290_55041438,0.46938775510204084
R0002_55032731,R0290_55041440,0.46938775510204084
R0002_55032731,R0290_55041441,0.46938775510204084
R0002_55032731,R0290_55030423,0.46938775510204084
R0002_55032731,R0290_55039755,0.46938775510204084
R0002_55032731,R0290_55026840,0.46938775510204084
R0002_55032731,R0290_55038681,0.46938775510204084
R0002_55032731,R0290_55033209,0.46938775510204084
R0002_55032731,R0290_55043722,0.46938775510204084
R0002_55032731,R0377_55039577,0.5510204081632653
R0002_55032731,R0377_55032663,0.5510204081632653
R0002_55032731,R0377_55036003,0.5510204081632653
R0002_55032731,R0377_55036004,0.5510204081632653
R0002_55032731,R0377_55036006,0.5510204081632653
R0002_55032731,R0377_55036007,0.5510204081632653
R0002_55032731,R0377_55036008,0.5510204081632653
R0002_55032731,R0377_55036009,0.5510204081632653
R0002_55032731,R0377_55043375,0.5510204081632653
R0002_55032731,R0377_55032655,0.5510204081632653
R0002_55032731,R0377_55034860,0.5510204081632653
R0002_55032731,R0377_55042881,0.5510204081632653
R0002_55032731,R0377_55033035,0.5510204081632653
R0002_55032731,R0377_55044076,0.5510204081632653
R0002_55032731,R0377_55036698,0.5510204081632653
R0002_55032731,R0377_55032664,0.5510204081632653
R0002_55032731,R0377_55038331,0.5510204081632653
R0002_55032731,R0377_55041814,0.5510204081632653
R0002_55032731,R0377_55041025,0.5510204081632653
R0002_55032731,R0377_55039651,0.5510204081632653
R0002_55032731,R0377_55044100,0.5510204081632653
R0002_55032731,R0377_55026719,0.5510204081632653
R0002_55025944,R0002_55043311,1.0
R0002_55025944,R0002_55036002,1.0
R0002_55025944,R0002_55015378,1.0
R0002_55025944,R0002_55032731,1.0
R0002_55025944,R0002_55024341,1.0
R0002_55025944,R0002_55041509,1.0
R0002_55025944,R0002_55036059,1.0
R0002_55025944,R0002_55037787,1.0
R0002_55025944,R0002_55039851,1.0
R0002_55025944,R0002_55032782,1.0
R0002_55025944,R0002_55036171,1.0
R0002_55025944,R0002_55035505,1.0
R0002_55025944,R0002_55011002,1.0
R0002_55025944,R0002_55031467,1.0
R0002_55025944,R0002_55028991,1.0
R0002_55025944,R0002_55027831,1.0
R0002_55025944,R0002_55038839,1.0
R0002_55025944,R0002_55019960,1.0
R0002_55025944,R0002_55033035,1.0
R0002_55025944,R0002_55006197,1.0
R0002_55025944,R0002_55036505,1.0
R0002_55025944,R0002_55044076,1.0
R0002_55025944,R0002_55036050,1.0
R0002_55025944,R0002_55037530,1.0
R0002_55025944,R0002_55040793,1.0
R0002_55025944,R0002_55043136,1.0
R0002_55025944,R0002_55014421,1.0
R0002_55025944,R0002_55003518,1.0
R0002_55025944,R0002_55027319,1.0
R0002_55025944,R0002_55035727,1.0
R0002_55025944,R0002_55032858,1.0
R0002_55025944,R0002_55029026,1.0
R0002_55025944,R0002_55039889,1.0
R0002_55025944,R0002_55041025,1.0
R0002_55025944,R0002_55041833,1.0
R0002_55025944,R0002_55031084,1.0
R0002_55025944,R0002_55030125,1.0
R0002_55025944,R0002_55011220,1.0
R0002_55025944,R0002_55043779,1.0
R0002_55025944,R0002_55026664,1.0
R0002_55025944,R0002_55037878,1.0
R0002_55025944,R0002_55043901,1.0
R0002_55025944,R0002_55037718,1.0
R0002_55025944,R0002_55042075,1.0
R0002_55025944,R0002_55031358,1.0
R0002_55025944,R0002_55025080,1.0
R0002_55025944,R0002_55037283,1.0
R0002_55025944,R0002_55019387,1.0
R0002_55025944,R0043_55035478,0.40816326530612246
R0002_55025944,R0043_55032756,0.40816326530612246
R0002_55025944,R0043_55039677,0.40816326530612246
R0002_55025944,R0043_55039678,0.40816326530612246
R0002_55025944,R0043_55029067,0.40816326530612246
R0002_55025944,R0043_55036252,0.40816326530612246
R0002_55025944,R0043_55034675,0.40816326530612246
R0002_55025944,R0043_55031083,0.40816326530612246
R0002_55025944,R0043_55036209,0.40816326530612246
R0002_55025944,R0043_55035181,0.40816326530612246
R0002_55025944,R0043_55032758,0.40816326530612246
R0002_55025944,R0043_55039681,0.40816326530612246
R0002_55025944,R0043_55039682,0.40816326530612246
R0002_55025944,R0043_55039683,0.40816326530612246
R0002_55025944,R0043_55039684,0.40816326530612246
R0002_55025944,R0043_55032632,0.40816326530612246
R0002_55025944,R0043_55021537,0.40816326530612246
R0002_55025944,R0043_55041926,0.40816326530612246
R0002_55025944,R0043_55029012,0.40816326530612246
R0002_55025944,R0043_55034882,0.40816326530612246
R0002_55025944,R0043_55039679,0.40816326530612246
R0002_55025944,R0043_55032862,0.40816326530612246
R0002_55025944,R0043_55032759,0.40816326530612246
R0002_55025944,R0043_55037980,0.40816326530612246
R0002_55025944,R0043_55037979,0.40816326530612246
R0002_55025944,R0043_55027552,0.40816326530612246
R0002_55025944,R0043_55034879,0.40816326530612246
R0002_55025944,R0043_55032908,0.40816326530612246
R0002_55025944,R0043_55039686,0.40816326530612246
R0002_55025944,R0043_55032863,0.40816326530612246
R0002_55025944,R0043_55009127,0.40816326530612246
R0002_55025944,R0043_55036250,0.40816326530612246
R0002_55025944,R0043_55034880,0.40816326530612246
R0002_55025944,R0043_55032860,0.40816326530612246
R0002_55025944,R0043_55029506,0.40816326530612246
R0002_55025944,R0043_55031288,0.40816326530612246
R0002_55025944,R0043_55036124,0.40816326530612246
R0002_55025944,R0043_55039830,0.40816326530612246
R0002_55025944,R0043_55034325,0.40816326530612246
R0002_55025944,R0043_55039829,0.40816326530612246
R0002_55025944,R0043_55031080,0.40816326530612246
R0002_55025944,R0043_55031077,0.40816326530612246
R0002_55025944,R0043_55017366,0.40816326530612246
R0002_55025944,R0043_55034335,0.40816326530612246
R0002_55025944,R0043_55031005,0.40816326530612246
R0002_55025944,R0055_55007584,0.4897959183673469
R0002_55025944,R0055_55007583,0.4897959183673469
R0002_55025944,R0204_55005925,0.5306122448979592
R0002_55025944,R0204_55032685,0.5306122448979592
R0002_55025944,R0204_55035156,0.5306122448979592
R0002_55025944,R0204_55022352,0.5306122448979592
R0002_55025944,R0204_55004131,0.5306122448979592
R0002_55025944,R0207_55036375,0.46938775510204084
R0002_55025944,R0207_55032672,0.46938775510204084
R0002_55025944,R0207_55032673,0.46938775510204084
R0002_55025944,R0290_55038074,0.46938775510204084
R0002_55025944,R0290_55041439,0.46938775510204084
R0002_55025944,R0290_55041442,0.46938775510204084
R0002_55025944,R0290_55041438,0.46938775510204084
R0002_55025944,R0290_55041440,0.46938775510204084
R0002_55025944,R0290_55041441,0.46938775510204084
R0002_55025944,R0290_55030423,0.46938775510204084
R0002_55025944,R0290_55039755,0.46938775510204084
R0002_55025944,R0290_55026840,0.46938775510204084
R0002_55025944,R0290_55038681,0.46938775510204084
R0002_55025944,R0290_55033209,0.46938775510204084
R0002_55025944,R0290_55043722,0.46938775510204084
R0002_55025944,R0377_55039577,0.5510204081632653
R0002_55025944,R0377_55032663,0.5510204081632653
R0002_55025944,R0377_55036003,0.5510204081632653
R0002_55025944,R0377_55036004,0.5510204081632653
R0002_55025944,R0377_55036006,0.5510204081632653
R0002_55025944,R0377_55036007,0.5510204081632653
R0002_55025944,R0377_55036008,0.5510204081632653
R0002_55025944,R0377_55036009,0.5510204081632653
R0002_55025944,R0377_55043375,0.5510204081632653
R0002_55025944,R0377_55032655,0.5510204081632653
R0002_55025944,R0377_55034860,0.5510204081632653
R0002_55025944,R0377_55042881,0.5510204081632653
R0002_55025944,R0377_55033035,0.5510204081632653
R0002_55025944,R0377_55044076,0.5510204081632653
R0002_55025944,R0377_55036698,0.5510204081632653
R0002_55025944,R0377_55032664,0.5510204081632653
R0002_55025944,R0377_55038331,0.5510204081632653
R0002_55025944,R0377_55041814,0.5510204081632653
R0002_55025944,R0377_55041025,0.5510204081632653
R0002_55025944,R0377_55039651,0.5510204081632653
R0002_55025944,R0377_55044100,0.5510204081632653
R0002_55025944,R0377_55026719,0.5510204081632653
R0002_55024341,R0002_55043311,1.0
R0002_55024341,R0002_55036002,1.0
R0002_55024341,R0002_55015378,1.0
R0002_55024341,R0002_55032731,1.0
R0002_55024341,R0002_55025944,1.0
R0002_55024341,R0002_55041509,1.0
R0002_55024341,R0002_55036059,1.0
R0002_55024341,R0002_55037787,1.0
R0002_55024341,R0002_55039851,1.0
R0002_55024341,R0002_55032782,1.0
R0002_55024341,R0002_55036171,1.0
R0002_55024341,R0002_55035505,1.0
R0002_55024341,R0002_55011002,1.0
R0002_55024341,R0002_55031467,1.0
R0002_55024341,R0002_55028991,1.0
R0002_55024341,R0002_55027831,1.0
R0002_55024341,R0002_55038839,1.0
R0002_55024341,R0002_55019960,1.0
R0002_55024341,R0002_55033035,1.0
R0002_55024341,R0002_55006197,1.0
R0002_55024341,R0002_55036505,1.0
R0002_55024341,R0002_55044076,1.0
R0002_55024341,R0002_55036050,1.0
R0002_55024341,R0002_55037530,1.0
R0002_55024341,R0002_55040793,1.0
R0002_55024341,R0002_55043136,1.0
R0002_55024341,R0002_55014421,1.0
R0002_55024341,R0002_55003518,1.0
R0002_55024341,R0002_55027319,1.0
R0002_55024341,R0002_55035727,1.0
R0002_55024341,R0002_55032858,1.0
R0002_55024341,R0002_55029026,1.0
R0002_55024341,R0002_55039889,1.0
R0002_55024341,R0002_55041025,1.0
R0002_55024341,R0002_55041833,1.0
R0002_55024341,R0002_55031084,1.0
R0002_55024341,R0002_55030125,1.0
R0002_55024341,R0002_55011220,1.0
R0002_55024341,R0002_55043779,1.0
R0002_55024341,R0002_55026664,1.0
R0002_55024341,R0002_55037878,1.0
R0002_55024341,R0002_55043901,1.0
R0002_55024341,R0002_55037718,1.0
R0002_55024341,R0002_55042075,1.0
R0002_55024341,R0002_55031358,1.0
R0002_55024341,R0002_55025080,1.0
R0002_55024341,R0002_55037283,1.0
R0002_55024341,R0002_55019387,1.0
R0002_55024341,R0043_55035478,0.40816326530612246
R0002_55024341,R0043_55032756,0.40816326530612246
R0002_55024341,R0043_55039677,0.40816326530612246
R0002_55024341,R0043_55039678,0.40816326530612246
R0002_55024341,R0043_55029067,0.40816326530612246
R0002_55024341,R0043_55036252,0.40816326530612246
R0002_55024341,R0043_55034675,0.40816326530612246
R0002_55024341,R0043_55031083,0.40816326530612246
R0002_55024341,R0043_55036209,0.40816326530612246
R0002_55024341,R0043_55035181,0.40816326530612246
R0002_55024341,R0043_55032758,0.40816326530612246
R0002_55024341,R0043_55039681,0.40816326530612246
R0002_55024341,R0043_55039682,0.40816326530612246
R0002_55024341,R0043_55039683,0.40816326530612246
R0002_55024341,R0043_55039684,0.40816326530612246
R0002_55024341,R0043_55032632,0.40816326530612246
R0002_55024341,R0043_55021537,0.40816326530612246
R0002_55024341,R0043_55041926,0.40816326530612246
R0002_55024341,R0043_55029012,0.40816326530612246
R0002_55024341,R0043_55034882,0.40816326530612246
R0002_55024341,R0043_55039679,0.40816326530612246
R0002_55024341,R0043_55032862,0.40816326530612246
R0002_55024341,R0043_55032759,0.40816326530612246
R0002_55024341,R0043_55037980,0.40816326530612246
R0002_55024341,R0043_55037979,0.40816326530612246
R0002_55024341,R0043_55027552,0.40816326530612246
R0002_55024341,R0043_55034879,0.40816326530612246
R0002_55024341,R0043_55032908,0.40816326530612246
R0002_55024341,R0043_55039686,0.40816326530612246
R0002_55024341,R0043_55032863,0.40816326530612246
R0002_55024341,R0043_55009127,0.40816326530612246
R0002_55024341,R0043_55036250,0.40816326530612246
R0002_55024341,R0043_55034880,0.40816326530612246
R0002_55024341,R0043_55032860,0.40816326530612246
R0002_55024341,R0043_55029506,0.40816326530612246
R0002_55024341,R0043_55031288,0.40816326530612246
R0002_55024341,R0043_55036124,0.40816326530612246
R0002_55024341,R0043_55039830,0.40816326530612246
R0002_55024341,R0043_55034325,0.40816326530612246
R0002_55024341,R0043_55039829,0.40816326530612246
R0002_55024341,R0043_55031080,0.40816326530612246
R0002_55024341,R0043_55031077,0.40816326530612246
R0002_55024341,R0043_55017366,0.40816326530612246
R0002_55024341,R0043_55034335,0.40816326530612246
R0002_55024341,R0043_55031005,0.40816326530612246
R0002_55024341,R0055_55007584,0.4897959183673469
R0002_55024341,R0055_55007583,0.4897959183673469
R0002_55024341,R0204_55005925,0.5306122448979592
R0002_55024341,R0204_55032685,0.5306122448979592
R0002_55024341,R0204_55035156,0.5306122448979592
R0002_55024341,R0204_55022352,0.5306122448979592
R0002_55024341,R0204_55004131,0.5306122448979592
R0002_55024341,R0207_55036375,0.46938775510204084
R0002_55024341,R0207_55032672,0.46938775510204084
R0002_55024341,R0207_55032673,0.46938775510204084
R0002_55024341,R0290_55038074,0.46938775510204084
R0002_55024341,R0290_55041439,0.46938775510204084
R0002_55024341,R0290_55041442,0.46938775510204084
R0002_55024341,R0290_55041438,0.46938775510204084
R0002_55024341,R0290_55041440,0.46938775510204084
R0002_55024341,R0290_55041441,0.46938775510204084
R0002_55024341,R0290_55030423,0.46938775510204084
R0002_55024341,R0290_55039755,0.46938775510204084
R0002_55024341,R0290_55026840,0.46938775510204084
R0002_55024341,R0290_55038681,0.46938775510204084
R0002_55024341,R0290_55033209,0.46938775510204084
R0002_55024341,R0290_55043722,0.46938775510204084
R0002_55024341,R0377_55039577,0.5510204081632653
R0002_55024341,R0377_55032663,0.5510204081632653
R0002_55024341,R0377_55036003,0.5510204081632653
R0002_55024341,R0377_55036004,0.5510204081632653
R0002_55024341,R0377_55036006,0.5510204081632653
R0002_55024341,R0377_55036007,0.5510204081632653
R0002_55024341,R0377_55036008,0.5510204081632653
R0002_55024341,R0377_55036009,0.5510204081632653
R0002_55024341,R0377_55043375,0.5510204081632653
R0002_55024341,R0377_55032655,0.5510204081632653
R0002_55024341,R0377_55034860,0.5510204081632653
R0002_55024341,R0377_55042881,0.5510204081632653
R0002_55024341,R0377_55033035,0.5510204081632653
R0002_55024341,R0377_55044076,0.5510204081632653
R0002_55024341,R0377_55036698,0.5510204081632653
R0002_55024341,R0377_55032664,0.5510204081632653
R0002_55024341,R0377_55038331,0.5510204081632653
R0002_55024341,R0377_55041814,0.5510204081632653
R0002_55024341,R0377_55041025,0.5510204081632653
R0002_55024341,R0377_55039651,0.5510204081632653
R0002_55024341,R0377_55044100,0.5510204081632653
R0002_55024341,R0377_55026719,0.5510204081632653
R0002_55041509,R0002_55043311,1.0
R0002_55041509,R0002_55036002,1.0
R0002_55041509,R0002_55015378,1.0
R0002_55041509,R0002_55032731,1.0
R0002_55041509,R0002_55025944,1.0
R0002_55041509,R0002_55024341,1.0
R0002_55041509,R0002_55036059,1.0
R0002_55041509,R0002_55037787,1.0
R0002_55041509,R0002_55039851,1.0
R0002_55041509,R0002_55032782,1.0
R0002_55041509,R0002_55036171,1.0
R0002_55041509,R0002_55035505,1.0
R0002_55041509,R0002_55011002,1.0
R0002_55041509,R0002_55031467,1.0
R0002_55041509,R0002_55028991,1.0
R0002_55041509,R0002_55027831,1.0
R0002_55041509,R0002_55038839,1.0
R0002_55041509,R0002_55019960,1.0
R0002_55041509,R0002_55033035,1.0
R0002_55041509,R0002_55006197,1.0
R0002_55041509,R0002_55036505,1.0
R0002_55041509,R0002_55044076,1.0
R0002_55041509,R0002_55036050,1.0
R0002_55041509,R0002_55037530,1.0
R0002_55041509,R0002_55040793,1.0
R0002_55041509,R0002_55043136,1.0
R0002_55041509,R0002_55014421,1.0
R0002_55041509,R0002_55003518,1.0
R0002_55041509,R0002_55027319,1.0
R0002_55041509,R0002_55035727,1.0
R0002_55041509,R0002_55032858,1.0
R0002_55041509,R0002_55029026,1.0
R0002_55041509,R0002_55039889,1.0
R0002_55041509,R0002_55041025,1.0
R0002_55041509,R0002_55041833,1.0
R0002_55041509,R0002_55031084,1.0
R0002_55041509,R0002_55030125,1.0
R0002_55041509,R0002_55011220,1.0
R0002_55041509,R0002_55043779,1.0
R0002_55041509,R0002_55026664,1.0
R0002_55041509,R0002_55037878,1.0
R0002_55041509,R0002_55043901,1.0
R0002_55041509,R0002_55037718,1.0
R0002_55041509,R0002_55042075,1.0
R0002_55041509,R0002_55031358,1.0
R0002_55041509,R0002_55025080,1.0
R0002_55041509,R0002_55037283,1.0
R0002_55041509,R0002_55019387,1.0
R0002_55041509,R0043_55035478,0.40816326530612246
R0002_55041509,R0043_55032756,0.40816326530612246
R0002_55041509,R0043_55039677,0.40816326530612246
R0002_55041509,R0043_55039678,0.40816326530612246
R0002_55041509,R0043_55029067,0.40816326530612246
R0002_55041509,R0043_55036252,0.40816326530612246
R0002_55041509,R0043_55034675,0.40816326530612246
R0002_55041509,R0043_55031083,0.40816326530612246
R0002_55041509,R0043_55036209,0.40816326530612246
R0002_55041509,R0043_55035181,0.40816326530612246
R0002_55041509,R0043_55032758,0.40816326530612246
R0002_55041509,R0043_55039681,0.40816326530612246
R0002_55041509,R0043_55039682,0.40816326530612246
R0002_55041509,R0043_55039683,0.40816326530612246
R0002_55041509,R0043_55039684,0.40816326530612246
R0002_55041509,R0043_55032632,0.40816326530612246
R0002_55041509,R0043_55021537,0.40816326530612246
R0002_55041509,R0043_55041926,0.40816326530612246
R0002_55041509,R0043_55029012,0.40816326530612246
R0002_55041509,R0043_55034882,0.40816326530612246
R0002_55041509,R0043_55039679,0.40816326530612246
R0002_55041509,R0043_55032862,0.40816326530612246
R0002_55041509,R0043_55032759,0.40816326530612246
R0002_55041509,R0043_55037980,0.40816326530612246
R0002_55041509,R0043_55037979,0.40816326530612246
R0002_55041509,R0043_55027552,0.40816326530612246
R0002_55041509,R0043_55034879,0.40816326530612246
R0002_55041509,R0043_55032908,0.40816326530612246
R0002_55041509,R0043_55039686,0.40816326530612246
R0002_55041509,R0043_55032863,0.40816326530612246
R0002_55041509,R0043_55009127,0.40816326530612246
R0002_55041509,R0043_55036250,0.40816326530612246
R0002_55041509,R0043_55034880,0.40816326530612246
R0002_55041509,R0043_55032860,0.40816326530612246
R0002_55041509,R0043_55029506,0.40816326530612246
R0002_55041509,R0043_55031288,0.40816326530612246
R0002_55041509,R0043_55036124,0.40816326530612246
R0002_55041509,R0043_55039830,0.40816326530612246
R0002_55041509,R0043_55034325,0.40816326530612246
R0002_55041509,R0043_55039829,0.40816326530612246
R0002_55041509,R0043_55031080,0.40816326530612246
R0002_55041509,R0043_55031077,0.40816326530612246
R0002_55041509,R0043_55017366,0.40816326530612246
R0002_55041509,R0043_55034335,0.40816326530612246
R0002_55041509,R0043_55031005,0.40816326530612246
R0002_55041509,R0055_55007584,0.4897959183673469
R0002_55041509,R0055_55007583,0.4897959183673469
R0002_55041509,R0204_55005925,0.5306122448979592
R0002_55041509,R0204_55032685,0.5306122448979592
R0002_55041509,R0204_55035156,0.5306122448979592
R0002_55041509,R0204_55022352,0.5306122448979592
R0002_55041509,R0204_55004131,0.5306122448979592
R0002_55041509,R0207_55036375,0.46938775510204084
R0002_55041509,R0207_55032672,0.46938775510204084
R0002_55041509,R0207_55032673,0.46938775510204084
R0002_55041509,R0290_55038074,0.46938775510204084
R0002_55041509,R0290_55041439,0.46938775510204084
R0002_55041509,R0290_55041442,0.46938775510204084
R0002_55041509,R0290_55041438,0.46938775510204084
R0002_55041509,R0290_55041440,0.46938775510204084
R0002_55041509,R0290_55041441,0.46938775510204084
R0002_55041509,R0290_55030423,0.46938775510204084
R0002_55041509,R0290_55039755,0.46938775510204084
R0002_55041509,R0290_55026840,0.46938775510204084
R0002_55041509,R0290_55038681,0.46938775510204084
R0002_55041509,R0290_55033209,0.46938775510204084
R0002_55041509,R0290_55043722,0.46938775510204084
R0002_55041509,R0377_55039577,0.5510204081632653
R0002_55041509,R0377_55032663,0.5510204081632653
R0002_55041509,R0377_55036003,0.5510204081632653
R0002_55041509,R0377_55036004,0.5510204081632653
R0002_55041509,R0377_55036006,0.5510204081632653
R0002_55041509,R0377_55036007,0.5510204081632653
R0002_55041509,R0377_55036008,0.5510204081632653
R0002_55041509,R0377_55036009,0.5510204081632653
R0002_55041509,R0377_55043375,0.5510204081632653
R0002_55041509,R0377_55032655,0.5510204081632653
R0002_55041509,R0377_55034860,0.5510204081632653
R0002_55041509,R0377_55042881,0.5510204081632653
R0002_55041509,R0377_55033035,0.5510204081632653
R0002_55041509,R0377_55044076,0.5510204081632653
R0002_55041509,R0377_55036698,0.5510204081632653
R0002_55041509,R0377_55032664,0.5510204081632653
R0002_55041509,R0377_55038331,0.5510204081632653
R0002_55041509,R0377_55041814,0.5510204081632653
R0002_55041509,R0377_55041025,0.5510204081632653
R0002_55041509,R0377_55039651,0.5510204081632653
R0002_55041509,R0377_55044100,0.5510204081632653
R0002_55041509,R0377_55026719,0.5510204081632653
R0002_55036059,R0002_55043311,1.0
R0002_55036059,R0002_55036002,1.0
R0002_55036059,R0002_55015378,1.0
R0002_55036059,R0002_55032731,1.0
R0002_55036059,R0002_55025944,1.0
R0002_55036059,R0002_55024341,1.0
R0002_55036059,R0002_55041509,1.0
R0002_55036059,R0002_55037787,1.0
R0002_55036059,R0002_55039851,1.0
R0002_55036059,R0002_55032782,1.0
R0002_55036059,R0002_55036171,1.0
R0002_55036059,R0002_55035505,1.0
R0002_55036059,R0002_55011002,1.0
R0002_55036059,R0002_55031467,1.0
R0002_55036059,R0002_55028991,1.0
R0002_55036059,R0002_55027831,1.0
R0002_55036059,R0002_55038839,1.0
R0002_55036059,R0002_55019960,1.0
R0002_55036059,R0002_55033035,1.0
R0002_55036059,R0002_55006197,1.0
R0002_55036059,R0002_55036505,1.0
R0002_55036059,R0002_55044076,1.0
R0002_55036059,R0002_55036050,1.0
R0002_55036059,R0002_55037530,1.0
R0002_55036059,R0002_55040793,1.0
R0002_55036059,R0002_55043136,1.0
R0002_55036059,R0002_55014421,1.0
R0002_55036059,R0002_55003518,1.0
R0002_55036059,R0002_55027319,1.0
R0002_55036059,R0002_55035727,1.0
R0002_55036059,R0002_55032858,1.0
R0002_55036059,R0002_55029026,1.0
R0002_55036059,R0002_55039889,1.0
R0002_55036059,R0002_55041025,1.0
R0002_55036059,R0002_55041833,1.0
R0002_55036059,R0002_55031084,1.0
R0002_55036059,R0002_55030125,1.0
R0002_55036059,R0002_55011220,1.0
R0002_55036059,R0002_55043779,1.0
R0002_55036059,R0002_55026664,1.0
R0002_55036059,R0002_55037878,1.0
R0002_55036059,R0002_55043901,1.0
R0002_55036059,R0002_55037718,1.0
R0002_55036059,R0002_55042075,1.0
R0002_55036059,R0002_55031358,1.0
R0002_55036059,R0002_55025080,1.0
R0002_55036059,R0002_55037283,1.0
R0002_55036059,R0002_55019387,1.0
R0002_55036059,R0043_55035478,0.40816326530612246
R0002_55036059,R0043_55032756,0.40816326530612246
R0002_55036059,R0043_55039677,0.40816326530612246
R0002_55036059,R0043_55039678,0.40816326530612246
R0002_55036059,R0043_55029067,0.40816326530612246
R0002_55036059,R0043_55036252,0.40816326530612246
R0002_55036059,R0043_55034675,0.40816326530612246
R0002_55036059,R0043_55031083,0.40816326530612246
R0002_55036059,R0043_55036209,0.40816326530612246
R0002_55036059,R0043_55035181,0.40816326530612246
R0002_55036059,R0043_55032758,0.40816326530612246
R0002_55036059,R0043_55039681,0.40816326530612246
R0002_55036059,R0043_55039682,0.40816326530612246
R0002_55036059,R0043_55039683,0.40816326530612246
R0002_55036059,R0043_55039684,0.40816326530612246
R0002_55036059,R0043_55032632,0.40816326530612246
R0002_55036059,R0043_55021537,0.40816326530612246
R0002_55036059,R0043_55041926,0.40816326530612246
R0002_55036059,R0043_55029012,0.40816326530612246
R0002_55036059,R0043_55034882,0.40816326530612246
R0002_55036059,R0043_55039679,0.40816326530612246
R0002_55036059,R0043_55032862,0.40816326530612246
R0002_55036059,R0043_55032759,0.40816326530612246
R0002_55036059,R0043_55037980,0.40816326530612246
R0002_55036059,R0043_55037979,0.40816326530612246
R0002_55036059,R0043_55027552,0.40816326530612246
R0002_55036059,R0043_55034879,0.40816326530612246
R0002_55036059,R0043_55032908,0.40816326530612246
R0002_55036059,R0043_55039686,0.40816326530612246
R0002_55036059,R0043_55032863,0.40816326530612246
R0002_55036059,R0043_55009127,0.40816326530612246
R0002_55036059,R0043_55036250,0.40816326530612246
R0002_55036059,R0043_55034880,0.40816326530612246
R0002_55036059,R0043_55032860,0.40816326530612246
R0002_55036059,R0043_55029506,0.40816326530612246
R0002_55036059,R0043_55031288,0.40816326530612246
R0002_55036059,R0043_55036124,0.40816326530612246
R0002_55036059,R0043_55039830,0.40816326530612246
R0002_55036059,R0043_55034325,0.40816326530612246
R0002_55036059,R0043_55039829,0.40816326530612246
R0002_55036059,R0043_55031080,0.40816326530612246
R0002_55036059,R0043_55031077,0.40816326530612246
R0002_55036059,R0043_55017366,0.40816326530612246
R0002_55036059,R0043_55034335,0.40816326530612246
R0002_55036059,R0043_55031005,0.40816326530612246
R0002_55036059,R0055_55007584,0.4897959183673469
R0002_55036059,R0055_55007583,0.4897959183673469
R0002_55036059,R0204_55005925,0.5306122448979592
R0002_55036059,R0204_55032685,0.5306122448979592
R0002_55036059,R0204_55035156,0.5306122448979592
R0002_55036059,R0204_55022352,0.5306122448979592
R0002_55036059,R0204_55004131,0.5306122448979592
R0002_55036059,R0207_55036375,0.46938775510204084
R0002_55036059,R0207_55032672,0.46938775510204084
R0002_55036059,R0207_55032673,0.46938775510204084
R0002_55036059,R0290_55038074,0.46938775510204084
R0002_55036059,R0290_55041439,0.46938775510204084
R0002_55036059,R0290_55041442,0.46938775510204084
R0002_55036059,R0290_55041438,0.46938775510204084
R0002_55036059,R0290_55041440,0.46938775510204084
R0002_55036059,R0290_55041441,0.46938775510204084
R0002_55036059,R0290_55030423,0.46938775510204084
R0002_55036059,R0290_55039755,0.46938775510204084
R0002_55036059,R0290_55026840,0.46938775510204084
R0002_55036059,R0290_55038681,0.46938775510204084
R0002_55036059,R0290_55033209,0.46938775510204084
R0002_55036059,R0290_55043722,0.46938775510204084
R0002_55036059,R0377_55039577,0.5510204081632653
R0002_55036059,R0377_55032663,0.5510204081632653
R0002_55036059,R0377_55036003,0.5510204081632653
R0002_55036059,R0377_55036004,0.5510204081632653
R0002_55036059,R0377_55036006,0.5510204081632653
R0002_55036059,R0377_55036007,0.5510204081632653
R0002_55036059,R0377_55036008,0.5510204081632653
R0002_55036059,R0377_55036009,0.5510204081632653
R0002_55036059,R0377_55043375,0.5510204081632653
R0002_55036059,R0377_55032655,0.5510204081632653
R0002_55036059,R0377_55034860,0.5510204081632653
R0002_55036059,R0377_55042881,0.5510204081632653
R0002_55036059,R0377_55033035,0.5510204081632653
R0002_55036059,R0377_55044076,0.5510204081632653
R0002_55036059,R0377_55036698,0.5510204081632653
R0002_55036059,R0377_55032664,0.5510204081632653
R0002_55036059,R0377_55038331,0.5510204081632653
R0002_55036059,R0377_55041814,0.5510204081632653
R0002_55036059,R0377_55041025,0.5510204081632653
R0002_55036059,R0377_55039651,0.5510204081632653
R0002_55036059,R0377_55044100,0.5510204081632653
R0002_55036059,R0377_55026719,0.5510204081632653
R0002_55037787,R0002_55043311,1.0
R0002_55037787,R0002_55036002,1.0
R0002_55037787,R0002_55015378,1.0
R0002_55037787,R0002_55032731,1.0
R0002_55037787,R0002_55025944,1.0
R0002_55037787,R0002_55024341,1.0
R0002_55037787,R0002_55041509,1.0
R0002_55037787,R0002_55036059,1.0
R0002_55037787,R0002_55039851,1.0
R0002_55037787,R0002_55032782,1.0
R0002_55037787,R0002_55036171,1.0
R0002_55037787,R0002_55035505,1.0
R0002_55037787,R0002_55011002,1.0
R0002_55037787,R0002_55031467,1.0
R0002_55037787,R0002_55028991,1.0
R0002_55037787,R0002_55027831,1.0
R0002_55037787,R0002_55038839,1.0
R0002_55037787,R0002_55019960,1.0
R0002_55037787,R0002_55033035,1.0
R0002_55037787,R0002_55006197,1.0
R0002_55037787,R0002_55036505,1.0
R0002_55037787,R0002_55044076,1.0
R0002_55037787,R0002_55036050,1.0
R0002_55037787,R0002_55037530,1.0
R0002_55037787,R0002_55040793,1.0
R0002_55037787,R0002_55043136,1.0
R0002_55037787,R0002_55014421,1.0
R0002_55037787,R0002_55003518,1.0
R0002_55037787,R0002_55027319,1.0
R0002_55037787,R0002_55035727,1.0
R0002_55037787,R0002_55032858,1.0
R0002_55037787,R0002_55029026,1.0
R0002_55037787,R0002_55039889,1.0
R0002_55037787,R0002_55041025,1.0
R0002_55037787,R0002_55041833,1.0
R0002_55037787,R0002_55031084,1.0
R0002_55037787,R0002_55030125,1.0
R0002_55037787,R0002_55011220,1.0
R0002_55037787,R0002_55043779,1.0
R0002_55037787,R0002_55026664,1.0
R0002_55037787,R0002_55037878,1.0
R0002_55037787,R0002_55043901,1.0
R0002_55037787,R0002_55037718,1.0
R0002_55037787,R0002_55042075,1.0
R0002_55037787,R0002_55031358,1.0
R0002_55037787,R0002_55025080,1.0
R0002_55037787,R0002_55037283,1.0
R0002_55037787,R0002_55019387,1.0
R0002_55037787,R0043_55035478,0.40816326530612246
R0002_55037787,R0043_55032756,0.40816326530612246
R0002_55037787,R0043_55039677,0.40816326530612246
R0002_55037787,R0043_55039678,0.40816326530612246
R0002_55037787,R0043_55029067,0.40816326530612246
R0002_55037787,R0043_55036252,0.40816326530612246
R0002_55037787,R0043_55034675,0.40816326530612246
R0002_55037787,R0043_55031083,0.40816326530612246
R0002_55037787,R0043_55036209,0.40816326530612246
R0002_55037787,R0043_55035181,0.40816326530612246
R0002_55037787,R0043_55032758,0.40816326530612246
R0002_55037787,R0043_55039681,0.40816326530612246
R0002_55037787,R0043_55039682,0.40816326530612246
R0002_55037787,R0043_55039683,0.40816326530612246
R0002_55037787,R0043_55039684,0.40816326530612246
R0002_55037787,R0043_55032632,0.40816326530612246
R0002_55037787,R0043_55021537,0.40816326530612246
R0002_55037787,R0043_55041926,0.40816326530612246
R0002_55037787,R0043_55029012,0.40816326530612246
R0002_55037787,R0043_55034882,0.40816326530612246
R0002_55037787,R0043_55039679,0.40816326530612246
R0002_55037787,R0043_55032862,0.40816326530612246
R0002_55037787,R0043_55032759,0.40816326530612246
R0002_55037787,R0043_55037980,0.40816326530612246
R0002_55037787,R0043_55037979,0.40816326530612246
R0002_55037787,R0043_55027552,0.40816326530612246
R0002_55037787,R0043_55034879,0.40816326530612246
R0002_55037787,R0043_55032908,0.40816326530612246
R0002_55037787,R0043_55039686,0.40816326530612246
R0002_55037787,R0043_55032863,0.40816326530612246
R0002_55037787,R0043_55009127,0.40816326530612246
R0002_55037787,R0043_55036250,0.40816326530612246
R0002_55037787,R0043_55034880,0.40816326530612246
R0002_55037787,R0043_55032860,0.40816326530612246
R0002_55037787,R0043_55029506,0.40816326530612246
R0002_55037787,R0043_55031288,0.40816326530612246
R0002_55037787,R0043_55036124,0.40816326530612246
R0002_55037787,R0043_55039830,0.40816326530612246
R0002_55037787,R0043_55034325,0.40816326530612246
R0002_55037787,R0043_55039829,0.40816326530612246
R0002_55037787,R0043_55031080,0.40816326530612246
R0002_55037787,R0043_55031077,0.40816326530612246
R0002_55037787,R0043_55017366,0.40816326530612246
R0002_55037787,R0043_55034335,0.40816326530612246
R0002_55037787,R0043_55031005,0.40816326530612246
R0002_55037787,R0055_55007584,0.4897959183673469
R0002_55037787,R0055_55007583,0.4897959183673469
R0002_55037787,R0204_55005925,0.5306122448979592
R0002_55037787,R0204_55032685,0.5306122448979592
R0002_55037787,R0204_55035156,0.5306122448979592
R0002_55037787,R0204_55022352,0.5306122448979592
R0002_55037787,R0204_55004131,0.5306122448979592
R0002_55037787,R0207_55036375,0.46938775510204084
R0002_55037787,R0207_55032672,0.46938775510204084
R0002_55037787,R0207_55032673,0.46938775510204084
R0002_55037787,R0290_55038074,0.46938775510204084
R0002_55037787,R0290_55041439,0.46938775510204084
R0002_55037787,R0290_55041442,0.46938775510204084
R0002_55037787,R0290_55041438,0.46938775510204084
R0002_55037787,R0290_55041440,0.46938775510204084
R0002_55037787,R0290_55041441,0.46938775510204084
R0002_55037787,R0290_55030423,0.46938775510204084
R0002_55037787,R0290_55039755,0.46938775510204084
R0002_55037787,R0290_55026840,0.46938775510204084
R0002_55037787,R0290_55038681,0.46938775510204084
R0002_55037787,R0290_55033209,0.46938775510204084
R0002_55037787,R0290_55043722,0.46938775510204084
R0002_55037787,R0377_55039577,0.5510204081632653
R0002_55037787,R0377_55032663,0.5510204081632653
R0002_55037787,R0377_55036003,0.5510204081632653
R0002_55037787,R0377_55036004,0.5510204081632653
R0002_55037787,R0377_55036006,0.5510204081632653
R0002_55037787,R0377_55036007,0.5510204081632653
R0002_55037787,R0377_55036008,0.5510204081632653
R0002_55037787,R0377_55036009,0.5510204081632653
R0002_55037787,R0377_55043375,0.5510204081632653
R0002_55037787,R0377_55032655,0.5510204081632653
R0002_55037787,R0377_55034860,0.5510204081632653
R0002_55037787,R0377_55042881,0.5510204081632653
R0002_55037787,R0377_55033035,0.5510204081632653
R0002_55037787,R0377_55044076,0.5510204081632653
R0002_55037787,R0377_55036698,0.5510204081632653
R0002_55037787,R0377_55032664,0.5510204081632653
R0002_55037787,R0377_55038331,0.5510204081632653
R0002_55037787,R0377_55041814,0.5510204081632653
R0002_55037787,R0377_55041025,0.5510204081632653
R0002_55037787,R0377_55039651,0.5510204081632653
R0002_55037787,R0377_55044100,0.5510204081632653
R0002_55037787,R0377_55026719,0.5510204081632653
R0002_55039851,R0002_55043311,1.0
R0002_55039851,R0002_55036002,1.0
R0002_55039851,R0002_55015378,1.0
R0002_55039851,R0002_55032731,1.0
R0002_55039851,R0002_55025944,1.0
R0002_55039851,R0002_55024341,1.0
R0002_55039851,R0002_55041509,1.0
R0002_55039851,R0002_55036059,1.0
R0002_55039851,R0002_55037787,1.0
R0002_55039851,R0002_55032782,1.0
R0002_55039851,R0002_55036171,1.0
R0002_55039851,R0002_55035505,1.0
R0002_55039851,R0002_55011002,1.0
R0002_55039851,R0002_55031467,1.0
R0002_55039851,R0002_55028991,1.0
R0002_55039851,R0002_55027831,1.0
R0002_55039851,R0002_55038839,1.0
R0002_55039851,R0002_55019960,1.0
R0002_55039851,R0002_55033035,1.0
R0002_55039851,R0002_55006197,1.0
R0002_55039851,R0002_55036505,1.0
R0002_55039851,R0002_55044076,1.0
R0002_55039851,R0002_55036050,1.0
R0002_55039851,R0002_55037530,1.0
R0002_55039851,R0002_55040793,1.0
R0002_55039851,R0002_55043136,1.0
R0002_55039851,R0002_55014421,1.0
R0002_55039851,R0002_55003518,1.0
R0002_55039851,R0002_55027319,1.0
R0002_55039851,R0002_55035727,1.0
R0002_55039851,R0002_55032858,1.0
R0002_55039851,R0002_55029026,1.0
R0002_55039851,R0002_55039889,1.0
R0002_55039851,R0002_55041025,1.0
R0002_55039851,R0002_55041833,1.0
R0002_55039851,R0002_55031084,1.0
R0002_55039851,R0002_55030125,1.0
R0002_55039851,R0002_55011220,1.0
R0002_55039851,R0002_55043779,1.0
R0002_55039851,R0002_55026664,1.0
R0002_55039851,R0002_55037878,1.0
R0002_55039851,R0002_55043901,1.0
R0002_55039851,R0002_55037718,1.0
R0002_55039851,R0002_55042075,1.0
R0002_55039851,R0002_55031358,1.0
R0002_55039851,R0002_55025080,1.0
R0002_55039851,R0002_55037283,1.0
R0002_55039851,R0002_55019387,1.0
R0002_55039851,R0043_55035478,0.40816326530612246
R0002_55039851,R0043_55032756,0.40816326530612246
R0002_55039851,R0043_55039677,0.40816326530612246
R0002_55039851,R0043_55039678,0.40816326530612246
R0002_55039851,R0043_55029067,0.40816326530612246
R0002_55039851,R0043_55036252,0.40816326530612246
R0002_55039851,R0043_55034675,0.40816326530612246
R0002_55039851,R0043_55031083,0.40816326530612246
R0002_55039851,R0043_55036209,0.40816326530612246
R0002_55039851,R0043_55035181,0.40816326530612246
R0002_55039851,R0043_55032758,0.40816326530612246
R0002_55039851,R0043_55039681,0.40816326530612246
R0002_55039851,R0043_55039682,0.40816326530612246
R0002_55039851,R0043_55039683,0.40816326530612246
R0002_55039851,R0043_55039684,0.40816326530612246
R0002_55039851,R0043_55032632,0.40816326530612246
R0002_55039851,R0043_55021537,0.40816326530612246
R0002_55039851,R0043_55041926,0.40816326530612246
R0002_55039851,R0043_55029012,0.40816326530612246
R0002_55039851,R0043_55034882,0.40816326530612246
R0002_55039851,R0043_55039679,0.40816326530612246
R0002_55039851,R0043_55032862,0.40816326530612246
R0002_55039851,R0043_55032759,0.40816326530612246
R0002_55039851,R0043_55037980,0.40816326530612246
R0002_55039851,R0043_55037979,0.40816326530612246
R0002_55039851,R0043_55027552,0.40816326530612246
R0002_55039851,R0043_55034879,0.40816326530612246
R0002_55039851,R0043_55032908,0.40816326530612246
R0002_55039851,R0043_55039686,0.40816326530612246
R0002_55039851,R0043_55032863,0.40816326530612246
R0002_55039851,R0043_55009127,0.40816326530612246
R0002_55039851,R0043_55036250,0.40816326530612246
R0002_55039851,R0043_55034880,0.40816326530612246
R0002_55039851,R0043_55032860,0.40816326530612246
R0002_55039851,R0043_55029506,0.40816326530612246
R0002_55039851,R0043_55031288,0.40816326530612246
R0002_55039851,R0043_55036124,0.40816326530612246
R0002_55039851,R0043_55039830,0.40816326530612246
R0002_55039851,R0043_55034325,0.40816326530612246
R0002_55039851,R0043_55039829,0.40816326530612246
R0002_55039851,R0043_55031080,0.40816326530612246
R0002_55039851,R0043_55031077,0.40816326530612246
R0002_55039851,R0043_55017366,0.40816326530612246
R0002_55039851,R0043_55034335,0.40816326530612246
R0002_55039851,R0043_55031005,0.40816326530612246
R0002_55039851,R0055_55007584,0.4897959183673469
R0002_55039851,R0055_55007583,0.4897959183673469
R0002_55039851,R0204_55005925,0.5306122448979592
R0002_55039851,R0204_55032685,0.5306122448979592
R0002_55039851,R0204_55035156,0.5306122448979592
R0002_55039851,R0204_55022352,0.5306122448979592
R0002_55039851,R0204_55004131,0.5306122448979592
R0002_55039851,R0207_55036375,0.46938775510204084
R0002_55039851,R0207_55032672,0.46938775510204084
R0002_55039851,R0207_55032673,0.46938775510204084
R0002_55039851,R0290_55038074,0.46938775510204084
R0002_55039851,R0290_55041439,0.46938775510204084
R0002_55039851,R0290_55041442,0.46938775510204084
R0002_55039851,R0290_55041438,0.46938775510204084
R0002_55039851,R0290_55041440,0.46938775510204084
R0002_55039851,R0290_55041441,0.46938775510204084
R0002_55039851,R0290_55030423,0.46938775510204084
R0002_55039851,R0290_55039755,0.46938775510204084
R0002_55039851,R0290_55026840,0.46938775510204084
R0002_55039851,R0290_55038681,0.46938775510204084
R0002_55039851,R0290_55033209,0.46938775510204084
R0002_55039851,R0290_55043722,0.46938775510204084
R0002_55039851,R0377_55039577,0.5510204081632653
R0002_55039851,R0377_55032663,0.5510204081632653
R0002_55039851,R0377_55036003,0.5510204081632653
R0002_55039851,R0377_55036004,0.5510204081632653
R0002_55039851,R0377_55036006,0.5510204081632653
R0002_55039851,R0377_55036007,0.5510204081632653
R0002_55039851,R0377_55036008,0.5510204081632653
R0002_55039851,R0377_55036009,0.5510204081632653
R0002_55039851,R0377_55043375,0.5510204081632653
R0002_55039851,R0377_55032655,0.5510204081632653
R0002_55039851,R0377_55034860,0.5510204081632653
R0002_55039851,R0377_55042881,0.5510204081632653
R0002_55039851,R0377_55033035,0.5510204081632653
R0002_55039851,R0377_55044076,0.5510204081632653
R0002_55039851,R0377_55036698,0.5510204081632653
R0002_55039851,R0377_55032664,0.5510204081632653
R0002_55039851,R0377_55038331,0.5510204081632653
R0002_55039851,R0377_55041814,0.5510204081632653
R0002_55039851,R0377_55041025,0.5510204081632653
R0002_55039851,R0377_55039651,0.5510204081632653
R0002_55039851,R0377_55044100,0.5510204081632653
R0002_55039851,R0377_55026719,0.5510204081632653
R0002_55032782,R0002_55043311,1.0
R0002_55032782,R0002_55036002,1.0
R0002_55032782,R0002_55015378,1.0
R0002_55032782,R0002_55032731,1.0
R0002_55032782,R0002_55025944,1.0
R0002_55032782,R0002_55024341,1.0
R0002_55032782,R0002_55041509,1.0
R0002_55032782,R0002_55036059,1.0
R0002_55032782,R0002_55037787,1.0
R0002_55032782,R0002_55039851,1.0
R0002_55032782,R0002_55036171,1.0
R0002_55032782,R0002_55035505,1.0
R0002_55032782,R0002_55011002,1.0
R0002_55032782,R0002_55031467,1.0
R0002_55032782,R0002_55028991,1.0
R0002_55032782,R0002_55027831,1.0
R0002_55032782,R0002_55038839,1.0
R0002_55032782,R0002_55019960,1.0
R0002_55032782,R0002_55033035,1.0
R0002_55032782,R0002_55006197,1.0
R0002_55032782,R0002_55036505,1.0
R0002_55032782,R0002_55044076,1.0
R0002_55032782,R0002_55036050,1.0
R0002_55032782,R0002_55037530,1.0
R0002_55032782,R0002_55040793,1.0
R0002_55032782,R0002_55043136,1.0
R0002_55032782,R0002_55014421,1.0
R0002_55032782,R0002_55003518,1.0
R0002_55032782,R0002_55027319,1.0
R0002_55032782,R0002_55035727,1.0
R0002_55032782,R0002_55032858,1.0
R0002_55032782,R0002_55029026,1.0
R0002_55032782,R0002_55039889,1.0
R0002_55032782,R0002_55041025,1.0
R0002_55032782,R0002_55041833,1.0
R0002_55032782,R0002_55031084,1.0
R0002_55032782,R0002_55030125,1.0
R0002_55032782,R0002_55011220,1.0
R0002_55032782,R0002_55043779,1.0
R0002_55032782,R0002_55026664,1.0
R0002_55032782,R0002_55037878,1.0
R0002_55032782,R0002_55043901,1.0
R0002_55032782,R0002_55037718,1.0
R0002_55032782,R0002_55042075,1.0
R0002_55032782,R0002_55031358,1.0
R0002_55032782,R0002_55025080,1.0
R0002_55032782,R0002_55037283,1.0
R0002_55032782,R0002_55019387,1.0
R0002_55032782,R0043_55035478,0.40816326530612246
R0002_55032782,R0043_55032756,0.40816326530612246
R0002_55032782,R0043_55039677,0.40816326530612246
R0002_55032782,R0043_55039678,0.40816326530612246
R0002_55032782,R0043_55029067,0.40816326530612246
R0002_55032782,R0043_55036252,0.40816326530612246
R0002_55032782,R0043_55034675,0.40816326530612246
R0002_55032782,R0043_55031083,0.40816326530612246
R0002_55032782,R0043_55036209,0.40816326530612246
R0002_55032782,R0043_55035181,0.40816326530612246
R0002_55032782,R0043_55032758,0.40816326530612246
R0002_55032782,R0043_55039681,0.40816326530612246
R0002_55032782,R0043_55039682,0.40816326530612246
R0002_55032782,R0043_55039683,0.40816326530612246
R0002_55032782,R0043_55039684,0.40816326530612246
R0002_55032782,R0043_55032632,0.40816326530612246
R0002_55032782,R0043_55021537,0.40816326530612246
R0002_55032782,R0043_55041926,0.40816326530612246
R0002_55032782,R0043_55029012,0.40816326530612246
R0002_55032782,R0043_55034882,0.40816326530612246
R0002_55032782,R0043_55039679,0.40816326530612246
R0002_55032782,R0043_55032862,0.40816326530612246
R0002_55032782,R0043_55032759,0.40816326530612246
R0002_55032782,R0043_55037980,0.40816326530612246
R0002_55032782,R0043_55037979,0.40816326530612246
R0002_55032782,R0043_55027552,0.40816326530612246
R0002_55032782,R0043_55034879,0.40816326530612246
R0002_55032782,R0043_55032908,0.40816326530612246
R0002_55032782,R0043_55039686,0.40816326530612246
R0002_55032782,R0043_55032863,0.40816326530612246
R0002_55032782,R0043_55009127,0.40816326530612246
R0002_55032782,R0043_55036250,0.40816326530612246
R0002_55032782,R0043_55034880,0.40816326530612246
R0002_55032782,R0043_55032860,0.40816326530612246
R0002_55032782,R0043_55029506,0.40816326530612246
R0002_55032782,R0043_55031288,0.40816326530612246
R0002_55032782,R0043_55036124,0.40816326530612246
R0002_55032782,R0043_55039830,0.40816326530612246
R0002_55032782,R0043_55034325,0.40816326530612246
R0002_55032782,R0043_55039829,0.40816326530612246
R0002_55032782,R0043_55031080,0.40816326530612246
R0002_55032782,R0043_55031077,0.40816326530612246
R0002_55032782,R0043_55017366,0.40816326530612246
R0002_55032782,R0043_55034335,0.40816326530612246
R0002_55032782,R0043_55031005,0.40816326530612246
R0002_55032782,R0055_55007584,0.4897959183673469
R0002_55032782,R0055_55007583,0.4897959183673469
R0002_55032782,R0204_55005925,0.5306122448979592
R0002_55032782,R0204_55032685,0.5306122448979592
R0002_55032782,R0204_55035156,0.5306122448979592
R0002_55032782,R0204_55022352,0.5306122448979592
R0002_55032782,R0204_55004131,0.5306122448979592
R0002_55032782,R0207_55036375,0.46938775510204084
R0002_55032782,R0207_55032672,0.46938775510204084
R0002_55032782,R0207_55032673,0.46938775510204084
R0002_55032782,R0290_55038074,0.46938775510204084
R0002_55032782,R0290_55041439,0.46938775510204084
R0002_55032782,R0290_55041442,0.46938775510204084
R0002_55032782,R0290_55041438,0.46938775510204084
R0002_55032782,R0290_55041440,0.46938775510204084
R0002_55032782,R0290_55041441,0.46938775510204084
R0002_55032782,R0290_55030423,0.46938775510204084
R0002_55032782,R0290_55039755,0.46938775510204084
R0002_55032782,R0290_55026840,0.46938775510204084
R0002_55032782,R0290_55038681,0.46938775510204084
R0002_55032782,R0290_55033209,0.46938775510204084
R0002_55032782,R0290_55043722,0.46938775510204084
R0002_55032782,R0377_55039577,0.5510204081632653
R0002_55032782,R0377_55032663,0.5510204081632653
R0002_55032782,R0377_55036003,0.5510204081632653
R0002_55032782,R0377_55036004,0.5510204081632653
R0002_55032782,R0377_55036006,0.5510204081632653
R0002_55032782,R0377_55036007,0.5510204081632653
R0002_55032782,R0377_55036008,0.5510204081632653
R0002_55032782,R0377_55036009,0.5510204081632653
R0002_55032782,R0377_55043375,0.5510204081632653
R0002_55032782,R0377_55032655,0.5510204081632653
R0002_55032782,R0377_55034860,0.5510204081632653
R0002_55032782,R0377_55042881,0.5510204081632653
R0002_55032782,R0377_55033035,0.5510204081632653
R0002_55032782,R0377_55044076,0.5510204081632653
R0002_55032782,R0377_55036698,0.5510204081632653
R0002_55032782,R0377_55032664,0.5510204081632653
R0002_55032782,R0377_55038331,0.5510204081632653
R0002_55032782,R0377_55041814,0.5510204081632653
R0002_55032782,R0377_55041025,0.5510204081632653
R0002_55032782,R0377_55039651,0.5510204081632653
R0002_55032782,R0377_55044100,0.5510204081632653
R0002_55032782,R0377_55026719,0.5510204081632653
R0002_55036171,R0002_55043311,1.0
R0002_55036171,R0002_55036002,1.0
R0002_55036171,R0002_55015378,1.0
R0002_55036171,R0002_55032731,1.0
R0002_55036171,R0002_55025944,1.0
R0002_55036171,R0002_55024341,1.0
R0002_55036171,R0002_55041509,1.0
R0002_55036171,R0002_55036059,1.0
R0002_55036171,R0002_55037787,1.0
R0002_55036171,R0002_55039851,1.0
R0002_55036171,R0002_55032782,1.0
R0002_55036171,R0002_55035505,1.0
R0002_55036171,R0002_55011002,1.0
R0002_55036171,R0002_55031467,1.0
R0002_55036171,R0002_55028991,1.0
R0002_55036171,R0002_55027831,1.0
R0002_55036171,R0002_55038839,1.0
R0002_55036171,R0002_55019960,1.0
R0002_55036171,R0002_55033035,1.0
R0002_55036171,R0002_55006197,1.0
R0002_55036171,R0002_55036505,1.0
R0002_55036171,R0002_55044076,1.0
R0002_55036171,R0002_55036050,1.0
R0002_55036171,R0002_55037530,1.0
R0002_55036171,R0002_55040793,1.0
R0002_55036171,R0002_55043136,1.0
R0002_55036171,R0002_55014421,1.0
R0002_55036171,R0002_55003518,1.0
R0002_55036171,R0002_55027319,1.0
R0002_55036171,R0002_55035727,1.0
R0002_55036171,R0002_55032858,1.0
R0002_55036171,R0002_55029026,1.0
R0002_55036171,R0002_55039889,1.0
R0002_55036171,R0002_55041025,1.0
R0002_55036171,R0002_55041833,1.0
R0002_55036171,R0002_55031084,1.0
R0002_55036171,R0002_55030125,1.0
R0002_55036171,R0002_55011220,1.0
R0002_55036171,R0002_55043779,1.0
R0002_55036171,R0002_55026664,1.0
R0002_55036171,R0002_55037878,1.0
R0002_55036171,R0002_55043901,1.0
R0002_55036171,R0002_55037718,1.0
R0002_55036171,R0002_55042075,1.0
R0002_55036171,R0002_55031358,1.0
R0002_55036171,R0002_55025080,1.0
R0002_55036171,R0002_55037283,1.0
R0002_55036171,R0002_55019387,1.0
R0002_55036171,R0043_55035478,0.40816326530612246
R0002_55036171,R0043_55032756,0.40816326530612246
R0002_55036171,R0043_55039677,0.40816326530612246
R0002_55036171,R0043_55039678,0.40816326530612246
R0002_55036171,R0043_55029067,0.40816326530612246
R0002_55036171,R0043_55036252,0.40816326530612246
R0002_55036171,R0043_55034675,0.40816326530612246
R0002_55036171,R0043_55031083,0.40816326530612246
R0002_55036171,R0043_55036209,0.40816326530612246
R0002_55036171,R0043_55035181,0.40816326530612246
R0002_55036171,R0043_55032758,0.40816326530612246
R0002_55036171,R0043_55039681,0.40816326530612246
R0002_55036171,R0043_55039682,0.40816326530612246
R0002_55036171,R0043_55039683,0.40816326530612246
R0002_55036171,R0043_55039684,0.40816326530612246
R0002_55036171,R0043_55032632,0.40816326530612246
R0002_55036171,R0043_55021537,0.40816326530612246
R0002_55036171,R0043_55041926,0.40816326530612246
R0002_55036171,R0043_55029012,0.40816326530612246
R0002_55036171,R0043_55034882,0.40816326530612246
R0002_55036171,R0043_55039679,0.40816326530612246
R0002_55036171,R0043_55032862,0.40816326530612246
R0002_55036171,R0043_55032759,0.40816326530612246
R0002_55036171,R0043_55037980,0.40816326530612246
R0002_55036171,R0043_55037979,0.40816326530612246
R0002_55036171,R0043_55027552,0.40816326530612246
R0002_55036171,R0043_55034879,0.40816326530612246
R0002_55036171,R0043_55032908,0.40816326530612246
R0002_55036171,R0043_55039686,0.40816326530612246
R0002_55036171,R0043_55032863,0.40816326530612246
R0002_55036171,R0043_55009127,0.40816326530612246
R0002_55036171,R0043_55036250,0.40816326530612246
R0002_55036171,R0043_55034880,0.40816326530612246
R0002_55036171,R0043_55032860,0.40816326530612246
R0002_55036171,R0043_55029506,0.40816326530612246
R0002_55036171,R0043_55031288,0.40816326530612246
R0002_55036171,R0043_55036124,0.40816326530612246
R0002_55036171,R0043_55039830,0.40816326530612246
R0002_55036171,R0043_55034325,0.40816326530612246
R0002_55036171,R0043_55039829,0.40816326530612246
R0002_55036171,R0043_55031080,0.40816326530612246
R0002_55036171,R0043_55031077,0.40816326530612246
R0002_55036171,R0043_55017366,0.40816326530612246
R0002_55036171,R0043_55034335,0.40816326530612246
R0002_55036171,R0043_55031005,0.40816326530612246
R0002_55036171,R0055_55007584,0.4897959183673469
R0002_55036171,R0055_55007583,0.4897959183673469
R0002_55036171,R0204_55005925,0.5306122448979592
R0002_55036171,R0204_55032685,0.5306122448979592
R0002_55036171,R0204_55035156,0.5306122448979592
R0002_55036171,R0204_55022352,0.5306122448979592
R0002_55036171,R0204_55004131,0.5306122448979592
R0002_55036171,R0207_55036375,0.46938775510204084
R0002_55036171,R0207_55032672,0.46938775510204084
R0002_55036171,R0207_55032673,0.46938775510204084
R0002_55036171,R0290_55038074,0.46938775510204084
R0002_55036171,R0290_55041439,0.46938775510204084
R0002_55036171,R0290_55041442,0.46938775510204084
R0002_55036171,R0290_55041438,0.46938775510204084
R0002_55036171,R0290_55041440,0.46938775510204084
R0002_55036171,R0290_55041441,0.46938775510204084
R0002_55036171,R0290_55030423,0.46938775510204084
R0002_55036171,R0290_55039755,0.46938775510204084
R0002_55036171,R0290_55026840,0.46938775510204084
R0002_55036171,R0290_55038681,0.46938775510204084
R0002_55036171,R0290_55033209,0.46938775510204084
R0002_55036171,R0290_55043722,0.46938775510204084
R0002_55036171,R0377_55039577,0.5510204081632653
R0002_55036171,R0377_55032663,0.5510204081632653
R0002_55036171,R0377_55036003,0.5510204081632653
R0002_55036171,R0377_55036004,0.5510204081632653
R0002_55036171,R0377_55036006,0.5510204081632653
R0002_55036171,R0377_55036007,0.5510204081632653
R0002_55036171,R0377_55036008,0.5510204081632653
R0002_55036171,R0377_55036009,0.5510204081632653
R0002_55036171,R0377_55043375,0.5510204081632653
R0002_55036171,R0377_55032655,0.5510204081632653
R0002_55036171,R0377_55034860,0.5510204081632653
R0002_55036171,R0377_55042881,0.5510204081632653
R0002_55036171,R0377_55033035,0.5510204081632653
R0002_55036171,R0377_55044076,0.5510204081632653
R0002_55036171,R0377_55036698,0.5510204081632653
R0002_55036171,R0377_55032664,0.5510204081632653
R0002_55036171,R0377_55038331,0.5510204081632653
R0002_55036171,R0377_55041814,0.5510204081632653
R0002_55036171,R0377_55041025,0.5510204081632653
R0002_55036171,R0377_55039651,0.5510204081632653
R0002_55036171,R0377_55044100,0.5510204081632653
R0002_55036171,R0377_55026719,0.5510204081632653
R0002_55035505,R0002_55043311,1.0
R0002_55035505,R0002_55036002,1.0
R0002_55035505,R0002_55015378,1.0
R0002_55035505,R0002_55032731,1.0
R0002_55035505,R0002_55025944,1.0
R0002_55035505,R0002_55024341,1.0
R0002_55035505,R0002_55041509,1.0
R0002_55035505,R0002_55036059,1.0
R0002_55035505,R0002_55037787,1.0
R0002_55035505,R0002_55039851,1.0
R0002_55035505,R0002_55032782,1.0
R0002_55035505,R0002_55036171,1.0
R0002_55035505,R0002_55011002,1.0
R0002_55035505,R0002_55031467,1.0
R0002_55035505,R0002_55028991,1.0
R0002_55035505,R0002_55027831,1.0
R0002_55035505,R0002_55038839,1.0
R0002_55035505,R0002_55019960,1.0
R0002_55035505,R0002_55033035,1.0
R0002_55035505,R0002_55006197,1.0
R0002_55035505,R0002_55036505,1.0
R0002_55035505,R0002_55044076,1.0
R0002_55035505,R0002_55036050,1.0
R0002_55035505,R0002_55037530,1.0
R0002_55035505,R0002_55040793,1.0
R0002_55035505,R0002_55043136,1.0
R0002_55035505,R0002_55014421,1.0
R0002_55035505,R0002_55003518,1.0
R0002_55035505,R0002_55027319,1.0
R0002_55035505,R0002_55035727,1.0
R0002_55035505,R0002_55032858,1.0
R0002_55035505,R0002_55029026,1.0
R0002_55035505,R0002_55039889,1.0
R0002_55035505,R0002_55041025,1.0
R0002_55035505,R0002_55041833,1.0
R0002_55035505,R0002_55031084,1.0
R0002_55035505,R0002_55030125,1.0
R0002_55035505,R0002_55011220,1.0
R0002_55035505,R0002_55043779,1.0
R0002_55035505,R0002_55026664,1.0
R0002_55035505,R0002_55037878,1.0
R0002_55035505,R0002_55043901,1.0
R0002_55035505,R0002_55037718,1.0
R0002_55035505,R0002_55042075,1.0
R0002_55035505,R0002_55031358,1.0
R0002_55035505,R0002_55025080,1.0
R0002_55035505,R0002_55037283,1.0
R0002_55035505,R0002_55019387,1.0
R0002_55035505,R0043_55035478,0.40816326530612246
R0002_55035505,R0043_55032756,0.40816326530612246
R0002_55035505,R0043_55039677,0.40816326530612246
R0002_55035505,R0043_55039678,0.40816326530612246
R0002_55035505,R0043_55029067,0.40816326530612246
R0002_55035505,R0043_55036252,0.40816326530612246
R0002_55035505,R0043_55034675,0.40816326530612246
R0002_55035505,R0043_55031083,0.40816326530612246
R0002_55035505,R0043_55036209,0.40816326530612246
R0002_55035505,R0043_55035181,0.40816326530612246
R0002_55035505,R0043_55032758,0.40816326530612246
R0002_55035505,R0043_55039681,0.40816326530612246
R0002_55035505,R0043_55039682,0.40816326530612246
R0002_55035505,R0043_55039683,0.40816326530612246
R0002_55035505,R0043_55039684,0.40816326530612246
R0002_55035505,R0043_55032632,0.40816326530612246
R0002_55035505,R0043_55021537,0.40816326530612246
R0002_55035505,R0043_55041926,0.40816326530612246
R0002_55035505,R0043_55029012,0.40816326530612246
R0002_55035505,R0043_55034882,0.40816326530612246
R0002_55035505,R0043_55039679,0.40816326530612246
R0002_55035505,R0043_55032862,0.40816326530612246
R0002_55035505,R0043_55032759,0.40816326530612246
R0002_55035505,R0043_55037980,0.40816326530612246
R0002_55035505,R0043_55037979,0.40816326530612246
R0002_55035505,R0043_55027552,0.40816326530612246
R0002_55035505,R0043_55034879,0.40816326530612246
R0002_55035505,R0043_55032908,0.40816326530612246
R0002_55035505,R0043_55039686,0.40816326530612246
R0002_55035505,R0043_55032863,0.40816326530612246
R0002_55035505,R0043_55009127,0.40816326530612246
R0002_55035505,R0043_55036250,0.40816326530612246
R0002_55035505,R0043_55034880,0.40816326530612246
R0002_55035505,R0043_55032860,0.40816326530612246
R0002_55035505,R0043_55029506,0.40816326530612246
R0002_55035505,R0043_55031288,0.40816326530612246
R0002_55035505,R0043_55036124,0.40816326530612246
R0002_55035505,R0043_55039830,0.40816326530612246
R0002_55035505,R0043_55034325,0.40816326530612246
R0002_55035505,R0043_55039829,0.40816326530612246
R0002_55035505,R0043_55031080,0.40816326530612246
R0002_55035505,R0043_55031077,0.40816326530612246
R0002_55035505,R0043_55017366,0.40816326530612246
R0002_55035505,R0043_55034335,0.40816326530612246
R0002_55035505,R0043_55031005,0.40816326530612246
R0002_55035505,R0055_55007584,0.4897959183673469
R0002_55035505,R0055_55007583,0.4897959183673469
R0002_55035505,R0204_55005925,0.5306122448979592
R0002_55035505,R0204_55032685,0.5306122448979592
R0002_55035505,R0204_55035156,0.5306122448979592
R0002_55035505,R0204_55022352,0.5306122448979592
R0002_55035505,R0204_55004131,0.5306122448979592
R0002_55035505,R0207_55036375,0.46938775510204084
R0002_55035505,R0207_55032672,0.46938775510204084
R0002_55035505,R0207_55032673,0.46938775510204084
R0002_55035505,R0290_55038074,0.46938775510204084
R0002_55035505,R0290_55041439,0.46938775510204084
R0002_55035505,R0290_55041442,0.46938775510204084
R0002_55035505,R0290_55041438,0.46938775510204084
R0002_55035505,R0290_55041440,0.46938775510204084
R0002_55035505,R0290_55041441,0.46938775510204084
R0002_55035505,R0290_55030423,0.46938775510204084
R0002_55035505,R0290_55039755,0.46938775510204084
R0002_55035505,R0290_55026840,0.46938775510204084
R0002_55035505,R0290_55038681,0.46938775510204084
R0002_55035505,R0290_55033209,0.46938775510204084
R0002_55035505,R0290_55043722,0.46938775510204084
R0002_55035505,R0377_55039577,0.5510204081632653
R0002_55035505,R0377_55032663,0.5510204081632653
R0002_55035505,R0377_55036003,0.5510204081632653
R0002_55035505,R0377_55036004,0.5510204081632653
R0002_55035505,R0377_55036006,0.5510204081632653
R0002_55035505,R0377_55036007,0.5510204081632653
R0002_55035505,R0377_55036008,0.5510204081632653
R0002_55035505,R0377_55036009,0.5510204081632653
R0002_55035505,R0377_55043375,0.5510204081632653
R0002_55035505,R0377_55032655,0.5510204081632653
R0002_55035505,R0377_55034860,0.5510204081632653
R0002_55035505,R0377_55042881,0.5510204081632653
R0002_55035505,R0377_55033035,0.5510204081632653
R0002_55035505,R0377_55044076,0.5510204081632653
R0002_55035505,R0377_55036698,0.5510204081632653
R0002_55035505,R0377_55032664,0.5510204081632653
R0002_55035505,R0377_55038331,0.5510204081632653
R0002_55035505,R0377_55041814,0.5510204081632653
R0002_55035505,R0377_55041025,0.5510204081632653
R0002_55035505,R0377_55039651,0.5510204081632653
R0002_55035505,R0377_55044100,0.5510204081632653
R0002_55035505,R0377_55026719,0.5510204081632653
R0002_55011002,R0002_55043311,1.0
R0002_55011002,R0002_55036002,1.0
R0002_55011002,R0002_55015378,1.0
R0002_55011002,R0002_55032731,1.0
R0002_55011002,R0002_55025944,1.0
R0002_55011002,R0002_55024341,1.0
R0002_55011002,R0002_55041509,1.0
R0002_55011002,R0002_55036059,1.0
R0002_55011002,R0002_55037787,1.0
R0002_55011002,R0002_55039851,1.0
R0002_55011002,R0002_55032782,1.0
R0002_55011002,R0002_55036171,1.0
R0002_55011002,R0002_55035505,1.0
R0002_55011002,R0002_55031467,1.0
R0002_55011002,R0002_55028991,1.0
R0002_55011002,R0002_55027831,1.0
R0002_55011002,R0002_55038839,1.0
R0002_55011002,R0002_55019960,1.0
R0002_55011002,R0002_55033035,1.0
R0002_55011002,R0002_55006197,1.0
R0002_55011002,R0002_55036505,1.0
R0002_55011002,R0002_55044076,1.0
R0002_55011002,R0002_55036050,1.0
R0002_55011002,R0002_55037530,1.0
R0002_55011002,R0002_55040793,1.0
R0002_55011002,R0002_55043136,1.0
R0002_55011002,R0002_55014421,1.0
R0002_55011002,R0002_55003518,1.0
R0002_55011002,R0002_55027319,1.0
R0002_55011002,R0002_55035727,1.0
R0002_55011002,R0002_55032858,1.0
R0002_55011002,R0002_55029026,1.0
R0002_55011002,R0002_55039889,1.0
R0002_55011002,R0002_55041025,1.0
R0002_55011002,R0002_55041833,1.0
R0002_55011002,R0002_55031084,1.0
R0002_55011002,R0002_55030125,1.0
R0002_55011002,R0002_55011220,1.0
R0002_55011002,R0002_55043779,1.0
R0002_55011002,R0002_55026664,1.0
R0002_55011002,R0002_55037878,1.0
R0002_55011002,R0002_55043901,1.0
R0002_55011002,R0002_55037718,1.0
R0002_55011002,R0002_55042075,1.0
R0002_55011002,R0002_55031358,1.0
R0002_55011002,R0002_55025080,1.0
R0002_55011002,R0002_55037283,1.0
R0002_55011002,R0002_55019387,1.0
R0002_55011002,R0043_55035478,0.40816326530612246
R0002_55011002,R0043_55032756,0.40816326530612246
R0002_55011002,R0043_55039677,0.40816326530612246
R0002_55011002,R0043_55039678,0.40816326530612246
R0002_55011002,R0043_55029067,0.40816326530612246
R0002_55011002,R0043_55036252,0.40816326530612246
R0002_55011002,R0043_55034675,0.40816326530612246
R0002_55011002,R0043_55031083,0.40816326530612246
R0002_55011002,R0043_55036209,0.40816326530612246
R0002_55011002,R0043_55035181,0.40816326530612246
R0002_55011002,R0043_55032758,0.40816326530612246
R0002_55011002,R0043_55039681,0.40816326530612246
R0002_55011002,R0043_55039682,0.40816326530612246
R0002_55011002,R0043_55039683,0.40816326530612246
R0002_55011002,R0043_55039684,0.40816326530612246
R0002_55011002,R0043_55032632,0.40816326530612246
R0002_55011002,R0043_55021537,0.40816326530612246
R0002_55011002,R0043_55041926,0.40816326530612246
R0002_55011002,R0043_55029012,0.40816326530612246
R0002_55011002,R0043_55034882,0.40816326530612246
R0002_55011002,R0043_55039679,0.40816326530612246
R0002_55011002,R0043_55032862,0.40816326530612246
R0002_55011002,R0043_55032759,0.40816326530612246
R0002_55011002,R0043_55037980,0.40816326530612246
R0002_55011002,R0043_55037979,0.40816326530612246
R0002_55011002,R0043_55027552,0.40816326530612246
R0002_55011002,R0043_55034879,0.40816326530612246
R0002_55011002,R0043_55032908,0.40816326530612246
R0002_55011002,R0043_55039686,0.40816326530612246
R0002_55011002,R0043_55032863,0.40816326530612246
R0002_55011002,R0043_55009127,0.40816326530612246
R0002_55011002,R0043_55036250,0.40816326530612246
R0002_55011002,R0043_55034880,0.40816326530612246
R0002_55011002,R0043_55032860,0.40816326530612246
R0002_55011002,R0043_55029506,0.40816326530612246
R0002_55011002,R0043_55031288,0.40816326530612246
R0002_55011002,R0043_55036124,0.40816326530612246
R0002_55011002,R0043_55039830,0.40816326530612246
R0002_55011002,R0043_55034325,0.40816326530612246
R0002_55011002,R0043_55039829,0.40816326530612246
R0002_55011002,R0043_55031080,0.40816326530612246
R0002_55011002,R0043_55031077,0.40816326530612246
R0002_55011002,R0043_55017366,0.40816326530612246
R0002_55011002,R0043_55034335,0.40816326530612246
R0002_55011002,R0043_55031005,0.40816326530612246
R0002_55011002,R0055_55007584,0.4897959183673469
R0002_55011002,R0055_55007583,0.4897959183673469
R0002_55011002,R0204_55005925,0.5306122448979592
R0002_55011002,R0204_55032685,0.5306122448979592
R0002_55011002,R0204_55035156,0.5306122448979592
R0002_55011002,R0204_55022352,0.5306122448979592
R0002_55011002,R0204_55004131,0.5306122448979592
R0002_55011002,R0207_55036375,0.46938775510204084
R0002_55011002,R0207_55032672,0.46938775510204084
R0002_55011002,R0207_55032673,0.46938775510204084
R0002_55011002,R0290_55038074,0.46938775510204084
R0002_55011002,R0290_55041439,0.46938775510204084
R0002_55011002,R0290_55041442,0.46938775510204084
R0002_55011002,R0290_55041438,0.46938775510204084
R0002_55011002,R0290_55041440,0.46938775510204084
R0002_55011002,R0290_55041441,0.46938775510204084
R0002_55011002,R0290_55030423,0.46938775510204084
R0002_55011002,R0290_55039755,0.46938775510204084
R0002_55011002,R0290_55026840,0.46938775510204084
R0002_55011002,R0290_55038681,0.46938775510204084
R0002_55011002,R0290_55033209,0.46938775510204084
R0002_55011002,R0290_55043722,0.46938775510204084
R0002_55011002,R0377_55039577,0.5510204081632653
R0002_55011002,R0377_55032663,0.5510204081632653
R0002_55011002,R0377_55036003,0.5510204081632653
R0002_55011002,R0377_55036004,0.5510204081632653
R0002_55011002,R0377_55036006,0.5510204081632653
R0002_55011002,R0377_55036007,0.5510204081632653
R0002_55011002,R0377_55036008,0.5510204081632653
R0002_55011002,R0377_55036009,0.5510204081632653
R0002_55011002,R0377_55043375,0.5510204081632653
R0002_55011002,R0377_55032655,0.5510204081632653
R0002_55011002,R0377_55034860,0.5510204081632653
R0002_55011002,R0377_55042881,0.5510204081632653
R0002_55011002,R0377_55033035,0.5510204081632653
R0002_55011002,R0377_55044076,0.5510204081632653
R0002_55011002,R0377_55036698,0.5510204081632653
R0002_55011002,R0377_55032664,0.5510204081632653
R0002_55011002,R0377_55038331,0.5510204081632653
R0002_55011002,R0377_55041814,0.5510204081632653
R0002_55011002,R0377_55041025,0.5510204081632653
R0002_55011002,R0377_55039651,0.5510204081632653
R0002_55011002,R0377_55044100,0.5510204081632653
R0002_55011002,R0377_55026719,0.5510204081632653
R0002_55031467,R0002_55043311,1.0
R0002_55031467,R0002_55036002,1.0
R0002_55031467,R0002_55015378,1.0
R0002_55031467,R0002_55032731,1.0
R0002_55031467,R0002_55025944,1.0
R0002_55031467,R0002_55024341,1.0
R0002_55031467,R0002_55041509,1.0
R0002_55031467,R0002_55036059,1.0
R0002_55031467,R0002_55037787,1.0
R0002_55031467,R0002_55039851,1.0
R0002_55031467,R0002_55032782,1.0
R0002_55031467,R0002_55036171,1.0
R0002_55031467,R0002_55035505,1.0
R0002_55031467,R0002_55011002,1.0
R0002_55031467,R0002_55028991,1.0
R0002_55031467,R0002_55027831,1.0
R0002_55031467,R0002_55038839,1.0
R0002_55031467,R0002_55019960,1.0
R0002_55031467,R0002_55033035,1.0
R0002_55031467,R0002_55006197,1.0
R0002_55031467,R0002_55036505,1.0
R0002_55031467,R0002_55044076,1.0
R0002_55031467,R0002_55036050,1.0
R0002_55031467,R0002_55037530,1.0
R0002_55031467,R0002_55040793,1.0
R0002_55031467,R0002_55043136,1.0
R0002_55031467,R0002_55014421,1.0
R0002_55031467,R0002_55003518,1.0
R0002_55031467,R0002_55027319,1.0
R0002_55031467,R0002_55035727,1.0
R0002_55031467,R0002_55032858,1.0
R0002_55031467,R0002_55029026,1.0
R0002_55031467,R0002_55039889,1.0
R0002_55031467,R0002_55041025,1.0
R0002_55031467,R0002_55041833,1.0
R0002_55031467,R0002_55031084,1.0
R0002_55031467,R0002_55030125,1.0
R0002_55031467,R0002_55011220,1.0
R0002_55031467,R0002_55043779,1.0
R0002_55031467,R0002_55026664,1.0
R0002_55031467,R0002_55037878,1.0
R0002_55031467,R0002_55043901,1.0
R0002_55031467,R0002_55037718,1.0
R0002_55031467,R0002_55042075,1.0
R0002_55031467,R0002_55031358,1.0
R0002_55031467,R0002_55025080,1.0
R0002_55031467,R0002_55037283,1.0
R0002_55031467,R0002_55019387,1.0
R0002_55031467,R0043_55035478,0.40816326530612246
R0002_55031467,R0043_55032756,0.40816326530612246
R0002_55031467,R0043_55039677,0.40816326530612246
R0002_55031467,R0043_55039678,0.40816326530612246
R0002_55031467,R0043_55029067,0.40816326530612246
R0002_55031467,R0043_55036252,0.40816326530612246
R0002_55031467,R0043_55034675,0.40816326530612246
R0002_55031467,R0043_55031083,0.40816326530612246
R0002_55031467,R0043_55036209,0.40816326530612246
R0002_55031467,R0043_55035181,0.40816326530612246
R0002_55031467,R0043_55032758,0.40816326530612246
R0002_55031467,R0043_55039681,0.40816326530612246
R0002_55031467,R0043_55039682,0.40816326530612246
R0002_55031467,R0043_55039683,0.40816326530612246
R0002_55031467,R0043_55039684,0.40816326530612246
R0002_55031467,R0043_55032632,0.40816326530612246
R0002_55031467,R0043_55021537,0.40816326530612246
R0002_55031467,R0043_55041926,0.40816326530612246
R0002_55031467,R0043_55029012,0.40816326530612246
R0002_55031467,R0043_55034882,0.40816326530612246
R0002_55031467,R0043_55039679,0.40816326530612246
R0002_55031467,R0043_55032862,0.40816326530612246
R0002_55031467,R0043_55032759,0.40816326530612246
R0002_55031467,R0043_55037980,0.40816326530612246
R0002_55031467,R0043_55037979,0.40816326530612246
R0002_55031467,R0043_55027552,0.40816326530612246
R0002_55031467,R0043_55034879,0.40816326530612246
R0002_55031467,R0043_55032908,0.40816326530612246
R0002_55031467,R0043_55039686,0.40816326530612246
R0002_55031467,R0043_55032863,0.40816326530612246
R0002_55031467,R0043_55009127,0.40816326530612246
R0002_55031467,R0043_55036250,0.40816326530612246
R0002_55031467,R0043_55034880,0.40816326530612246
R0002_55031467,R0043_55032860,0.40816326530612246
R0002_55031467,R0043_55029506,0.40816326530612246
R0002_55031467,R0043_55031288,0.40816326530612246
R0002_55031467,R0043_55036124,0.40816326530612246
R0002_55031467,R0043_55039830,0.40816326530612246
R0002_55031467,R0043_55034325,0.40816326530612246
R0002_55031467,R0043_55039829,0.40816326530612246
R0002_55031467,R0043_55031080,0.40816326530612246
R0002_55031467,R0043_55031077,0.40816326530612246
R0002_55031467,R0043_55017366,0.40816326530612246
R0002_55031467,R0043_55034335,0.40816326530612246
R0002_55031467,R0043_55031005,0.40816326530612246
R0002_55031467,R0055_55007584,0.4897959183673469
R0002_55031467,R0055_55007583,0.4897959183673469
R0002_55031467,R0204_55005925,0.5306122448979592
R0002_55031467,R0204_55032685,0.5306122448979592
R0002_55031467,R0204_55035156,0.5306122448979592
R0002_55031467,R0204_55022352,0.5306122448979592
R0002_55031467,R0204_55004131,0.5306122448979592
R0002_55031467,R0207_55036375,0.46938775510204084
R0002_55031467,R0207_55032672,0.46938775510204084
R0002_55031467,R0207_55032673,0.46938775510204084
R0002_55031467,R0290_55038074,0.46938775510204084
R0002_55031467,R0290_55041439,0.46938775510204084
R0002_55031467,R0290_55041442,0.46938775510204084
R0002_55031467,R0290_55041438,0.46938775510204084
R0002_55031467,R0290_55041440,0.46938775510204084
R0002_55031467,R0290_55041441,0.46938775510204084
R0002_55031467,R0290_55030423,0.46938775510204084
R0002_55031467,R0290_55039755,0.46938775510204084
R0002_55031467,R0290_55026840,0.46938775510204084
R0002_55031467,R0290_55038681,0.46938775510204084
R0002_55031467,R0290_55033209,0.46938775510204084
R0002_55031467,R0290_55043722,0.46938775510204084
R0002_55031467,R0377_55039577,0.5510204081632653
R0002_55031467,R0377_55032663,0.5510204081632653
R0002_55031467,R0377_55036003,0.5510204081632653
R0002_55031467,R0377_55036004,0.5510204081632653
R0002_55031467,R0377_55036006,0.5510204081632653
R0002_55031467,R0377_55036007,0.5510204081632653
R0002_55031467,R0377_55036008,0.5510204081632653
R0002_55031467,R0377_55036009,0.5510204081632653
R0002_55031467,R0377_55043375,0.5510204081632653
R0002_55031467,R0377_55032655,0.5510204081632653
R0002_55031467,R0377_55034860,0.5510204081632653
R0002_55031467,R0377_55042881,0.5510204081632653
R0002_55031467,R0377_55033035,0.5510204081632653
R0002_55031467,R0377_55044076,0.5510204081632653
R0002_55031467,R0377_55036698,0.5510204081632653
R0002_55031467,R0377_55032664,0.5510204081632653
R0002_55031467,R0377_55038331,0.5510204081632653
R0002_55031467,R0377_55041814,0.5510204081632653
R0002_55031467,R0377_55041025,0.5510204081632653
R0002_55031467,R0377_55039651,0.5510204081632653
R0002_55031467,R0377_55044100,0.5510204081632653
R0002_55031467,R0377_55026719,0.5510204081632653
R0002_55028991,R0002_55043311,1.0
R0002_55028991,R0002_55036002,1.0
R0002_55028991,R0002_55015378,1.0
R0002_55028991,R0002_55032731,1.0
R0002_55028991,R0002_55025944,1.0
R0002_55028991,R0002_55024341,1.0
R0002_55028991,R0002_55041509,1.0
R0002_55028991,R0002_55036059,1.0
R0002_55028991,R0002_55037787,1.0
R0002_55028991,R0002_55039851,1.0
R0002_55028991,R0002_55032782,1.0
R0002_55028991,R0002_55036171,1.0
R0002_55028991,R0002_55035505,1.0
R0002_55028991,R0002_55011002,1.0
R0002_55028991,R0002_55031467,1.0
R0002_55028991,R0002_55027831,1.0
R0002_55028991,R0002_55038839,1.0
R0002_55028991,R0002_55019960,1.0
R0002_55028991,R0002_55033035,1.0
R0002_55028991,R0002_55006197,1.0
R0002_55028991,R0002_55036505,1.0
R0002_55028991,R0002_55044076,1.0
R0002_55028991,R0002_55036050,1.0
R0002_55028991,R0002_55037530,1.0
R0002_55028991,R0002_55040793,1.0
R0002_55028991,R0002_55043136,1.0
R0002_55028991,R0002_55014421,1.0
R0002_55028991,R0002_55003518,1.0
R0002_55028991,R0002_55027319,1.0
R0002_55028991,R0002_55035727,1.0
R0002_55028991,R0002_55032858,1.0
R0002_55028991,R0002_55029026,1.0
R0002_55028991,R0002_55039889,1.0
R0002_55028991,R0002_55041025,1.0
R0002_55028991,R0002_55041833,1.0
R0002_55028991,R0002_55031084,1.0
R0002_55028991,R0002_55030125,1.0
R0002_55028991,R0002_55011220,1.0
R0002_55028991,R0002_55043779,1.0
R0002_55028991,R0002_55026664,1.0
R0002_55028991,R0002_55037878,1.0
R0002_55028991,R0002_55043901,1.0
R0002_55028991,R0002_55037718,1.0
R0002_55028991,R0002_55042075,1.0
R0002_55028991,R0002_55031358,1.0
R0002_55028991,R0002_55025080,1.0
R0002_55028991,R0002_55037283,1.0
R0002_55028991,R0002_55019387,1.0
R0002_55028991,R0043_55035478,0.40816326530612246
R0002_55028991,R0043_55032756,0.40816326530612246
R0002_55028991,R0043_55039677,0.40816326530612246
R0002_55028991,R0043_55039678,0.40816326530612246
R0002_55028991,R0043_55029067,0.40816326530612246
R0002_55028991,R0043_55036252,0.40816326530612246
R0002_55028991,R0043_55034675,0.40816326530612246
R0002_55028991,R0043_55031083,0.40816326530612246
R0002_55028991,R0043_55036209,0.40816326530612246
R0002_55028991,R0043_55035181,0.40816326530612246
R0002_55028991,R0043_55032758,0.40816326530612246
R0002_55028991,R0043_55039681,0.40816326530612246
R0002_55028991,R0043_55039682,0.40816326530612246
R0002_55028991,R0043_55039683,0.40816326530612246
R0002_55028991,R0043_55039684,0.40816326530612246
R0002_55028991,R0043_55032632,0.40816326530612246
R0002_55028991,R0043_55021537,0.40816326530612246
R0002_55028991,R0043_55041926,0.40816326530612246
R0002_55028991,R0043_55029012,0.40816326530612246
R0002_55028991,R0043_55034882,0.40816326530612246
R0002_55028991,R0043_55039679,0.40816326530612246
R0002_55028991,R0043_55032862,0.40816326530612246
R0002_55028991,R0043_55032759,0.40816326530612246
R0002_55028991,R0043_55037980,0.40816326530612246
R0002_55028991,R0043_55037979,0.40816326530612246
R0002_55028991,R0043_55027552,0.40816326530612246
R0002_55028991,R0043_55034879,0.40816326530612246
R0002_55028991,R0043_55032908,0.40816326530612246
R0002_55028991,R0043_55039686,0.40816326530612246
R0002_55028991,R0043_55032863,0.40816326530612246
R0002_55028991,R0043_55009127,0.40816326530612246
R0002_55028991,R0043_55036250,0.40816326530612246
R0002_55028991,R0043_55034880,0.40816326530612246
R0002_55028991,R0043_55032860,0.40816326530612246
R0002_55028991,R0043_55029506,0.40816326530612246
R0002_55028991,R0043_55031288,0.40816326530612246
R0002_55028991,R0043_55036124,0.40816326530612246
R0002_55028991,R0043_55039830,0.40816326530612246
R0002_55028991,R0043_55034325,0.40816326530612246
R0002_55028991,R0043_55039829,0.40816326530612246
R0002_55028991,R0043_55031080,0.40816326530612246
R0002_55028991,R0043_55031077,0.40816326530612246
R0002_55028991,R0043_55017366,0.40816326530612246
R0002_55028991,R0043_55034335,0.40816326530612246
R0002_55028991,R0043_55031005,0.40816326530612246
R0002_55028991,R0055_55007584,0.4897959183673469
R0002_55028991,R0055_55007583,0.4897959183673469
R0002_55028991,R0204_55005925,0.5306122448979592
R0002_55028991,R0204_55032685,0.5306122448979592
R0002_55028991,R0204_55035156,0.5306122448979592
R0002_55028991,R0204_55022352,0.5306122448979592
R0002_55028991,R0204_55004131,0.5306122448979592
R0002_55028991,R0207_55036375,0.46938775510204084
R0002_55028991,R0207_55032672,0.46938775510204084
R0002_55028991,R0207_55032673,0.46938775510204084
R0002_55028991,R0290_55038074,0.46938775510204084
R0002_55028991,R0290_55041439,0.46938775510204084
R0002_55028991,R0290_55041442,0.46938775510204084
R0002_55028991,R0290_55041438,0.46938775510204084
R0002_55028991,R0290_55041440,0.46938775510204084
R0002_55028991,R0290_55041441,0.46938775510204084
R0002_55028991,R0290_55030423,0.46938775510204084
R0002_55028991,R0290_55039755,0.46938775510204084
R0002_55028991,R0290_55026840,0.46938775510204084
R0002_55028991,R0290_55038681,0.46938775510204084
R0002_55028991,R0290_55033209,0.46938775510204084
R0002_55028991,R0290_55043722,0.46938775510204084
R0002_55028991,R0377_55039577,0.5510204081632653
R0002_55028991,R0377_55032663,0.5510204081632653
R0002_55028991,R0377_55036003,0.5510204081632653
R0002_55028991,R0377_55036004,0.5510204081632653
R0002_55028991,R0377_55036006,0.5510204081632653
R0002_55028991,R0377_55036007,0.5510204081632653
R0002_55028991,R0377_55036008,0.5510204081632653
R0002_55028991,R0377_55036009,0.5510204081632653
R0002_55028991,R0377_55043375,0.5510204081632653
R0002_55028991,R0377_55032655,0.5510204081632653
R0002_55028991,R0377_55034860,0.5510204081632653
R0002_55028991,R0377_55042881,0.5510204081632653
R0002_55028991,R0377_55033035,0.5510204081632653
R0002_55028991,R0377_55044076,0.5510204081632653
R0002_55028991,R0377_55036698,0.5510204081632653
R0002_55028991,R0377_55032664,0.5510204081632653
R0002_55028991,R0377_55038331,0.5510204081632653
R0002_55028991,R0377_55041814,0.5510204081632653
R0002_55028991,R0377_55041025,0.5510204081632653
R0002_55028991,R0377_55039651,0.5510204081632653
R0002_55028991,R0377_55044100,0.5510204081632653
R0002_55028991,R0377_55026719,0.5510204081632653
R0002_55027831,R0002_55043311,1.0
R0002_55027831,R0002_55036002,1.0
R0002_55027831,R0002_55015378,1.0
R0002_55027831,R0002_55032731,1.0
R0002_55027831,R0002_55025944,1.0
R0002_55027831,R0002_55024341,1.0
R0002_55027831,R0002_55041509,1.0
R0002_55027831,R0002_55036059,1.0
R0002_55027831,R0002_55037787,1.0
R0002_55027831,R0002_55039851,1.0
R0002_55027831,R0002_55032782,1.0
R0002_55027831,R0002_55036171,1.0
R0002_55027831,R0002_55035505,1.0
R0002_55027831,R0002_55011002,1.0
R0002_55027831,R0002_55031467,1.0
R0002_55027831,R0002_55028991,1.0
R0002_55027831,R0002_55038839,1.0
R0002_55027831,R0002_55019960,1.0
R0002_55027831,R0002_55033035,1.0
R0002_55027831,R0002_55006197,1.0
R0002_55027831,R0002_55036505,1.0
R0002_55027831,R0002_55044076,1.0
R0002_55027831,R0002_55036050,1.0
R0002_55027831,R0002_55037530,1.0
R0002_55027831,R0002_55040793,1.0
R0002_55027831,R0002_55043136,1.0
R0002_55027831,R0002_55014421,1.0
R0002_55027831,R0002_55003518,1.0
R0002_55027831,R0002_55027319,1.0
R0002_55027831,R0002_55035727,1.0
R0002_55027831,R0002_55032858,1.0
R0002_55027831,R0002_55029026,1.0
R0002_55027831,R0002_55039889,1.0
R0002_55027831,R0002_55041025,1.0
R0002_55027831,R0002_55041833,1.0
R0002_55027831,R0002_55031084,1.0
R0002_55027831,R0002_55030125,1.0
R0002_55027831,R0002_55011220,1.0
R0002_55027831,R0002_55043779,1.0
R0002_55027831,R0002_55026664,1.0
R0002_55027831,R0002_55037878,1.0
R0002_55027831,R0002_55043901,1.0
R0002_55027831,R0002_55037718,1.0
R0002_55027831,R0002_55042075,1.0
R0002_55027831,R0002_55031358,1.0
R0002_55027831,R0002_55025080,1.0
R0002_55027831,R0002_55037283,1.0
R0002_55027831,R0002_55019387,1.0
R0002_55027831,R0043_55035478,0.40816326530612246
R0002_55027831,R0043_55032756,0.40816326530612246
R0002_55027831,R0043_55039677,0.40816326530612246
R0002_55027831,R0043_55039678,0.40816326530612246
R0002_55027831,R0043_55029067,0.40816326530612246
R0002_55027831,R0043_55036252,0.40816326530612246
R0002_55027831,R0043_55034675,0.40816326530612246
R0002_55027831,R0043_55031083,0.40816326530612246
R0002_55027831,R0043_55036209,0.40816326530612246
R0002_55027831,R0043_55035181,0.40816326530612246
R0002_55027831,R0043_55032758,0.40816326530612246
R0002_55027831,R0043_55039681,0.40816326530612246
R0002_55027831,R0043_55039682,0.40816326530612246
R0002_55027831,R0043_55039683,0.40816326530612246
R0002_55027831,R0043_55039684,0.40816326530612246
R0002_55027831,R0043_55032632,0.40816326530612246
R0002_55027831,R0043_55021537,0.40816326530612246
R0002_55027831,R0043_55041926,0.40816326530612246
R0002_55027831,R0043_55029012,0.40816326530612246
R0002_55027831,R0043_55034882,0.40816326530612246
R0002_55027831,R0043_55039679,0.40816326530612246
R0002_55027831,R0043_55032862,0.40816326530612246
R0002_55027831,R0043_55032759,0.40816326530612246
R0002_55027831,R0043_55037980,0.40816326530612246
R0002_55027831,R0043_55037979,0.40816326530612246
R0002_55027831,R0043_55027552,0.40816326530612246
R0002_55027831,R0043_55034879,0.40816326530612246
R0002_55027831,R0043_55032908,0.40816326530612246
R0002_55027831,R0043_55039686,0.40816326530612246
R0002_55027831,R0043_55032863,0.40816326530612246
R0002_55027831,R0043_55009127,0.40816326530612246
R0002_55027831,R0043_55036250,0.40816326530612246
R0002_55027831,R0043_55034880,0.40816326530612246
R0002_55027831,R0043_55032860,0.40816326530612246
R0002_55027831,R0043_55029506,0.40816326530612246
R0002_55027831,R0043_55031288,0.40816326530612246
R0002_55027831,R0043_55036124,0.40816326530612246
R0002_55027831,R0043_55039830,0.40816326530612246
R0002_55027831,R0043_55034325,0.40816326530612246
R0002_55027831,R0043_55039829,0.40816326530612246
R0002_55027831,R0043_55031080,0.40816326530612246
R0002_55027831,R0043_55031077,0.40816326530612246
R0002_55027831,R0043_55017366,0.40816326530612246
R0002_55027831,R0043_55034335,0.40816326530612246
R0002_55027831,R0043_55031005,0.40816326530612246
R0002_55027831,R0055_55007584,0.4897959183673469
R0002_55027831,R0055_55007583,0.4897959183673469
R0002_55027831,R0204_55005925,0.5306122448979592
R0002_55027831,R0204_55032685,0.5306122448979592
R0002_55027831,R0204_55035156,0.5306122448979592
R0002_55027831,R0204_55022352,0.5306122448979592
R0002_55027831,R0204_55004131,0.5306122448979592
R0002_55027831,R0207_55036375,0.46938775510204084
R0002_55027831,R0207_55032672,0.46938775510204084
R0002_55027831,R0207_55032673,0.46938775510204084
R0002_55027831,R0290_55038074,0.46938775510204084
R0002_55027831,R0290_55041439,0.46938775510204084
R0002_55027831,R0290_55041442,0.46938775510204084
R0002_55027831,R0290_55041438,0.46938775510204084
R0002_55027831,R0290_55041440,0.46938775510204084
R0002_55027831,R0290_55041441,0.46938775510204084
R0002_55027831,R0290_55030423,0.46938775510204084
R0002_55027831,R0290_55039755,0.46938775510204084
R0002_55027831,R0290_55026840,0.46938775510204084
R0002_55027831,R0290_55038681,0.46938775510204084
R0002_55027831,R0290_55033209,0.46938775510204084
R0002_55027831,R0290_55043722,0.46938775510204084
R0002_55027831,R0377_55039577,0.5510204081632653
R0002_55027831,R0377_55032663,0.5510204081632653
R0002_55027831,R0377_55036003,0.5510204081632653
R0002_55027831,R0377_55036004,0.5510204081632653
R0002_55027831,R0377_55036006,0.5510204081632653
R0002_55027831,R0377_55036007,0.5510204081632653
R0002_55027831,R0377_55036008,0.5510204081632653
R0002_55027831,R0377_55036009,0.5510204081632653
R0002_55027831,R0377_55043375,0.5510204081632653
R0002_55027831,R0377_55032655,0.5510204081632653
R0002_55027831,R0377_55034860,0.5510204081632653
R0002_55027831,R0377_55042881,0.5510204081632653
R0002_55027831,R0377_55033035,0.5510204081632653
R0002_55027831,R0377_55044076,0.5510204081632653
R0002_55027831,R0377_55036698,0.5510204081632653
R0002_55027831,R0377_55032664,0.5510204081632653
R0002_55027831,R0377_55038331,0.5510204081632653
R0002_55027831,R0377_55041814,0.5510204081632653
R0002_55027831,R0377_55041025,0.5510204081632653
R0002_55027831,R0377_55039651,0.5510204081632653
R0002_55027831,R0377_55044100,0.5510204081632653
R0002_55027831,R0377_55026719,0.5510204081632653
R0002_55038839,R0002_55043311,1.0
R0002_55038839,R0002_55036002,1.0
R0002_55038839,R0002_55015378,1.0
R0002_55038839,R0002_55032731,1.0
R0002_55038839,R0002_55025944,1.0
R0002_55038839,R0002_55024341,1.0
R0002_55038839,R0002_55041509,1.0
R0002_55038839,R0002_55036059,1.0
R0002_55038839,R0002_55037787,1.0
R0002_55038839,R0002_55039851,1.0
R0002_55038839,R0002_55032782,1.0
R0002_55038839,R0002_55036171,1.0
R0002_55038839,R0002_55035505,1.0
R0002_55038839,R0002_55011002,1.0
R0002_55038839,R0002_55031467,1.0
R0002_55038839,R0002_55028991,1.0
R0002_55038839,R0002_55027831,1.0
R0002_55038839,R0002_55019960,1.0
R0002_55038839,R0002_55033035,1.0
R0002_55038839,R0002_55006197,1.0
R0002_55038839,R0002_55036505,1.0
R0002_55038839,R0002_55044076,1.0
R0002_55038839,R0002_55036050,1.0
R0002_55038839,R0002_55037530,1.0
R0002_55038839,R0002_55040793,1.0
R0002_55038839,R0002_55043136,1.0
R0002_55038839,R0002_55014421,1.0
R0002_55038839,R0002_55003518,1.0
R0002_55038839,R0002_55027319,1.0
R0002_55038839,R0002_55035727,1.0
R0002_55038839,R0002_55032858,1.0
R0002_55038839,R0002_55029026,1.0
R0002_55038839,R0002_55039889,1.0
R0002_55038839,R0002_55041025,1.0
R0002_55038839,R0002_55041833,1.0
R0002_55038839,R0002_55031084,1.0
R0002_55038839,R0002_55030125,1.0
R0002_55038839,R0002_55011220,1.0
R0002_55038839,R0002_55043779,1.0
R0002_55038839,R0002_55026664,1.0
R0002_55038839,R0002_55037878,1.0
R0002_55038839,R0002_55043901,1.0
R0002_55038839,R0002_55037718,1.0
R0002_55038839,R0002_55042075,1.0
R0002_55038839,R0002_55031358,1.0
R0002_55038839,R0002_55025080,1.0
R0002_55038839,R0002_55037283,1.0
R0002_55038839,R0002_55019387,1.0
R0002_55038839,R0043_55035478,0.40816326530612246
R0002_55038839,R0043_55032756,0.40816326530612246
R0002_55038839,R0043_55039677,0.40816326530612246
R0002_55038839,R0043_55039678,0.40816326530612246
R0002_55038839,R0043_55029067,0.40816326530612246
R0002_55038839,R0043_55036252,0.40816326530612246
R0002_55038839,R0043_55034675,0.40816326530612246
R0002_55038839,R0043_55031083,0.40816326530612246
R0002_55038839,R0043_55036209,0.40816326530612246
R0002_55038839,R0043_55035181,0.40816326530612246
R0002_55038839,R0043_55032758,0.40816326530612246
R0002_55038839,R0043_55039681,0.40816326530612246
R0002_55038839,R0043_55039682,0.40816326530612246
R0002_55038839,R0043_55039683,0.40816326530612246
R0002_55038839,R0043_55039684,0.40816326530612246
R0002_55038839,R0043_55032632,0.40816326530612246
R0002_55038839,R0043_55021537,0.40816326530612246
R0002_55038839,R0043_55041926,0.40816326530612246
R0002_55038839,R0043_55029012,0.40816326530612246
R0002_55038839,R0043_55034882,0.40816326530612246
R0002_55038839,R0043_55039679,0.40816326530612246
R0002_55038839,R0043_55032862,0.40816326530612246
R0002_55038839,R0043_55032759,0.40816326530612246
R0002_55038839,R0043_55037980,0.40816326530612246
R0002_55038839,R0043_55037979,0.40816326530612246
R0002_55038839,R0043_55027552,0.40816326530612246
R0002_55038839,R0043_55034879,0.40816326530612246
R0002_55038839,R0043_55032908,0.40816326530612246
R0002_55038839,R0043_55039686,0.40816326530612246
R0002_55038839,R0043_55032863,0.40816326530612246
R0002_55038839,R0043_55009127,0.40816326530612246
R0002_55038839,R0043_55036250,0.40816326530612246
R0002_55038839,R0043_55034880,0.40816326530612246
R0002_55038839,R0043_55032860,0.40816326530612246
R0002_55038839,R0043_55029506,0.40816326530612246
R0002_55038839,R0043_55031288,0.40816326530612246
R0002_55038839,R0043_55036124,0.40816326530612246
R0002_55038839,R0043_55039830,0.40816326530612246
R0002_55038839,R0043_55034325,0.40816326530612246
R0002_55038839,R0043_55039829,0.40816326530612246
R0002_55038839,R0043_55031080,0.40816326530612246
R0002_55038839,R0043_55031077,0.40816326530612246
R0002_55038839,R0043_55017366,0.40816326530612246
R0002_55038839,R0043_55034335,0.40816326530612246
R0002_55038839,R0043_55031005,0.40816326530612246
R0002_55038839,R0055_55007584,0.4897959183673469
R0002_55038839,R0055_55007583,0.4897959183673469
R0002_55038839,R0204_55005925,0.5306122448979592
R0002_55038839,R0204_55032685,0.5306122448979592
R0002_55038839,R0204_55035156,0.5306122448979592
R0002_55038839,R0204_55022352,0.5306122448979592
R0002_55038839,R0204_55004131,0.5306122448979592
R0002_55038839,R0207_55036375,0.46938775510204084
R0002_55038839,R0207_55032672,0.46938775510204084
R0002_55038839,R0207_55032673,0.46938775510204084
R0002_55038839,R0290_55038074,0.46938775510204084
R0002_55038839,R0290_55041439,0.46938775510204084
R0002_55038839,R0290_55041442,0.46938775510204084
R0002_55038839,R0290_55041438,0.46938775510204084
R0002_55038839,R0290_55041440,0.46938775510204084
R0002_55038839,R0290_55041441,0.46938775510204084
R0002_55038839,R0290_55030423,0.46938775510204084
R0002_55038839,R0290_55039755,0.46938775510204084
R0002_55038839,R0290_55026840,0.46938775510204084
R0002_55038839,R0290_55038681,0.46938775510204084
R0002_55038839,R0290_55033209,0.46938775510204084
R0002_55038839,R0290_55043722,0.46938775510204084
R0002_55038839,R0377_55039577,0.5510204081632653
R0002_55038839,R0377_55032663,0.5510204081632653
R0002_55038839,R0377_55036003,0.5510204081632653
R0002_55038839,R0377_55036004,0.5510204081632653
R0002_55038839,R0377_55036006,0.5510204081632653
R0002_55038839,R0377_55036007,0.5510204081632653
R0002_55038839,R0377_55036008,0.5510204081632653
R0002_55038839,R0377_55036009,0.5510204081632653
R0002_55038839,R0377_55043375,0.5510204081632653
R0002_55038839,R0377_55032655,0.5510204081632653
R0002_55038839,R0377_55034860,0.5510204081632653
R0002_55038839,R0377_55042881,0.5510204081632653
R0002_55038839,R0377_55033035,0.5510204081632653
R0002_55038839,R0377_55044076,0.5510204081632653
R0002_55038839,R0377_55036698,0.5510204081632653
R0002_55038839,R0377_55032664,0.5510204081632653
R0002_55038839,R0377_55038331,0.5510204081632653
R0002_55038839,R0377_55041814,0.5510204081632653
R0002_55038839,R0377_55041025,0.5510204081632653
R0002_55038839,R0377_55039651,0.5510204081632653
R0002_55038839,R0377_55044100,0.5510204081632653
R0002_55038839,R0377_55026719,0.5510204081632653
R0002_55019960,R0002_55043311,1.0
R0002_55019960,R0002_55036002,1.0
R0002_55019960,R0002_55015378,1.0
R0002_55019960,R0002_55032731,1.0
R0002_55019960,R0002_55025944,1.0
R0002_55019960,R0002_55024341,1.0
R0002_55019960,R0002_55041509,1.0
R0002_55019960,R0002_55036059,1.0
R0002_55019960,R0002_55037787,1.0
R0002_55019960,R0002_55039851,1.0
R0002_55019960,R0002_55032782,1.0
R0002_55019960,R0002_55036171,1.0
R0002_55019960,R0002_55035505,1.0
R0002_55019960,R0002_55011002,1.0
R0002_55019960,R0002_55031467,1.0
R0002_55019960,R0002_55028991,1.0
R0002_55019960,R0002_55027831,1.0
R0002_55019960,R0002_55038839,1.0
R0002_55019960,R0002_55033035,1.0
R0002_55019960,R0002_55006197,1.0
R0002_55019960,R0002_55036505,1.0
R0002_55019960,R0002_55044076,1.0
R0002_55019960,R0002_55036050,1.0
R0002_55019960,R0002_55037530,1.0
R0002_55019960,R0002_55040793,1.0
R0002_55019960,R0002_55043136,1.0
R0002_55019960,R0002_55014421,1.0
R0002_55019960,R0002_55003518,1.0
R0002_55019960,R0002_55027319,1.0
R0002_55019960,R0002_55035727,1.0
R0002_55019960,R0002_55032858,1.0
R0002_55019960,R0002_55029026,1.0
R0002_55019960,R0002_55039889,1.0
R0002_55019960,R0002_55041025,1.0
R0002_55019960,R0002_55041833,1.0
R0002_55019960,R0002_55031084,1.0
R0002_55019960,R0002_55030125,1.0
R0002_55019960,R0002_55011220,1.0
R0002_55019960,R0002_55043779,1.0
R0002_55019960,R0002_55026664,1.0
R0002_55019960,R0002_55037878,1.0
R0002_55019960,R0002_55043901,1.0
R0002_55019960,R0002_55037718,1.0
R0002_55019960,R0002_55042075,1.0
R0002_55019960,R0002_55031358,1.0
R0002_55019960,R0002_55025080,1.0
R0002_55019960,R0002_55037283,1.0
R0002_55019960,R0002_55019387,1.0
R0002_55019960,R0043_55035478,0.40816326530612246
R0002_55019960,R0043_55032756,0.40816326530612246
R0002_55019960,R0043_55039677,0.40816326530612246
R0002_55019960,R0043_55039678,0.40816326530612246
R0002_55019960,R0043_55029067,0.40816326530612246
R0002_55019960,R0043_55036252,0.40816326530612246
R0002_55019960,R0043_55034675,0.40816326530612246
R0002_55019960,R0043_55031083,0.40816326530612246
R0002_55019960,R0043_55036209,0.40816326530612246
R0002_55019960,R0043_55035181,0.40816326530612246
R0002_55019960,R0043_55032758,0.40816326530612246
R0002_55019960,R0043_55039681,0.40816326530612246
R0002_55019960,R0043_55039682,0.40816326530612246
R0002_55019960,R0043_55039683,0.40816326530612246
R0002_55019960,R0043_55039684,0.40816326530612246
R0002_55019960,R0043_55032632,0.40816326530612246
R0002_55019960,R0043_55021537,0.40816326530612246
R0002_55019960,R0043_55041926,0.40816326530612246
R0002_55019960,R0043_55029012,0.40816326530612246
R0002_55019960,R0043_55034882,0.40816326530612246
R0002_55019960,R0043_55039679,0.40816326530612246
R0002_55019960,R0043_55032862,0.40816326530612246
R0002_55019960,R0043_55032759,0.40816326530612246
R0002_55019960,R0043_55037980,0.40816326530612246
R0002_55019960,R0043_55037979,0.40816326530612246
R0002_55019960,R0043_55027552,0.40816326530612246
R0002_55019960,R0043_55034879,0.40816326530612246
R0002_55019960,R0043_55032908,0.40816326530612246
R0002_55019960,R0043_55039686,0.40816326530612246
R0002_55019960,R0043_55032863,0.40816326530612246
R0002_55019960,R0043_55009127,0.40816326530612246
R0002_55019960,R0043_55036250,0.40816326530612246
R0002_55019960,R0043_55034880,0.40816326530612246
R0002_55019960,R0043_55032860,0.40816326530612246
R0002_55019960,R0043_55029506,0.40816326530612246
R0002_55019960,R0043_55031288,0.40816326530612246
R0002_55019960,R0043_55036124,0.40816326530612246
R0002_55019960,R0043_55039830,0.40816326530612246
R0002_55019960,R0043_55034325,0.40816326530612246
R0002_55019960,R0043_55039829,0.40816326530612246
R0002_55019960,R0043_55031080,0.40816326530612246
R0002_55019960,R0043_55031077,0.40816326530612246
R0002_55019960,R0043_55017366,0.40816326530612246
R0002_55019960,R0043_55034335,0.40816326530612246
R0002_55019960,R0043_55031005,0.40816326530612246
R0002_55019960,R0055_55007584,0.4897959183673469
R0002_55019960,R0055_55007583,0.4897959183673469
R0002_55019960,R0204_55005925,0.5306122448979592
R0002_55019960,R0204_55032685,0.5306122448979592
R0002_55019960,R0204_55035156,0.5306122448979592
R0002_55019960,R0204_55022352,0.5306122448979592
R0002_55019960,R0204_55004131,0.5306122448979592
R0002_55019960,R0207_55036375,0.46938775510204084
R0002_55019960,R0207_55032672,0.46938775510204084
R0002_55019960,R0207_55032673,0.46938775510204084
R0002_55019960,R0290_55038074,0.46938775510204084
R0002_55019960,R0290_55041439,0.46938775510204084
R0002_55019960,R0290_55041442,0.46938775510204084
R0002_55019960,R0290_55041438,0.46938775510204084
R0002_55019960,R0290_55041440,0.46938775510204084
R0002_55019960,R0290_55041441,0.46938775510204084
R0002_55019960,R0290_55030423,0.46938775510204084
R0002_55019960,R0290_55039755,0.46938775510204084
R0002_55019960,R0290_55026840,0.46938775510204084
R0002_55019960,R0290_55038681,0.46938775510204084
R0002_55019960,R0290_55033209,0.46938775510204084
R0002_55019960,R0290_55043722,0.46938775510204084
R0002_55019960,R0377_55039577,0.5510204081632653
R0002_55019960,R0377_55032663,0.5510204081632653
R0002_55019960,R0377_55036003,0.5510204081632653
R0002_55019960,R0377_55036004,0.5510204081632653
R0002_55019960,R0377_55036006,0.5510204081632653
R0002_55019960,R0377_55036007,0.5510204081632653
R0002_55019960,R0377_55036008,0.5510204081632653
R0002_55019960,R0377_55036009,0.5510204081632653
R0002_55019960,R0377_55043375,0.5510204081632653
R0002_55019960,R0377_55032655,0.5510204081632653
R0002_55019960,R0377_55034860,0.5510204081632653
R0002_55019960,R0377_55042881,0.5510204081632653
R0002_55019960,R0377_55033035,0.5510204081632653
R0002_55019960,R0377_55044076,0.5510204081632653
R0002_55019960,R0377_55036698,0.5510204081632653
R0002_55019960,R0377_55032664,0.5510204081632653
R0002_55019960,R0377_55038331,0.5510204081632653
R0002_55019960,R0377_55041814,0.5510204081632653
R0002_55019960,R0377_55041025,0.5510204081632653
R0002_55019960,R0377_55039651,0.5510204081632653
R0002_55019960,R0377_55044100,0.5510204081632653
R0002_55019960,R0377_55026719,0.5510204081632653
R0002_55033035,R0002_55043311,1.0
R0002_55033035,R0002_55036002,1.0
R0002_55033035,R0002_55015378,1.0
R0002_55033035,R0002_55032731,1.0
R0002_55033035,R0002_55025944,1.0
R0002_55033035,R0002_55024341,1.0
R0002_55033035,R0002_55041509,1.0
R0002_55033035,R0002_55036059,1.0
R0002_55033035,R0002_55037787,1.0
R0002_55033035,R0002_55039851,1.0
R0002_55033035,R0002_55032782,1.0
R0002_55033035,R0002_55036171,1.0
R0002_55033035,R0002_55035505,1.0
R0002_55033035,R0002_55011002,1.0
R0002_55033035,R0002_55031467,1.0
R0002_55033035,R0002_55028991,1.0
R0002_55033035,R0002_55027831,1.0
R0002_55033035,R0002_55038839,1.0
R0002_55033035,R0002_55019960,1.0
R0002_55033035,R0002_55006197,1.0
R0002_55033035,R0002_55036505,1.0
R0002_55033035,R0002_55044076,1.0
R0002_55033035,R0002_55036050,1.0
R0002_55033035,R0002_55037530,1.0
R0002_55033035,R0002_55040793,1.0
R0002_55033035,R0002_55043136,1.0
R0002_55033035,R0002_55014421,1.0
R0002_55033035,R0002_55003518,1.0
R0002_55033035,R0002_55027319,1.0
R0002_55033035,R0002_55035727,1.0
R0002_55033035,R0002_55032858,1.0
R0002_55033035,R0002_55029026,1.0
R0002_55033035,R0002_55039889,1.0
R0002_55033035,R0002_55041025,1.0
R0002_55033035,R0002_55041833,1.0
R0002_55033035,R0002_55031084,1.0
R0002_55033035,R0002_55030125,1.0
R0002_55033035,R0002_55011220,1.0
R0002_55033035,R0002_55043779,1.0
R0002_55033035,R0002_55026664,1.0
R0002_55033035,R0002_55037878,1.0
R0002_55033035,R0002_55043901,1.0
R0002_55033035,R0002_55037718,1.0
R0002_55033035,R0002_55042075,1.0
R0002_55033035,R0002_55031358,1.0
R0002_55033035,R0002_55025080,1.0
R0002_55033035,R0002_55037283,1.0
R0002_55033035,R0002_55019387,1.0
R0002_55033035,R0043_55035478,0.40816326530612246
R0002_55033035,R0043_55032756,0.40816326530612246
R0002_55033035,R0043_55039677,0.40816326530612246
R0002_55033035,R0043_55039678,0.40816326530612246
R0002_55033035,R0043_55029067,0.40816326530612246
R0002_55033035,R0043_55036252,0.40816326530612246
R0002_55033035,R0043_55034675,0.40816326530612246
R0002_55033035,R0043_55031083,0.40816326530612246
R0002_55033035,R0043_55036209,0.40816326530612246
R0002_55033035,R0043_55035181,0.40816326530612246
R0002_55033035,R0043_55032758,0.40816326530612246
R0002_55033035,R0043_55039681,0.40816326530612246
R0002_55033035,R0043_55039682,0.40816326530612246
R0002_55033035,R0043_55039683,0.40816326530612246
R0002_55033035,R0043_55039684,0.40816326530612246
R0002_55033035,R0043_55032632,0.40816326530612246
R0002_55033035,R0043_55021537,0.40816326530612246
R0002_55033035,R0043_55041926,0.40816326530612246
R0002_55033035,R0043_55029012,0.40816326530612246
R0002_55033035,R0043_55034882,0.40816326530612246
R0002_55033035,R0043_55039679,0.40816326530612246
R0002_55033035,R0043_55032862,0.40816326530612246
R0002_55033035,R0043_55032759,0.40816326530612246
R0002_55033035,R0043_55037980,0.40816326530612246
R0002_55033035,R0043_55037979,0.40816326530612246
R0002_55033035,R0043_55027552,0.40816326530612246
R0002_55033035,R0043_55034879,0.40816326530612246
R0002_55033035,R0043_55032908,0.40816326530612246
R0002_55033035,R0043_55039686,0.40816326530612246
R0002_55033035,R0043_55032863,0.40816326530612246
R0002_55033035,R0043_55009127,0.40816326530612246
R0002_55033035,R0043_55036250,0.40816326530612246
R0002_55033035,R0043_55034880,0.40816326530612246
R0002_55033035,R0043_55032860,0.40816326530612246
R0002_55033035,R0043_55029506,0.40816326530612246
R0002_55033035,R0043_55031288,0.40816326530612246
R0002_55033035,R0043_55036124,0.40816326530612246
R0002_55033035,R0043_55039830,0.40816326530612246
R0002_55033035,R0043_55034325,0.40816326530612246
R0002_55033035,R0043_55039829,0.40816326530612246
R0002_55033035,R0043_55031080,0.40816326530612246
R0002_55033035,R0043_55031077,0.40816326530612246
R0002_55033035,R0043_55017366,0.40816326530612246
R0002_55033035,R0043_55034335,0.40816326530612246
R0002_55033035,R0043_55031005,0.40816326530612246
R0002_55033035,R0055_55007584,0.4897959183673469
R0002_55033035,R0055_55007583,0.4897959183673469
R0002_55033035,R0204_55005925,0.5306122448979592
R0002_55033035,R0204_55032685,0.5306122448979592
R0002_55033035,R0204_55035156,0.5306122448979592
R0002_55033035,R0204_55022352,0.5306122448979592
R0002_55033035,R0204_55004131,0.5306122448979592
R0002_55033035,R0207_55036375,0.46938775510204084
R0002_55033035,R0207_55032672,0.46938775510204084
R0002_55033035,R0207_55032673,0.46938775510204084
R0002_55033035,R0290_55038074,0.46938775510204084
R0002_55033035,R0290_55041439,0.46938775510204084
R0002_55033035,R0290_55041442,0.46938775510204084
R0002_55033035,R0290_55041438,0.46938775510204084
R0002_55033035,R0290_55041440,0.46938775510204084
R0002_55033035,R0290_55041441,0.46938775510204084
R0002_55033035,R0290_55030423,0.46938775510204084
R0002_55033035,R0290_55039755,0.46938775510204084
R0002_55033035,R0290_55026840,0.46938775510204084
R0002_55033035,R0290_55038681,0.46938775510204084
R0002_55033035,R0290_55033209,0.46938775510204084
R0002_55033035,R0290_55043722,0.46938775510204084
R0002_55033035,R0377_55039577,0.5510204081632653
R0002_55033035,R0377_55032663,0.5510204081632653
R0002_55033035,R0377_55036003,0.5510204081632653
R0002_55033035,R0377_55036004,0.5510204081632653
R0002_55033035,R0377_55036006,0.5510204081632653
R0002_55033035,R0377_55036007,0.5510204081632653
R0002_55033035,R0377_55036008,0.5510204081632653
R0002_55033035,R0377_55036009,0.5510204081632653
R0002_55033035,R0377_55043375,0.5510204081632653
R0002_55033035,R0377_55032655,0.5510204081632653
R0002_55033035,R0377_55034860,0.5510204081632653
R0002_55033035,R0377_55042881,0.5510204081632653
R0002_55033035,R0377_55033035,0.5510204081632653
R0002_55033035,R0377_55044076,0.5510204081632653
R0002_55033035,R0377_55036698,0.5510204081632653
R0002_55033035,R0377_55032664,0.5510204081632653
R0002_55033035,R0377_55038331,0.5510204081632653
R0002_55033035,R0377_55041814,0.5510204081632653
R0002_55033035,R0377_55041025,0.5510204081632653
R0002_55033035,R0377_55039651,0.5510204081632653
R0002_55033035,R0377_55044100,0.5510204081632653
R0002_55033035,R0377_55026719,0.5510204081632653
R0002_55006197,R0002_55043311,1.0
R0002_55006197,R0002_55036002,1.0
R0002_55006197,R0002_55015378,1.0
R0002_55006197,R0002_55032731,1.0
R0002_55006197,R0002_55025944,1.0
R0002_55006197,R0002_55024341,1.0
R0002_55006197,R0002_55041509,1.0
R0002_55006197,R0002_55036059,1.0
R0002_55006197,R0002_55037787,1.0
R0002_55006197,R0002_55039851,1.0
R0002_55006197,R0002_55032782,1.0
R0002_55006197,R0002_55036171,1.0
R0002_55006197,R0002_55035505,1.0
R0002_55006197,R0002_55011002,1.0
R0002_55006197,R0002_55031467,1.0
R0002_55006197,R0002_55028991,1.0
R0002_55006197,R0002_55027831,1.0
R0002_55006197,R0002_55038839,1.0
R0002_55006197,R0002_55019960,1.0
R0002_55006197,R0002_55033035,1.0
R0002_55006197,R0002_55036505,1.0
R0002_55006197,R0002_55044076,1.0
R0002_55006197,R0002_55036050,1.0
R0002_55006197,R0002_55037530,1.0
R0002_55006197,R0002_55040793,1.0
R0002_55006197,R0002_55043136,1.0
R0002_55006197,R0002_55014421,1.0
R0002_55006197,R0002_55003518,1.0
R0002_55006197,R0002_55027319,1.0
R0002_55006197,R0002_55035727,1.0
R0002_55006197,R0002_55032858,1.0
R0002_55006197,R0002_55029026,1.0
R0002_55006197,R0002_55039889,1.0
R0002_55006197,R0002_55041025,1.0
R0002_55006197,R0002_55041833,1.0
R0002_55006197,R0002_55031084,1.0
R0002_55006197,R0002_55030125,1.0
R0002_55006197,R0002_55011220,1.0
R0002_55006197,R0002_55043779,1.0
R0002_55006197,R0002_55026664,1.0
R0002_55006197,R0002_55037878,1.0
R0002_55006197,R0002_55043901,1.0
R0002_55006197,R0002_55037718,1.0
R0002_55006197,R0002_55042075,1.0
R0002_55006197,R0002_55031358,1.0
R0002_55006197,R0002_55025080,1.0
R0002_55006197,R0002_55037283,1.0
R0002_55006197,R0002_55019387,1.0
R0002_55006197,R0043_55035478,0.40816326530612246
R0002_55006197,R0043_55032756,0.40816326530612246
R0002_55006197,R0043_55039677,0.40816326530612246
R0002_55006197,R0043_55039678,0.40816326530612246
R0002_55006197,R0043_55029067,0.40816326530612246
R0002_55006197,R0043_55036252,0.40816326530612246
R0002_55006197,R0043_55034675,0.40816326530612246
R0002_55006197,R0043_55031083,0.40816326530612246
R0002_55006197,R0043_55036209,0.40816326530612246
R0002_55006197,R0043_55035181,0.40816326530612246
R0002_55006197,R0043_55032758,0.40816326530612246
R0002_55006197,R0043_55039681,0.40816326530612246
R0002_55006197,R0043_55039682,0.40816326530612246
R0002_55006197,R0043_55039683,0.40816326530612246
R0002_55006197,R0043_55039684,0.40816326530612246
R0002_55006197,R0043_55032632,0.40816326530612246
R0002_55006197,R0043_55021537,0.40816326530612246
R0002_55006197,R0043_55041926,0.40816326530612246
R0002_55006197,R0043_55029012,0.40816326530612246
R0002_55006197,R0043_55034882,0.40816326530612246
R0002_55006197,R0043_55039679,0.40816326530612246
R0002_55006197,R0043_55032862,0.40816326530612246
R0002_55006197,R0043_55032759,0.40816326530612246
R0002_55006197,R0043_55037980,0.40816326530612246
R0002_55006197,R0043_55037979,0.40816326530612246
R0002_55006197,R0043_55027552,0.40816326530612246
R0002_55006197,R0043_55034879,0.40816326530612246
R0002_55006197,R0043_55032908,0.40816326530612246
R0002_55006197,R0043_55039686,0.40816326530612246
R0002_55006197,R0043_55032863,0.40816326530612246
R0002_55006197,R0043_55009127,0.40816326530612246
R0002_55006197,R0043_55036250,0.40816326530612246
R0002_55006197,R0043_55034880,0.40816326530612246
R0002_55006197,R0043_55032860,0.40816326530612246
R0002_55006197,R0043_55029506,0.40816326530612246
R0002_55006197,R0043_55031288,0.40816326530612246
R0002_55006197,R0043_55036124,0.40816326530612246
R0002_55006197,R0043_55039830,0.40816326530612246
R0002_55006197,R0043_55034325,0.40816326530612246
R0002_55006197,R0043_55039829,0.40816326530612246
R0002_55006197,R0043_55031080,0.40816326530612246
R0002_55006197,R0043_55031077,0.40816326530612246
R0002_55006197,R0043_55017366,0.40816326530612246
R0002_55006197,R0043_55034335,0.40816326530612246
R0002_55006197,R0043_55031005,0.40816326530612246
R0002_55006197,R0055_55007584,0.4897959183673469
R0002_55006197,R0055_55007583,0.4897959183673469
R0002_55006197,R0204_55005925,0.5306122448979592
R0002_55006197,R0204_55032685,0.5306122448979592
R0002_55006197,R0204_55035156,0.5306122448979592
R0002_55006197,R0204_55022352,0.5306122448979592
R0002_55006197,R0204_55004131,0.5306122448979592
R0002_55006197,R0207_55036375,0.46938775510204084
R0002_55006197,R0207_55032672,0.46938775510204084
R0002_55006197,R0207_55032673,0.46938775510204084
R0002_55006197,R0290_55038074,0.46938775510204084
R0002_55006197,R0290_55041439,0.46938775510204084
R0002_55006197,R0290_55041442,0.46938775510204084
R0002_55006197,R0290_55041438,0.46938775510204084
R0002_55006197,R0290_55041440,0.46938775510204084
R0002_55006197,R0290_55041441,0.46938775510204084
R0002_55006197,R0290_55030423,0.46938775510204084
R0002_55006197,R0290_55039755,0.46938775510204084
R0002_55006197,R0290_55026840,0.46938775510204084
R0002_55006197,R0290_55038681,0.46938775510204084
R0002_55006197,R0290_55033209,0.46938775510204084
R0002_55006197,R0290_55043722,0.46938775510204084
R0002_55006197,R0377_55039577,0.5510204081632653
R0002_55006197,R0377_55032663,0.5510204081632653
R0002_55006197,R0377_55036003,0.5510204081632653
R0002_55006197,R0377_55036004,0.5510204081632653
R0002_55006197,R0377_55036006,0.5510204081632653
R0002_55006197,R0377_55036007,0.5510204081632653
R0002_55006197,R0377_55036008,0.5510204081632653
R0002_55006197,R0377_55036009,0.5510204081632653
R0002_55006197,R0377_55043375,0.5510204081632653
R0002_55006197,R0377_55032655,0.5510204081632653
R0002_55006197,R0377_55034860,0.5510204081632653
R0002_55006197,R0377_55042881,0.5510204081632653
R0002_55006197,R0377_55033035,0.5510204081632653
R0002_55006197,R0377_55044076,0.5510204081632653
R0002_55006197,R0377_55036698,0.5510204081632653
R0002_55006197,R0377_55032664,0.5510204081632653
R0002_55006197,R0377_55038331,0.5510204081632653
R0002_55006197,R0377_55041814,0.5510204081632653
R0002_55006197,R0377_55041025,0.5510204081632653
R0002_55006197,R0377_55039651,0.5510204081632653
R0002_55006197,R0377_55044100,0.5510204081632653
R0002_55006197,R0377_55026719,0.5510204081632653
R0002_55036505,R0002_55043311,1.0
R0002_55036505,R0002_55036002,1.0
R0002_55036505,R0002_55015378,1.0
R0002_55036505,R0002_55032731,1.0
R0002_55036505,R0002_55025944,1.0
R0002_55036505,R0002_55024341,1.0
R0002_55036505,R0002_55041509,1.0
R0002_55036505,R0002_55036059,1.0
R0002_55036505,R0002_55037787,1.0
R0002_55036505,R0002_55039851,1.0
R0002_55036505,R0002_55032782,1.0
R0002_55036505,R0002_55036171,1.0
R0002_55036505,R0002_55035505,1.0
R0002_55036505,R0002_55011002,1.0
R0002_55036505,R0002_55031467,1.0
R0002_55036505,R0002_55028991,1.0
R0002_55036505,R0002_55027831,1.0
R0002_55036505,R0002_55038839,1.0
R0002_55036505,R0002_55019960,1.0
R0002_55036505,R0002_55033035,1.0
R0002_55036505,R0002_55006197,1.0
R0002_55036505,R0002_55044076,1.0
R0002_55036505,R0002_55036050,1.0
R0002_55036505,R0002_55037530,1.0
R0002_55036505,R0002_55040793,1.0
R0002_55036505,R0002_55043136,1.0
R0002_55036505,R0002_55014421,1.0
R0002_55036505,R0002_55003518,1.0
R0002_55036505,R0002_55027319,1.0
R0002_55036505,R0002_55035727,1.0
R0002_55036505,R0002_55032858,1.0
R0002_55036505,R0002_55029026,1.0
R0002_55036505,R0002_55039889,1.0
R0002_55036505,R0002_55041025,1.0
R0002_55036505,R0002_55041833,1.0
R0002_55036505,R0002_55031084,1.0
R0002_55036505,R0002_55030125,1.0
R0002_55036505,R0002_55011220,1.0
R0002_55036505,R0002_55043779,1.0
R0002_55036505,R0002_55026664,1.0
R0002_55036505,R0002_55037878,1.0
R0002_55036505,R0002_55043901,1.0
R0002_55036505,R0002_55037718,1.0
R0002_55036505,R0002_55042075,1.0
R0002_55036505,R0002_55031358,1.0
R0002_55036505,R0002_55025080,1.0
R0002_55036505,R0002_55037283,1.0
R0002_55036505,R0002_55019387,1.0
R0002_55036505,R0043_55035478,0.40816326530612246
R0002_55036505,R0043_55032756,0.40816326530612246
R0002_55036505,R0043_55039677,0.40816326530612246
R0002_55036505,R0043_55039678,0.40816326530612246
R0002_55036505,R0043_55029067,0.40816326530612246
R0002_55036505,R0043_55036252,0.40816326530612246
R0002_55036505,R0043_55034675,0.40816326530612246
R0002_55036505,R0043_55031083,0.40816326530612246
R0002_55036505,R0043_55036209,0.40816326530612246
R0002_55036505,R0043_55035181,0.40816326530612246
R0002_55036505,R0043_55032758,0.40816326530612246
R0002_55036505,R0043_55039681,0.40816326530612246
R0002_55036505,R0043_55039682,0.40816326530612246
R0002_55036505,R0043_55039683,0.40816326530612246
R0002_55036505,R0043_55039684,0.40816326530612246
R0002_55036505,R0043_55032632,0.40816326530612246
R0002_55036505,R0043_55021537,0.40816326530612246
R0002_55036505,R0043_55041926,0.40816326530612246
R0002_55036505,R0043_55029012,0.40816326530612246
R0002_55036505,R0043_55034882,0.40816326530612246
R0002_55036505,R0043_55039679,0.40816326530612246
R0002_55036505,R0043_55032862,0.40816326530612246
R0002_55036505,R0043_55032759,0.40816326530612246
R0002_55036505,R0043_55037980,0.40816326530612246
R0002_55036505,R0043_55037979,0.40816326530612246
R0002_55036505,R0043_55027552,0.40816326530612246
R0002_55036505,R0043_55034879,0.40816326530612246
R0002_55036505,R0043_55032908,0.40816326530612246
R0002_55036505,R0043_55039686,0.40816326530612246
R0002_55036505,R0043_55032863,0.40816326530612246
R0002_55036505,R0043_55009127,0.40816326530612246
R0002_55036505,R0043_55036250,0.40816326530612246
R0002_55036505,R0043_55034880,0.40816326530612246
R0002_55036505,R0043_55032860,0.40816326530612246
R0002_55036505,R0043_55029506,0.40816326530612246
R0002_55036505,R0043_55031288,0.40816326530612246
R0002_55036505,R0043_55036124,0.40816326530612246
R0002_55036505,R0043_55039830,0.40816326530612246
R0002_55036505,R0043_55034325,0.40816326530612246
R0002_55036505,R0043_55039829,0.40816326530612246
R0002_55036505,R0043_55031080,0.40816326530612246
R0002_55036505,R0043_55031077,0.40816326530612246
R0002_55036505,R0043_55017366,0.40816326530612246
R0002_55036505,R0043_55034335,0.40816326530612246
R0002_55036505,R0043_55031005,0.40816326530612246
R0002_55036505,R0055_55007584,0.4897959183673469
R0002_55036505,R0055_55007583,0.4897959183673469
R0002_55036505,R0204_55005925,0.5306122448979592
R0002_55036505,R0204_55032685,0.5306122448979592
R0002_55036505,R0204_55035156,0.5306122448979592
R0002_55036505,R0204_55022352,0.5306122448979592
R0002_55036505,R0204_55004131,0.5306122448979592
R0002_55036505,R0207_55036375,0.46938775510204084
R0002_55036505,R0207_55032672,0.46938775510204084
R0002_55036505,R0207_55032673,0.46938775510204084
R0002_55036505,R0290_55038074,0.46938775510204084
R0002_55036505,R0290_55041439,0.46938775510204084
R0002_55036505,R0290_55041442,0.46938775510204084
R0002_55036505,R0290_55041438,0.46938775510204084
R0002_55036505,R0290_55041440,0.46938775510204084
R0002_55036505,R0290_55041441,0.46938775510204084
R0002_55036505,R0290_55030423,0.46938775510204084
R0002_55036505,R0290_55039755,0.46938775510204084
R0002_55036505,R0290_55026840,0.46938775510204084
R0002_55036505,R0290_55038681,0.46938775510204084
R0002_55036505,R0290_55033209,0.46938775510204084
R0002_55036505,R0290_55043722,0.46938775510204084
R0002_55036505,R0377_55039577,0.5510204081632653
R0002_55036505,R0377_55032663,0.5510204081632653
R0002_55036505,R0377_55036003,0.5510204081632653
R0002_55036505,R0377_55036004,0.5510204081632653
R0002_55036505,R0377_55036006,0.5510204081632653
R0002_55036505,R0377_55036007,0.5510204081632653
R0002_55036505,R0377_55036008,0.5510204081632653
R0002_55036505,R0377_55036009,0.5510204081632653
R0002_55036505,R0377_55043375,0.5510204081632653
R0002_55036505,R0377_55032655,0.5510204081632653
R0002_55036505,R0377_55034860,0.5510204081632653
R0002_55036505,R0377_55042881,0.5510204081632653
R0002_55036505,R0377_55033035,0.5510204081632653
R0002_55036505,R0377_55044076,0.5510204081632653
R0002_55036505,R0377_55036698,0.5510204081632653
R0002_55036505,R0377_55032664,0.5510204081632653
R0002_55036505,R0377_55038331,0.5510204081632653
R0002_55036505,R0377_55041814,0.5510204081632653
R0002_55036505,R0377_55041025,0.5510204081632653
R0002_55036505,R0377_55039651,0.5510204081632653
R0002_55036505,R0377_55044100,0.5510204081632653
R0002_55036505,R0377_55026719,0.5510204081632653
R0002_55044076,R0002_55043311,1.0
R0002_55044076,R0002_55036002,1.0
R0002_55044076,R0002_55015378,1.0
R0002_55044076,R0002_55032731,1.0
R0002_55044076,R0002_55025944,1.0
R0002_55044076,R0002_55024341,1.0
R0002_55044076,R0002_55041509,1.0
R0002_55044076,R0002_55036059,1.0
R0002_55044076,R0002_55037787,1.0
R0002_55044076,R0002_55039851,1.0
R0002_55044076,R0002_55032782,1.0
R0002_55044076,R0002_55036171,1.0
R0002_55044076,R0002_55035505,1.0
R0002_55044076,R0002_55011002,1.0
R0002_55044076,R0002_55031467,1.0
R0002_55044076,R0002_55028991,1.0
R0002_55044076,R0002_55027831,1.0
R0002_55044076,R0002_55038839,1.0
R0002_55044076,R0002_55019960,1.0
R0002_55044076,R0002_55033035,1.0
R0002_55044076,R0002_55006197,1.0
R0002_55044076,R0002_55036505,1.0
R0002_55044076,R0002_55036050,1.0
R0002_55044076,R0002_55037530,1.0
R0002_55044076,R0002_55040793,1.0
R0002_55044076,R0002_55043136,1.0
R0002_55044076,R0002_55014421,1.0
R0002_55044076,R0002_55003518,1.0
R0002_55044076,R0002_55027319,1.0
R0002_55044076,R0002_55035727,1.0
R0002_55044076,R0002_55032858,1.0
R0002_55044076,R0002_55029026,1.0
R0002_55044076,R0002_55039889,1.0
R0002_55044076,R0002_55041025,1.0
R0002_55044076,R0002_55041833,1.0
R0002_55044076,R0002_55031084,1.0
R0002_55044076,R0002_55030125,1.0
R0002_55044076,R0002_55011220,1.0
R0002_55044076,R0002_55043779,1.0
R0002_55044076,R0002_55026664,1.0
R0002_55044076,R0002_55037878,1.0
R0002_55044076,R0002_55043901,1.0
R0002_55044076,R0002_55037718,1.0
R0002_55044076,R0002_55042075,1.0
R0002_55044076,R0002_55031358,1.0
R0002_55044076,R0002_55025080,1.0
R0002_55044076,R0002_55037283,1.0
R0002_55044076,R0002_55019387,1.0
R0002_55044076,R0043_55035478,0.40816326530612246
R0002_55044076,R0043_55032756,0.40816326530612246
R0002_55044076,R0043_55039677,0.40816326530612246
R0002_55044076,R0043_55039678,0.40816326530612246
R0002_55044076,R0043_55029067,0.40816326530612246
R0002_55044076,R0043_55036252,0.40816326530612246
R0002_55044076,R0043_55034675,0.40816326530612246
R0002_55044076,R0043_55031083,0.40816326530612246
R0002_55044076,R0043_55036209,0.40816326530612246
R0002_55044076,R0043_55035181,0.40816326530612246
R0002_55044076,R0043_55032758,0.40816326530612246
R0002_55044076,R0043_55039681,0.40816326530612246
R0002_55044076,R0043_55039682,0.40816326530612246
R0002_55044076,R0043_55039683,0.40816326530612246
R0002_55044076,R0043_55039684,0.40816326530612246
R0002_55044076,R0043_55032632,0.40816326530612246
R0002_55044076,R0043_55021537,0.40816326530612246
R0002_55044076,R0043_55041926,0.40816326530612246
R0002_55044076,R0043_55029012,0.40816326530612246
R0002_55044076,R0043_55034882,0.40816326530612246
R0002_55044076,R0043_55039679,0.40816326530612246
R0002_55044076,R0043_55032862,0.40816326530612246
R0002_55044076,R0043_55032759,0.40816326530612246
R0002_55044076,R0043_55037980,0.40816326530612246
R0002_55044076,R0043_55037979,0.40816326530612246
R0002_55044076,R0043_55027552,0.40816326530612246
R0002_55044076,R0043_55034879,0.40816326530612246
R0002_55044076,R0043_55032908,0.40816326530612246
R0002_55044076,R0043_55039686,0.40816326530612246
R0002_55044076,R0043_55032863,0.40816326530612246
R0002_55044076,R0043_55009127,0.40816326530612246
R0002_55044076,R0043_55036250,0.40816326530612246
R0002_55044076,R0043_55034880,0.40816326530612246
R0002_55044076,R0043_55032860,0.40816326530612246
R0002_55044076,R0043_55029506,0.40816326530612246
R0002_55044076,R0043_55031288,0.40816326530612246
R0002_55044076,R0043_55036124,0.40816326530612246
R0002_55044076,R0043_55039830,0.40816326530612246
R0002_55044076,R0043_55034325,0.40816326530612246
R0002_55044076,R0043_55039829,0.40816326530612246
R0002_55044076,R0043_55031080,0.40816326530612246
R0002_55044076,R0043_55031077,0.40816326530612246
R0002_55044076,R0043_55017366,0.40816326530612246
R0002_55044076,R0043_55034335,0.40816326530612246
R0002_55044076,R0043_55031005,0.40816326530612246
R0002_55044076,R0055_55007584,0.4897959183673469
R0002_55044076,R0055_55007583,0.4897959183673469
R0002_55044076,R0204_55005925,0.5306122448979592
R0002_55044076,R0204_55032685,0.5306122448979592
R0002_55044076,R0204_55035156,0.5306122448979592
R0002_55044076,R0204_55022352,0.5306122448979592
R0002_55044076,R0204_55004131,0.5306122448979592
R0002_55044076,R0207_55036375,0.46938775510204084
R0002_55044076,R0207_55032672,0.46938775510204084
R0002_55044076,R0207_55032673,0.46938775510204084
R0002_55044076,R0290_55038074,0.46938775510204084
R0002_55044076,R0290_55041439,0.46938775510204084
R0002_55044076,R0290_55041442,0.46938775510204084
R0002_55044076,R0290_55041438,0.46938775510204084
R0002_55044076,R0290_55041440,0.46938775510204084
R0002_55044076,R0290_55041441,0.46938775510204084
R0002_55044076,R0290_55030423,0.46938775510204084
R0002_55044076,R0290_55039755,0.46938775510204084
R0002_55044076,R0290_55026840,0.46938775510204084
R0002_55044076,R0290_55038681,0.46938775510204084
R0002_55044076,R0290_55033209,0.46938775510204084
R0002_55044076,R0290_55043722,0.46938775510204084
R0002_55044076,R0377_55039577,0.5510204081632653
R0002_55044076,R0377_55032663,0.5510204081632653
R0002_55044076,R0377_55036003,0.5510204081632653
R0002_55044076,R0377_55036004,0.5510204081632653
R0002_55044076,R0377_55036006,0.5510204081632653
R0002_55044076,R0377_55036007,0.5510204081632653
R0002_55044076,R0377_55036008,0.5510204081632653
R0002_55044076,R0377_55036009,0.5510204081632653
R0002_55044076,R0377_55043375,0.5510204081632653
R0002_55044076,R0377_55032655,0.5510204081632653
R0002_55044076,R0377_55034860,0.5510204081632653
R0002_55044076,R0377_55042881,0.5510204081632653
R0002_55044076,R0377_55033035,0.5510204081632653
R0002_55044076,R0377_55044076,0.5510204081632653
R0002_55044076,R0377_55036698,0.5510204081632653
R0002_55044076,R0377_55032664,0.5510204081632653
R0002_55044076,R0377_55038331,0.5510204081632653
R0002_55044076,R0377_55041814,0.5510204081632653
R0002_55044076,R0377_55041025,0.5510204081632653
R0002_55044076,R0377_55039651,0.5510204081632653
R0002_55044076,R0377_55044100,0.5510204081632653
R0002_55044076,R0377_55026719,0.5510204081632653
R0002_55036050,R0002_55043311,1.0
R0002_55036050,R0002_55036002,1.0
R0002_55036050,R0002_55015378,1.0
R0002_55036050,R0002_55032731,1.0
R0002_55036050,R0002_55025944,1.0
R0002_55036050,R0002_55024341,1.0
R0002_55036050,R0002_55041509,1.0
R0002_55036050,R0002_55036059,1.0
R0002_55036050,R0002_55037787,1.0
R0002_55036050,R0002_55039851,1.0
R0002_55036050,R0002_55032782,1.0
R0002_55036050,R0002_55036171,1.0
R0002_55036050,R0002_55035505,1.0
R0002_55036050,R0002_55011002,1.0
R0002_55036050,R0002_55031467,1.0
R0002_55036050,R0002_55028991,1.0
R0002_55036050,R0002_55027831,1.0
R0002_55036050,R0002_55038839,1.0
R0002_55036050,R0002_55019960,1.0
R0002_55036050,R0002_55033035,1.0
R0002_55036050,R0002_55006197,1.0
R0002_55036050,R0002_55036505,1.0
R0002_55036050,R0002_55044076,1.0
R0002_55036050,R0002_55037530,1.0
R0002_55036050,R0002_55040793,1.0
R0002_55036050,R0002_55043136,1.0
R0002_55036050,R0002_55014421,1.0
R0002_55036050,R0002_55003518,1.0
R0002_55036050,R0002_55027319,1.0
R0002_55036050,R0002_55035727,1.0
R0002_55036050,R0002_55032858,1.0
R0002_55036050,R0002_55029026,1.0
R0002_55036050,R0002_55039889,1.0
R0002_55036050,R0002_55041025,1.0
R0002_55036050,R0002_55041833,1.0
R0002_55036050,R0002_55031084,1.0
R0002_55036050,R0002_55030125,1.0
R0002_55036050,R0002_55011220,1.0
R0002_55036050,R0002_55043779,1.0
R0002_55036050,R0002_55026664,1.0
R0002_55036050,R0002_55037878,1.0
R0002_55036050,R0002_55043901,1.0
R0002_55036050,R0002_55037718,1.0
R0002_55036050,R0002_55042075,1.0
R0002_55036050,R0002_55031358,1.0
R0002_55036050,R0002_55025080,1.0
R0002_55036050,R0002_55037283,1.0
R0002_55036050,R0002_55019387,1.0
R0002_55036050,R0043_55035478,0.40816326530612246
R0002_55036050,R0043_55032756,0.40816326530612246
R0002_55036050,R0043_55039677,0.40816326530612246
R0002_55036050,R0043_55039678,0.40816326530612246
R0002_55036050,R0043_55029067,0.40816326530612246
R0002_55036050,R0043_55036252,0.40816326530612246
R0002_55036050,R0043_55034675,0.40816326530612246
R0002_55036050,R0043_55031083,0.40816326530612246
R0002_55036050,R0043_55036209,0.40816326530612246
R0002_55036050,R0043_55035181,0.40816326530612246
R0002_55036050,R0043_55032758,0.40816326530612246
R0002_55036050,R0043_55039681,0.40816326530612246
R0002_55036050,R0043_55039682,0.40816326530612246
R0002_55036050,R0043_55039683,0.40816326530612246
R0002_55036050,R0043_55039684,0.40816326530612246
R0002_55036050,R0043_55032632,0.40816326530612246
R0002_55036050,R0043_55021537,0.40816326530612246
R0002_55036050,R0043_55041926,0.40816326530612246
R0002_55036050,R0043_55029012,0.40816326530612246
R0002_55036050,R0043_55034882,0.40816326530612246
R0002_55036050,R0043_55039679,0.40816326530612246
R0002_55036050,R0043_55032862,0.40816326530612246
R0002_55036050,R0043_55032759,0.40816326530612246
R0002_55036050,R0043_55037980,0.40816326530612246
R0002_55036050,R0043_55037979,0.40816326530612246
R0002_55036050,R0043_55027552,0.40816326530612246
R0002_55036050,R0043_55034879,0.40816326530612246
R0002_55036050,R0043_55032908,0.40816326530612246
R0002_55036050,R0043_55039686,0.40816326530612246
R0002_55036050,R0043_55032863,0.40816326530612246
R0002_55036050,R0043_55009127,0.40816326530612246
R0002_55036050,R0043_55036250,0.40816326530612246
R0002_55036050,R0043_55034880,0.40816326530612246
R0002_55036050,R0043_55032860,0.40816326530612246
R0002_55036050,R0043_55029506,0.40816326530612246
R0002_55036050,R0043_55031288,0.40816326530612246
R0002_55036050,R0043_55036124,0.40816326530612246
R0002_55036050,R0043_55039830,0.40816326530612246
R0002_55036050,R0043_55034325,0.40816326530612246
R0002_55036050,R0043_55039829,0.40816326530612246
R0002_55036050,R0043_55031080,0.40816326530612246
R0002_55036050,R0043_55031077,0.40816326530612246
R0002_55036050,R0043_55017366,0.40816326530612246
R0002_55036050,R0043_55034335,0.40816326530612246
R0002_55036050,R0043_55031005,0.40816326530612246
R0002_55036050,R0055_55007584,0.4897959183673469
R0002_55036050,R0055_55007583,0.4897959183673469
R0002_55036050,R0204_55005925,0.5306122448979592
R0002_55036050,R0204_55032685,0.5306122448979592
R0002_55036050,R0204_55035156,0.5306122448979592
R0002_55036050,R0204_55022352,0.5306122448979592
R0002_55036050,R0204_55004131,0.5306122448979592
R0002_55036050,R0207_55036375,0.46938775510204084
R0002_55036050,R0207_55032672,0.46938775510204084
R0002_55036050,R0207_55032673,0.46938775510204084
R0002_55036050,R0290_55038074,0.46938775510204084
R0002_55036050,R0290_55041439,0.46938775510204084
R0002_55036050,R0290_55041442,0.46938775510204084
R0002_55036050,R0290_55041438,0.46938775510204084
R0002_55036050,R0290_55041440,0.46938775510204084
R0002_55036050,R0290_55041441,0.46938775510204084
R0002_55036050,R0290_55030423,0.46938775510204084
R0002_55036050,R0290_55039755,0.46938775510204084
R0002_55036050,R0290_55026840,0.46938775510204084
R0002_55036050,R0290_55038681,0.46938775510204084
R0002_55036050,R0290_55033209,0.46938775510204084
R0002_55036050,R0290_55043722,0.46938775510204084
R0002_55036050,R0377_55039577,0.5510204081632653
R0002_55036050,R0377_55032663,0.5510204081632653
R0002_55036050,R0377_55036003,0.5510204081632653
R0002_55036050,R0377_55036004,0.5510204081632653
R0002_55036050,R0377_55036006,0.5510204081632653
R0002_55036050,R0377_55036007,0.5510204081632653
R0002_55036050,R0377_55036008,0.5510204081632653
R0002_55036050,R0377_55036009,0.5510204081632653
R0002_55036050,R0377_55043375,0.5510204081632653
R0002_55036050,R0377_55032655,0.5510204081632653
R0002_55036050,R0377_55034860,0.5510204081632653
R0002_55036050,R0377_55042881,0.5510204081632653
R0002_55036050,R0377_55033035,0.5510204081632653
R0002_55036050,R0377_55044076,0.5510204081632653
R0002_55036050,R0377_55036698,0.5510204081632653
R0002_55036050,R0377_55032664,0.5510204081632653
R0002_55036050,R0377_55038331,0.5510204081632653
R0002_55036050,R0377_55041814,0.5510204081632653
R0002_55036050,R0377_55041025,0.5510204081632653
R0002_55036050,R0377_55039651,0.5510204081632653
R0002_55036050,R0377_55044100,0.5510204081632653
R0002_55036050,R0377_55026719,0.5510204081632653
R0002_55037530,R0002_55043311,1.0
R0002_55037530,R0002_55036002,1.0
R0002_55037530,R0002_55015378,1.0
R0002_55037530,R0002_55032731,1.0
R0002_55037530,R0002_55025944,1.0
R0002_55037530,R0002_55024341,1.0
R0002_55037530,R0002_55041509,1.0
R0002_55037530,R0002_55036059,1.0
R0002_55037530,R0002_55037787,1.0
R0002_55037530,R0002_55039851,1.0
R0002_55037530,R0002_55032782,1.0
R0002_55037530,R0002_55036171,1.0
R0002_55037530,R0002_55035505,1.0
R0002_55037530,R0002_55011002,1.0
R0002_55037530,R0002_55031467,1.0
R0002_55037530,R0002_55028991,1.0
R0002_55037530,R0002_55027831,1.0
R0002_55037530,R0002_55038839,1.0
R0002_55037530,R0002_55019960,1.0
R0002_55037530,R0002_55033035,1.0
R0002_55037530,R0002_55006197,1.0
R0002_55037530,R0002_55036505,1.0
R0002_55037530,R0002_55044076,1.0
R0002_55037530,R0002_55036050,1.0
R0002_55037530,R0002_55040793,1.0
R0002_55037530,R0002_55043136,1.0
R0002_55037530,R0002_55014421,1.0
R0002_55037530,R0002_55003518,1.0
R0002_55037530,R0002_55027319,1.0
R0002_55037530,R0002_55035727,1.0
R0002_55037530,R0002_55032858,1.0
R0002_55037530,R0002_55029026,1.0
R0002_55037530,R0002_55039889,1.0
R0002_55037530,R0002_55041025,1.0
R0002_55037530,R0002_55041833,1.0
R0002_55037530,R0002_55031084,1.0
R0002_55037530,R0002_55030125,1.0
R0002_55037530,R0002_55011220,1.0
R0002_55037530,R0002_55043779,1.0
R0002_55037530,R0002_55026664,1.0
R0002_55037530,R0002_55037878,1.0
R0002_55037530,R0002_55043901,1.0
R0002_55037530,R0002_55037718,1.0
R0002_55037530,R0002_55042075,1.0
R0002_55037530,R0002_55031358,1.0
R0002_55037530,R0002_55025080,1.0
R0002_55037530,R0002_55037283,1.0
R0002_55037530,R0002_55019387,1.0
R0002_55037530,R0043_55035478,0.40816326530612246
R0002_55037530,R0043_55032756,0.40816326530612246
R0002_55037530,R0043_55039677,0.40816326530612246
R0002_55037530,R0043_55039678,0.40816326530612246
R0002_55037530,R0043_55029067,0.40816326530612246
R0002_55037530,R0043_55036252,0.40816326530612246
R0002_55037530,R0043_55034675,0.40816326530612246
R0002_55037530,R0043_55031083,0.40816326530612246
R0002_55037530,R0043_55036209,0.40816326530612246
R0002_55037530,R0043_55035181,0.40816326530612246
R0002_55037530,R0043_55032758,0.40816326530612246
R0002_55037530,R0043_55039681,0.40816326530612246
R0002_55037530,R0043_55039682,0.40816326530612246
R0002_55037530,R0043_55039683,0.40816326530612246
R0002_55037530,R0043_55039684,0.40816326530612246
R0002_55037530,R0043_55032632,0.40816326530612246
R0002_55037530,R0043_55021537,0.40816326530612246
R0002_55037530,R0043_55041926,0.40816326530612246
R0002_55037530,R0043_55029012,0.40816326530612246
R0002_55037530,R0043_55034882,0.40816326530612246
R0002_55037530,R0043_55039679,0.40816326530612246
R0002_55037530,R0043_55032862,0.40816326530612246
R0002_55037530,R0043_55032759,0.40816326530612246
R0002_55037530,R0043_55037980,0.40816326530612246
R0002_55037530,R0043_55037979,0.40816326530612246
R0002_55037530,R0043_55027552,0.40816326530612246
R0002_55037530,R0043_55034879,0.40816326530612246
R0002_55037530,R0043_55032908,0.40816326530612246
R0002_55037530,R0043_55039686,0.40816326530612246
R0002_55037530,R0043_55032863,0.40816326530612246
R0002_55037530,R0043_55009127,0.40816326530612246
R0002_55037530,R0043_55036250,0.40816326530612246
R0002_55037530,R0043_55034880,0.40816326530612246
R0002_55037530,R0043_55032860,0.40816326530612246
R0002_55037530,R0043_55029506,0.40816326530612246
R0002_55037530,R0043_55031288,0.40816326530612246
R0002_55037530,R0043_55036124,0.40816326530612246
R0002_55037530,R0043_55039830,0.40816326530612246
R0002_55037530,R0043_55034325,0.40816326530612246
R0002_55037530,R0043_55039829,0.40816326530612246
R0002_55037530,R0043_55031080,0.40816326530612246
R0002_55037530,R0043_55031077,0.40816326530612246
R0002_55037530,R0043_55017366,0.40816326530612246
R0002_55037530,R0043_55034335,0.40816326530612246
R0002_55037530,R0043_55031005,0.40816326530612246
R0002_55037530,R0055_55007584,0.4897959183673469
R0002_55037530,R0055_55007583,0.4897959183673469
R0002_55037530,R0204_55005925,0.5306122448979592
R0002_55037530,R0204_55032685,0.5306122448979592
R0002_55037530,R0204_55035156,0.5306122448979592
R0002_55037530,R0204_55022352,0.5306122448979592
R0002_55037530,R0204_55004131,0.5306122448979592
R0002_55037530,R0207_55036375,0.46938775510204084
R0002_55037530,R0207_55032672,0.46938775510204084
R0002_55037530,R0207_55032673,0.46938775510204084
R0002_55037530,R0290_55038074,0.46938775510204084
R0002_55037530,R0290_55041439,0.46938775510204084
R0002_55037530,R0290_55041442,0.46938775510204084
R0002_55037530,R0290_55041438,0.46938775510204084
R0002_55037530,R0290_55041440,0.46938775510204084
R0002_55037530,R0290_55041441,0.46938775510204084
R0002_55037530,R0290_55030423,0.46938775510204084
R0002_55037530,R0290_55039755,0.46938775510204084
R0002_55037530,R0290_55026840,0.46938775510204084
R0002_55037530,R0290_55038681,0.46938775510204084
R0002_55037530,R0290_55033209,0.46938775510204084
R0002_55037530,R0290_55043722,0.46938775510204084
R0002_55037530,R0377_55039577,0.5510204081632653
R0002_55037530,R0377_55032663,0.5510204081632653
R0002_55037530,R0377_55036003,0.5510204081632653
R0002_55037530,R0377_55036004,0.5510204081632653
R0002_55037530,R0377_55036006,0.5510204081632653
R0002_55037530,R0377_55036007,0.5510204081632653
R0002_55037530,R0377_55036008,0.5510204081632653
R0002_55037530,R0377_55036009,0.5510204081632653
R0002_55037530,R0377_55043375,0.5510204081632653
R0002_55037530,R0377_55032655,0.5510204081632653
R0002_55037530,R0377_55034860,0.5510204081632653
R0002_55037530,R0377_55042881,0.5510204081632653
R0002_55037530,R0377_55033035,0.5510204081632653
R0002_55037530,R0377_55044076,0.5510204081632653
R0002_55037530,R0377_55036698,0.5510204081632653
R0002_55037530,R0377_55032664,0.5510204081632653
R0002_55037530,R0377_55038331,0.5510204081632653
R0002_55037530,R0377_55041814,0.5510204081632653
R0002_55037530,R0377_55041025,0.5510204081632653
R0002_55037530,R0377_55039651,0.5510204081632653
R0002_55037530,R0377_55044100,0.5510204081632653
R0002_55037530,R0377_55026719,0.5510204081632653
R0002_55040793,R0002_55043311,1.0
R0002_55040793,R0002_55036002,1.0
R0002_55040793,R0002_55015378,1.0
R0002_55040793,R0002_55032731,1.0
R0002_55040793,R0002_55025944,1.0
R0002_55040793,R0002_55024341,1.0
R0002_55040793,R0002_55041509,1.0
R0002_55040793,R0002_55036059,1.0
R0002_55040793,R0002_55037787,1.0
R0002_55040793,R0002_55039851,1.0
R0002_55040793,R0002_55032782,1.0
R0002_55040793,R0002_55036171,1.0
R0002_55040793,R0002_55035505,1.0
R0002_55040793,R0002_55011002,1.0
R0002_55040793,R0002_55031467,1.0
R0002_55040793,R0002_55028991,1.0
R0002_55040793,R0002_55027831,1.0
R0002_55040793,R0002_55038839,1.0
R0002_55040793,R0002_55019960,1.0
R0002_55040793,R0002_55033035,1.0
R0002_55040793,R0002_55006197,1.0
R0002_55040793,R0002_55036505,1.0
R0002_55040793,R0002_55044076,1.0
R0002_55040793,R0002_55036050,1.0
R0002_55040793,R0002_55037530,1.0
R0002_55040793,R0002_55043136,1.0
R0002_55040793,R0002_55014421,1.0
R0002_55040793,R0002_55003518,1.0
R0002_55040793,R0002_55027319,1.0
R0002_55040793,R0002_55035727,1.0
R0002_55040793,R0002_55032858,1.0
R0002_55040793,R0002_55029026,1.0
R0002_55040793,R0002_55039889,1.0
R0002_55040793,R0002_55041025,1.0
R0002_55040793,R0002_55041833,1.0
R0002_55040793,R0002_55031084,1.0
R0002_55040793,R0002_55030125,1.0
R0002_55040793,R0002_55011220,1.0
R0002_55040793,R0002_55043779,1.0
R0002_55040793,R0002_55026664,1.0
R0002_55040793,R0002_55037878,1.0
R0002_55040793,R0002_55043901,1.0
R0002_55040793,R0002_55037718,1.0
R0002_55040793,R0002_55042075,1.0
R0002_55040793,R0002_55031358,1.0
R0002_55040793,R0002_55025080,1.0
R0002_55040793,R0002_55037283,1.0
R0002_55040793,R0002_55019387,1.0
R0002_55040793,R0043_55035478,0.40816326530612246
R0002_55040793,R0043_55032756,0.40816326530612246
R0002_55040793,R0043_55039677,0.40816326530612246
R0002_55040793,R0043_55039678,0.40816326530612246
R0002_55040793,R0043_55029067,0.40816326530612246
R0002_55040793,R0043_55036252,0.40816326530612246
R0002_55040793,R0043_55034675,0.40816326530612246
R0002_55040793,R0043_55031083,0.40816326530612246
R0002_55040793,R0043_55036209,0.40816326530612246
R0002_55040793,R0043_55035181,0.40816326530612246
R0002_55040793,R0043_55032758,0.40816326530612246
R0002_55040793,R0043_55039681,0.40816326530612246
R0002_55040793,R0043_55039682,0.40816326530612246
R0002_55040793,R0043_55039683,0.40816326530612246
R0002_55040793,R0043_55039684,0.40816326530612246
R0002_55040793,R0043_55032632,0.40816326530612246
R0002_55040793,R0043_55021537,0.40816326530612246
R0002_55040793,R0043_55041926,0.40816326530612246
R0002_55040793,R0043_55029012,0.40816326530612246
R0002_55040793,R0043_55034882,0.40816326530612246
R0002_55040793,R0043_55039679,0.40816326530612246
R0002_55040793,R0043_55032862,0.40816326530612246
R0002_55040793,R0043_55032759,0.40816326530612246
R0002_55040793,R0043_55037980,0.40816326530612246
R0002_55040793,R0043_55037979,0.40816326530612246
R0002_55040793,R0043_55027552,0.40816326530612246
R0002_55040793,R0043_55034879,0.40816326530612246
R0002_55040793,R0043_55032908,0.40816326530612246
R0002_55040793,R0043_55039686,0.40816326530612246
R0002_55040793,R0043_55032863,0.40816326530612246
R0002_55040793,R0043_55009127,0.40816326530612246
R0002_55040793,R0043_55036250,0.40816326530612246
R0002_55040793,R0043_55034880,0.40816326530612246
R0002_55040793,R0043_55032860,0.40816326530612246
R0002_55040793,R0043_55029506,0.40816326530612246
R0002_55040793,R0043_55031288,0.40816326530612246
R0002_55040793,R0043_55036124,0.40816326530612246
R0002_55040793,R0043_55039830,0.40816326530612246
R0002_55040793,R0043_55034325,0.40816326530612246
R0002_55040793,R0043_55039829,0.40816326530612246
R0002_55040793,R0043_55031080,0.40816326530612246
R0002_55040793,R0043_55031077,0.40816326530612246
R0002_55040793,R0043_55017366,0.40816326530612246
R0002_55040793,R0043_55034335,0.40816326530612246
R0002_55040793,R0043_55031005,0.40816326530612246
R0002_55040793,R0055_55007584,0.4897959183673469
R0002_55040793,R0055_55007583,0.4897959183673469
R0002_55040793,R0204_55005925,0.5306122448979592
R0002_55040793,R0204_55032685,0.5306122448979592
R0002_55040793,R0204_55035156,0.5306122448979592
R0002_55040793,R0204_55022352,0.5306122448979592
R0002_55040793,R0204_55004131,0.5306122448979592
R0002_55040793,R0207_55036375,0.46938775510204084
R0002_55040793,R0207_55032672,0.46938775510204084
R0002_55040793,R0207_55032673,0.46938775510204084
R0002_55040793,R0290_55038074,0.46938775510204084
R0002_55040793,R0290_55041439,0.46938775510204084
R0002_55040793,R0290_55041442,0.46938775510204084
R0002_55040793,R0290_55041438,0.46938775510204084
R0002_55040793,R0290_55041440,0.46938775510204084
R0002_55040793,R0290_55041441,0.46938775510204084
R0002_55040793,R0290_55030423,0.46938775510204084
R0002_55040793,R0290_55039755,0.46938775510204084
R0002_55040793,R0290_55026840,0.46938775510204084
R0002_55040793,R0290_55038681,0.46938775510204084
R0002_55040793,R0290_55033209,0.46938775510204084
R0002_55040793,R0290_55043722,0.46938775510204084
R0002_55040793,R0377_55039577,0.5510204081632653
R0002_55040793,R0377_55032663,0.5510204081632653
R0002_55040793,R0377_55036003,0.5510204081632653
R0002_55040793,R0377_55036004,0.5510204081632653
R0002_55040793,R0377_55036006,0.5510204081632653
R0002_55040793,R0377_55036007,0.5510204081632653
R0002_55040793,R0377_55036008,0.5510204081632653
R0002_55040793,R0377_55036009,0.5510204081632653
R0002_55040793,R0377_55043375,0.5510204081632653
R0002_55040793,R0377_55032655,0.5510204081632653
R0002_55040793,R0377_55034860,0.5510204081632653
R0002_55040793,R0377_55042881,0.5510204081632653
R0002_55040793,R0377_55033035,0.5510204081632653
R0002_55040793,R0377_55044076,0.5510204081632653
R0002_55040793,R0377_55036698,0.5510204081632653
R0002_55040793,R0377_55032664,0.5510204081632653
R0002_55040793,R0377_55038331,0.5510204081632653
R0002_55040793,R0377_55041814,0.5510204081632653
R0002_55040793,R0377_55041025,0.5510204081632653
R0002_55040793,R0377_55039651,0.5510204081632653
R0002_55040793,R0377_55044100,0.5510204081632653
R0002_55040793,R0377_55026719,0.5510204081632653
R0002_55043136,R0002_55043311,1.0
R0002_55043136,R0002_55036002,1.0
R0002_55043136,R0002_55015378,1.0
R0002_55043136,R0002_55032731,1.0
R0002_55043136,R0002_55025944,1.0
R0002_55043136,R0002_55024341,1.0
R0002_55043136,R0002_55041509,1.0
R0002_55043136,R0002_55036059,1.0
R0002_55043136,R0002_55037787,1.0
R0002_55043136,R0002_55039851,1.0
R0002_55043136,R0002_55032782,1.0
R0002_55043136,R0002_55036171,1.0
R0002_55043136,R0002_55035505,1.0
R0002_55043136,R0002_55011002,1.0
R0002_55043136,R0002_55031467,1.0
R0002_55043136,R0002_55028991,1.0
R0002_55043136,R0002_55027831,1.0
R0002_55043136,R0002_55038839,1.0
R0002_55043136,R0002_55019960,1.0
R0002_55043136,R0002_55033035,1.0
R0002_55043136,R0002_55006197,1.0
R0002_55043136,R0002_55036505,1.0
R0002_55043136,R0002_55044076,1.0
R0002_55043136,R0002_55036050,1.0
R0002_55043136,R0002_55037530,1.0
R0002_55043136,R0002_55040793,1.0
R0002_55043136,R0002_55014421,1.0
R0002_55043136,R0002_55003518,1.0
R0002_55043136,R0002_55027319,1.0
R0002_55043136,R0002_55035727,1.0
R0002_55043136,R0002_55032858,1.0
R0002_55043136,R0002_55029026,1.0
R0002_55043136,R0002_55039889,1.0
R0002_55043136,R0002_55041025,1.0
R0002_55043136,R0002_55041833,1.0
R0002_55043136,R0002_55031084,1.0
R0002_55043136,R0002_55030125,1.0
R0002_55043136,R0002_55011220,1.0
R0002_55043136,R0002_55043779,1.0
R0002_55043136,R0002_55026664,1.0
R0002_55043136,R0002_55037878,1.0
R0002_55043136,R0002_55043901,1.0
R0002_55043136,R0002_55037718,1.0
R0002_55043136,R0002_55042075,1.0
R0002_55043136,R0002_55031358,1.0
R0002_55043136,R0002_55025080,1.0
R0002_55043136,R0002_55037283,1.0
R0002_55043136,R0002_55019387,1.0
R0002_55043136,R0043_55035478,0.40816326530612246
R0002_55043136,R0043_55032756,0.40816326530612246
R0002_55043136,R0043_55039677,0.40816326530612246
R0002_55043136,R0043_55039678,0.40816326530612246
R0002_55043136,R0043_55029067,0.40816326530612246
R0002_55043136,R0043_55036252,0.40816326530612246
R0002_55043136,R0043_55034675,0.40816326530612246
R0002_55043136,R0043_55031083,0.40816326530612246
R0002_55043136,R0043_55036209,0.40816326530612246
R0002_55043136,R0043_55035181,0.40816326530612246
R0002_55043136,R0043_55032758,0.40816326530612246
R0002_55043136,R0043_55039681,0.40816326530612246
R0002_55043136,R0043_55039682,0.40816326530612246
R0002_55043136,R0043_55039683,0.40816326530612246
R0002_55043136,R0043_55039684,0.40816326530612246
R0002_55043136,R0043_55032632,0.40816326530612246
R0002_55043136,R0043_55021537,0.40816326530612246
R0002_55043136,R0043_55041926,0.40816326530612246
R0002_55043136,R0043_55029012,0.40816326530612246
R0002_55043136,R0043_55034882,0.40816326530612246
R0002_55043136,R0043_55039679,0.40816326530612246
R0002_55043136,R0043_55032862,0.40816326530612246
R0002_55043136,R0043_55032759,0.40816326530612246
R0002_55043136,R0043_55037980,0.40816326530612246
R0002_55043136,R0043_55037979,0.40816326530612246
R0002_55043136,R0043_55027552,0.40816326530612246
R0002_55043136,R0043_55034879,0.40816326530612246
R0002_55043136,R0043_55032908,0.40816326530612246
R0002_55043136,R0043_55039686,0.40816326530612246
R0002_55043136,R0043_55032863,0.40816326530612246
R0002_55043136,R0043_55009127,0.40816326530612246
R0002_55043136,R0043_55036250,0.40816326530612246
R0002_55043136,R0043_55034880,0.40816326530612246
R0002_55043136,R0043_55032860,0.40816326530612246
R0002_55043136,R0043_55029506,0.40816326530612246
R0002_55043136,R0043_55031288,0.40816326530612246
R0002_55043136,R0043_55036124,0.40816326530612246
R0002_55043136,R0043_55039830,0.40816326530612246
R0002_55043136,R0043_55034325,0.40816326530612246
R0002_55043136,R0043_55039829,0.40816326530612246
R0002_55043136,R0043_55031080,0.40816326530612246
R0002_55043136,R0043_55031077,0.40816326530612246
R0002_55043136,R0043_55017366,0.40816326530612246
R0002_55043136,R0043_55034335,0.40816326530612246
R0002_55043136,R0043_55031005,0.40816326530612246
R0002_55043136,R0055_55007584,0.4897959183673469
R0002_55043136,R0055_55007583,0.4897959183673469
R0002_55043136,R0204_55005925,0.5306122448979592
R0002_55043136,R0204_55032685,0.5306122448979592
R0002_55043136,R0204_55035156,0.5306122448979592
R0002_55043136,R0204_55022352,0.5306122448979592
R0002_55043136,R0204_55004131,0.5306122448979592
R0002_55043136,R0207_55036375,0.46938775510204084
R0002_55043136,R0207_55032672,0.46938775510204084
R0002_55043136,R0207_55032673,0.46938775510204084
R0002_55043136,R0290_55038074,0.46938775510204084
R0002_55043136,R0290_55041439,0.46938775510204084
R0002_55043136,R0290_55041442,0.46938775510204084
R0002_55043136,R0290_55041438,0.46938775510204084
R0002_55043136,R0290_55041440,0.46938775510204084
R0002_55043136,R0290_55041441,0.46938775510204084
R0002_55043136,R0290_55030423,0.46938775510204084
R0002_55043136,R0290_55039755,0.46938775510204084
R0002_55043136,R0290_55026840,0.46938775510204084
R0002_55043136,R0290_55038681,0.46938775510204084
R0002_55043136,R0290_55033209,0.46938775510204084
R0002_55043136,R0290_55043722,0.46938775510204084
R0002_55043136,R0377_55039577,0.5510204081632653
R0002_55043136,R0377_55032663,0.5510204081632653
R0002_55043136,R0377_55036003,0.5510204081632653
R0002_55043136,R0377_55036004,0.5510204081632653
R0002_55043136,R0377_55036006,0.5510204081632653
R0002_55043136,R0377_55036007,0.5510204081632653
R0002_55043136,R0377_55036008,0.5510204081632653
R0002_55043136,R0377_55036009,0.5510204081632653
R0002_55043136,R0377_55043375,0.5510204081632653
R0002_55043136,R0377_55032655,0.5510204081632653
R0002_55043136,R0377_55034860,0.5510204081632653
R0002_55043136,R0377_55042881,0.5510204081632653
R0002_55043136,R0377_55033035,0.5510204081632653
R0002_55043136,R0377_55044076,0.5510204081632653
R0002_55043136,R0377_55036698,0.5510204081632653
R0002_55043136,R0377_55032664,0.5510204081632653
R0002_55043136,R0377_55038331,0.5510204081632653
R0002_55043136,R0377_55041814,0.5510204081632653
R0002_55043136,R0377_55041025,0.5510204081632653
R0002_55043136,R0377_55039651,0.5510204081632653
R0002_55043136,R0377_55044100,0.5510204081632653
R0002_55043136,R0377_55026719,0.5510204081632653
R0002_55014421,R0002_55043311,1.0
R0002_55014421,R0002_55036002,1.0
R0002_55014421,R0002_55015378,1.0
R0002_55014421,R0002_55032731,1.0
R0002_55014421,R0002_55025944,1.0
R0002_55014421,R0002_55024341,1.0
R0002_55014421,R0002_55041509,1.0
R0002_55014421,R0002_55036059,1.0
R0002_55014421,R0002_55037787,1.0
R0002_55014421,R0002_55039851,1.0
R0002_55014421,R0002_55032782,1.0
R0002_55014421,R0002_55036171,1.0
R0002_55014421,R0002_55035505,1.0
R0002_55014421,R0002_55011002,1.0
R0002_55014421,R0002_55031467,1.0
R0002_55014421,R0002_55028991,1.0
R0002_55014421,R0002_55027831,1.0
R0002_55014421,R0002_55038839,1.0
R0002_55014421,R0002_55019960,1.0
R0002_55014421,R0002_55033035,1.0
R0002_55014421,R0002_55006197,1.0
R0002_55014421,R0002_55036505,1.0
R0002_55014421,R0002_55044076,1.0
R0002_55014421,R0002_55036050,1.0
R0002_55014421,R0002_55037530,1.0
R0002_55014421,R0002_55040793,1.0
R0002_55014421,R0002_55043136,1.0
R0002_55014421,R0002_55003518,1.0
R0002_55014421,R0002_55027319,1.0
R0002_55014421,R0002_55035727,1.0
R0002_55014421,R0002_55032858,1.0
R0002_55014421,R0002_55029026,1.0
R0002_55014421,R0002_55039889,1.0
R0002_55014421,R0002_55041025,1.0
R0002_55014421,R0002_55041833,1.0
R0002_55014421,R0002_55031084,1.0
R0002_55014421,R0002_55030125,1.0
R0002_55014421,R0002_55011220,1.0
R0002_55014421,R0002_55043779,1.0
R0002_55014421,R0002_55026664,1.0
R0002_55014421,R0002_55037878,1.0
R0002_55014421,R0002_55043901,1.0
R0002_55014421,R0002_55037718,1.0
R0002_55014421,R0002_55042075,1.0
R0002_55014421,R0002_55031358,1.0
R0002_55014421,R0002_55025080,1.0
R0002_55014421,R0002_55037283,1.0
R0002_55014421,R0002_55019387,1.0
R0002_55014421,R0043_55035478,0.40816326530612246
R0002_55014421,R0043_55032756,0.40816326530612246
R0002_55014421,R0043_55039677,0.40816326530612246
R0002_55014421,R0043_55039678,0.40816326530612246
R0002_55014421,R0043_55029067,0.40816326530612246
R0002_55014421,R0043_55036252,0.40816326530612246
R0002_55014421,R0043_55034675,0.40816326530612246
R0002_55014421,R0043_55031083,0.40816326530612246
R0002_55014421,R0043_55036209,0.40816326530612246
R0002_55014421,R0043_55035181,0.40816326530612246
R0002_55014421,R0043_55032758,0.40816326530612246
R0002_55014421,R0043_55039681,0.40816326530612246
R0002_55014421,R0043_55039682,0.40816326530612246
R0002_55014421,R0043_55039683,0.40816326530612246
R0002_55014421,R0043_55039684,0.40816326530612246
R0002_55014421,R0043_55032632,0.40816326530612246
R0002_55014421,R0043_55021537,0.40816326530612246
R0002_55014421,R0043_55041926,0.40816326530612246
R0002_55014421,R0043_55029012,0.40816326530612246
R0002_55014421,R0043_55034882,0.40816326530612246
R0002_55014421,R0043_55039679,0.40816326530612246
R0002_55014421,R0043_55032862,0.40816326530612246
R0002_55014421,R0043_55032759,0.40816326530612246
R0002_55014421,R0043_55037980,0.40816326530612246
R0002_55014421,R0043_55037979,0.40816326530612246
R0002_55014421,R0043_55027552,0.40816326530612246
R0002_55014421,R0043_55034879,0.40816326530612246
R0002_55014421,R0043_55032908,0.40816326530612246
R0002_55014421,R0043_55039686,0.40816326530612246
R0002_55014421,R0043_55032863,0.40816326530612246
R0002_55014421,R0043_55009127,0.40816326530612246
R0002_55014421,R0043_55036250,0.40816326530612246
R0002_55014421,R0043_55034880,0.40816326530612246
R0002_55014421,R0043_55032860,0.40816326530612246
R0002_55014421,R0043_55029506,0.40816326530612246
R0002_55014421,R0043_55031288,0.40816326530612246
R0002_55014421,R0043_55036124,0.40816326530612246
R0002_55014421,R0043_55039830,0.40816326530612246
R0002_55014421,R0043_55034325,0.40816326530612246
R0002_55014421,R0043_55039829,0.40816326530612246
R0002_55014421,R0043_55031080,0.40816326530612246
R0002_55014421,R0043_55031077,0.40816326530612246
R0002_55014421,R0043_55017366,0.40816326530612246
R0002_55014421,R0043_55034335,0.40816326530612246
R0002_55014421,R0043_55031005,0.40816326530612246
R0002_55014421,R0055_55007584,0.4897959183673469
R0002_55014421,R0055_55007583,0.4897959183673469
R0002_55014421,R0204_55005925,0.5306122448979592
R0002_55014421,R0204_55032685,0.5306122448979592
R0002_55014421,R0204_55035156,0.5306122448979592
R0002_55014421,R0204_55022352,0.5306122448979592
R0002_55014421,R0204_55004131,0.5306122448979592
R0002_55014421,R0207_55036375,0.46938775510204084
R0002_55014421,R0207_55032672,0.46938775510204084
R0002_55014421,R0207_55032673,0.46938775510204084
R0002_55014421,R0290_55038074,0.46938775510204084
R0002_55014421,R0290_55041439,0.46938775510204084
R0002_55014421,R0290_55041442,0.46938775510204084
R0002_55014421,R0290_55041438,0.46938775510204084
R0002_55014421,R0290_55041440,0.46938775510204084
R0002_55014421,R0290_55041441,0.46938775510204084
R0002_55014421,R0290_55030423,0.46938775510204084
R0002_55014421,R0290_55039755,0.46938775510204084
R0002_55014421,R0290_55026840,0.46938775510204084
R0002_55014421,R0290_55038681,0.46938775510204084
R0002_55014421,R0290_55033209,0.46938775510204084
R0002_55014421,R0290_55043722,0.46938775510204084
R0002_55014421,R0377_55039577,0.5510204081632653
R0002_55014421,R0377_55032663,0.5510204081632653
R0002_55014421,R0377_55036003,0.5510204081632653
R0002_55014421,R0377_55036004,0.5510204081632653
R0002_55014421,R0377_55036006,0.5510204081632653
R0002_55014421,R0377_55036007,0.5510204081632653
R0002_55014421,R0377_55036008,0.5510204081632653
R0002_55014421,R0377_55036009,0.5510204081632653
R0002_55014421,R0377_55043375,0.5510204081632653
R0002_55014421,R0377_55032655,0.5510204081632653
R0002_55014421,R0377_55034860,0.5510204081632653
R0002_55014421,R0377_55042881,0.5510204081632653
R0002_55014421,R0377_55033035,0.5510204081632653
R0002_55014421,R0377_55044076,0.5510204081632653
R0002_55014421,R0377_55036698,0.5510204081632653
R0002_55014421,R0377_55032664,0.5510204081632653
R0002_55014421,R0377_55038331,0.5510204081632653
R0002_55014421,R0377_55041814,0.5510204081632653
R0002_55014421,R0377_55041025,0.5510204081632653
R0002_55014421,R0377_55039651,0.5510204081632653
R0002_55014421,R0377_55044100,0.5510204081632653
R0002_55014421,R0377_55026719,0.5510204081632653
R0002_55003518,R0002_55043311,1.0
R0002_55003518,R0002_55036002,1.0
R0002_55003518,R0002_55015378,1.0
R0002_55003518,R0002_55032731,1.0
R0002_55003518,R0002_55025944,1.0
R0002_55003518,R0002_55024341,1.0
R0002_55003518,R0002_55041509,1.0
R0002_55003518,R0002_55036059,1.0
R0002_55003518,R0002_55037787,1.0
R0002_55003518,R0002_55039851,1.0
R0002_55003518,R0002_55032782,1.0
R0002_55003518,R0002_55036171,1.0
R0002_55003518,R0002_55035505,1.0
R0002_55003518,R0002_55011002,1.0
R0002_55003518,R0002_55031467,1.0
R0002_55003518,R0002_55028991,1.0
R0002_55003518,R0002_55027831,1.0
R0002_55003518,R0002_55038839,1.0
R0002_55003518,R0002_55019960,1.0
R0002_55003518,R0002_55033035,1.0
R0002_55003518,R0002_55006197,1.0
R0002_55003518,R0002_55036505,1.0
R0002_55003518,R0002_55044076,1.0
R0002_55003518,R0002_55036050,1.0
R0002_55003518,R0002_55037530,1.0
R0002_55003518,R0002_55040793,1.0
R0002_55003518,R0002_55043136,1.0
R0002_55003518,R0002_55014421,1.0
R0002_55003518,R0002_55027319,1.0
R0002_55003518,R0002_55035727,1.0
R0002_55003518,R0002_55032858,1.0
R0002_55003518,R0002_55029026,1.0
R0002_55003518,R0002_55039889,1.0
R0002_55003518,R0002_55041025,1.0
R0002_55003518,R0002_55041833,1.0
R0002_55003518,R0002_55031084,1.0
R0002_55003518,R0002_55030125,1.0
R0002_55003518,R0002_55011220,1.0
R0002_55003518,R0002_55043779,1.0
R0002_55003518,R0002_55026664,1.0
R0002_55003518,R0002_55037878,1.0
R0002_55003518,R0002_55043901,1.0
R0002_55003518,R0002_55037718,1.0
R0002_55003518,R0002_55042075,1.0
R0002_55003518,R0002_55031358,1.0
R0002_55003518,R0002_55025080,1.0
R0002_55003518,R0002_55037283,1.0
R0002_55003518,R0002_55019387,1.0
R0002_55003518,R0043_55035478,0.40816326530612246
R0002_55003518,R0043_55032756,0.40816326530612246
R0002_55003518,R0043_55039677,0.40816326530612246
R0002_55003518,R0043_55039678,0.40816326530612246
R0002_55003518,R0043_55029067,0.40816326530612246
R0002_55003518,R0043_55036252,0.40816326530612246
R0002_55003518,R0043_55034675,0.40816326530612246
R0002_55003518,R0043_55031083,0.40816326530612246
R0002_55003518,R0043_55036209,0.40816326530612246
R0002_55003518,R0043_55035181,0.40816326530612246
R0002_55003518,R0043_55032758,0.40816326530612246
R0002_55003518,R0043_55039681,0.40816326530612246
R0002_55003518,R0043_55039682,0.40816326530612246
R0002_55003518,R0043_55039683,0.40816326530612246
R0002_55003518,R0043_55039684,0.40816326530612246
R0002_55003518,R0043_55032632,0.40816326530612246
R0002_55003518,R0043_55021537,0.40816326530612246
R0002_55003518,R0043_55041926,0.40816326530612246
R0002_55003518,R0043_55029012,0.40816326530612246
R0002_55003518,R0043_55034882,0.40816326530612246
R0002_55003518,R0043_55039679,0.40816326530612246
R0002_55003518,R0043_55032862,0.40816326530612246
R0002_55003518,R0043_55032759,0.40816326530612246
R0002_55003518,R0043_55037980,0.40816326530612246
R0002_55003518,R0043_55037979,0.40816326530612246
R0002_55003518,R0043_55027552,0.40816326530612246
R0002_55003518,R0043_55034879,0.40816326530612246
R0002_55003518,R0043_55032908,0.40816326530612246
R0002_55003518,R0043_55039686,0.40816326530612246
R0002_55003518,R0043_55032863,0.40816326530612246
R0002_55003518,R0043_55009127,0.40816326530612246
R0002_55003518,R0043_55036250,0.40816326530612246
R0002_55003518,R0043_55034880,0.40816326530612246
R0002_55003518,R0043_55032860,0.40816326530612246
R0002_55003518,R0043_55029506,0.40816326530612246
R0002_55003518,R0043_55031288,0.40816326530612246
R0002_55003518,R0043_55036124,0.40816326530612246
R0002_55003518,R0043_55039830,0.40816326530612246
R0002_55003518,R0043_55034325,0.40816326530612246
R0002_55003518,R0043_55039829,0.40816326530612246
R0002_55003518,R0043_55031080,0.40816326530612246
R0002_55003518,R0043_55031077,0.40816326530612246
R0002_55003518,R0043_55017366,0.40816326530612246
R0002_55003518,R0043_55034335,0.40816326530612246
R0002_55003518,R0043_55031005,0.40816326530612246
R0002_55003518,R0055_55007584,0.4897959183673469
R0002_55003518,R0055_55007583,0.4897959183673469
R0002_55003518,R0204_55005925,0.5306122448979592
R0002_55003518,R0204_55032685,0.5306122448979592
R0002_55003518,R0204_55035156,0.5306122448979592
R0002_55003518,R0204_55022352,0.5306122448979592
R0002_55003518,R0204_55004131,0.5306122448979592
R0002_55003518,R0207_55036375,0.46938775510204084
R0002_55003518,R0207_55032672,0.46938775510204084
R0002_55003518,R0207_55032673,0.46938775510204084
R0002_55003518,R0290_55038074,0.46938775510204084
R0002_55003518,R0290_55041439,0.46938775510204084
R0002_55003518,R0290_55041442,0.46938775510204084
R0002_55003518,R0290_55041438,0.46938775510204084
R0002_55003518,R0290_55041440,0.46938775510204084
R0002_55003518,R0290_55041441,0.46938775510204084
R0002_55003518,R0290_55030423,0.46938775510204084
R0002_55003518,R0290_55039755,0.46938775510204084
R0002_55003518,R0290_55026840,0.46938775510204084
R0002_55003518,R0290_55038681,0.46938775510204084
R0002_55003518,R0290_55033209,0.46938775510204084
R0002_55003518,R0290_55043722,0.46938775510204084
R0002_55003518,R0377_55039577,0.5510204081632653
R0002_55003518,R0377_55032663,0.5510204081632653
R0002_55003518,R0377_55036003,0.5510204081632653
R0002_55003518,R0377_55036004,0.5510204081632653
R0002_55003518,R0377_55036006,0.5510204081632653
R0002_55003518,R0377_55036007,0.5510204081632653
R0002_55003518,R0377_55036008,0.5510204081632653
R0002_55003518,R0377_55036009,0.5510204081632653
R0002_55003518,R0377_55043375,0.5510204081632653
R0002_55003518,R0377_55032655,0.5510204081632653
R0002_55003518,R0377_55034860,0.5510204081632653
R0002_55003518,R0377_55042881,0.5510204081632653
R0002_55003518,R0377_55033035,0.5510204081632653
R0002_55003518,R0377_55044076,0.5510204081632653
R0002_55003518,R0377_55036698,0.5510204081632653
R0002_55003518,R0377_55032664,0.5510204081632653
R0002_55003518,R0377_55038331,0.5510204081632653
R0002_55003518,R0377_55041814,0.5510204081632653
R0002_55003518,R0377_55041025,0.5510204081632653
R0002_55003518,R0377_55039651,0.5510204081632653
R0002_55003518,R0377_55044100,0.5510204081632653
R0002_55003518,R0377_55026719,0.5510204081632653
R0002_55027319,R0002_55043311,1.0
R0002_55027319,R0002_55036002,1.0
R0002_55027319,R0002_55015378,1.0
R0002_55027319,R0002_55032731,1.0
R0002_55027319,R0002_55025944,1.0
R0002_55027319,R0002_55024341,1.0
R0002_55027319,R0002_55041509,1.0
R0002_55027319,R0002_55036059,1.0
R0002_55027319,R0002_55037787,1.0
R0002_55027319,R0002_55039851,1.0
R0002_55027319,R0002_55032782,1.0
R0002_55027319,R0002_55036171,1.0
R0002_55027319,R0002_55035505,1.0
R0002_55027319,R0002_55011002,1.0
R0002_55027319,R0002_55031467,1.0
R0002_55027319,R0002_55028991,1.0
R0002_55027319,R0002_55027831,1.0
R0002_55027319,R0002_55038839,1.0
R0002_55027319,R0002_55019960,1.0
R0002_55027319,R0002_55033035,1.0
R0002_55027319,R0002_55006197,1.0
R0002_55027319,R0002_55036505,1.0
R0002_55027319,R0002_55044076,1.0
R0002_55027319,R0002_55036050,1.0
R0002_55027319,R0002_55037530,1.0
R0002_55027319,R0002_55040793,1.0
R0002_55027319,R0002_55043136,1.0
R0002_55027319,R0002_55014421,1.0
R0002_55027319,R0002_55003518,1.0
R0002_55027319,R0002_55035727,1.0
R0002_55027319,R0002_55032858,1.0
R0002_55027319,R0002_55029026,1.0
R0002_55027319,R0002_55039889,1.0
R0002_55027319,R0002_55041025,1.0
R0002_55027319,R0002_55041833,1.0
R0002_55027319,R0002_55031084,1.0
R0002_55027319,R0002_55030125,1.0
R0002_55027319,R0002_55011220,1.0
R0002_55027319,R0002_55043779,1.0
R0002_55027319,R0002_55026664,1.0
R0002_55027319,R0002_55037878,1.0
R0002_55027319,R0002_55043901,1.0
R0002_55027319,R0002_55037718,1.0
R0002_55027319,R0002_55042075,1.0
R0002_55027319,R0002_55031358,1.0
R0002_55027319,R0002_55025080,1.0
R0002_55027319,R0002_55037283,1.0
R0002_55027319,R0002_55019387,1.0
R0002_55027319,R0043_55035478,0.40816326530612246
R0002_55027319,R0043_55032756,0.40816326530612246
R0002_55027319,R0043_55039677,0.40816326530612246
R0002_55027319,R0043_55039678,0.40816326530612246
R0002_55027319,R0043_55029067,0.40816326530612246
R0002_55027319,R0043_55036252,0.40816326530612246
R0002_55027319,R0043_55034675,0.40816326530612246
R0002_55027319,R0043_55031083,0.40816326530612246
R0002_55027319,R0043_55036209,0.40816326530612246
R0002_55027319,R0043_55035181,0.40816326530612246
R0002_55027319,R0043_55032758,0.40816326530612246
R0002_55027319,R0043_55039681,0.40816326530612246
R0002_55027319,R0043_55039682,0.40816326530612246
R0002_55027319,R0043_55039683,0.40816326530612246
R0002_55027319,R0043_55039684,0.40816326530612246
R0002_55027319,R0043_55032632,0.40816326530612246
R0002_55027319,R0043_55021537,0.40816326530612246
R0002_55027319,R0043_55041926,0.40816326530612246
R0002_55027319,R0043_55029012,0.40816326530612246
R0002_55027319,R0043_55034882,0.40816326530612246
R0002_55027319,R0043_55039679,0.40816326530612246
R0002_55027319,R0043_55032862,0.40816326530612246
R0002_55027319,R0043_55032759,0.40816326530612246
R0002_55027319,R0043_55037980,0.40816326530612246
R0002_55027319,R0043_55037979,0.40816326530612246
R0002_55027319,R0043_55027552,0.40816326530612246
R0002_55027319,R0043_55034879,0.40816326530612246
R0002_55027319,R0043_55032908,0.40816326530612246
R0002_55027319,R0043_55039686,0.40816326530612246
R0002_55027319,R0043_55032863,0.40816326530612246
R0002_55027319,R0043_55009127,0.40816326530612246
R0002_55027319,R0043_55036250,0.40816326530612246
R0002_55027319,R0043_55034880,0.40816326530612246
R0002_55027319,R0043_55032860,0.40816326530612246
R0002_55027319,R0043_55029506,0.40816326530612246
R0002_55027319,R0043_55031288,0.40816326530612246
R0002_55027319,R0043_55036124,0.40816326530612246
R0002_55027319,R0043_55039830,0.40816326530612246
R0002_55027319,R0043_55034325,0.40816326530612246
R0002_55027319,R0043_55039829,0.40816326530612246
R0002_55027319,R0043_55031080,0.40816326530612246
R0002_55027319,R0043_55031077,0.40816326530612246
R0002_55027319,R0043_55017366,0.40816326530612246
R0002_55027319,R0043_55034335,0.40816326530612246
R0002_55027319,R0043_55031005,0.40816326530612246
R0002_55027319,R0055_55007584,0.4897959183673469
R0002_55027319,R0055_55007583,0.4897959183673469
R0002_55027319,R0204_55005925,0.5306122448979592
R0002_55027319,R0204_55032685,0.5306122448979592
R0002_55027319,R0204_55035156,0.5306122448979592
R0002_55027319,R0204_55022352,0.5306122448979592
R0002_55027319,R0204_55004131,0.5306122448979592
R0002_55027319,R0207_55036375,0.46938775510204084
R0002_55027319,R0207_55032672,0.46938775510204084
R0002_55027319,R0207_55032673,0.46938775510204084
R0002_55027319,R0290_55038074,0.46938775510204084
R0002_55027319,R0290_55041439,0.46938775510204084
R0002_55027319,R0290_55041442,0.46938775510204084
R0002_55027319,R0290_55041438,0.46938775510204084
R0002_55027319,R0290_55041440,0.46938775510204084
R0002_55027319,R0290_55041441,0.46938775510204084
R0002_55027319,R0290_55030423,0.46938775510204084
R0002_55027319,R0290_55039755,0.46938775510204084
R0002_55027319,R0290_55026840,0.46938775510204084
R0002_55027319,R0290_55038681,0.46938775510204084
R0002_55027319,R0290_55033209,0.46938775510204084
R0002_55027319,R0290_55043722,0.46938775510204084
R0002_55027319,R0377_55039577,0.5510204081632653
R0002_55027319,R0377_55032663,0.5510204081632653
R0002_55027319,R0377_55036003,0.5510204081632653
R0002_55027319,R0377_55036004,0.5510204081632653
R0002_55027319,R0377_55036006,0.5510204081632653
R0002_55027319,R0377_55036007,0.5510204081632653
R0002_55027319,R0377_55036008,0.5510204081632653
R0002_55027319,R0377_55036009,0.5510204081632653
R0002_55027319,R0377_55043375,0.5510204081632653
R0002_55027319,R0377_55032655,0.5510204081632653
R0002_55027319,R0377_55034860,0.5510204081632653
R0002_55027319,R0377_55042881,0.5510204081632653
R0002_55027319,R0377_55033035,0.5510204081632653
R0002_55027319,R0377_55044076,0.5510204081632653
R0002_55027319,R0377_55036698,0.5510204081632653
R0002_55027319,R0377_55032664,0.5510204081632653
R0002_55027319,R0377_55038331,0.5510204081632653
R0002_55027319,R0377_55041814,0.5510204081632653
R0002_55027319,R0377_55041025,0.5510204081632653
R0002_55027319,R0377_55039651,0.5510204081632653
R0002_55027319,R0377_55044100,0.5510204081632653
R0002_55027319,R0377_55026719,0.5510204081632653
R0002_55035727,R0002_55043311,1.0
R0002_55035727,R0002_55036002,1.0
R0002_55035727,R0002_55015378,1.0
R0002_55035727,R0002_55032731,1.0
R0002_55035727,R0002_55025944,1.0
R0002_55035727,R0002_55024341,1.0
R0002_55035727,R0002_55041509,1.0
R0002_55035727,R0002_55036059,1.0
R0002_55035727,R0002_55037787,1.0
R0002_55035727,R0002_55039851,1.0
R0002_55035727,R0002_55032782,1.0
R0002_55035727,R0002_55036171,1.0
R0002_55035727,R0002_55035505,1.0
R0002_55035727,R0002_55011002,1.0
R0002_55035727,R0002_55031467,1.0
R0002_55035727,R0002_55028991,1.0
R0002_55035727,R0002_55027831,1.0
R0002_55035727,R0002_55038839,1.0
R0002_55035727,R0002_55019960,1.0
R0002_55035727,R0002_55033035,1.0
R0002_55035727,R0002_55006197,1.0
R0002_55035727,R0002_55036505,1.0
R0002_55035727,R0002_55044076,1.0
R0002_55035727,R0002_55036050,1.0
R0002_55035727,R0002_55037530,1.0
R0002_55035727,R0002_55040793,1.0
R0002_55035727,R0002_55043136,1.0
R0002_55035727,R0002_55014421,1.0
R0002_55035727,R0002_55003518,1.0
R0002_55035727,R0002_55027319,1.0
R0002_55035727,R0002_55032858,1.0
R0002_55035727,R0002_55029026,1.0
R0002_55035727,R0002_55039889,1.0
R0002_55035727,R0002_55041025,1.0
R0002_55035727,R0002_55041833,1.0
R0002_55035727,R0002_55031084,1.0
R0002_55035727,R0002_55030125,1.0
R0002_55035727,R0002_55011220,1.0
R0002_55035727,R0002_55043779,1.0
R0002_55035727,R0002_55026664,1.0
R0002_55035727,R0002_55037878,1.0
R0002_55035727,R0002_55043901,1.0
R0002_55035727,R0002_55037718,1.0
R0002_55035727,R0002_55042075,1.0
R0002_55035727,R0002_55031358,1.0
R0002_55035727,R0002_55025080,1.0
R0002_55035727,R0002_55037283,1.0
R0002_55035727,R0002_55019387,1.0
R0002_55035727,R0043_55035478,0.40816326530612246
R0002_55035727,R0043_55032756,0.40816326530612246
R0002_55035727,R0043_55039677,0.40816326530612246
R0002_55035727,R0043_55039678,0.40816326530612246
R0002_55035727,R0043_55029067,0.40816326530612246
R0002_55035727,R0043_55036252,0.40816326530612246
R0002_55035727,R0043_55034675,0.40816326530612246
R0002_55035727,R0043_55031083,0.40816326530612246
R0002_55035727,R0043_55036209,0.40816326530612246
R0002_55035727,R0043_55035181,0.40816326530612246
R0002_55035727,R0043_55032758,0.40816326530612246
R0002_55035727,R0043_55039681,0.40816326530612246
R0002_55035727,R0043_55039682,0.40816326530612246
R0002_55035727,R0043_55039683,0.40816326530612246
R0002_55035727,R0043_55039684,0.40816326530612246
R0002_55035727,R0043_55032632,0.40816326530612246
R0002_55035727,R0043_55021537,0.40816326530612246
R0002_55035727,R0043_55041926,0.40816326530612246
R0002_55035727,R0043_55029012,0.40816326530612246
R0002_55035727,R0043_55034882,0.40816326530612246
R0002_55035727,R0043_55039679,0.40816326530612246
R0002_55035727,R0043_55032862,0.40816326530612246
R0002_55035727,R0043_55032759,0.40816326530612246
R0002_55035727,R0043_55037980,0.40816326530612246
R0002_55035727,R0043_55037979,0.40816326530612246
R0002_55035727,R0043_55027552,0.40816326530612246
R0002_55035727,R0043_55034879,0.40816326530612246
R0002_55035727,R0043_55032908,0.40816326530612246
R0002_55035727,R0043_55039686,0.40816326530612246
R0002_55035727,R0043_55032863,0.40816326530612246
R0002_55035727,R0043_55009127,0.40816326530612246
R0002_55035727,R0043_55036250,0.40816326530612246
R0002_55035727,R0043_55034880,0.40816326530612246
R0002_55035727,R0043_55032860,0.40816326530612246
R0002_55035727,R0043_55029506,0.40816326530612246
R0002_55035727,R0043_55031288,0.40816326530612246
R0002_55035727,R0043_55036124,0.40816326530612246
R0002_55035727,R0043_55039830,0.40816326530612246
R0002_55035727,R0043_55034325,0.40816326530612246
R0002_55035727,R0043_55039829,0.40816326530612246
R0002_55035727,R0043_55031080,0.40816326530612246
R0002_55035727,R0043_55031077,0.40816326530612246
R0002_55035727,R0043_55017366,0.40816326530612246
R0002_55035727,R0043_55034335,0.40816326530612246
R0002_55035727,R0043_55031005,0.40816326530612246
R0002_55035727,R0055_55007584,0.4897959183673469
R0002_55035727,R0055_55007583,0.4897959183673469
R0002_55035727,R0204_55005925,0.5306122448979592
R0002_55035727,R0204_55032685,0.5306122448979592
R0002_55035727,R0204_55035156,0.5306122448979592
R0002_55035727,R0204_55022352,0.5306122448979592
R0002_55035727,R0204_55004131,0.5306122448979592
R0002_55035727,R0207_55036375,0.46938775510204084
R0002_55035727,R0207_55032672,0.46938775510204084
R0002_55035727,R0207_55032673,0.46938775510204084
R0002_55035727,R0290_55038074,0.46938775510204084
R0002_55035727,R0290_55041439,0.46938775510204084
R0002_55035727,R0290_55041442,0.46938775510204084
R0002_55035727,R0290_55041438,0.46938775510204084
R0002_55035727,R0290_55041440,0.46938775510204084
R0002_55035727,R0290_55041441,0.46938775510204084
R0002_55035727,R0290_55030423,0.46938775510204084
R0002_55035727,R0290_55039755,0.46938775510204084
R0002_55035727,R0290_55026840,0.46938775510204084
R0002_55035727,R0290_55038681,0.46938775510204084
R0002_55035727,R0290_55033209,0.46938775510204084
R0002_55035727,R0290_55043722,0.46938775510204084
R0002_55035727,R0377_55039577,0.5510204081632653
R0002_55035727,R0377_55032663,0.5510204081632653
R0002_55035727,R0377_55036003,0.5510204081632653
R0002_55035727,R0377_55036004,0.5510204081632653
R0002_55035727,R0377_55036006,0.5510204081632653
R0002_55035727,R0377_55036007,0.5510204081632653
R0002_55035727,R0377_55036008,0.5510204081632653
R0002_55035727,R0377_55036009,0.5510204081632653
R0002_55035727,R0377_55043375,0.5510204081632653
R0002_55035727,R0377_55032655,0.5510204081632653
R0002_55035727,R0377_55034860,0.5510204081632653
R0002_55035727,R0377_55042881,0.5510204081632653
R0002_55035727,R0377_55033035,0.5510204081632653
R0002_55035727,R0377_55044076,0.5510204081632653
R0002_55035727,R0377_55036698,0.5510204081632653
R0002_55035727,R0377_55032664,0.5510204081632653
R0002_55035727,R0377_55038331,0.5510204081632653
R0002_55035727,R0377_55041814,0.5510204081632653
R0002_55035727,R0377_55041025,0.5510204081632653
R0002_55035727,R0377_55039651,0.5510204081632653
R0002_55035727,R0377_55044100,0.5510204081632653
R0002_55035727,R0377_55026719,0.5510204081632653
R0002_55032858,R0002_55043311,1.0
R0002_55032858,R0002_55036002,1.0
R0002_55032858,R0002_55015378,1.0
R0002_55032858,R0002_55032731,1.0
R0002_55032858,R0002_55025944,1.0
R0002_55032858,R0002_55024341,1.0
R0002_55032858,R0002_55041509,1.0
R0002_55032858,R0002_55036059,1.0
R0002_55032858,R0002_55037787,1.0
R0002_55032858,R0002_55039851,1.0
R0002_55032858,R0002_55032782,1.0
R0002_55032858,R0002_55036171,1.0
R0002_55032858,R0002_55035505,1.0
R0002_55032858,R0002_55011002,1.0
R0002_55032858,R0002_55031467,1.0
R0002_55032858,R0002_55028991,1.0
R0002_55032858,R0002_55027831,1.0
R0002_55032858,R0002_55038839,1.0
R0002_55032858,R0002_55019960,1.0
R0002_55032858,R0002_55033035,1.0
R0002_55032858,R0002_55006197,1.0
R0002_55032858,R0002_55036505,1.0
R0002_55032858,R0002_55044076,1.0
R0002_55032858,R0002_55036050,1.0
R0002_55032858,R0002_55037530,1.0
R0002_55032858,R0002_55040793,1.0
R0002_55032858,R0002_55043136,1.0
R0002_55032858,R0002_55014421,1.0
R0002_55032858,R0002_55003518,1.0
R0002_55032858,R0002_55027319,1.0
R0002_55032858,R0002_55035727,1.0
R0002_55032858,R0002_55029026,1.0
R0002_55032858,R0002_55039889,1.0
R0002_55032858,R0002_55041025,1.0
R0002_55032858,R0002_55041833,1.0
R0002_55032858,R0002_55031084,1.0
R0002_55032858,R0002_55030125,1.0
R0002_55032858,R0002_55011220,1.0
R0002_55032858,R0002_55043779,1.0
R0002_55032858,R0002_55026664,1.0
R0002_55032858,R0002_55037878,1.0
R0002_55032858,R0002_55043901,1.0
R0002_55032858,R0002_55037718,1.0
R0002_55032858,R0002_55042075,1.0
R0002_55032858,R0002_55031358,1.0
R0002_55032858,R0002_55025080,1.0
R0002_55032858,R0002_55037283,1.0
R0002_55032858,R0002_55019387,1.0
R0002_55032858,R0043_55035478,0.40816326530612246
R0002_55032858,R0043_55032756,0.40816326530612246
R0002_55032858,R0043_55039677,0.40816326530612246
R0002_55032858,R0043_55039678,0.40816326530612246
R0002_55032858,R0043_55029067,0.40816326530612246
R0002_55032858,R0043_55036252,0.40816326530612246
R0002_55032858,R0043_55034675,0.40816326530612246
R0002_55032858,R0043_55031083,0.40816326530612246
R0002_55032858,R0043_55036209,0.40816326530612246
R0002_55032858,R0043_55035181,0.40816326530612246
R0002_55032858,R0043_55032758,0.40816326530612246
R0002_55032858,R0043_55039681,0.40816326530612246
R0002_55032858,R0043_55039682,0.40816326530612246
R0002_55032858,R0043_55039683,0.40816326530612246
R0002_55032858,R0043_55039684,0.40816326530612246
R0002_55032858,R0043_55032632,0.40816326530612246
R0002_55032858,R0043_55021537,0.40816326530612246
R0002_55032858,R0043_55041926,0.40816326530612246
R0002_55032858,R0043_55029012,0.40816326530612246
R0002_55032858,R0043_55034882,0.40816326530612246
R0002_55032858,R0043_55039679,0.40816326530612246
R0002_55032858,R0043_55032862,0.40816326530612246
R0002_55032858,R0043_55032759,0.40816326530612246
R0002_55032858,R0043_55037980,0.40816326530612246
R0002_55032858,R0043_55037979,0.40816326530612246
R0002_55032858,R0043_55027552,0.40816326530612246
R0002_55032858,R0043_55034879,0.40816326530612246
R0002_55032858,R0043_55032908,0.40816326530612246
R0002_55032858,R0043_55039686,0.40816326530612246
R0002_55032858,R0043_55032863,0.40816326530612246
R0002_55032858,R0043_55009127,0.40816326530612246
R0002_55032858,R0043_55036250,0.40816326530612246
R0002_55032858,R0043_55034880,0.40816326530612246
R0002_55032858,R0043_55032860,0.40816326530612246
R0002_55032858,R0043_55029506,0.40816326530612246
R0002_55032858,R0043_55031288,0.40816326530612246
R0002_55032858,R0043_55036124,0.40816326530612246
R0002_55032858,R0043_55039830,0.40816326530612246
R0002_55032858,R0043_55034325,0.40816326530612246
R0002_55032858,R0043_55039829,0.40816326530612246
R0002_55032858,R0043_55031080,0.40816326530612246
R0002_55032858,R0043_55031077,0.40816326530612246
R0002_55032858,R0043_55017366,0.40816326530612246
R0002_55032858,R0043_55034335,0.40816326530612246
R0002_55032858,R0043_55031005,0.40816326530612246
R0002_55032858,R0055_55007584,0.4897959183673469
R0002_55032858,R0055_55007583,0.4897959183673469
R0002_55032858,R0204_55005925,0.5306122448979592
R0002_55032858,R0204_55032685,0.5306122448979592
R0002_55032858,R0204_55035156,0.5306122448979592
R0002_55032858,R0204_55022352,0.5306122448979592
R0002_55032858,R0204_55004131,0.5306122448979592
R0002_55032858,R0207_55036375,0.46938775510204084
R0002_55032858,R0207_55032672,0.46938775510204084
R0002_55032858,R0207_55032673,0.46938775510204084
R0002_55032858,R0290_55038074,0.46938775510204084
R0002_55032858,R0290_55041439,0.46938775510204084
R0002_55032858,R0290_55041442,0.46938775510204084
R0002_55032858,R0290_55041438,0.46938775510204084
R0002_55032858,R0290_55041440,0.46938775510204084
R0002_55032858,R0290_55041441,0.46938775510204084
R0002_55032858,R0290_55030423,0.46938775510204084
R0002_55032858,R0290_55039755,0.46938775510204084
R0002_55032858,R0290_55026840,0.46938775510204084
R0002_55032858,R0290_55038681,0.46938775510204084
R0002_55032858,R0290_55033209,0.46938775510204084
R0002_55032858,R0290_55043722,0.46938775510204084
R0002_55032858,R0377_55039577,0.5510204081632653
R0002_55032858,R0377_55032663,0.5510204081632653
R0002_55032858,R0377_55036003,0.5510204081632653
R0002_55032858,R0377_55036004,0.5510204081632653
R0002_55032858,R0377_55036006,0.5510204081632653
R0002_55032858,R0377_55036007,0.5510204081632653
R0002_55032858,R0377_55036008,0.5510204081632653
R0002_55032858,R0377_55036009,0.5510204081632653
R0002_55032858,R0377_55043375,0.5510204081632653
R0002_55032858,R0377_55032655,0.5510204081632653
R0002_55032858,R0377_55034860,0.5510204081632653
R0002_55032858,R0377_55042881,0.5510204081632653
R0002_55032858,R0377_55033035,0.5510204081632653
R0002_55032858,R0377_55044076,0.5510204081632653
R0002_55032858,R0377_55036698,0.5510204081632653
R0002_55032858,R0377_55032664,0.5510204081632653
R0002_55032858,R0377_55038331,0.5510204081632653
R0002_55032858,R0377_55041814,0.5510204081632653
R0002_55032858,R0377_55041025,0.5510204081632653
R0002_55032858,R0377_55039651,0.5510204081632653
R0002_55032858,R0377_55044100,0.5510204081632653
R0002_55032858,R0377_55026719,0.5510204081632653
R0002_55029026,R0002_55043311,1.0
R0002_55029026,R0002_55036002,1.0
R0002_55029026,R0002_55015378,1.0
R0002_55029026,R0002_55032731,1.0
R0002_55029026,R0002_55025944,1.0
R0002_55029026,R0002_55024341,1.0
R0002_55029026,R0002_55041509,1.0
R0002_55029026,R0002_55036059,1.0
R0002_55029026,R0002_55037787,1.0
R0002_55029026,R0002_55039851,1.0
R0002_55029026,R0002_55032782,1.0
R0002_55029026,R0002_55036171,1.0
R0002_55029026,R0002_55035505,1.0
R0002_55029026,R0002_55011002,1.0
R0002_55029026,R0002_55031467,1.0
R0002_55029026,R0002_55028991,1.0
R0002_55029026,R0002_55027831,1.0
R0002_55029026,R0002_55038839,1.0
R0002_55029026,R0002_55019960,1.0
R0002_55029026,R0002_55033035,1.0
R0002_55029026,R0002_55006197,1.0
R0002_55029026,R0002_55036505,1.0
R0002_55029026,R0002_55044076,1.0
R0002_55029026,R0002_55036050,1.0
R0002_55029026,R0002_55037530,1.0
R0002_55029026,R0002_55040793,1.0
R0002_55029026,R0002_55043136,1.0
R0002_55029026,R0002_55014421,1.0
R0002_55029026,R0002_55003518,1.0
R0002_55029026,R0002_55027319,1.0
R0002_55029026,R0002_55035727,1.0
R0002_55029026,R0002_55032858,1.0
R0002_55029026,R0002_55039889,1.0
R0002_55029026,R0002_55041025,1.0
R0002_55029026,R0002_55041833,1.0
R0002_55029026,R0002_55031084,1.0
R0002_55029026,R0002_55030125,1.0
R0002_55029026,R0002_55011220,1.0
R0002_55029026,R0002_55043779,1.0
R0002_55029026,R0002_55026664,1.0
R0002_55029026,R0002_55037878,1.0
R0002_55029026,R0002_55043901,1.0
R0002_55029026,R0002_55037718,1.0
R0002_55029026,R0002_55042075,1.0
R0002_55029026,R0002_55031358,1.0
R0002_55029026,R0002_55025080,1.0
R0002_55029026,R0002_55037283,1.0
R0002_55029026,R0002_55019387,1.0
R0002_55029026,R0043_55035478,0.40816326530612246
R0002_55029026,R0043_55032756,0.40816326530612246
R0002_55029026,R0043_55039677,0.40816326530612246
R0002_55029026,R0043_55039678,0.40816326530612246
R0002_55029026,R0043_55029067,0.40816326530612246
R0002_55029026,R0043_55036252,0.40816326530612246
R0002_55029026,R0043_55034675,0.40816326530612246
R0002_55029026,R0043_55031083,0.40816326530612246
R0002_55029026,R0043_55036209,0.40816326530612246
R0002_55029026,R0043_55035181,0.40816326530612246
R0002_55029026,R0043_55032758,0.40816326530612246
R0002_55029026,R0043_55039681,0.40816326530612246
R0002_55029026,R0043_55039682,0.40816326530612246
R0002_55029026,R0043_55039683,0.40816326530612246
R0002_55029026,R0043_55039684,0.40816326530612246
R0002_55029026,R0043_55032632,0.40816326530612246
R0002_55029026,R0043_55021537,0.40816326530612246
R0002_55029026,R0043_55041926,0.40816326530612246
R0002_55029026,R0043_55029012,0.40816326530612246
R0002_55029026,R0043_55034882,0.40816326530612246
R0002_55029026,R0043_55039679,0.40816326530612246
R0002_55029026,R0043_55032862,0.40816326530612246
R0002_55029026,R0043_55032759,0.40816326530612246
R0002_55029026,R0043_55037980,0.40816326530612246
R0002_55029026,R0043_55037979,0.40816326530612246
R0002_55029026,R0043_55027552,0.40816326530612246
R0002_55029026,R0043_55034879,0.40816326530612246
R0002_55029026,R0043_55032908,0.40816326530612246
R0002_55029026,R0043_55039686,0.40816326530612246
R0002_55029026,R0043_55032863,0.40816326530612246
R0002_55029026,R0043_55009127,0.40816326530612246
R0002_55029026,R0043_55036250,0.40816326530612246
R0002_55029026,R0043_55034880,0.40816326530612246
R0002_55029026,R0043_55032860,0.40816326530612246
R0002_55029026,R0043_55029506,0.40816326530612246
R0002_55029026,R0043_55031288,0.40816326530612246
R0002_55029026,R0043_55036124,0.40816326530612246
R0002_55029026,R0043_55039830,0.40816326530612246
R0002_55029026,R0043_55034325,0.40816326530612246
R0002_55029026,R0043_55039829,0.40816326530612246
R0002_55029026,R0043_55031080,0.40816326530612246
R0002_55029026,R0043_55031077,0.40816326530612246
R0002_55029026,R0043_55017366,0.40816326530612246
R0002_55029026,R0043_55034335,0.40816326530612246
R0002_55029026,R0043_55031005,0.40816326530612246
R0002_55029026,R0055_55007584,0.4897959183673469
R0002_55029026,R0055_55007583,0.4897959183673469
R0002_55029026,R0204_55005925,0.5306122448979592
R0002_55029026,R0204_55032685,0.5306122448979592
R0002_55029026,R0204_55035156,0.5306122448979592
R0002_55029026,R0204_55022352,0.5306122448979592
R0002_55029026,R0204_55004131,0.5306122448979592
R0002_55029026,R0207_55036375,0.46938775510204084
R0002_55029026,R0207_55032672,0.46938775510204084
R0002_55029026,R0207_55032673,0.46938775510204084
R0002_55029026,R0290_55038074,0.46938775510204084
R0002_55029026,R0290_55041439,0.46938775510204084
R0002_55029026,R0290_55041442,0.46938775510204084
R0002_55029026,R0290_55041438,0.46938775510204084
R0002_55029026,R0290_55041440,0.46938775510204084
R0002_55029026,R0290_55041441,0.46938775510204084
R0002_55029026,R0290_55030423,0.46938775510204084
R0002_55029026,R0290_55039755,0.46938775510204084
R0002_55029026,R0290_55026840,0.46938775510204084
R0002_55029026,R0290_55038681,0.46938775510204084
R0002_55029026,R0290_55033209,0.46938775510204084
R0002_55029026,R0290_55043722,0.46938775510204084
R0002_55029026,R0377_55039577,0.5510204081632653
R0002_55029026,R0377_55032663,0.5510204081632653
R0002_55029026,R0377_55036003,0.5510204081632653
R0002_55029026,R0377_55036004,0.5510204081632653
R0002_55029026,R0377_55036006,0.5510204081632653
R0002_55029026,R0377_55036007,0.5510204081632653
R0002_55029026,R0377_55036008,0.5510204081632653
R0002_55029026,R0377_55036009,0.5510204081632653
R0002_55029026,R0377_55043375,0.5510204081632653
R0002_55029026,R0377_55032655,0.5510204081632653
R0002_55029026,R0377_55034860,0.5510204081632653
R0002_55029026,R0377_55042881,0.5510204081632653
R0002_55029026,R0377_55033035,0.5510204081632653
R0002_55029026,R0377_55044076,0.5510204081632653
R0002_55029026,R0377_55036698,0.5510204081632653
R0002_55029026,R0377_55032664,0.5510204081632653
R0002_55029026,R0377_55038331,0.5510204081632653
R0002_55029026,R0377_55041814,0.5510204081632653
R0002_55029026,R0377_55041025,0.5510204081632653
R0002_55029026,R0377_55039651,0.5510204081632653
R0002_55029026,R0377_55044100,0.5510204081632653
R0002_55029026,R0377_55026719,0.5510204081632653
R0002_55039889,R0002_55043311,1.0
R0002_55039889,R0002_55036002,1.0
R0002_55039889,R0002_55015378,1.0
R0002_55039889,R0002_55032731,1.0
R0002_55039889,R0002_55025944,1.0
R0002_55039889,R0002_55024341,1.0
R0002_55039889,R0002_55041509,1.0
R0002_55039889,R0002_55036059,1.0
R0002_55039889,R0002_55037787,1.0
R0002_55039889,R0002_55039851,1.0
R0002_55039889,R0002_55032782,1.0
R0002_55039889,R0002_55036171,1.0
R0002_55039889,R0002_55035505,1.0
R0002_55039889,R0002_55011002,1.0
R0002_55039889,R0002_55031467,1.0
R0002_55039889,R0002_55028991,1.0
R0002_55039889,R0002_55027831,1.0
R0002_55039889,R0002_55038839,1.0
R0002_55039889,R0002_55019960,1.0
R0002_55039889,R0002_55033035,1.0
R0002_55039889,R0002_55006197,1.0
R0002_55039889,R0002_55036505,1.0
R0002_55039889,R0002_55044076,1.0
R0002_55039889,R0002_55036050,1.0
R0002_55039889,R0002_55037530,1.0
R0002_55039889,R0002_55040793,1.0
R0002_55039889,R0002_55043136,1.0
R0002_55039889,R0002_55014421,1.0
R0002_55039889,R0002_55003518,1.0
R0002_55039889,R0002_55027319,1.0
R0002_55039889,R0002_55035727,1.0
R0002_55039889,R0002_55032858,1.0
R0002_55039889,R0002_55029026,1.0
R0002_55039889,R0002_55041025,1.0
R0002_55039889,R0002_55041833,1.0
R0002_55039889,R0002_55031084,1.0
R0002_55039889,R0002_55030125,1.0
R0002_55039889,R0002_55011220,1.0
R0002_55039889,R0002_55043779,1.0
R0002_55039889,R0002_55026664,1.0
R0002_55039889,R0002_55037878,1.0
R0002_55039889,R0002_55043901,1.0
R0002_55039889,R0002_55037718,1.0
R0002_55039889,R0002_55042075,1.0
R0002_55039889,R0002_55031358,1.0
R0002_55039889,R0002_55025080,1.0
R0002_55039889,R0002_55037283,1.0
R0002_55039889,R0002_55019387,1.0
R0002_55039889,R0043_55035478,0.40816326530612246
R0002_55039889,R0043_55032756,0.40816326530612246
R0002_55039889,R0043_55039677,0.40816326530612246
R0002_55039889,R0043_55039678,0.40816326530612246
R0002_55039889,R0043_55029067,0.40816326530612246
R0002_55039889,R0043_55036252,0.40816326530612246
R0002_55039889,R0043_55034675,0.40816326530612246
R0002_55039889,R0043_55031083,0.40816326530612246
R0002_55039889,R0043_55036209,0.40816326530612246
R0002_55039889,R0043_55035181,0.40816326530612246
R0002_55039889,R0043_55032758,0.40816326530612246
R0002_55039889,R0043_55039681,0.40816326530612246
R0002_55039889,R0043_55039682,0.40816326530612246
R0002_55039889,R0043_55039683,0.40816326530612246
R0002_55039889,R0043_55039684,0.40816326530612246
R0002_55039889,R0043_55032632,0.40816326530612246
R0002_55039889,R0043_55021537,0.40816326530612246
R0002_55039889,R0043_55041926,0.40816326530612246
R0002_55039889,R0043_55029012,0.40816326530612246
R0002_55039889,R0043_55034882,0.40816326530612246
R0002_55039889,R0043_55039679,0.40816326530612246
R0002_55039889,R0043_55032862,0.40816326530612246
R0002_55039889,R0043_55032759,0.40816326530612246
R0002_55039889,R0043_55037980,0.40816326530612246
R0002_55039889,R0043_55037979,0.40816326530612246
R0002_55039889,R0043_55027552,0.40816326530612246
R0002_55039889,R0043_55034879,0.40816326530612246
R0002_55039889,R0043_55032908,0.40816326530612246
R0002_55039889,R0043_55039686,0.40816326530612246
R0002_55039889,R0043_55032863,0.40816326530612246
R0002_55039889,R0043_55009127,0.40816326530612246
R0002_55039889,R0043_55036250,0.40816326530612246
R0002_55039889,R0043_55034880,0.40816326530612246
R0002_55039889,R0043_55032860,0.40816326530612246
R0002_55039889,R0043_55029506,0.40816326530612246
R0002_55039889,R0043_55031288,0.40816326530612246
R0002_55039889,R0043_55036124,0.40816326530612246
R0002_55039889,R0043_55039830,0.40816326530612246
R0002_55039889,R0043_55034325,0.40816326530612246
R0002_55039889,R0043_55039829,0.40816326530612246
R0002_55039889,R0043_55031080,0.40816326530612246
R0002_55039889,R0043_55031077,0.40816326530612246
R0002_55039889,R0043_55017366,0.40816326530612246
R0002_55039889,R0043_55034335,0.40816326530612246
R0002_55039889,R0043_55031005,0.40816326530612246
R0002_55039889,R0055_55007584,0.4897959183673469
R0002_55039889,R0055_55007583,0.4897959183673469
R0002_55039889,R0204_55005925,0.5306122448979592
R0002_55039889,R0204_55032685,0.5306122448979592
R0002_55039889,R0204_55035156,0.5306122448979592
R0002_55039889,R0204_55022352,0.5306122448979592
R0002_55039889,R0204_55004131,0.5306122448979592
R0002_55039889,R0207_55036375,0.46938775510204084
R0002_55039889,R0207_55032672,0.46938775510204084
R0002_55039889,R0207_55032673,0.46938775510204084
R0002_55039889,R0290_55038074,0.46938775510204084
R0002_55039889,R0290_55041439,0.46938775510204084
R0002_55039889,R0290_55041442,0.46938775510204084
R0002_55039889,R0290_55041438,0.46938775510204084
R0002_55039889,R0290_55041440,0.46938775510204084
R0002_55039889,R0290_55041441,0.46938775510204084
R0002_55039889,R0290_55030423,0.46938775510204084
R0002_55039889,R0290_55039755,0.46938775510204084
R0002_55039889,R0290_55026840,0.46938775510204084
R0002_55039889,R0290_55038681,0.46938775510204084
R0002_55039889,R0290_55033209,0.46938775510204084
R0002_55039889,R0290_55043722,0.46938775510204084
R0002_55039889,R0377_55039577,0.5510204081632653
R0002_55039889,R0377_55032663,0.5510204081632653
R0002_55039889,R0377_55036003,0.5510204081632653
R0002_55039889,R0377_55036004,0.5510204081632653
R0002_55039889,R0377_55036006,0.5510204081632653
R0002_55039889,R0377_55036007,0.5510204081632653
R0002_55039889,R0377_55036008,0.5510204081632653
R0002_55039889,R0377_55036009,0.5510204081632653
R0002_55039889,R0377_55043375,0.5510204081632653
R0002_55039889,R0377_55032655,0.5510204081632653
R0002_55039889,R0377_55034860,0.5510204081632653
R0002_55039889,R0377_55042881,0.5510204081632653
R0002_55039889,R0377_55033035,0.5510204081632653
R0002_55039889,R0377_55044076,0.5510204081632653
R0002_55039889,R0377_55036698,0.5510204081632653
R0002_55039889,R0377_55032664,0.5510204081632653
R0002_55039889,R0377_55038331,0.5510204081632653
R0002_55039889,R0377_55041814,0.5510204081632653
R0002_55039889,R0377_55041025,0.5510204081632653
R0002_55039889,R0377_55039651,0.5510204081632653
R0002_55039889,R0377_55044100,0.5510204081632653
R0002_55039889,R0377_55026719,0.5510204081632653
R0002_55041025,R0002_55043311,1.0
R0002_55041025,R0002_55036002,1.0
R0002_55041025,R0002_55015378,1.0
R0002_55041025,R0002_55032731,1.0
R0002_55041025,R0002_55025944,1.0
R0002_55041025,R0002_55024341,1.0
R0002_55041025,R0002_55041509,1.0
R0002_55041025,R0002_55036059,1.0
R0002_55041025,R0002_55037787,1.0
R0002_55041025,R0002_55039851,1.0
R0002_55041025,R0002_55032782,1.0
R0002_55041025,R0002_55036171,1.0
R0002_55041025,R0002_55035505,1.0
R0002_55041025,R0002_55011002,1.0
R0002_55041025,R0002_55031467,1.0
R0002_55041025,R0002_55028991,1.0
R0002_55041025,R0002_55027831,1.0
R0002_55041025,R0002_55038839,1.0
R0002_55041025,R0002_55019960,1.0
R0002_55041025,R0002_55033035,1.0
R0002_55041025,R0002_55006197,1.0
R0002_55041025,R0002_55036505,1.0
R0002_55041025,R0002_55044076,1.0
R0002_55041025,R0002_55036050,1.0
R0002_55041025,R0002_55037530,1.0
R0002_55041025,R0002_55040793,1.0
R0002_55041025,R0002_55043136,1.0
R0002_55041025,R0002_55014421,1.0
R0002_55041025,R0002_55003518,1.0
R0002_55041025,R0002_55027319,1.0
R0002_55041025,R0002_55035727,1.0
R0002_55041025,R0002_55032858,1.0
R0002_55041025,R0002_55029026,1.0
R0002_55041025,R0002_55039889,1.0
R0002_55041025,R0002_55041833,1.0
R0002_55041025,R0002_55031084,1.0
R0002_55041025,R0002_55030125,1.0
R0002_55041025,R0002_55011220,1.0
R0002_55041025,R0002_55043779,1.0
R0002_55041025,R0002_55026664,1.0
R0002_55041025,R0002_55037878,1.0
R0002_55041025,R0002_55043901,1.0
R0002_55041025,R0002_55037718,1.0
R0002_55041025,R0002_55042075,1.0
R0002_55041025,R0002_55031358,1.0
R0002_55041025,R0002_55025080,1.0
R0002_55041025,R0002_55037283,1.0
R0002_55041025,R0002_55019387,1.0
R0002_55041025,R0043_55035478,0.40816326530612246
R0002_55041025,R0043_55032756,0.40816326530612246
R0002_55041025,R0043_55039677,0.40816326530612246
R0002_55041025,R0043_55039678,0.40816326530612246
R0002_55041025,R0043_55029067,0.40816326530612246
R0002_55041025,R0043_55036252,0.40816326530612246
R0002_55041025,R0043_55034675,0.40816326530612246
R0002_55041025,R0043_55031083,0.40816326530612246
R0002_55041025,R0043_55036209,0.40816326530612246
R0002_55041025,R0043_55035181,0.40816326530612246
R0002_55041025,R0043_55032758,0.40816326530612246
R0002_55041025,R0043_55039681,0.40816326530612246
R0002_55041025,R0043_55039682,0.40816326530612246
R0002_55041025,R0043_55039683,0.40816326530612246
R0002_55041025,R0043_55039684,0.40816326530612246
R0002_55041025,R0043_55032632,0.40816326530612246
R0002_55041025,R0043_55021537,0.40816326530612246
R0002_55041025,R0043_55041926,0.40816326530612246
R0002_55041025,R0043_55029012,0.40816326530612246
R0002_55041025,R0043_55034882,0.40816326530612246
R0002_55041025,R0043_55039679,0.40816326530612246
R0002_55041025,R0043_55032862,0.40816326530612246
R0002_55041025,R0043_55032759,0.40816326530612246
R0002_55041025,R0043_55037980,0.40816326530612246
R0002_55041025,R0043_55037979,0.40816326530612246
R0002_55041025,R0043_55027552,0.40816326530612246
R0002_55041025,R0043_55034879,0.40816326530612246
R0002_55041025,R0043_55032908,0.40816326530612246
R0002_55041025,R0043_55039686,0.40816326530612246
R0002_55041025,R0043_55032863,0.40816326530612246
R0002_55041025,R0043_55009127,0.40816326530612246
R0002_55041025,R0043_55036250,0.40816326530612246
R0002_55041025,R0043_55034880,0.40816326530612246
R0002_55041025,R0043_55032860,0.40816326530612246
R0002_55041025,R0043_55029506,0.40816326530612246
R0002_55041025,R0043_55031288,0.40816326530612246
R0002_55041025,R0043_55036124,0.40816326530612246
R0002_55041025,R0043_55039830,0.40816326530612246
R0002_55041025,R0043_55034325,0.40816326530612246
R0002_55041025,R0043_55039829,0.40816326530612246
R0002_55041025,R0043_55031080,0.40816326530612246
R0002_55041025,R0043_55031077,0.40816326530612246
R0002_55041025,R0043_55017366,0.40816326530612246
R0002_55041025,R0043_55034335,0.40816326530612246
R0002_55041025,R0043_55031005,0.40816326530612246
R0002_55041025,R0055_55007584,0.4897959183673469
R0002_55041025,R0055_55007583,0.4897959183673469
R0002_55041025,R0204_55005925,0.5306122448979592
R0002_55041025,R0204_55032685,0.5306122448979592
R0002_55041025,R0204_55035156,0.5306122448979592
R0002_55041025,R0204_55022352,0.5306122448979592
R0002_55041025,R0204_55004131,0.5306122448979592
R0002_55041025,R0207_55036375,0.46938775510204084
R0002_55041025,R0207_55032672,0.46938775510204084
R0002_55041025,R0207_55032673,0.46938775510204084
R0002_55041025,R0290_55038074,0.46938775510204084
R0002_55041025,R0290_55041439,0.46938775510204084
R0002_55041025,R0290_55041442,0.46938775510204084
R0002_55041025,R0290_55041438,0.46938775510204084
R0002_55041025,R0290_55041440,0.46938775510204084
R0002_55041025,R0290_55041441,0.46938775510204084
R0002_55041025,R0290_55030423,0.46938775510204084
R0002_55041025,R0290_55039755,0.46938775510204084
R0002_55041025,R0290_55026840,0.46938775510204084
R0002_55041025,R0290_55038681,0.46938775510204084
R0002_55041025,R0290_55033209,0.46938775510204084
R0002_55041025,R0290_55043722,0.46938775510204084
R0002_55041025,R0377_55039577,0.5510204081632653
R0002_55041025,R0377_55032663,0.5510204081632653
R0002_55041025,R0377_55036003,0.5510204081632653
R0002_55041025,R0377_55036004,0.5510204081632653
R0002_55041025,R0377_55036006,0.5510204081632653
R0002_55041025,R0377_55036007,0.5510204081632653
R0002_55041025,R0377_55036008,0.5510204081632653
R0002_55041025,R0377_55036009,0.5510204081632653
R0002_55041025,R0377_55043375,0.5510204081632653
R0002_55041025,R0377_55032655,0.5510204081632653
R0002_55041025,R0377_55034860,0.5510204081632653
R0002_55041025,R0377_55042881,0.5510204081632653
R0002_55041025,R0377_55033035,0.5510204081632653
R0002_55041025,R0377_55044076,0.5510204081632653
R0002_55041025,R0377_55036698,0.5510204081632653
R0002_55041025,R0377_55032664,0.5510204081632653
R0002_55041025,R0377_55038331,0.5510204081632653
R0002_55041025,R0377_55041814,0.5510204081632653
R0002_55041025,R0377_55041025,0.5510204081632653
R0002_55041025,R0377_55039651,0.5510204081632653
R0002_55041025,R0377_55044100,0.5510204081632653
R0002_55041025,R0377_55026719,0.5510204081632653
R0002_55041833,R0002_55043311,1.0
R0002_55041833,R0002_55036002,1.0
R0002_55041833,R0002_55015378,1.0
R0002_55041833,R0002_55032731,1.0
R0002_55041833,R0002_55025944,1.0
R0002_55041833,R0002_55024341,1.0
R0002_55041833,R0002_55041509,1.0
R0002_55041833,R0002_55036059,1.0
R0002_55041833,R0002_55037787,1.0
R0002_55041833,R0002_55039851,1.0
R0002_55041833,R0002_55032782,1.0
R0002_55041833,R0002_55036171,1.0
R0002_55041833,R0002_55035505,1.0
R0002_55041833,R0002_55011002,1.0
R0002_55041833,R0002_55031467,1.0
R0002_55041833,R0002_55028991,1.0
R0002_55041833,R0002_55027831,1.0
R0002_55041833,R0002_55038839,1.0
R0002_55041833,R0002_55019960,1.0
R0002_55041833,R0002_55033035,1.0
R0002_55041833,R0002_55006197,1.0
R0002_55041833,R0002_55036505,1.0
R0002_55041833,R0002_55044076,1.0
R0002_55041833,R0002_55036050,1.0
R0002_55041833,R0002_55037530,1.0
R0002_55041833,R0002_55040793,1.0
R0002_55041833,R0002_55043136,1.0
R0002_55041833,R0002_55014421,1.0
R0002_55041833,R0002_55003518,1.0
R0002_55041833,R0002_55027319,1.0
R0002_55041833,R0002_55035727,1.0
R0002_55041833,R0002_55032858,1.0
R0002_55041833,R0002_55029026,1.0
R0002_55041833,R0002_55039889,1.0
R0002_55041833,R0002_55041025,1.0
R0002_55041833,R0002_55031084,1.0
R0002_55041833,R0002_55030125,1.0
R0002_55041833,R0002_55011220,1.0
R0002_55041833,R0002_55043779,1.0
R0002_55041833,R0002_55026664,1.0
R0002_55041833,R0002_55037878,1.0
R0002_55041833,R0002_55043901,1.0
R0002_55041833,R0002_55037718,1.0
R0002_55041833,R0002_55042075,1.0
R0002_55041833,R0002_55031358,1.0
R0002_55041833,R0002_55025080,1.0
R0002_55041833,R0002_55037283,1.0
R0002_55041833,R0002_55019387,1.0
R0002_55041833,R0043_55035478,0.40816326530612246
R0002_55041833,R0043_55032756,0.40816326530612246
R0002_55041833,R0043_55039677,0.40816326530612246
R0002_55041833,R0043_55039678,0.40816326530612246
R0002_55041833,R0043_55029067,0.40816326530612246
R0002_55041833,R0043_55036252,0.40816326530612246
R0002_55041833,R0043_55034675,0.40816326530612246
R0002_55041833,R0043_55031083,0.40816326530612246
R0002_55041833,R0043_55036209,0.40816326530612246
R0002_55041833,R0043_55035181,0.40816326530612246
R0002_55041833,R0043_55032758,0.40816326530612246
R0002_55041833,R0043_55039681,0.40816326530612246
R0002_55041833,R0043_55039682,0.40816326530612246
R0002_55041833,R0043_55039683,0.40816326530612246
R0002_55041833,R0043_55039684,0.40816326530612246
R0002_55041833,R0043_55032632,0.40816326530612246
R0002_55041833,R0043_55021537,0.40816326530612246
R0002_55041833,R0043_55041926,0.40816326530612246
R0002_55041833,R0043_55029012,0.40816326530612246
R0002_55041833,R0043_55034882,0.40816326530612246
R0002_55041833,R0043_55039679,0.40816326530612246
R0002_55041833,R0043_55032862,0.40816326530612246
R0002_55041833,R0043_55032759,0.40816326530612246
R0002_55041833,R0043_55037980,0.40816326530612246
R0002_55041833,R0043_55037979,0.40816326530612246
R0002_55041833,R0043_55027552,0.40816326530612246
R0002_55041833,R0043_55034879,0.40816326530612246
R0002_55041833,R0043_55032908,0.40816326530612246
R0002_55041833,R0043_55039686,0.40816326530612246
R0002_55041833,R0043_55032863,0.40816326530612246
R0002_55041833,R0043_55009127,0.40816326530612246
R0002_55041833,R0043_55036250,0.40816326530612246
R0002_55041833,R0043_55034880,0.40816326530612246
R0002_55041833,R0043_55032860,0.40816326530612246
R0002_55041833,R0043_55029506,0.40816326530612246
R0002_55041833,R0043_55031288,0.40816326530612246
R0002_55041833,R0043_55036124,0.40816326530612246
R0002_55041833,R0043_55039830,0.40816326530612246
R0002_55041833,R0043_55034325,0.40816326530612246
R0002_55041833,R0043_55039829,0.40816326530612246
R0002_55041833,R0043_55031080,0.40816326530612246
R0002_55041833,R0043_55031077,0.40816326530612246
R0002_55041833,R0043_55017366,0.40816326530612246
R0002_55041833,R0043_55034335,0.40816326530612246
R0002_55041833,R0043_55031005,0.40816326530612246
R0002_55041833,R0055_55007584,0.4897959183673469
R0002_55041833,R0055_55007583,0.4897959183673469
R0002_55041833,R0204_55005925,0.5306122448979592
R0002_55041833,R0204_55032685,0.5306122448979592
R0002_55041833,R0204_55035156,0.5306122448979592
R0002_55041833,R0204_55022352,0.5306122448979592
R0002_55041833,R0204_55004131,0.5306122448979592
R0002_55041833,R0207_55036375,0.46938775510204084
R0002_55041833,R0207_55032672,0.46938775510204084
R0002_55041833,R0207_55032673,0.46938775510204084
R0002_55041833,R0290_55038074,0.46938775510204084
R0002_55041833,R0290_55041439,0.46938775510204084
R0002_55041833,R0290_55041442,0.46938775510204084
R0002_55041833,R0290_55041438,0.46938775510204084
R0002_55041833,R0290_55041440,0.46938775510204084
R0002_55041833,R0290_55041441,0.46938775510204084
R0002_55041833,R0290_55030423,0.46938775510204084
R0002_55041833,R0290_55039755,0.46938775510204084
R0002_55041833,R0290_55026840,0.46938775510204084
R0002_55041833,R0290_55038681,0.46938775510204084
R0002_55041833,R0290_55033209,0.46938775510204084
R0002_55041833,R0290_55043722,0.46938775510204084
R0002_55041833,R0377_55039577,0.5510204081632653
R0002_55041833,R0377_55032663,0.5510204081632653
R0002_55041833,R0377_55036003,0.5510204081632653
R0002_55041833,R0377_55036004,0.5510204081632653
R0002_55041833,R0377_55036006,0.5510204081632653
R0002_55041833,R0377_55036007,0.5510204081632653
R0002_55041833,R0377_55036008,0.5510204081632653
R0002_55041833,R0377_55036009,0.5510204081632653
R0002_55041833,R0377_55043375,0.5510204081632653
R0002_55041833,R0377_55032655,0.5510204081632653
R0002_55041833,R0377_55034860,0.5510204081632653
R0002_55041833,R0377_55042881,0.5510204081632653
R0002_55041833,R0377_55033035,0.5510204081632653
R0002_55041833,R0377_55044076,0.5510204081632653
R0002_55041833,R0377_55036698,0.5510204081632653
R0002_55041833,R0377_55032664,0.5510204081632653
R0002_55041833,R0377_55038331,0.5510204081632653
R0002_55041833,R0377_55041814,0.5510204081632653
R0002_55041833,R0377_55041025,0.5510204081632653
R0002_55041833,R0377_55039651,0.5510204081632653
R0002_55041833,R0377_55044100,0.5510204081632653
R0002_55041833,R0377_55026719,0.5510204081632653
R0002_55031084,R0002_55043311,1.0
R0002_55031084,R0002_55036002,1.0
R0002_55031084,R0002_55015378,1.0
R0002_55031084,R0002_55032731,1.0
R0002_55031084,R0002_55025944,1.0
R0002_55031084,R0002_55024341,1.0
R0002_55031084,R0002_55041509,1.0
R0002_55031084,R0002_55036059,1.0
R0002_55031084,R0002_55037787,1.0
R0002_55031084,R0002_55039851,1.0
R0002_55031084,R0002_55032782,1.0
R0002_55031084,R0002_55036171,1.0
R0002_55031084,R0002_55035505,1.0
R0002_55031084,R0002_55011002,1.0
R0002_55031084,R0002_55031467,1.0
R0002_55031084,R0002_55028991,1.0
R0002_55031084,R0002_55027831,1.0
R0002_55031084,R0002_55038839,1.0
R0002_55031084,R0002_55019960,1.0
R0002_55031084,R0002_55033035,1.0
R0002_55031084,R0002_55006197,1.0
R0002_55031084,R0002_55036505,1.0
R0002_55031084,R0002_55044076,1.0
R0002_55031084,R0002_55036050,1.0
R0002_55031084,R0002_55037530,1.0
R0002_55031084,R0002_55040793,1.0
R0002_55031084,R0002_55043136,1.0
R0002_55031084,R0002_55014421,1.0
R0002_55031084,R0002_55003518,1.0
R0002_55031084,R0002_55027319,1.0
R0002_55031084,R0002_55035727,1.0
R0002_55031084,R0002_55032858,1.0
R0002_55031084,R0002_55029026,1.0
R0002_55031084,R0002_55039889,1.0
R0002_55031084,R0002_55041025,1.0
R0002_55031084,R0002_55041833,1.0
R0002_55031084,R0002_55030125,1.0
R0002_55031084,R0002_55011220,1.0
R0002_55031084,R0002_55043779,1.0
R0002_55031084,R0002_55026664,1.0
R0002_55031084,R0002_55037878,1.0
R0002_55031084,R0002_55043901,1.0
R0002_55031084,R0002_55037718,1.0
R0002_55031084,R0002_55042075,1.0
R0002_55031084,R0002_55031358,1.0
R0002_55031084,R0002_55025080,1.0
R0002_55031084,R0002_55037283,1.0
R0002_55031084,R0002_55019387,1.0
R0002_55031084,R0043_55035478,0.40816326530612246
R0002_55031084,R0043_55032756,0.40816326530612246
R0002_55031084,R0043_55039677,0.40816326530612246
R0002_55031084,R0043_55039678,0.40816326530612246
R0002_55031084,R0043_55029067,0.40816326530612246
R0002_55031084,R0043_55036252,0.40816326530612246
R0002_55031084,R0043_55034675,0.40816326530612246
R0002_55031084,R0043_55031083,0.40816326530612246
R0002_55031084,R0043_55036209,0.40816326530612246
R0002_55031084,R0043_55035181,0.40816326530612246
R0002_55031084,R0043_55032758,0.40816326530612246
R0002_55031084,R0043_55039681,0.40816326530612246
R0002_55031084,R0043_55039682,0.40816326530612246
R0002_55031084,R0043_55039683,0.40816326530612246
R0002_55031084,R0043_55039684,0.40816326530612246
R0002_55031084,R0043_55032632,0.40816326530612246
R0002_55031084,R0043_55021537,0.40816326530612246
R0002_55031084,R0043_55041926,0.40816326530612246
R0002_55031084,R0043_55029012,0.40816326530612246
R0002_55031084,R0043_55034882,0.40816326530612246
R0002_55031084,R0043_55039679,0.40816326530612246
R0002_55031084,R0043_55032862,0.40816326530612246
R0002_55031084,R0043_55032759,0.40816326530612246
R0002_55031084,R0043_55037980,0.40816326530612246
R0002_55031084,R0043_55037979,0.40816326530612246
R0002_55031084,R0043_55027552,0.40816326530612246
R0002_55031084,R0043_55034879,0.40816326530612246
R0002_55031084,R0043_55032908,0.40816326530612246
R0002_55031084,R0043_55039686,0.40816326530612246
R0002_55031084,R0043_55032863,0.40816326530612246
R0002_55031084,R0043_55009127,0.40816326530612246
R0002_55031084,R0043_55036250,0.40816326530612246
R0002_55031084,R0043_55034880,0.40816326530612246
R0002_55031084,R0043_55032860,0.40816326530612246
R0002_55031084,R0043_55029506,0.40816326530612246
R0002_55031084,R0043_55031288,0.40816326530612246
R0002_55031084,R0043_55036124,0.40816326530612246
R0002_55031084,R0043_55039830,0.40816326530612246
R0002_55031084,R0043_55034325,0.40816326530612246
R0002_55031084,R0043_55039829,0.40816326530612246
R0002_55031084,R0043_55031080,0.40816326530612246
R0002_55031084,R0043_55031077,0.40816326530612246
R0002_55031084,R0043_55017366,0.40816326530612246
R0002_55031084,R0043_55034335,0.40816326530612246
R0002_55031084,R0043_55031005,0.40816326530612246
R0002_55031084,R0055_55007584,0.4897959183673469
R0002_55031084,R0055_55007583,0.4897959183673469
R0002_55031084,R0204_55005925,0.5306122448979592
R0002_55031084,R0204_55032685,0.5306122448979592
R0002_55031084,R0204_55035156,0.5306122448979592
R0002_55031084,R0204_55022352,0.5306122448979592
R0002_55031084,R0204_55004131,0.5306122448979592
R0002_55031084,R0207_55036375,0.46938775510204084
R0002_55031084,R0207_55032672,0.46938775510204084
R0002_55031084,R0207_55032673,0.46938775510204084
R0002_55031084,R0290_55038074,0.46938775510204084
R0002_55031084,R0290_55041439,0.46938775510204084
R0002_55031084,R0290_55041442,0.46938775510204084
R0002_55031084,R0290_55041438,0.46938775510204084
R0002_55031084,R0290_55041440,0.46938775510204084
R0002_55031084,R0290_55041441,0.46938775510204084
R0002_55031084,R0290_55030423,0.46938775510204084
R0002_55031084,R0290_55039755,0.46938775510204084
R0002_55031084,R0290_55026840,0.46938775510204084
R0002_55031084,R0290_55038681,0.46938775510204084
R0002_55031084,R0290_55033209,0.46938775510204084
R0002_55031084,R0290_55043722,0.46938775510204084
R0002_55031084,R0377_55039577,0.5510204081632653
R0002_55031084,R0377_55032663,0.5510204081632653
R0002_55031084,R0377_55036003,0.5510204081632653
R0002_55031084,R0377_55036004,0.5510204081632653
R0002_55031084,R0377_55036006,0.5510204081632653
R0002_55031084,R0377_55036007,0.5510204081632653
R0002_55031084,R0377_55036008,0.5510204081632653
R0002_55031084,R0377_55036009,0.5510204081632653
R0002_55031084,R0377_55043375,0.5510204081632653
R0002_55031084,R0377_55032655,0.5510204081632653
R0002_55031084,R0377_55034860,0.5510204081632653
R0002_55031084,R0377_55042881,0.5510204081632653
R0002_55031084,R0377_55033035,0.5510204081632653
R0002_55031084,R0377_55044076,0.5510204081632653
R0002_55031084,R0377_55036698,0.5510204081632653
R0002_55031084,R0377_55032664,0.5510204081632653
R0002_55031084,R0377_55038331,0.5510204081632653
R0002_55031084,R0377_55041814,0.5510204081632653
R0002_55031084,R0377_55041025,0.5510204081632653
R0002_55031084,R0377_55039651,0.5510204081632653
R0002_55031084,R0377_55044100,0.5510204081632653
R0002_55031084,R0377_55026719,0.5510204081632653
R0002_55030125,R0002_55043311,1.0
R0002_55030125,R0002_55036002,1.0
R0002_55030125,R0002_55015378,1.0
R0002_55030125,R0002_55032731,1.0
R0002_55030125,R0002_55025944,1.0
R0002_55030125,R0002_55024341,1.0
R0002_55030125,R0002_55041509,1.0
R0002_55030125,R0002_55036059,1.0
R0002_55030125,R0002_55037787,1.0
R0002_55030125,R0002_55039851,1.0
R0002_55030125,R0002_55032782,1.0
R0002_55030125,R0002_55036171,1.0
R0002_55030125,R0002_55035505,1.0
R0002_55030125,R0002_55011002,1.0
R0002_55030125,R0002_55031467,1.0
R0002_55030125,R0002_55028991,1.0
R0002_55030125,R0002_55027831,1.0
R0002_55030125,R0002_55038839,1.0
R0002_55030125,R0002_55019960,1.0
R0002_55030125,R0002_55033035,1.0
R0002_55030125,R0002_55006197,1.0
R0002_55030125,R0002_55036505,1.0
R0002_55030125,R0002_55044076,1.0
R0002_55030125,R0002_55036050,1.0
R0002_55030125,R0002_55037530,1.0
R0002_55030125,R0002_55040793,1.0
R0002_55030125,R0002_55043136,1.0
R0002_55030125,R0002_55014421,1.0
R0002_55030125,R0002_55003518,1.0
R0002_55030125,R0002_55027319,1.0
R0002_55030125,R0002_55035727,1.0
R0002_55030125,R0002_55032858,1.0
R0002_55030125,R0002_55029026,1.0
R0002_55030125,R0002_55039889,1.0
R0002_55030125,R0002_55041025,1.0
R0002_55030125,R0002_55041833,1.0
R0002_55030125,R0002_55031084,1.0
R0002_55030125,R0002_55011220,1.0
R0002_55030125,R0002_55043779,1.0
R0002_55030125,R0002_55026664,1.0
R0002_55030125,R0002_55037878,1.0
R0002_55030125,R0002_55043901,1.0
R0002_55030125,R0002_55037718,1.0
R0002_55030125,R0002_55042075,1.0
R0002_55030125,R0002_55031358,1.0
R0002_55030125,R0002_55025080,1.0
R0002_55030125,R0002_55037283,1.0
R0002_55030125,R0002_55019387,1.0
R0002_55030125,R0043_55035478,0.40816326530612246
R0002_55030125,R0043_55032756,0.40816326530612246
R0002_55030125,R0043_55039677,0.40816326530612246
R0002_55030125,R0043_55039678,0.40816326530612246
R0002_55030125,R0043_55029067,0.40816326530612246
R0002_55030125,R0043_55036252,0.40816326530612246
R0002_55030125,R0043_55034675,0.40816326530612246
R0002_55030125,R0043_55031083,0.40816326530612246
R0002_55030125,R0043_55036209,0.40816326530612246
R0002_55030125,R0043_55035181,0.40816326530612246
R0002_55030125,R0043_55032758,0.40816326530612246
R0002_55030125,R0043_55039681,0.40816326530612246
R0002_55030125,R0043_55039682,0.40816326530612246
R0002_55030125,R0043_55039683,0.40816326530612246
R0002_55030125,R0043_55039684,0.40816326530612246
R0002_55030125,R0043_55032632,0.40816326530612246
R0002_55030125,R0043_55021537,0.40816326530612246
R0002_55030125,R0043_55041926,0.40816326530612246
R0002_55030125,R0043_55029012,0.40816326530612246
R0002_55030125,R0043_55034882,0.40816326530612246
R0002_55030125,R0043_55039679,0.40816326530612246
R0002_55030125,R0043_55032862,0.40816326530612246
R0002_55030125,R0043_55032759,0.40816326530612246
R0002_55030125,R0043_55037980,0.40816326530612246
R0002_55030125,R0043_55037979,0.40816326530612246
R0002_55030125,R0043_55027552,0.40816326530612246
R0002_55030125,R0043_55034879,0.40816326530612246
R0002_55030125,R0043_55032908,0.40816326530612246
R0002_55030125,R0043_55039686,0.40816326530612246
R0002_55030125,R0043_55032863,0.40816326530612246
R0002_55030125,R0043_55009127,0.40816326530612246
R0002_55030125,R0043_55036250,0.40816326530612246
R0002_55030125,R0043_55034880,0.40816326530612246
R0002_55030125,R0043_55032860,0.40816326530612246
R0002_55030125,R0043_55029506,0.40816326530612246
R0002_55030125,R0043_55031288,0.40816326530612246
R0002_55030125,R0043_55036124,0.40816326530612246
R0002_55030125,R0043_55039830,0.40816326530612246
R0002_55030125,R0043_55034325,0.40816326530612246
R0002_55030125,R0043_55039829,0.40816326530612246
R0002_55030125,R0043_55031080,0.40816326530612246
R0002_55030125,R0043_55031077,0.40816326530612246
R0002_55030125,R0043_55017366,0.40816326530612246
R0002_55030125,R0043_55034335,0.40816326530612246
R0002_55030125,R0043_55031005,0.40816326530612246
R0002_55030125,R0055_55007584,0.4897959183673469
R0002_55030125,R0055_55007583,0.4897959183673469
R0002_55030125,R0204_55005925,0.5306122448979592
R0002_55030125,R0204_55032685,0.5306122448979592
R0002_55030125,R0204_55035156,0.5306122448979592
R0002_55030125,R0204_55022352,0.5306122448979592
R0002_55030125,R0204_55004131,0.5306122448979592
R0002_55030125,R0207_55036375,0.46938775510204084
R0002_55030125,R0207_55032672,0.46938775510204084
R0002_55030125,R0207_55032673,0.46938775510204084
R0002_55030125,R0290_55038074,0.46938775510204084
R0002_55030125,R0290_55041439,0.46938775510204084
R0002_55030125,R0290_55041442,0.46938775510204084
R0002_55030125,R0290_55041438,0.46938775510204084
R0002_55030125,R0290_55041440,0.46938775510204084
R0002_55030125,R0290_55041441,0.46938775510204084
R0002_55030125,R0290_55030423,0.46938775510204084
R0002_55030125,R0290_55039755,0.46938775510204084
R0002_55030125,R0290_55026840,0.46938775510204084
R0002_55030125,R0290_55038681,0.46938775510204084
R0002_55030125,R0290_55033209,0.46938775510204084
R0002_55030125,R0290_55043722,0.46938775510204084
R0002_55030125,R0377_55039577,0.5510204081632653
R0002_55030125,R0377_55032663,0.5510204081632653
R0002_55030125,R0377_55036003,0.5510204081632653
R0002_55030125,R0377_55036004,0.5510204081632653
R0002_55030125,R0377_55036006,0.5510204081632653
R0002_55030125,R0377_55036007,0.5510204081632653
R0002_55030125,R0377_55036008,0.5510204081632653
R0002_55030125,R0377_55036009,0.5510204081632653
R0002_55030125,R0377_55043375,0.5510204081632653
R0002_55030125,R0377_55032655,0.5510204081632653
R0002_55030125,R0377_55034860,0.5510204081632653
R0002_55030125,R0377_55042881,0.5510204081632653
R0002_55030125,R0377_55033035,0.5510204081632653
R0002_55030125,R0377_55044076,0.5510204081632653
R0002_55030125,R0377_55036698,0.5510204081632653
R0002_55030125,R0377_55032664,0.5510204081632653
R0002_55030125,R0377_55038331,0.5510204081632653
R0002_55030125,R0377_55041814,0.5510204081632653
R0002_55030125,R0377_55041025,0.5510204081632653
R0002_55030125,R0377_55039651,0.5510204081632653
R0002_55030125,R0377_55044100,0.5510204081632653
R0002_55030125,R0377_55026719,0.5510204081632653
R0002_55011220,R0002_55043311,1.0
R0002_55011220,R0002_55036002,1.0
R0002_55011220,R0002_55015378,1.0
R0002_55011220,R0002_55032731,1.0
R0002_55011220,R0002_55025944,1.0
R0002_55011220,R0002_55024341,1.0
R0002_55011220,R0002_55041509,1.0
R0002_55011220,R0002_55036059,1.0
R0002_55011220,R0002_55037787,1.0
R0002_55011220,R0002_55039851,1.0
R0002_55011220,R0002_55032782,1.0
R0002_55011220,R0002_55036171,1.0
R0002_55011220,R0002_55035505,1.0
R0002_55011220,R0002_55011002,1.0
R0002_55011220,R0002_55031467,1.0
R0002_55011220,R0002_55028991,1.0
R0002_55011220,R0002_55027831,1.0
R0002_55011220,R0002_55038839,1.0
R0002_55011220,R0002_55019960,1.0
R0002_55011220,R0002_55033035,1.0
R0002_55011220,R0002_55006197,1.0
R0002_55011220,R0002_55036505,1.0
R0002_55011220,R0002_55044076,1.0
R0002_55011220,R0002_55036050,1.0
R0002_55011220,R0002_55037530,1.0
R0002_55011220,R0002_55040793,1.0
R0002_55011220,R0002_55043136,1.0
R0002_55011220,R0002_55014421,1.0
R0002_55011220,R0002_55003518,1.0
R0002_55011220,R0002_55027319,1.0
R0002_55011220,R0002_55035727,1.0
R0002_55011220,R0002_55032858,1.0
R0002_55011220,R0002_55029026,1.0
R0002_55011220,R0002_55039889,1.0
R0002_55011220,R0002_55041025,1.0
R0002_55011220,R0002_55041833,1.0
R0002_55011220,R0002_55031084,1.0
R0002_55011220,R0002_55030125,1.0
R0002_55011220,R0002_55043779,1.0
R0002_55011220,R0002_55026664,1.0
R0002_55011220,R0002_55037878,1.0
R0002_55011220,R0002_55043901,1.0
R0002_55011220,R0002_55037718,1.0
R0002_55011220,R0002_55042075,1.0
R0002_55011220,R0002_55031358,1.0
R0002_55011220,R0002_55025080,1.0
R0002_55011220,R0002_55037283,1.0
R0002_55011220,R0002_55019387,1.0
R0002_55011220,R0043_55035478,0.40816326530612246
R0002_55011220,R0043_55032756,0.40816326530612246
R0002_55011220,R0043_55039677,0.40816326530612246
R0002_55011220,R0043_55039678,0.40816326530612246
R0002_55011220,R0043_55029067,0.40816326530612246
R0002_55011220,R0043_55036252,0.40816326530612246
R0002_55011220,R0043_55034675,0.40816326530612246
R0002_55011220,R0043_55031083,0.40816326530612246
R0002_55011220,R0043_55036209,0.40816326530612246
R0002_55011220,R0043_55035181,0.40816326530612246
R0002_55011220,R0043_55032758,0.40816326530612246
R0002_55011220,R0043_55039681,0.40816326530612246
R0002_55011220,R0043_55039682,0.40816326530612246
R0002_55011220,R0043_55039683,0.40816326530612246
R0002_55011220,R0043_55039684,0.40816326530612246
R0002_55011220,R0043_55032632,0.40816326530612246
R0002_55011220,R0043_55021537,0.40816326530612246
R0002_55011220,R0043_55041926,0.40816326530612246
R0002_55011220,R0043_55029012,0.40816326530612246
R0002_55011220,R0043_55034882,0.40816326530612246
R0002_55011220,R0043_55039679,0.40816326530612246
R0002_55011220,R0043_55032862,0.40816326530612246
R0002_55011220,R0043_55032759,0.40816326530612246
R0002_55011220,R0043_55037980,0.40816326530612246
R0002_55011220,R0043_55037979,0.40816326530612246
R0002_55011220,R0043_55027552,0.40816326530612246
R0002_55011220,R0043_55034879,0.40816326530612246
R0002_55011220,R0043_55032908,0.40816326530612246
R0002_55011220,R0043_55039686,0.40816326530612246
R0002_55011220,R0043_55032863,0.40816326530612246
R0002_55011220,R0043_55009127,0.40816326530612246
R0002_55011220,R0043_55036250,0.40816326530612246
R0002_55011220,R0043_55034880,0.40816326530612246
R0002_55011220,R0043_55032860,0.40816326530612246
R0002_55011220,R0043_55029506,0.40816326530612246
R0002_55011220,R0043_55031288,0.40816326530612246
R0002_55011220,R0043_55036124,0.40816326530612246
R0002_55011220,R0043_55039830,0.40816326530612246
R0002_55011220,R0043_55034325,0.40816326530612246
R0002_55011220,R0043_55039829,0.40816326530612246
R0002_55011220,R0043_55031080,0.40816326530612246
R0002_55011220,R0043_55031077,0.40816326530612246
R0002_55011220,R0043_55017366,0.40816326530612246
R0002_55011220,R0043_55034335,0.40816326530612246
R0002_55011220,R0043_55031005,0.40816326530612246
R0002_55011220,R0055_55007584,0.4897959183673469
R0002_55011220,R0055_55007583,0.4897959183673469
R0002_55011220,R0204_55005925,0.5306122448979592
R0002_55011220,R0204_55032685,0.5306122448979592
R0002_55011220,R0204_55035156,0.5306122448979592
R0002_55011220,R0204_55022352,0.5306122448979592
R0002_55011220,R0204_55004131,0.5306122448979592
R0002_55011220,R0207_55036375,0.46938775510204084
R0002_55011220,R0207_55032672,0.46938775510204084
R0002_55011220,R0207_55032673,0.46938775510204084
R0002_55011220,R0290_55038074,0.46938775510204084
R0002_55011220,R0290_55041439,0.46938775510204084
R0002_55011220,R0290_55041442,0.46938775510204084
R0002_55011220,R0290_55041438,0.46938775510204084
R0002_55011220,R0290_55041440,0.46938775510204084
R0002_55011220,R0290_55041441,0.46938775510204084
R0002_55011220,R0290_55030423,0.46938775510204084
R0002_55011220,R0290_55039755,0.46938775510204084
R0002_55011220,R0290_55026840,0.46938775510204084
R0002_55011220,R0290_55038681,0.46938775510204084
R0002_55011220,R0290_55033209,0.46938775510204084
R0002_55011220,R0290_55043722,0.46938775510204084
R0002_55011220,R0377_55039577,0.5510204081632653
R0002_55011220,R0377_55032663,0.5510204081632653
R0002_55011220,R0377_55036003,0.5510204081632653
R0002_55011220,R0377_55036004,0.5510204081632653
R0002_55011220,R0377_55036006,0.5510204081632653
R0002_55011220,R0377_55036007,0.5510204081632653
R0002_55011220,R0377_55036008,0.5510204081632653
R0002_55011220,R0377_55036009,0.5510204081632653
R0002_55011220,R0377_55043375,0.5510204081632653
R0002_55011220,R0377_55032655,0.5510204081632653
R0002_55011220,R0377_55034860,0.5510204081632653
R0002_55011220,R0377_55042881,0.5510204081632653
R0002_55011220,R0377_55033035,0.5510204081632653
R0002_55011220,R0377_55044076,0.5510204081632653
R0002_55011220,R0377_55036698,0.5510204081632653
R0002_55011220,R0377_55032664,0.5510204081632653
R0002_55011220,R0377_55038331,0.5510204081632653
R0002_55011220,R0377_55041814,0.5510204081632653
R0002_55011220,R0377_55041025,0.5510204081632653
R0002_55011220,R0377_55039651,0.5510204081632653
R0002_55011220,R0377_55044100,0.5510204081632653
R0002_55011220,R0377_55026719,0.5510204081632653
R0002_55043779,R0002_55043311,1.0
R0002_55043779,R0002_55036002,1.0
R0002_55043779,R0002_55015378,1.0
R0002_55043779,R0002_55032731,1.0
R0002_55043779,R0002_55025944,1.0
R0002_55043779,R0002_55024341,1.0
R0002_55043779,R0002_55041509,1.0
R0002_55043779,R0002_55036059,1.0
R0002_55043779,R0002_55037787,1.0
R0002_55043779,R0002_55039851,1.0
R0002_55043779,R0002_55032782,1.0
R0002_55043779,R0002_55036171,1.0
R0002_55043779,R0002_55035505,1.0
R0002_55043779,R0002_55011002,1.0
R0002_55043779,R0002_55031467,1.0
R0002_55043779,R0002_55028991,1.0
R0002_55043779,R0002_55027831,1.0
R0002_55043779,R0002_55038839,1.0
R0002_55043779,R0002_55019960,1.0
R0002_55043779,R0002_55033035,1.0
R0002_55043779,R0002_55006197,1.0
R0002_55043779,R0002_55036505,1.0
R0002_55043779,R0002_55044076,1.0
R0002_55043779,R0002_55036050,1.0
R0002_55043779,R0002_55037530,1.0
R0002_55043779,R0002_55040793,1.0
R0002_55043779,R0002_55043136,1.0
R0002_55043779,R0002_55014421,1.0
R0002_55043779,R0002_55003518,1.0
R0002_55043779,R0002_55027319,1.0
R0002_55043779,R0002_55035727,1.0
R0002_55043779,R0002_55032858,1.0
R0002_55043779,R0002_55029026,1.0
R0002_55043779,R0002_55039889,1.0
R0002_55043779,R0002_55041025,1.0
R0002_55043779,R0002_55041833,1.0
R0002_55043779,R0002_55031084,1.0
R0002_55043779,R0002_55030125,1.0
R0002_55043779,R0002_55011220,1.0
R0002_55043779,R0002_55026664,1.0
R0002_55043779,R0002_55037878,1.0
R0002_55043779,R0002_55043901,1.0
R0002_55043779,R0002_55037718,1.0
R0002_55043779,R0002_55042075,1.0
R0002_55043779,R0002_55031358,1.0
R0002_55043779,R0002_55025080,1.0
R0002_55043779,R0002_55037283,1.0
R0002_55043779,R0002_55019387,1.0
R0002_55043779,R0043_55035478,0.40816326530612246
R0002_55043779,R0043_55032756,0.40816326530612246
R0002_55043779,R0043_55039677,0.40816326530612246
R0002_55043779,R0043_55039678,0.40816326530612246
R0002_55043779,R0043_55029067,0.40816326530612246
R0002_55043779,R0043_55036252,0.40816326530612246
R0002_55043779,R0043_55034675,0.40816326530612246
R0002_55043779,R0043_55031083,0.40816326530612246
R0002_55043779,R0043_55036209,0.40816326530612246
R0002_55043779,R0043_55035181,0.40816326530612246
R0002_55043779,R0043_55032758,0.40816326530612246
R0002_55043779,R0043_55039681,0.40816326530612246
R0002_55043779,R0043_55039682,0.40816326530612246
R0002_55043779,R0043_55039683,0.40816326530612246
R0002_55043779,R0043_55039684,0.40816326530612246
R0002_55043779,R0043_55032632,0.40816326530612246
R0002_55043779,R0043_55021537,0.40816326530612246
R0002_55043779,R0043_55041926,0.40816326530612246
R0002_55043779,R0043_55029012,0.40816326530612246
R0002_55043779,R0043_55034882,0.40816326530612246
R0002_55043779,R0043_55039679,0.40816326530612246
R0002_55043779,R0043_55032862,0.40816326530612246
R0002_55043779,R0043_55032759,0.40816326530612246
R0002_55043779,R0043_55037980,0.40816326530612246
R0002_55043779,R0043_55037979,0.40816326530612246
R0002_55043779,R0043_55027552,0.40816326530612246
R0002_55043779,R0043_55034879,0.40816326530612246
R0002_55043779,R0043_55032908,0.40816326530612246
R0002_55043779,R0043_55039686,0.40816326530612246
R0002_55043779,R0043_55032863,0.40816326530612246
R0002_55043779,R0043_55009127,0.40816326530612246
R0002_55043779,R0043_55036250,0.40816326530612246
R0002_55043779,R0043_55034880,0.40816326530612246
R0002_55043779,R0043_55032860,0.40816326530612246
R0002_55043779,R0043_55029506,0.40816326530612246
R0002_55043779,R0043_55031288,0.40816326530612246
R0002_55043779,R0043_55036124,0.40816326530612246
R0002_55043779,R0043_55039830,0.40816326530612246
R0002_55043779,R0043_55034325,0.40816326530612246
R0002_55043779,R0043_55039829,0.40816326530612246
R0002_55043779,R0043_55031080,0.40816326530612246
R0002_55043779,R0043_55031077,0.40816326530612246
R0002_55043779,R0043_55017366,0.40816326530612246
R0002_55043779,R0043_55034335,0.40816326530612246
R0002_55043779,R0043_55031005,0.40816326530612246
R0002_55043779,R0055_55007584,0.4897959183673469
R0002_55043779,R0055_55007583,0.4897959183673469
R0002_55043779,R0204_55005925,0.5306122448979592
R0002_55043779,R0204_55032685,0.5306122448979592
R0002_55043779,R0204_55035156,0.5306122448979592
R0002_55043779,R0204_55022352,0.5306122448979592
R0002_55043779,R0204_55004131,0.5306122448979592
R0002_55043779,R0207_55036375,0.46938775510204084
R0002_55043779,R0207_55032672,0.46938775510204084
R0002_55043779,R0207_55032673,0.46938775510204084
R0002_55043779,R0290_55038074,0.46938775510204084
R0002_55043779,R0290_55041439,0.46938775510204084
R0002_55043779,R0290_55041442,0.46938775510204084
R0002_55043779,R0290_55041438,0.46938775510204084
R0002_55043779,R0290_55041440,0.46938775510204084
R0002_55043779,R0290_55041441,0.46938775510204084
R0002_55043779,R0290_55030423,0.46938775510204084
R0002_55043779,R0290_55039755,0.46938775510204084
R0002_55043779,R0290_55026840,0.46938775510204084
R0002_55043779,R0290_55038681,0.46938775510204084
R0002_55043779,R0290_55033209,0.46938775510204084
R0002_55043779,R0290_55043722,0.46938775510204084
R0002_55043779,R0377_55039577,0.5510204081632653
R0002_55043779,R0377_55032663,0.5510204081632653
R0002_55043779,R0377_55036003,0.5510204081632653
R0002_55043779,R0377_55036004,0.5510204081632653
R0002_55043779,R0377_55036006,0.5510204081632653
R0002_55043779,R0377_55036007,0.5510204081632653
R0002_55043779,R0377_55036008,0.5510204081632653
R0002_55043779,R0377_55036009,0.5510204081632653
R0002_55043779,R0377_55043375,0.5510204081632653
R0002_55043779,R0377_55032655,0.5510204081632653
R0002_55043779,R0377_55034860,0.5510204081632653
R0002_55043779,R0377_55042881,0.5510204081632653
R0002_55043779,R0377_55033035,0.5510204081632653
R0002_55043779,R0377_55044076,0.5510204081632653
R0002_55043779,R0377_55036698,0.5510204081632653
R0002_55043779,R0377_55032664,0.5510204081632653
R0002_55043779,R0377_55038331,0.5510204081632653
R0002_55043779,R0377_55041814,0.5510204081632653
R0002_55043779,R0377_55041025,0.5510204081632653
R0002_55043779,R0377_55039651,0.5510204081632653
R0002_55043779,R0377_55044100,0.5510204081632653
R0002_55043779,R0377_55026719,0.5510204081632653
R0002_55026664,R0002_55043311,1.0
R0002_55026664,R0002_55036002,1.0
R0002_55026664,R0002_55015378,1.0
R0002_55026664,R0002_55032731,1.0
R0002_55026664,R0002_55025944,1.0
R0002_55026664,R0002_55024341,1.0
R0002_55026664,R0002_55041509,1.0
R0002_55026664,R0002_55036059,1.0
R0002_55026664,R0002_55037787,1.0
R0002_55026664,R0002_55039851,1.0
R0002_55026664,R0002_55032782,1.0
R0002_55026664,R0002_55036171,1.0
R0002_55026664,R0002_55035505,1.0
R0002_55026664,R0002_55011002,1.0
R0002_55026664,R0002_55031467,1.0
R0002_55026664,R0002_55028991,1.0
R0002_55026664,R0002_55027831,1.0
R0002_55026664,R0002_55038839,1.0
R0002_55026664,R0002_55019960,1.0
R0002_55026664,R0002_55033035,1.0
R0002_55026664,R0002_55006197,1.0
R0002_55026664,R0002_55036505,1.0
R0002_55026664,R0002_55044076,1.0
R0002_55026664,R0002_55036050,1.0
R0002_55026664,R0002_55037530,1.0
R0002_55026664,R0002_55040793,1.0
R0002_55026664,R0002_55043136,1.0
R0002_55026664,R0002_55014421,1.0
R0002_55026664,R0002_55003518,1.0
R0002_55026664,R0002_55027319,1.0
R0002_55026664,R0002_55035727,1.0
R0002_55026664,R0002_55032858,1.0
R0002_55026664,R0002_55029026,1.0
R0002_55026664,R0002_55039889,1.0
R0002_55026664,R0002_55041025,1.0
R0002_55026664,R0002_55041833,1.0
R0002_55026664,R0002_55031084,1.0
R0002_55026664,R0002_55030125,1.0
R0002_55026664,R0002_55011220,1.0
R0002_55026664,R0002_55043779,1.0
R0002_55026664,R0002_55037878,1.0
R0002_55026664,R0002_55043901,1.0
R0002_55026664,R0002_55037718,1.0
R0002_55026664,R0002_55042075,1.0
R0002_55026664,R0002_55031358,1.0
R0002_55026664,R0002_55025080,1.0
R0002_55026664,R0002_55037283,1.0
R0002_55026664,R0002_55019387,1.0
R0002_55026664,R0043_55035478,0.40816326530612246
R0002_55026664,R0043_55032756,0.40816326530612246
R0002_55026664,R0043_55039677,0.40816326530612246
R0002_55026664,R0043_55039678,0.40816326530612246
R0002_55026664,R0043_55029067,0.40816326530612246
R0002_55026664,R0043_55036252,0.40816326530612246
R0002_55026664,R0043_55034675,0.40816326530612246
R0002_55026664,R0043_55031083,0.40816326530612246
R0002_55026664,R0043_55036209,0.40816326530612246
R0002_55026664,R0043_55035181,0.40816326530612246
R0002_55026664,R0043_55032758,0.40816326530612246
R0002_55026664,R0043_55039681,0.40816326530612246
R0002_55026664,R0043_55039682,0.40816326530612246
R0002_55026664,R0043_55039683,0.40816326530612246
R0002_55026664,R0043_55039684,0.40816326530612246
R0002_55026664,R0043_55032632,0.40816326530612246
R0002_55026664,R0043_55021537,0.40816326530612246
R0002_55026664,R0043_55041926,0.40816326530612246
R0002_55026664,R0043_55029012,0.40816326530612246
R0002_55026664,R0043_55034882,0.40816326530612246
R0002_55026664,R0043_55039679,0.40816326530612246
R0002_55026664,R0043_55032862,0.40816326530612246
R0002_55026664,R0043_55032759,0.40816326530612246
R0002_55026664,R0043_55037980,0.40816326530612246
R0002_55026664,R0043_55037979,0.40816326530612246
R0002_55026664,R0043_55027552,0.40816326530612246
R0002_55026664,R0043_55034879,0.40816326530612246
R0002_55026664,R0043_55032908,0.40816326530612246
R0002_55026664,R0043_55039686,0.40816326530612246
R0002_55026664,R0043_55032863,0.40816326530612246
R0002_55026664,R0043_55009127,0.40816326530612246
R0002_55026664,R0043_55036250,0.40816326530612246
R0002_55026664,R0043_55034880,0.40816326530612246
R0002_55026664,R0043_55032860,0.40816326530612246
R0002_55026664,R0043_55029506,0.40816326530612246
R0002_55026664,R0043_55031288,0.40816326530612246
R0002_55026664,R0043_55036124,0.40816326530612246
R0002_55026664,R0043_55039830,0.40816326530612246
R0002_55026664,R0043_55034325,0.40816326530612246
R0002_55026664,R0043_55039829,0.40816326530612246
R0002_55026664,R0043_55031080,0.40816326530612246
R0002_55026664,R0043_55031077,0.40816326530612246
R0002_55026664,R0043_55017366,0.40816326530612246
R0002_55026664,R0043_55034335,0.40816326530612246
R0002_55026664,R0043_55031005,0.40816326530612246
R0002_55026664,R0055_55007584,0.4897959183673469
R0002_55026664,R0055_55007583,0.4897959183673469
R0002_55026664,R0204_55005925,0.5306122448979592
R0002_55026664,R0204_55032685,0.5306122448979592
R0002_55026664,R0204_55035156,0.5306122448979592
R0002_55026664,R0204_55022352,0.5306122448979592
R0002_55026664,R0204_55004131,0.5306122448979592
R0002_55026664,R0207_55036375,0.46938775510204084
R0002_55026664,R0207_55032672,0.46938775510204084
R0002_55026664,R0207_55032673,0.46938775510204084
R0002_55026664,R0290_55038074,0.46938775510204084
R0002_55026664,R0290_55041439,0.46938775510204084
R0002_55026664,R0290_55041442,0.46938775510204084
R0002_55026664,R0290_55041438,0.46938775510204084
R0002_55026664,R0290_55041440,0.46938775510204084
R0002_55026664,R0290_55041441,0.46938775510204084
R0002_55026664,R0290_55030423,0.46938775510204084
R0002_55026664,R0290_55039755,0.46938775510204084
R0002_55026664,R0290_55026840,0.46938775510204084
R0002_55026664,R0290_55038681,0.46938775510204084
R0002_55026664,R0290_55033209,0.46938775510204084
R0002_55026664,R0290_55043722,0.46938775510204084
R0002_55026664,R0377_55039577,0.5510204081632653
R0002_55026664,R0377_55032663,0.5510204081632653
R0002_55026664,R0377_55036003,0.5510204081632653
R0002_55026664,R0377_55036004,0.5510204081632653
R0002_55026664,R0377_55036006,0.5510204081632653
R0002_55026664,R0377_55036007,0.5510204081632653
R0002_55026664,R0377_55036008,0.5510204081632653
R0002_55026664,R0377_55036009,0.5510204081632653
R0002_55026664,R0377_55043375,0.5510204081632653
R0002_55026664,R0377_55032655,0.5510204081632653
R0002_55026664,R0377_55034860,0.5510204081632653
R0002_55026664,R0377_55042881,0.5510204081632653
R0002_55026664,R0377_55033035,0.5510204081632653
R0002_55026664,R0377_55044076,0.5510204081632653
R0002_55026664,R0377_55036698,0.5510204081632653
R0002_55026664,R0377_55032664,0.5510204081632653
R0002_55026664,R0377_55038331,0.5510204081632653
R0002_55026664,R0377_55041814,0.5510204081632653
R0002_55026664,R0377_55041025,0.5510204081632653
R0002_55026664,R0377_55039651,0.5510204081632653
R0002_55026664,R0377_55044100,0.5510204081632653
R0002_55026664,R0377_55026719,0.5510204081632653
R0002_55037878,R0002_55043311,1.0
R0002_55037878,R0002_55036002,1.0
R0002_55037878,R0002_55015378,1.0
R0002_55037878,R0002_55032731,1.0
R0002_55037878,R0002_55025944,1.0
R0002_55037878,R0002_55024341,1.0
R0002_55037878,R0002_55041509,1.0
R0002_55037878,R0002_55036059,1.0
R0002_55037878,R0002_55037787,1.0
R0002_55037878,R0002_55039851,1.0
R0002_55037878,R0002_55032782,1.0
R0002_55037878,R0002_55036171,1.0
R0002_55037878,R0002_55035505,1.0
R0002_55037878,R0002_55011002,1.0
R0002_55037878,R0002_55031467,1.0
R0002_55037878,R0002_55028991,1.0
R0002_55037878,R0002_55027831,1.0
R0002_55037878,R0002_55038839,1.0
R0002_55037878,R0002_55019960,1.0
R0002_55037878,R0002_55033035,1.0
R0002_55037878,R0002_55006197,1.0
R0002_55037878,R0002_55036505,1.0
R0002_55037878,R0002_55044076,1.0
R0002_55037878,R0002_55036050,1.0
R0002_55037878,R0002_55037530,1.0
R0002_55037878,R0002_55040793,1.0
R0002_55037878,R0002_55043136,1.0
R0002_55037878,R0002_55014421,1.0
R0002_55037878,R0002_55003518,1.0
R0002_55037878,R0002_55027319,1.0
R0002_55037878,R0002_55035727,1.0
R0002_55037878,R0002_55032858,1.0
R0002_55037878,R0002_55029026,1.0
R0002_55037878,R0002_55039889,1.0
R0002_55037878,R0002_55041025,1.0
R0002_55037878,R0002_55041833,1.0
R0002_55037878,R0002_55031084,1.0
R0002_55037878,R0002_55030125,1.0
R0002_55037878,R0002_55011220,1.0
R0002_55037878,R0002_55043779,1.0
R0002_55037878,R0002_55026664,1.0
R0002_55037878,R0002_55043901,1.0
R0002_55037878,R0002_55037718,1.0
R0002_55037878,R0002_55042075,1.0
R0002_55037878,R0002_55031358,1.0
R0002_55037878,R0002_55025080,1.0
R0002_55037878,R0002_55037283,1.0
R0002_55037878,R0002_55019387,1.0
R0002_55037878,R0043_55035478,0.40816326530612246
R0002_55037878,R0043_55032756,0.40816326530612246
R0002_55037878,R0043_55039677,0.40816326530612246
R0002_55037878,R0043_55039678,0.40816326530612246
R0002_55037878,R0043_55029067,0.40816326530612246
R0002_55037878,R0043_55036252,0.40816326530612246
R0002_55037878,R0043_55034675,0.40816326530612246
R0002_55037878,R0043_55031083,0.40816326530612246
R0002_55037878,R0043_55036209,0.40816326530612246
R0002_55037878,R0043_55035181,0.40816326530612246
R0002_55037878,R0043_55032758,0.40816326530612246
R0002_55037878,R0043_55039681,0.40816326530612246
R0002_55037878,R0043_55039682,0.40816326530612246
R0002_55037878,R0043_55039683,0.40816326530612246
R0002_55037878,R0043_55039684,0.40816326530612246
R0002_55037878,R0043_55032632,0.40816326530612246
R0002_55037878,R0043_55021537,0.40816326530612246
R0002_55037878,R0043_55041926,0.40816326530612246
R0002_55037878,R0043_55029012,0.40816326530612246
R0002_55037878,R0043_55034882,0.40816326530612246
R0002_55037878,R0043_55039679,0.40816326530612246
R0002_55037878,R0043_55032862,0.40816326530612246
R0002_55037878,R0043_55032759,0.40816326530612246
R0002_55037878,R0043_55037980,0.40816326530612246
R0002_55037878,R0043_55037979,0.40816326530612246
R0002_55037878,R0043_55027552,0.40816326530612246
R0002_55037878,R0043_55034879,0.40816326530612246
R0002_55037878,R0043_55032908,0.40816326530612246
R0002_55037878,R0043_55039686,0.40816326530612246
R0002_55037878,R0043_55032863,0.40816326530612246
R0002_55037878,R0043_55009127,0.40816326530612246
R0002_55037878,R0043_55036250,0.40816326530612246
R0002_55037878,R0043_55034880,0.40816326530612246
R0002_55037878,R0043_55032860,0.40816326530612246
R0002_55037878,R0043_55029506,0.40816326530612246
R0002_55037878,R0043_55031288,0.40816326530612246
R0002_55037878,R0043_55036124,0.40816326530612246
R0002_55037878,R0043_55039830,0.40816326530612246
R0002_55037878,R0043_55034325,0.40816326530612246
R0002_55037878,R0043_55039829,0.40816326530612246
R0002_55037878,R0043_55031080,0.40816326530612246
R0002_55037878,R0043_55031077,0.40816326530612246
R0002_55037878,R0043_55017366,0.40816326530612246
R0002_55037878,R0043_55034335,0.40816326530612246
R0002_55037878,R0043_55031005,0.40816326530612246
R0002_55037878,R0055_55007584,0.4897959183673469
R0002_55037878,R0055_55007583,0.4897959183673469
R0002_55037878,R0204_55005925,0.5306122448979592
R0002_55037878,R0204_55032685,0.5306122448979592
R0002_55037878,R0204_55035156,0.5306122448979592
R0002_55037878,R0204_55022352,0.5306122448979592
R0002_55037878,R0204_55004131,0.5306122448979592
R0002_55037878,R0207_55036375,0.46938775510204084
R0002_55037878,R0207_55032672,0.46938775510204084
R0002_55037878,R0207_55032673,0.46938775510204084
R0002_55037878,R0290_55038074,0.46938775510204084
R0002_55037878,R0290_55041439,0.46938775510204084
R0002_55037878,R0290_55041442,0.46938775510204084
R0002_55037878,R0290_55041438,0.46938775510204084
R0002_55037878,R0290_55041440,0.46938775510204084
R0002_55037878,R0290_55041441,0.46938775510204084
R0002_55037878,R0290_55030423,0.46938775510204084
R0002_55037878,R0290_55039755,0.46938775510204084
R0002_55037878,R0290_55026840,0.46938775510204084
R0002_55037878,R0290_55038681,0.46938775510204084
R0002_55037878,R0290_55033209,0.46938775510204084
R0002_55037878,R0290_55043722,0.46938775510204084
R0002_55037878,R0377_55039577,0.5510204081632653
R0002_55037878,R0377_55032663,0.5510204081632653
R0002_55037878,R0377_55036003,0.5510204081632653
R0002_55037878,R0377_55036004,0.5510204081632653
R0002_55037878,R0377_55036006,0.5510204081632653
R0002_55037878,R0377_55036007,0.5510204081632653
R0002_55037878,R0377_55036008,0.5510204081632653
R0002_55037878,R0377_55036009,0.5510204081632653
R0002_55037878,R0377_55043375,0.5510204081632653
R0002_55037878,R0377_55032655,0.5510204081632653
R0002_55037878,R0377_55034860,0.5510204081632653
R0002_55037878,R0377_55042881,0.5510204081632653
R0002_55037878,R0377_55033035,0.5510204081632653
R0002_55037878,R0377_55044076,0.5510204081632653
R0002_55037878,R0377_55036698,0.5510204081632653
R0002_55037878,R0377_55032664,0.5510204081632653
R0002_55037878,R0377_55038331,0.5510204081632653
R0002_55037878,R0377_55041814,0.5510204081632653
R0002_55037878,R0377_55041025,0.5510204081632653
R0002_55037878,R0377_55039651,0.5510204081632653
R0002_55037878,R0377_55044100,0.5510204081632653
R0002_55037878,R0377_55026719,0.5510204081632653
R0002_55043901,R0002_55043311,1.0
R0002_55043901,R0002_55036002,1.0
R0002_55043901,R0002_55015378,1.0
R0002_55043901,R0002_55032731,1.0
R0002_55043901,R0002_55025944,1.0
R0002_55043901,R0002_55024341,1.0
R0002_55043901,R0002_55041509,1.0
R0002_55043901,R0002_55036059,1.0
R0002_55043901,R0002_55037787,1.0
R0002_55043901,R0002_55039851,1.0
R0002_55043901,R0002_55032782,1.0
R0002_55043901,R0002_55036171,1.0
R0002_55043901,R0002_55035505,1.0
R0002_55043901,R0002_55011002,1.0
R0002_55043901,R0002_55031467,1.0
R0002_55043901,R0002_55028991,1.0
R0002_55043901,R0002_55027831,1.0
R0002_55043901,R0002_55038839,1.0
R0002_55043901,R0002_55019960,1.0
R0002_55043901,R0002_55033035,1.0
R0002_55043901,R0002_55006197,1.0
R0002_55043901,R0002_55036505,1.0
R0002_55043901,R0002_55044076,1.0
R0002_55043901,R0002_55036050,1.0
R0002_55043901,R0002_55037530,1.0
R0002_55043901,R0002_55040793,1.0
R0002_55043901,R0002_55043136,1.0
R0002_55043901,R0002_55014421,1.0
R0002_55043901,R0002_55003518,1.0
R0002_55043901,R0002_55027319,1.0
R0002_55043901,R0002_55035727,1.0
R0002_55043901,R0002_55032858,1.0
R0002_55043901,R0002_55029026,1.0
R0002_55043901,R0002_55039889,1.0
R0002_55043901,R0002_55041025,1.0
R0002_55043901,R0002_55041833,1.0
R0002_55043901,R0002_55031084,1.0
R0002_55043901,R0002_55030125,1.0
R0002_55043901,R0002_55011220,1.0
R0002_55043901,R0002_55043779,1.0
R0002_55043901,R0002_55026664,1.0
R0002_55043901,R0002_55037878,1.0
R0002_55043901,R0002_55037718,1.0
R0002_55043901,R0002_55042075,1.0
R0002_55043901,R0002_55031358,1.0
R0002_55043901,R0002_55025080,1.0
R0002_55043901,R0002_55037283,1.0
R0002_55043901,R0002_55019387,1.0
R0002_55043901,R0043_55035478,0.40816326530612246
R0002_55043901,R0043_55032756,0.40816326530612246
R0002_55043901,R0043_55039677,0.40816326530612246
R0002_55043901,R0043_55039678,0.40816326530612246
R0002_55043901,R0043_55029067,0.40816326530612246
R0002_55043901,R0043_55036252,0.40816326530612246
R0002_55043901,R0043_55034675,0.40816326530612246
R0002_55043901,R0043_55031083,0.40816326530612246
R0002_55043901,R0043_55036209,0.40816326530612246
R0002_55043901,R0043_55035181,0.40816326530612246
R0002_55043901,R0043_55032758,0.40816326530612246
R0002_55043901,R0043_55039681,0.40816326530612246
R0002_55043901,R0043_55039682,0.40816326530612246
R0002_55043901,R0043_55039683,0.40816326530612246
R0002_55043901,R0043_55039684,0.40816326530612246
R0002_55043901,R0043_55032632,0.40816326530612246
R0002_55043901,R0043_55021537,0.40816326530612246
R0002_55043901,R0043_55041926,0.40816326530612246
R0002_55043901,R0043_55029012,0.40816326530612246
R0002_55043901,R0043_55034882,0.40816326530612246
R0002_55043901,R0043_55039679,0.40816326530612246
R0002_55043901,R0043_55032862,0.40816326530612246
R0002_55043901,R0043_55032759,0.40816326530612246
R0002_55043901,R0043_55037980,0.40816326530612246
R0002_55043901,R0043_55037979,0.40816326530612246
R0002_55043901,R0043_55027552,0.40816326530612246
R0002_55043901,R0043_55034879,0.40816326530612246
R0002_55043901,R0043_55032908,0.40816326530612246
R0002_55043901,R0043_55039686,0.40816326530612246
R0002_55043901,R0043_55032863,0.40816326530612246
R0002_55043901,R0043_55009127,0.40816326530612246
R0002_55043901,R0043_55036250,0.40816326530612246
R0002_55043901,R0043_55034880,0.40816326530612246
R0002_55043901,R0043_55032860,0.40816326530612246
R0002_55043901,R0043_55029506,0.40816326530612246
R0002_55043901,R0043_55031288,0.40816326530612246
R0002_55043901,R0043_55036124,0.40816326530612246
R0002_55043901,R0043_55039830,0.40816326530612246
R0002_55043901,R0043_55034325,0.40816326530612246
R0002_55043901,R0043_55039829,0.40816326530612246
R0002_55043901,R0043_55031080,0.40816326530612246
R0002_55043901,R0043_55031077,0.40816326530612246
R0002_55043901,R0043_55017366,0.40816326530612246
R0002_55043901,R0043_55034335,0.40816326530612246
R0002_55043901,R0043_55031005,0.40816326530612246
R0002_55043901,R0055_55007584,0.4897959183673469
R0002_55043901,R0055_55007583,0.4897959183673469
R0002_55043901,R0204_55005925,0.5306122448979592
R0002_55043901,R0204_55032685,0.5306122448979592
R0002_55043901,R0204_55035156,0.5306122448979592
R0002_55043901,R0204_55022352,0.5306122448979592
R0002_55043901,R0204_55004131,0.5306122448979592
R0002_55043901,R0207_55036375,0.46938775510204084
R0002_55043901,R0207_55032672,0.46938775510204084
R0002_55043901,R0207_55032673,0.46938775510204084
R0002_55043901,R0290_55038074,0.46938775510204084
R0002_55043901,R0290_55041439,0.46938775510204084
R0002_55043901,R0290_55041442,0.46938775510204084
R0002_55043901,R0290_55041438,0.46938775510204084
R0002_55043901,R0290_55041440,0.46938775510204084
R0002_55043901,R0290_55041441,0.46938775510204084
R0002_55043901,R0290_55030423,0.46938775510204084
R0002_55043901,R0290_55039755,0.46938775510204084
R0002_55043901,R0290_55026840,0.46938775510204084
R0002_55043901,R0290_55038681,0.46938775510204084
R0002_55043901,R0290_55033209,0.46938775510204084
R0002_55043901,R0290_55043722,0.46938775510204084
R0002_55043901,R0377_55039577,0.5510204081632653
R0002_55043901,R0377_55032663,0.5510204081632653
R0002_55043901,R0377_55036003,0.5510204081632653
R0002_55043901,R0377_55036004,0.5510204081632653
R0002_55043901,R0377_55036006,0.5510204081632653
R0002_55043901,R0377_55036007,0.5510204081632653
R0002_55043901,R0377_55036008,0.5510204081632653
R0002_55043901,R0377_55036009,0.5510204081632653
R0002_55043901,R0377_55043375,0.5510204081632653
R0002_55043901,R0377_55032655,0.5510204081632653
R0002_55043901,R0377_55034860,0.5510204081632653
R0002_55043901,R0377_55042881,0.5510204081632653
R0002_55043901,R0377_55033035,0.5510204081632653
R0002_55043901,R0377_55044076,0.5510204081632653
R0002_55043901,R0377_55036698,0.5510204081632653
R0002_55043901,R0377_55032664,0.5510204081632653
R0002_55043901,R0377_55038331,0.5510204081632653
R0002_55043901,R0377_55041814,0.5510204081632653
R0002_55043901,R0377_55041025,0.5510204081632653
R0002_55043901,R0377_55039651,0.5510204081632653
R0002_55043901,R0377_55044100,0.5510204081632653
R0002_55043901,R0377_55026719,0.5510204081632653
R0002_55037718,R0002_55043311,1.0
R0002_55037718,R0002_55036002,1.0
R0002_55037718,R0002_55015378,1.0
R0002_55037718,R0002_55032731,1.0
R0002_55037718,R0002_55025944,1.0
R0002_55037718,R0002_55024341,1.0
R0002_55037718,R0002_55041509,1.0
R0002_55037718,R0002_55036059,1.0
R0002_55037718,R0002_55037787,1.0
R0002_55037718,R0002_55039851,1.0
R0002_55037718,R0002_55032782,1.0
R0002_55037718,R0002_55036171,1.0
R0002_55037718,R0002_55035505,1.0
R0002_55037718,R0002_55011002,1.0
R0002_55037718,R0002_55031467,1.0
R0002_55037718,R0002_55028991,1.0
R0002_55037718,R0002_55027831,1.0
R0002_55037718,R0002_55038839,1.0
R0002_55037718,R0002_55019960,1.0
R0002_55037718,R0002_55033035,1.0
R0002_55037718,R0002_55006197,1.0
R0002_55037718,R0002_55036505,1.0
R0002_55037718,R0002_55044076,1.0
R0002_55037718,R0002_55036050,1.0
R0002_55037718,R0002_55037530,1.0
R0002_55037718,R0002_55040793,1.0
R0002_55037718,R0002_55043136,1.0
R0002_55037718,R0002_55014421,1.0
R0002_55037718,R0002_55003518,1.0
R0002_55037718,R0002_55027319,1.0
R0002_55037718,R0002_55035727,1.0
R0002_55037718,R0002_55032858,1.0
R0002_55037718,R0002_55029026,1.0
R0002_55037718,R0002_55039889,1.0
R0002_55037718,R0002_55041025,1.0
R0002_55037718,R0002_55041833,1.0
R0002_55037718,R0002_55031084,1.0
R0002_55037718,R0002_55030125,1.0
R0002_55037718,R0002_55011220,1.0
R0002_55037718,R0002_55043779,1.0
R0002_55037718,R0002_55026664,1.0
R0002_55037718,R0002_55037878,1.0
R0002_55037718,R0002_55043901,1.0
R0002_55037718,R0002_55042075,1.0
R0002_55037718,R0002_55031358,1.0
R0002_55037718,R0002_55025080,1.0
R0002_55037718,R0002_55037283,1.0
R0002_55037718,R0002_55019387,1.0
R0002_55037718,R0043_55035478,0.40816326530612246
R0002_55037718,R0043_55032756,0.40816326530612246
R0002_55037718,R0043_55039677,0.40816326530612246
R0002_55037718,R0043_55039678,0.40816326530612246
R0002_55037718,R0043_55029067,0.40816326530612246
R0002_55037718,R0043_55036252,0.40816326530612246
R0002_55037718,R0043_55034675,0.40816326530612246
R0002_55037718,R0043_55031083,0.40816326530612246
R0002_55037718,R0043_55036209,0.40816326530612246
R0002_55037718,R0043_55035181,0.40816326530612246
R0002_55037718,R0043_55032758,0.40816326530612246
R0002_55037718,R0043_55039681,0.40816326530612246
R0002_55037718,R0043_55039682,0.40816326530612246
R0002_55037718,R0043_55039683,0.40816326530612246
R0002_55037718,R0043_55039684,0.40816326530612246
R0002_55037718,R0043_55032632,0.40816326530612246
R0002_55037718,R0043_55021537,0.40816326530612246
R0002_55037718,R0043_55041926,0.40816326530612246
R0002_55037718,R0043_55029012,0.40816326530612246
R0002_55037718,R0043_55034882,0.40816326530612246
R0002_55037718,R0043_55039679,0.40816326530612246
R0002_55037718,R0043_55032862,0.40816326530612246
R0002_55037718,R0043_55032759,0.40816326530612246
R0002_55037718,R0043_55037980,0.40816326530612246
R0002_55037718,R0043_55037979,0.40816326530612246
R0002_55037718,R0043_55027552,0.40816326530612246
R0002_55037718,R0043_55034879,0.40816326530612246
R0002_55037718,R0043_55032908,0.40816326530612246
R0002_55037718,R0043_55039686,0.40816326530612246
R0002_55037718,R0043_55032863,0.40816326530612246
R0002_55037718,R0043_55009127,0.40816326530612246
R0002_55037718,R0043_55036250,0.40816326530612246
R0002_55037718,R0043_55034880,0.40816326530612246
R0002_55037718,R0043_55032860,0.40816326530612246
R0002_55037718,R0043_55029506,0.40816326530612246
R0002_55037718,R0043_55031288,0.40816326530612246
R0002_55037718,R0043_55036124,0.40816326530612246
R0002_55037718,R0043_55039830,0.40816326530612246
R0002_55037718,R0043_55034325,0.40816326530612246
R0002_55037718,R0043_55039829,0.40816326530612246
R0002_55037718,R0043_55031080,0.40816326530612246
R0002_55037718,R0043_55031077,0.40816326530612246
R0002_55037718,R0043_55017366,0.40816326530612246
R0002_55037718,R0043_55034335,0.40816326530612246
R0002_55037718,R0043_55031005,0.40816326530612246
R0002_55037718,R0055_55007584,0.4897959183673469
R0002_55037718,R0055_55007583,0.4897959183673469
R0002_55037718,R0204_55005925,0.5306122448979592
R0002_55037718,R0204_55032685,0.5306122448979592
R0002_55037718,R0204_55035156,0.5306122448979592
R0002_55037718,R0204_55022352,0.5306122448979592
R0002_55037718,R0204_55004131,0.5306122448979592
R0002_55037718,R0207_55036375,0.46938775510204084
R0002_55037718,R0207_55032672,0.46938775510204084
R0002_55037718,R0207_55032673,0.46938775510204084
R0002_55037718,R0290_55038074,0.46938775510204084
R0002_55037718,R0290_55041439,0.46938775510204084
R0002_55037718,R0290_55041442,0.46938775510204084
R0002_55037718,R0290_55041438,0.46938775510204084
R0002_55037718,R0290_55041440,0.46938775510204084
R0002_55037718,R0290_55041441,0.46938775510204084
R0002_55037718,R0290_55030423,0.46938775510204084
R0002_55037718,R0290_55039755,0.46938775510204084
R0002_55037718,R0290_55026840,0.46938775510204084
R0002_55037718,R0290_55038681,0.46938775510204084
R0002_55037718,R0290_55033209,0.46938775510204084
R0002_55037718,R0290_55043722,0.46938775510204084
R0002_55037718,R0377_55039577,0.5510204081632653
R0002_55037718,R0377_55032663,0.5510204081632653
R0002_55037718,R0377_55036003,0.5510204081632653
R0002_55037718,R0377_55036004,0.5510204081632653
R0002_55037718,R0377_55036006,0.5510204081632653
R0002_55037718,R0377_55036007,0.5510204081632653
R0002_55037718,R0377_55036008,0.5510204081632653
R0002_55037718,R0377_55036009,0.5510204081632653
R0002_55037718,R0377_55043375,0.5510204081632653
R0002_55037718,R0377_55032655,0.5510204081632653
R0002_55037718,R0377_55034860,0.5510204081632653
R0002_55037718,R0377_55042881,0.5510204081632653
R0002_55037718,R0377_55033035,0.5510204081632653
R0002_55037718,R0377_55044076,0.5510204081632653
R0002_55037718,R0377_55036698,0.5510204081632653
R0002_55037718,R0377_55032664,0.5510204081632653
R0002_55037718,R0377_55038331,0.5510204081632653
R0002_55037718,R0377_55041814,0.5510204081632653
R0002_55037718,R0377_55041025,0.5510204081632653
R0002_55037718,R0377_55039651,0.5510204081632653
R0002_55037718,R0377_55044100,0.5510204081632653
R0002_55037718,R0377_55026719,0.5510204081632653
R0002_55042075,R0002_55043311,1.0
R0002_55042075,R0002_55036002,1.0
R0002_55042075,R0002_55015378,1.0
R0002_55042075,R0002_55032731,1.0
R0002_55042075,R0002_55025944,1.0
R0002_55042075,R0002_55024341,1.0
R0002_55042075,R0002_55041509,1.0
R0002_55042075,R0002_55036059,1.0
R0002_55042075,R0002_55037787,1.0
R0002_55042075,R0002_55039851,1.0
R0002_55042075,R0002_55032782,1.0
R0002_55042075,R0002_55036171,1.0
R0002_55042075,R0002_55035505,1.0
R0002_55042075,R0002_55011002,1.0
R0002_55042075,R0002_55031467,1.0
R0002_55042075,R0002_55028991,1.0
R0002_55042075,R0002_55027831,1.0
R0002_55042075,R0002_55038839,1.0
R0002_55042075,R0002_55019960,1.0
R0002_55042075,R0002_55033035,1.0
R0002_55042075,R0002_55006197,1.0
R0002_55042075,R0002_55036505,1.0
R0002_55042075,R0002_55044076,1.0
R0002_55042075,R0002_55036050,1.0
R0002_55042075,R0002_55037530,1.0
R0002_55042075,R0002_55040793,1.0
R0002_55042075,R0002_55043136,1.0
R0002_55042075,R0002_55014421,1.0
R0002_55042075,R0002_55003518,1.0
R0002_55042075,R0002_55027319,1.0
R0002_55042075,R0002_55035727,1.0
R0002_55042075,R0002_55032858,1.0
R0002_55042075,R0002_55029026,1.0
R0002_55042075,R0002_55039889,1.0
R0002_55042075,R0002_55041025,1.0
R0002_55042075,R0002_55041833,1.0
R0002_55042075,R0002_55031084,1.0
R0002_55042075,R0002_55030125,1.0
R0002_55042075,R0002_55011220,1.0
R0002_55042075,R0002_55043779,1.0
R0002_55042075,R0002_55026664,1.0
R0002_55042075,R0002_55037878,1.0
R0002_55042075,R0002_55043901,1.0
R0002_55042075,R0002_55037718,1.0
R0002_55042075,R0002_55031358,1.0
R0002_55042075,R0002_55025080,1.0
R0002_55042075,R0002_55037283,1.0
R0002_55042075,R0002_55019387,1.0
R0002_55042075,R0043_55035478,0.40816326530612246
R0002_55042075,R0043_55032756,0.40816326530612246
R0002_55042075,R0043_55039677,0.40816326530612246
R0002_55042075,R0043_55039678,0.40816326530612246
R0002_55042075,R0043_55029067,0.40816326530612246
R0002_55042075,R0043_55036252,0.40816326530612246
R0002_55042075,R0043_55034675,0.40816326530612246
R0002_55042075,R0043_55031083,0.40816326530612246
R0002_55042075,R0043_55036209,0.40816326530612246
R0002_55042075,R0043_55035181,0.40816326530612246
R0002_55042075,R0043_55032758,0.40816326530612246
R0002_55042075,R0043_55039681,0.40816326530612246
R0002_55042075,R0043_55039682,0.40816326530612246
R0002_55042075,R0043_55039683,0.40816326530612246
R0002_55042075,R0043_55039684,0.40816326530612246
R0002_55042075,R0043_55032632,0.40816326530612246
R0002_55042075,R0043_55021537,0.40816326530612246
R0002_55042075,R0043_55041926,0.40816326530612246
R0002_55042075,R0043_55029012,0.40816326530612246
R0002_55042075,R0043_55034882,0.40816326530612246
R0002_55042075,R0043_55039679,0.40816326530612246
R0002_55042075,R0043_55032862,0.40816326530612246
R0002_55042075,R0043_55032759,0.40816326530612246
R0002_55042075,R0043_55037980,0.40816326530612246
R0002_55042075,R0043_55037979,0.40816326530612246
R0002_55042075,R0043_55027552,0.40816326530612246
R0002_55042075,R0043_55034879,0.40816326530612246
R0002_55042075,R0043_55032908,0.40816326530612246
R0002_55042075,R0043_55039686,0.40816326530612246
R0002_55042075,R0043_55032863,0.40816326530612246
R0002_55042075,R0043_55009127,0.40816326530612246
R0002_55042075,R0043_55036250,0.40816326530612246
R0002_55042075,R0043_55034880,0.40816326530612246
R0002_55042075,R0043_55032860,0.40816326530612246
R0002_55042075,R0043_55029506,0.40816326530612246
R0002_55042075,R0043_55031288,0.40816326530612246
R0002_55042075,R0043_55036124,0.40816326530612246
R0002_55042075,R0043_55039830,0.40816326530612246
R0002_55042075,R0043_55034325,0.40816326530612246
R0002_55042075,R0043_55039829,0.40816326530612246
R0002_55042075,R0043_55031080,0.40816326530612246
R0002_55042075,R0043_55031077,0.40816326530612246
R0002_55042075,R0043_55017366,0.40816326530612246
R0002_55042075,R0043_55034335,0.40816326530612246
R0002_55042075,R0043_55031005,0.40816326530612246
R0002_55042075,R0055_55007584,0.4897959183673469
R0002_55042075,R0055_55007583,0.4897959183673469
R0002_55042075,R0204_55005925,0.5306122448979592
R0002_55042075,R0204_55032685,0.5306122448979592
R0002_55042075,R0204_55035156,0.5306122448979592
R0002_55042075,R0204_55022352,0.5306122448979592
R0002_55042075,R0204_55004131,0.5306122448979592
R0002_55042075,R0207_55036375,0.46938775510204084
R0002_55042075,R0207_55032672,0.46938775510204084
R0002_55042075,R0207_55032673,0.46938775510204084
R0002_55042075,R0290_55038074,0.46938775510204084
R0002_55042075,R0290_55041439,0.46938775510204084
R0002_55042075,R0290_55041442,0.46938775510204084
R0002_55042075,R0290_55041438,0.46938775510204084
R0002_55042075,R0290_55041440,0.46938775510204084
R0002_55042075,R0290_55041441,0.46938775510204084
R0002_55042075,R0290_55030423,0.46938775510204084
R0002_55042075,R0290_55039755,0.46938775510204084
R0002_55042075,R0290_55026840,0.46938775510204084
R0002_55042075,R0290_55038681,0.46938775510204084
R0002_55042075,R0290_55033209,0.46938775510204084
R0002_55042075,R0290_55043722,0.46938775510204084
R0002_55042075,R0377_55039577,0.5510204081632653
R0002_55042075,R0377_55032663,0.5510204081632653
R0002_55042075,R0377_55036003,0.5510204081632653
R0002_55042075,R0377_55036004,0.5510204081632653
R0002_55042075,R0377_55036006,0.5510204081632653
R0002_55042075,R0377_55036007,0.5510204081632653
R0002_55042075,R0377_55036008,0.5510204081632653
R0002_55042075,R0377_55036009,0.5510204081632653
R0002_55042075,R0377_55043375,0.5510204081632653
R0002_55042075,R0377_55032655,0.5510204081632653
R0002_55042075,R0377_55034860,0.5510204081632653
R0002_55042075,R0377_55042881,0.5510204081632653
R0002_55042075,R0377_55033035,0.5510204081632653
R0002_55042075,R0377_55044076,0.5510204081632653
R0002_55042075,R0377_55036698,0.5510204081632653
R0002_55042075,R0377_55032664,0.5510204081632653
R0002_55042075,R0377_55038331,0.5510204081632653
R0002_55042075,R0377_55041814,0.5510204081632653
R0002_55042075,R0377_55041025,0.5510204081632653
R0002_55042075,R0377_55039651,0.5510204081632653
R0002_55042075,R0377_55044100,0.5510204081632653
R0002_55042075,R0377_55026719,0.5510204081632653
R0002_55031358,R0002_55043311,1.0
R0002_55031358,R0002_55036002,1.0
R0002_55031358,R0002_55015378,1.0
R0002_55031358,R0002_55032731,1.0
R0002_55031358,R0002_55025944,1.0
R0002_55031358,R0002_55024341,1.0
R0002_55031358,R0002_55041509,1.0
R0002_55031358,R0002_55036059,1.0
R0002_55031358,R0002_55037787,1.0
R0002_55031358,R0002_55039851,1.0
R0002_55031358,R0002_55032782,1.0
R0002_55031358,R0002_55036171,1.0
R0002_55031358,R0002_55035505,1.0
R0002_55031358,R0002_55011002,1.0
R0002_55031358,R0002_55031467,1.0
R0002_55031358,R0002_55028991,1.0
R0002_55031358,R0002_55027831,1.0
R0002_55031358,R0002_55038839,1.0
R0002_55031358,R0002_55019960,1.0
R0002_55031358,R0002_55033035,1.0
R0002_55031358,R0002_55006197,1.0
R0002_55031358,R0002_55036505,1.0
R0002_55031358,R0002_55044076,1.0
R0002_55031358,R0002_55036050,1.0
R0002_55031358,R0002_55037530,1.0
R0002_55031358,R0002_55040793,1.0
R0002_55031358,R0002_55043136,1.0
R0002_55031358,R0002_55014421,1.0
R0002_55031358,R0002_55003518,1.0
R0002_55031358,R0002_55027319,1.0
R0002_55031358,R0002_55035727,1.0
R0002_55031358,R0002_55032858,1.0
R0002_55031358,R0002_55029026,1.0
R0002_55031358,R0002_55039889,1.0
R0002_55031358,R0002_55041025,1.0
R0002_55031358,R0002_55041833,1.0
R0002_55031358,R0002_55031084,1.0
R0002_55031358,R0002_55030125,1.0
R0002_55031358,R0002_55011220,1.0
R0002_55031358,R0002_55043779,1.0
R0002_55031358,R0002_55026664,1.0
R0002_55031358,R0002_55037878,1.0
R0002_55031358,R0002_55043901,1.0
R0002_55031358,R0002_55037718,1.0
R0002_55031358,R0002_55042075,1.0
R0002_55031358,R0002_55025080,1.0
R0002_55031358,R0002_55037283,1.0
R0002_55031358,R0002_55019387,1.0
R0002_55031358,R0043_55035478,0.40816326530612246
R0002_55031358,R0043_55032756,0.40816326530612246
R0002_55031358,R0043_55039677,0.40816326530612246
R0002_55031358,R0043_55039678,0.40816326530612246
R0002_55031358,R0043_55029067,0.40816326530612246
R0002_55031358,R0043_55036252,0.40816326530612246
R0002_55031358,R0043_55034675,0.40816326530612246
R0002_55031358,R0043_55031083,0.40816326530612246
R0002_55031358,R0043_55036209,0.40816326530612246
R0002_55031358,R0043_55035181,0.40816326530612246
R0002_55031358,R0043_55032758,0.40816326530612246
R0002_55031358,R0043_55039681,0.40816326530612246
R0002_55031358,R0043_55039682,0.40816326530612246
R0002_55031358,R0043_55039683,0.40816326530612246
R0002_55031358,R0043_55039684,0.40816326530612246
R0002_55031358,R0043_55032632,0.40816326530612246
R0002_55031358,R0043_55021537,0.40816326530612246
R0002_55031358,R0043_55041926,0.40816326530612246
R0002_55031358,R0043_55029012,0.40816326530612246
R0002_55031358,R0043_55034882,0.40816326530612246
R0002_55031358,R0043_55039679,0.40816326530612246
R0002_55031358,R0043_55032862,0.40816326530612246
R0002_55031358,R0043_55032759,0.40816326530612246
R0002_55031358,R0043_55037980,0.40816326530612246
R0002_55031358,R0043_55037979,0.40816326530612246
R0002_55031358,R0043_55027552,0.40816326530612246
R0002_55031358,R0043_55034879,0.40816326530612246
R0002_55031358,R0043_55032908,0.40816326530612246
R0002_55031358,R0043_55039686,0.40816326530612246
R0002_55031358,R0043_55032863,0.40816326530612246
R0002_55031358,R0043_55009127,0.40816326530612246
R0002_55031358,R0043_55036250,0.40816326530612246
R0002_55031358,R0043_55034880,0.40816326530612246
R0002_55031358,R0043_55032860,0.40816326530612246
R0002_55031358,R0043_55029506,0.40816326530612246
R0002_55031358,R0043_55031288,0.40816326530612246
R0002_55031358,R0043_55036124,0.40816326530612246
R0002_55031358,R0043_55039830,0.40816326530612246
R0002_55031358,R0043_55034325,0.40816326530612246
R0002_55031358,R0043_55039829,0.40816326530612246
R0002_55031358,R0043_55031080,0.40816326530612246
R0002_55031358,R0043_55031077,0.40816326530612246
R0002_55031358,R0043_55017366,0.40816326530612246
R0002_55031358,R0043_55034335,0.40816326530612246
R0002_55031358,R0043_55031005,0.40816326530612246
R0002_55031358,R0055_55007584,0.4897959183673469
R0002_55031358,R0055_55007583,0.4897959183673469
R0002_55031358,R0204_55005925,0.5306122448979592
R0002_55031358,R0204_55032685,0.5306122448979592
R0002_55031358,R0204_55035156,0.5306122448979592
R0002_55031358,R0204_55022352,0.5306122448979592
R0002_55031358,R0204_55004131,0.5306122448979592
R0002_55031358,R0207_55036375,0.46938775510204084
R0002_55031358,R0207_55032672,0.46938775510204084
R0002_55031358,R0207_55032673,0.46938775510204084
R0002_55031358,R0290_55038074,0.46938775510204084
R0002_55031358,R0290_55041439,0.46938775510204084
R0002_55031358,R0290_55041442,0.46938775510204084
R0002_55031358,R0290_55041438,0.46938775510204084
R0002_55031358,R0290_55041440,0.46938775510204084
R0002_55031358,R0290_55041441,0.46938775510204084
R0002_55031358,R0290_55030423,0.46938775510204084
R0002_55031358,R0290_55039755,0.46938775510204084
R0002_55031358,R0290_55026840,0.46938775510204084
R0002_55031358,R0290_55038681,0.46938775510204084
R0002_55031358,R0290_55033209,0.46938775510204084
R0002_55031358,R0290_55043722,0.46938775510204084
R0002_55031358,R0377_55039577,0.5510204081632653
R0002_55031358,R0377_55032663,0.5510204081632653
R0002_55031358,R0377_55036003,0.5510204081632653
R0002_55031358,R0377_55036004,0.5510204081632653
R0002_55031358,R0377_55036006,0.5510204081632653
R0002_55031358,R0377_55036007,0.5510204081632653
R0002_55031358,R0377_55036008,0.5510204081632653
R0002_55031358,R0377_55036009,0.5510204081632653
R0002_55031358,R0377_55043375,0.5510204081632653
R0002_55031358,R0377_55032655,0.5510204081632653
R0002_55031358,R0377_55034860,0.5510204081632653
R0002_55031358,R0377_55042881,0.5510204081632653
R0002_55031358,R0377_55033035,0.5510204081632653
R0002_55031358,R0377_55044076,0.5510204081632653
R0002_55031358,R0377_55036698,0.5510204081632653
R0002_55031358,R0377_55032664,0.5510204081632653
R0002_55031358,R0377_55038331,0.5510204081632653
R0002_55031358,R0377_55041814,0.5510204081632653
R0002_55031358,R0377_55041025,0.5510204081632653
R0002_55031358,R0377_55039651,0.5510204081632653
R0002_55031358,R0377_55044100,0.5510204081632653
R0002_55031358,R0377_55026719,0.5510204081632653
R0002_55025080,R0002_55043311,1.0
R0002_55025080,R0002_55036002,1.0
R0002_55025080,R0002_55015378,1.0
R0002_55025080,R0002_55032731,1.0
R0002_55025080,R0002_55025944,1.0
R0002_55025080,R0002_55024341,1.0
R0002_55025080,R0002_55041509,1.0
R0002_55025080,R0002_55036059,1.0
R0002_55025080,R0002_55037787,1.0
R0002_55025080,R0002_55039851,1.0
R0002_55025080,R0002_55032782,1.0
R0002_55025080,R0002_55036171,1.0
R0002_55025080,R0002_55035505,1.0
R0002_55025080,R0002_55011002,1.0
R0002_55025080,R0002_55031467,1.0
R0002_55025080,R0002_55028991,1.0
R0002_55025080,R0002_55027831,1.0
R0002_55025080,R0002_55038839,1.0
R0002_55025080,R0002_55019960,1.0
R0002_55025080,R0002_55033035,1.0
R0002_55025080,R0002_55006197,1.0
R0002_55025080,R0002_55036505,1.0
R0002_55025080,R0002_55044076,1.0
R0002_55025080,R0002_55036050,1.0
R0002_55025080,R0002_55037530,1.0
R0002_55025080,R0002_55040793,1.0
R0002_55025080,R0002_55043136,1.0
R0002_55025080,R0002_55014421,1.0
R0002_55025080,R0002_55003518,1.0
R0002_55025080,R0002_55027319,1.0
R0002_55025080,R0002_55035727,1.0
R0002_55025080,R0002_55032858,1.0
R0002_55025080,R0002_55029026,1.0
R0002_55025080,R0002_55039889,1.0
R0002_55025080,R0002_55041025,1.0
R0002_55025080,R0002_55041833,1.0
R0002_55025080,R0002_55031084,1.0
R0002_55025080,R0002_55030125,1.0
R0002_55025080,R0002_55011220,1.0
R0002_55025080,R0002_55043779,1.0
R0002_55025080,R0002_55026664,1.0
R0002_55025080,R0002_55037878,1.0
R0002_55025080,R0002_55043901,1.0
R0002_55025080,R0002_55037718,1.0
R0002_55025080,R0002_55042075,1.0
R0002_55025080,R0002_55031358,1.0
R0002_55025080,R0002_55037283,1.0
R0002_55025080,R0002_55019387,1.0
R0002_55025080,R0043_55035478,0.40816326530612246
R0002_55025080,R0043_55032756,0.40816326530612246
R0002_55025080,R0043_55039677,0.40816326530612246
R0002_55025080,R0043_55039678,0.40816326530612246
R0002_55025080,R0043_55029067,0.40816326530612246
R0002_55025080,R0043_55036252,0.40816326530612246
R0002_55025080,R0043_55034675,0.40816326530612246
R0002_55025080,R0043_55031083,0.40816326530612246
R0002_55025080,R0043_55036209,0.40816326530612246
R0002_55025080,R0043_55035181,0.40816326530612246
R0002_55025080,R0043_55032758,0.40816326530612246
R0002_55025080,R0043_55039681,0.40816326530612246
R0002_55025080,R0043_55039682,0.40816326530612246
R0002_55025080,R0043_55039683,0.40816326530612246
R0002_55025080,R0043_55039684,0.40816326530612246
R0002_55025080,R0043_55032632,0.40816326530612246
R0002_55025080,R0043_55021537,0.40816326530612246
R0002_55025080,R0043_55041926,0.40816326530612246
R0002_55025080,R0043_55029012,0.40816326530612246
R0002_55025080,R0043_55034882,0.40816326530612246
R0002_55025080,R0043_55039679,0.40816326530612246
R0002_55025080,R0043_55032862,0.40816326530612246
R0002_55025080,R0043_55032759,0.40816326530612246
R0002_55025080,R0043_55037980,0.40816326530612246
R0002_55025080,R0043_55037979,0.40816326530612246
R0002_55025080,R0043_55027552,0.40816326530612246
R0002_55025080,R0043_55034879,0.40816326530612246
R0002_55025080,R0043_55032908,0.40816326530612246
R0002_55025080,R0043_55039686,0.40816326530612246
R0002_55025080,R0043_55032863,0.40816326530612246
R0002_55025080,R0043_55009127,0.40816326530612246
R0002_55025080,R0043_55036250,0.40816326530612246
R0002_55025080,R0043_55034880,0.40816326530612246
R0002_55025080,R0043_55032860,0.40816326530612246
R0002_55025080,R0043_55029506,0.40816326530612246
R0002_55025080,R0043_55031288,0.40816326530612246
R0002_55025080,R0043_55036124,0.40816326530612246
R0002_55025080,R0043_55039830,0.40816326530612246
R0002_55025080,R0043_55034325,0.40816326530612246
R0002_55025080,R0043_55039829,0.40816326530612246
R0002_55025080,R0043_55031080,0.40816326530612246
R0002_55025080,R0043_55031077,0.40816326530612246
R0002_55025080,R0043_55017366,0.40816326530612246
R0002_55025080,R0043_55034335,0.40816326530612246
R0002_55025080,R0043_55031005,0.40816326530612246
R0002_55025080,R0055_55007584,0.4897959183673469
R0002_55025080,R0055_55007583,0.4897959183673469
R0002_55025080,R0204_55005925,0.5306122448979592
R0002_55025080,R0204_55032685,0.5306122448979592
R0002_55025080,R0204_55035156,0.5306122448979592
R0002_55025080,R0204_55022352,0.5306122448979592
R0002_55025080,R0204_55004131,0.5306122448979592
R0002_55025080,R0207_55036375,0.46938775510204084
R0002_55025080,R0207_55032672,0.46938775510204084
R0002_55025080,R0207_55032673,0.46938775510204084
R0002_55025080,R0290_55038074,0.46938775510204084
R0002_55025080,R0290_55041439,0.46938775510204084
R0002_55025080,R0290_55041442,0.46938775510204084
R0002_55025080,R0290_55041438,0.46938775510204084
R0002_55025080,R0290_55041440,0.46938775510204084
R0002_55025080,R0290_55041441,0.46938775510204084
R0002_55025080,R0290_55030423,0.46938775510204084
R0002_55025080,R0290_55039755,0.46938775510204084
R0002_55025080,R0290_55026840,0.46938775510204084
R0002_55025080,R0290_55038681,0.46938775510204084
R0002_55025080,R0290_55033209,0.46938775510204084
R0002_55025080,R0290_55043722,0.46938775510204084
R0002_55025080,R0377_55039577,0.5510204081632653
R0002_55025080,R0377_55032663,0.5510204081632653
R0002_55025080,R0377_55036003,0.5510204081632653
R0002_55025080,R0377_55036004,0.5510204081632653
R0002_55025080,R0377_55036006,0.5510204081632653
R0002_55025080,R0377_55036007,0.5510204081632653
R0002_55025080,R0377_55036008,0.5510204081632653
R0002_55025080,R0377_55036009,0.5510204081632653
R0002_55025080,R0377_55043375,0.5510204081632653
R0002_55025080,R0377_55032655,0.5510204081632653
R0002_55025080,R0377_55034860,0.5510204081632653
R0002_55025080,R0377_55042881,0.5510204081632653
R0002_55025080,R0377_55033035,0.5510204081632653
R0002_55025080,R0377_55044076,0.5510204081632653
R0002_55025080,R0377_55036698,0.5510204081632653
R0002_55025080,R0377_55032664,0.5510204081632653
R0002_55025080,R0377_55038331,0.5510204081632653
R0002_55025080,R0377_55041814,0.5510204081632653
R0002_55025080,R0377_55041025,0.5510204081632653
R0002_55025080,R0377_55039651,0.5510204081632653
R0002_55025080,R0377_55044100,0.5510204081632653
R0002_55025080,R0377_55026719,0.5510204081632653
R0002_55037283,R0002_55043311,1.0
R0002_55037283,R0002_55036002,1.0
R0002_55037283,R0002_55015378,1.0
R0002_55037283,R0002_55032731,1.0
R0002_55037283,R0002_55025944,1.0
R0002_55037283,R0002_55024341,1.0
R0002_55037283,R0002_55041509,1.0
R0002_55037283,R0002_55036059,1.0
R0002_55037283,R0002_55037787,1.0
R0002_55037283,R0002_55039851,1.0
R0002_55037283,R0002_55032782,1.0
R0002_55037283,R0002_55036171,1.0
R0002_55037283,R0002_55035505,1.0
R0002_55037283,R0002_55011002,1.0
R0002_55037283,R0002_55031467,1.0
R0002_55037283,R0002_55028991,1.0
R0002_55037283,R0002_55027831,1.0
R0002_55037283,R0002_55038839,1.0
R0002_55037283,R0002_55019960,1.0
R0002_55037283,R0002_55033035,1.0
R0002_55037283,R0002_55006197,1.0
R0002_55037283,R0002_55036505,1.0
R0002_55037283,R0002_55044076,1.0
R0002_55037283,R0002_55036050,1.0
R0002_55037283,R0002_55037530,1.0
R0002_55037283,R0002_55040793,1.0
R0002_55037283,R0002_55043136,1.0
R0002_55037283,R0002_55014421,1.0
R0002_55037283,R0002_55003518,1.0
R0002_55037283,R0002_55027319,1.0
R0002_55037283,R0002_55035727,1.0
R0002_55037283,R0002_55032858,1.0
R0002_55037283,R0002_55029026,1.0
R0002_55037283,R0002_55039889,1.0
R0002_55037283,R0002_55041025,1.0
R0002_55037283,R0002_55041833,1.0
R0002_55037283,R0002_55031084,1.0
R0002_55037283,R0002_55030125,1.0
R0002_55037283,R0002_55011220,1.0
R0002_55037283,R0002_55043779,1.0
R0002_55037283,R0002_55026664,1.0
R0002_55037283,R0002_55037878,1.0
R0002_55037283,R0002_55043901,1.0
R0002_55037283,R0002_55037718,1.0
R0002_55037283,R0002_55042075,1.0
R0002_55037283,R0002_55031358,1.0
R0002_55037283,R0002_55025080,1.0
R0002_55037283,R0002_55019387,1.0
R0002_55037283,R0043_55035478,0.40816326530612246
R0002_55037283,R0043_55032756,0.40816326530612246
R0002_55037283,R0043_55039677,0.40816326530612246
R0002_55037283,R0043_55039678,0.40816326530612246
R0002_55037283,R0043_55029067,0.40816326530612246
R0002_55037283,R0043_55036252,0.40816326530612246
R0002_55037283,R0043_55034675,0.40816326530612246
R0002_55037283,R0043_55031083,0.40816326530612246
R0002_55037283,R0043_55036209,0.40816326530612246
R0002_55037283,R0043_55035181,0.40816326530612246
R0002_55037283,R0043_55032758,0.40816326530612246
R0002_55037283,R0043_55039681,0.40816326530612246
R0002_55037283,R0043_55039682,0.40816326530612246
R0002_55037283,R0043_55039683,0.40816326530612246
R0002_55037283,R0043_55039684,0.40816326530612246
R0002_55037283,R0043_55032632,0.40816326530612246
R0002_55037283,R0043_55021537,0.40816326530612246
R0002_55037283,R0043_55041926,0.40816326530612246
R0002_55037283,R0043_55029012,0.40816326530612246
R0002_55037283,R0043_55034882,0.40816326530612246
R0002_55037283,R0043_55039679,0.40816326530612246
R0002_55037283,R0043_55032862,0.40816326530612246
R0002_55037283,R0043_55032759,0.40816326530612246
R0002_55037283,R0043_55037980,0.40816326530612246
R0002_55037283,R0043_55037979,0.40816326530612246
R0002_55037283,R0043_55027552,0.40816326530612246
R0002_55037283,R0043_55034879,0.40816326530612246
R0002_55037283,R0043_55032908,0.40816326530612246
R0002_55037283,R0043_55039686,0.40816326530612246
R0002_55037283,R0043_55032863,0.40816326530612246
R0002_55037283,R0043_55009127,0.40816326530612246
R0002_55037283,R0043_55036250,0.40816326530612246
R0002_55037283,R0043_55034880,0.40816326530612246
R0002_55037283,R0043_55032860,0.40816326530612246
R0002_55037283,R0043_55029506,0.40816326530612246
R0002_55037283,R0043_55031288,0.40816326530612246
R0002_55037283,R0043_55036124,0.40816326530612246
R0002_55037283,R0043_55039830,0.40816326530612246
R0002_55037283,R0043_55034325,0.40816326530612246
R0002_55037283,R0043_55039829,0.40816326530612246
R0002_55037283,R0043_55031080,0.40816326530612246
R0002_55037283,R0043_55031077,0.40816326530612246
R0002_55037283,R0043_55017366,0.40816326530612246
R0002_55037283,R0043_55034335,0.40816326530612246
R0002_55037283,R0043_55031005,0.40816326530612246
R0002_55037283,R0055_55007584,0.4897959183673469
R0002_55037283,R0055_55007583,0.4897959183673469
R0002_55037283,R0204_55005925,0.5306122448979592
R0002_55037283,R0204_55032685,0.5306122448979592
R0002_55037283,R0204_55035156,0.5306122448979592
R0002_55037283,R0204_55022352,0.5306122448979592
R0002_55037283,R0204_55004131,0.5306122448979592
R0002_55037283,R0207_55036375,0.46938775510204084
R0002_55037283,R0207_55032672,0.46938775510204084
R0002_55037283,R0207_55032673,0.46938775510204084
R0002_55037283,R0290_55038074,0.46938775510204084
R0002_55037283,R0290_55041439,0.46938775510204084
R0002_55037283,R0290_55041442,0.46938775510204084
R0002_55037283,R0290_55041438,0.46938775510204084
R0002_55037283,R0290_55041440,0.46938775510204084
R0002_55037283,R0290_55041441,0.46938775510204084
R0002_55037283,R0290_55030423,0.46938775510204084
R0002_55037283,R0290_55039755,0.46938775510204084
R0002_55037283,R0290_55026840,0.46938775510204084
R0002_55037283,R0290_55038681,0.46938775510204084
R0002_55037283,R0290_55033209,0.46938775510204084
R0002_55037283,R0290_55043722,0.46938775510204084
R0002_55037283,R0377_55039577,0.5510204081632653
R0002_55037283,R0377_55032663,0.5510204081632653
R0002_55037283,R0377_55036003,0.5510204081632653
R0002_55037283,R0377_55036004,0.5510204081632653
R0002_55037283,R0377_55036006,0.5510204081632653
R0002_55037283,R0377_55036007,0.5510204081632653
R0002_55037283,R0377_55036008,0.5510204081632653
R0002_55037283,R0377_55036009,0.5510204081632653
R0002_55037283,R0377_55043375,0.5510204081632653
R0002_55037283,R0377_55032655,0.5510204081632653
R0002_55037283,R0377_55034860,0.5510204081632653
R0002_55037283,R0377_55042881,0.5510204081632653
R0002_55037283,R0377_55033035,0.5510204081632653
R0002_55037283,R0377_55044076,0.5510204081632653
R0002_55037283,R0377_55036698,0.5510204081632653
R0002_55037283,R0377_55032664,0.5510204081632653
R0002_55037283,R0377_55038331,0.5510204081632653
R0002_55037283,R0377_55041814,0.5510204081632653
R0002_55037283,R0377_55041025,0.5510204081632653
R0002_55037283,R0377_55039651,0.5510204081632653
R0002_55037283,R0377_55044100,0.5510204081632653
R0002_55037283,R0377_55026719,0.5510204081632653
R0002_55019387,R0002_55043311,1.0
R0002_55019387,R0002_55036002,1.0
R0002_55019387,R0002_55015378,1.0
R0002_55019387,R0002_55032731,1.0
R0002_55019387,R0002_55025944,1.0
R0002_55019387,R0002_55024341,1.0
R0002_55019387,R0002_55041509,1.0
R0002_55019387,R0002_55036059,1.0
R0002_55019387,R0002_55037787,1.0
R0002_55019387,R0002_55039851,1.0
R0002_55019387,R0002_55032782,1.0
R0002_55019387,R0002_55036171,1.0
R0002_55019387,R0002_55035505,1.0
R0002_55019387,R0002_55011002,1.0
R0002_55019387,R0002_55031467,1.0
R0002_55019387,R0002_55028991,1.0
R0002_55019387,R0002_55027831,1.0
R0002_55019387,R0002_55038839,1.0
R0002_55019387,R0002_55019960,1.0
R0002_55019387,R0002_55033035,1.0
R0002_55019387,R0002_55006197,1.0
R0002_55019387,R0002_55036505,1.0
R0002_55019387,R0002_55044076,1.0
R0002_55019387,R0002_55036050,1.0
R0002_55019387,R0002_55037530,1.0
R0002_55019387,R0002_55040793,1.0
R0002_55019387,R0002_55043136,1.0
R0002_55019387,R0002_55014421,1.0
R0002_55019387,R0002_55003518,1.0
R0002_55019387,R0002_55027319,1.0
R0002_55019387,R0002_55035727,1.0
R0002_55019387,R0002_55032858,1.0
R0002_55019387,R0002_55029026,1.0
R0002_55019387,R0002_55039889,1.0
R0002_55019387,R0002_55041025,1.0
R0002_55019387,R0002_55041833,1.0
R0002_55019387,R0002_55031084,1.0
R0002_55019387,R0002_55030125,1.0
R0002_55019387,R0002_55011220,1.0
R0002_55019387,R0002_55043779,1.0
R0002_55019387,R0002_55026664,1.0
R0002_55019387,R0002_55037878,1.0
R0002_55019387,R0002_55043901,1.0
R0002_55019387,R0002_55037718,1.0
R0002_55019387,R0002_55042075,1.0
R0002_55019387,R0002_55031358,1.0
R0002_55019387,R0002_55025080,1.0
R0002_55019387,R0002_55037283,1.0
R0002_55019387,R0043_55035478,0.40816326530612246
R0002_55019387,R0043_55032756,0.40816326530612246
R0002_55019387,R0043_55039677,0.40816326530612246
R0002_55019387,R0043_55039678,0.40816326530612246
R0002_55019387,R0043_55029067,0.40816326530612246
R0002_55019387,R0043_55036252,0.40816326530612246
R0002_55019387,R0043_55034675,0.40816326530612246
R0002_55019387,R0043_55031083,0.40816326530612246
R0002_55019387,R0043_55036209,0.40816326530612246
R0002_55019387,R0043_55035181,0.40816326530612246
R0002_55019387,R0043_55032758,0.40816326530612246
R0002_55019387,R0043_55039681,0.40816326530612246
R0002_55019387,R0043_55039682,0.40816326530612246
R0002_55019387,R0043_55039683,0.40816326530612246
R0002_55019387,R0043_55039684,0.40816326530612246
R0002_55019387,R0043_55032632,0.40816326530612246
R0002_55019387,R0043_55021537,0.40816326530612246
R0002_55019387,R0043_55041926,0.40816326530612246
R0002_55019387,R0043_55029012,0.40816326530612246
R0002_55019387,R0043_55034882,0.40816326530612246
R0002_55019387,R0043_55039679,0.40816326530612246
R0002_55019387,R0043_55032862,0.40816326530612246
R0002_55019387,R0043_55032759,0.40816326530612246
R0002_55019387,R0043_55037980,0.40816326530612246
R0002_55019387,R0043_55037979,0.40816326530612246
R0002_55019387,R0043_55027552,0.40816326530612246
R0002_55019387,R0043_55034879,0.40816326530612246
R0002_55019387,R0043_55032908,0.40816326530612246
R0002_55019387,R0043_55039686,0.40816326530612246
R0002_55019387,R0043_55032863,0.40816326530612246
R0002_55019387,R0043_55009127,0.40816326530612246
R0002_55019387,R0043_55036250,0.40816326530612246
R0002_55019387,R0043_55034880,0.40816326530612246
R0002_55019387,R0043_55032860,0.40816326530612246
R0002_55019387,R0043_55029506,0.40816326530612246
R0002_55019387,R0043_55031288,0.40816326530612246
R0002_55019387,R0043_55036124,0.40816326530612246
R0002_55019387,R0043_55039830,0.40816326530612246
R0002_55019387,R0043_55034325,0.40816326530612246
R0002_55019387,R0043_55039829,0.40816326530612246
R0002_55019387,R0043_55031080,0.40816326530612246
R0002_55019387,R0043_55031077,0.40816326530612246
R0002_55019387,R0043_55017366,0.40816326530612246
R0002_55019387,R0043_55034335,0.40816326530612246
R0002_55019387,R0043_55031005,0.40816326530612246
R0002_55019387,R0055_55007584,0.4897959183673469
R0002_55019387,R0055_55007583,0.4897959183673469
R0002_55019387,R0204_55005925,0.5306122448979592
R0002_55019387,R0204_55032685,0.5306122448979592
R0002_55019387,R0204_55035156,0.5306122448979592
R0002_55019387,R0204_55022352,0.5306122448979592
R0002_55019387,R0204_55004131,0.5306122448979592
R0002_55019387,R0207_55036375,0.46938775510204084
R0002_55019387,R0207_55032672,0.46938775510204084
R0002_55019387,R0207_55032673,0.46938775510204084
R0002_55019387,R0290_55038074,0.46938775510204084
R0002_55019387,R0290_55041439,0.46938775510204084
R0002_55019387,R0290_55041442,0.46938775510204084
R0002_55019387,R0290_55041438,0.46938775510204084
R0002_55019387,R0290_55041440,0.46938775510204084
R0002_55019387,R0290_55041441,0.46938775510204084
R0002_55019387,R0290_55030423,0.46938775510204084
R0002_55019387,R0290_55039755,0.46938775510204084
R0002_55019387,R0290_55026840,0.46938775510204084
R0002_55019387,R0290_55038681,0.46938775510204084
R0002_55019387,R0290_55033209,0.46938775510204084
R0002_55019387,R0290_55043722,0.46938775510204084
R0002_55019387,R0377_55039577,0.5510204081632653
R0002_55019387,R0377_55032663,0.5510204081632653
R0002_55019387,R0377_55036003,0.5510204081632653
R0002_55019387,R0377_55036004,0.5510204081632653
R0002_55019387,R0377_55036006,0.5510204081632653
R0002_55019387,R0377_55036007,0.5510204081632653
R0002_55019387,R0377_55036008,0.5510204081632653
R0002_55019387,R0377_55036009,0.5510204081632653
R0002_55019387,R0377_55043375,0.5510204081632653
R0002_55019387,R0377_55032655,0.5510204081632653
R0002_55019387,R0377_55034860,0.5510204081632653
R0002_55019387,R0377_55042881,0.5510204081632653
R0002_55019387,R0377_55033035,0.5510204081632653
R0002_55019387,R0377_55044076,0.5510204081632653
R0002_55019387,R0377_55036698,0.5510204081632653
R0002_55019387,R0377_55032664,0.5510204081632653
R0002_55019387,R0377_55038331,0.5510204081632653
R0002_55019387,R0377_55041814,0.5510204081632653
R0002_55019387,R0377_55041025,0.5510204081632653
R0002_55019387,R0377_55039651,0.5510204081632653
R0002_55019387,R0377_55044100,0.5510204081632653
R0002_55019387,R0377_55026719,0.5510204081632653
R0043_55035478,R0002_55043311,0.30303030303030304
R0043_55035478,R0002_55036002,0.30303030303030304
R0043_55035478,R0002_55015378,0.30303030303030304
R0043_55035478,R0002_55032731,0.30303030303030304
R0043_55035478,R0002_55025944,0.30303030303030304
R0043_55035478,R0002_55024341,0.30303030303030304
R0043_55035478,R0002_55041509,0.30303030303030304
R0043_55035478,R0002_55036059,0.30303030303030304
R0043_55035478,R0002_55037787,0.30303030303030304
R0043_55035478,R0002_55039851,0.30303030303030304
R0043_55035478,R0002_55032782,0.30303030303030304
R0043_55035478,R0002_55036171,0.30303030303030304
R0043_55035478,R0002_55035505,0.30303030303030304
R0043_55035478,R0002_55011002,0.30303030303030304
R0043_55035478,R0002_55031467,0.30303030303030304
R0043_55035478,R0002_55028991,0.30303030303030304
R0043_55035478,R0002_55027831,0.30303030303030304
R0043_55035478,R0002_55038839,0.30303030303030304
R0043_55035478,R0002_55019960,0.30303030303030304
R0043_55035478,R0002_55033035,0.30303030303030304
R0043_55035478,R0002_55006197,0.30303030303030304
R0043_55035478,R0002_55036505,0.30303030303030304
R0043_55035478,R0002_55044076,0.30303030303030304
R0043_55035478,R0002_55036050,0.30303030303030304
R0043_55035478,R0002_55037530,0.30303030303030304
R0043_55035478,R0002_55040793,0.30303030303030304
R0043_55035478,R0002_55043136,0.30303030303030304
R0043_55035478,R0002_55014421,0.30303030303030304
R0043_55035478,R0002_55003518,0.30303030303030304
R0043_55035478,R0002_55027319,0.30303030303030304
R0043_55035478,R0002_55035727,0.30303030303030304
R0043_55035478,R0002_55032858,0.30303030303030304
R0043_55035478,R0002_55029026,0.30303030303030304
R0043_55035478,R0002_55039889,0.30303030303030304
R0043_55035478,R0002_55041025,0.30303030303030304
R0043_55035478,R0002_55041833,0.30303030303030304
R0043_55035478,R0002_55031084,0.30303030303030304
R0043_55035478,R0002_55030125,0.30303030303030304
R0043_55035478,R0002_55011220,0.30303030303030304
R0043_55035478,R0002_55043779,0.30303030303030304
R0043_55035478,R0002_55026664,0.30303030303030304
R0043_55035478,R0002_55037878,0.30303030303030304
R0043_55035478,R0002_55043901,0.30303030303030304
R0043_55035478,R0002_55037718,0.30303030303030304
R0043_55035478,R0002_55042075,0.30303030303030304
R0043_55035478,R0002_55031358,0.30303030303030304
R0043_55035478,R0002_55025080,0.30303030303030304
R0043_55035478,R0002_55037283,0.30303030303030304
R0043_55035478,R0002_55019387,0.30303030303030304
R0043_55035478,R0043_55032756,1.0
R0043_55035478,R0043_55039677,1.0
R0043_55035478,R0043_55039678,1.0
R0043_55035478,R0043_55029067,1.0
R0043_55035478,R0043_55036252,1.0
R0043_55035478,R0043_55034675,1.0
R0043_55035478,R0043_55031083,1.0
R0043_55035478,R0043_55036209,1.0
R0043_55035478,R0043_55035181,1.0
R0043_55035478,R0043_55032758,1.0
R0043_55035478,R0043_55039681,1.0
R0043_55035478,R0043_55039682,1.0
R0043_55035478,R0043_55039683,1.0
R0043_55035478,R0043_55039684,1.0
R0043_55035478,R0043_55032632,1.0
R0043_55035478,R0043_55021537,1.0
R0043_55035478,R0043_55041926,1.0
R0043_55035478,R0043_55029012,1.0
R0043_55035478,R0043_55034882,1.0
R0043_55035478,R0043_55039679,1.0
R0043_55035478,R0043_55032862,1.0
R0043_55035478,R0043_55032759,1.0
R0043_55035478,R0043_55037980,1.0
R0043_55035478,R0043_55037979,1.0
R0043_55035478,R0043_55027552,1.0
R0043_55035478,R0043_55034879,1.0
R0043_55035478,R0043_55032908,1.0
R0043_55035478,R0043_55039686,1.0
R0043_55035478,R0043_55032863,1.0
R0043_55035478,R0043_55009127,1.0
R0043_55035478,R0043_55036250,1.0
R0043_55035478,R0043_55034880,1.0
R0043_55035478,R0043_55032860,1.0
R0043_55035478,R0043_55029506,1.0
R0043_55035478,R0043_55031288,1.0
R0043_55035478,R0043_55036124,1.0
R0043_55035478,R0043_55039830,1.0
R0043_55035478,R0043_55034325,1.0
R0043_55035478,R0043_55039829,1.0
R0043_55035478,R0043_55031080,1.0
R0043_55035478,R0043_55031077,1.0
R0043_55035478,R0043_55017366,1.0
R0043_55035478,R0043_55034335,1.0
R0043_55035478,R0043_55031005,1.0
R0043_55035478,R0055_55007584,0.3787878787878788
R0043_55035478,R0055_55007583,0.3787878787878788
R0043_55035478,R0204_55005925,0.4090909090909091
R0043_55035478,R0204_55032685,0.4090909090909091
R0043_55035478,R0204_55035156,0.4090909090909091
R0043_55035478,R0204_55022352,0.4090909090909091
R0043_55035478,R0204_55004131,0.4090909090909091
R0043_55035478,R0207_55036375,0.3939393939393939
R0043_55035478,R0207_55032672,0.3939393939393939
R0043_55035478,R0207_55032673,0.3939393939393939
R0043_55035478,R0290_55038074,0.3939393939393939
R0043_55035478,R0290_55041439,0.3939393939393939
R0043_55035478,R0290_55041442,0.3939393939393939
R0043_55035478,R0290_55041438,0.3939393939393939
R0043_55035478,R0290_55041440,0.3939393939393939
R0043_55035478,R0290_55041441,0.3939393939393939
R0043_55035478,R0290_55030423,0.3939393939393939
R0043_55035478,R0290_55039755,0.3939393939393939
R0043_55035478,R0290_55026840,0.3939393939393939
R0043_55035478,R0290_55038681,0.3939393939393939
R0043_55035478,R0290_55033209,0.3939393939393939
R0043_55035478,R0290_55043722,0.3939393939393939
R0043_55035478,R0377_55039577,0.4090909090909091
R0043_55035478,R0377_55032663,0.4090909090909091
R0043_55035478,R0377_55036003,0.4090909090909091
R0043_55035478,R0377_55036004,0.4090909090909091
R0043_55035478,R0377_55036006,0.4090909090909091
R0043_55035478,R0377_55036007,0.4090909090909091
R0043_55035478,R0377_55036008,0.4090909090909091
R0043_55035478,R0377_55036009,0.4090909090909091
R0043_55035478,R0377_55043375,0.4090909090909091
R0043_55035478,R0377_55032655,0.4090909090909091
R0043_55035478,R0377_55034860,0.4090909090909091
R0043_55035478,R0377_55042881,0.4090909090909091
R0043_55035478,R0377_55033035,0.4090909090909091
R0043_55035478,R0377_55044076,0.4090909090909091
R0043_55035478,R0377_55036698,0.4090909090909091
R0043_55035478,R0377_55032664,0.4090909090909091
R0043_55035478,R0377_55038331,0.4090909090909091
R0043_55035478,R0377_55041814,0.4090909090909091
R0043_55035478,R0377_55041025,0.4090909090909091
R0043_55035478,R0377_55039651,0.4090909090909091
R0043_55035478,R0377_55044100,0.4090909090909091
R0043_55035478,R0377_55026719,0.4090909090909091
R0043_55032756,R0002_55043311,0.30303030303030304
R0043_55032756,R0002_55036002,0.30303030303030304
R0043_55032756,R0002_55015378,0.30303030303030304
R0043_55032756,R0002_55032731,0.30303030303030304
R0043_55032756,R0002_55025944,0.30303030303030304
R0043_55032756,R0002_55024341,0.30303030303030304
R0043_55032756,R0002_55041509,0.30303030303030304
R0043_55032756,R0002_55036059,0.30303030303030304
R0043_55032756,R0002_55037787,0.30303030303030304
R0043_55032756,R0002_55039851,0.30303030303030304
R0043_55032756,R0002_55032782,0.30303030303030304
R0043_55032756,R0002_55036171,0.30303030303030304
R0043_55032756,R0002_55035505,0.30303030303030304
R0043_55032756,R0002_55011002,0.30303030303030304
R0043_55032756,R0002_55031467,0.30303030303030304
R0043_55032756,R0002_55028991,0.30303030303030304
R0043_55032756,R0002_55027831,0.30303030303030304
R0043_55032756,R0002_55038839,0.30303030303030304
R0043_55032756,R0002_55019960,0.30303030303030304
R0043_55032756,R0002_55033035,0.30303030303030304
R0043_55032756,R0002_55006197,0.30303030303030304
R0043_55032756,R0002_55036505,0.30303030303030304
R0043_55032756,R0002_55044076,0.30303030303030304
R0043_55032756,R0002_55036050,0.30303030303030304
R0043_55032756,R0002_55037530,0.30303030303030304
R0043_55032756,R0002_55040793,0.30303030303030304
R0043_55032756,R0002_55043136,0.30303030303030304
R0043_55032756,R0002_55014421,0.30303030303030304
R0043_55032756,R0002_55003518,0.30303030303030304
R0043_55032756,R0002_55027319,0.30303030303030304
R0043_55032756,R0002_55035727,0.30303030303030304
R0043_55032756,R0002_55032858,0.30303030303030304
R0043_55032756,R0002_55029026,0.30303030303030304
R0043_55032756,R0002_55039889,0.30303030303030304
R0043_55032756,R0002_55041025,0.30303030303030304
R0043_55032756,R0002_55041833,0.30303030303030304
R0043_55032756,R0002_55031084,0.30303030303030304
R0043_55032756,R0002_55030125,0.30303030303030304
R0043_55032756,R0002_55011220,0.30303030303030304
R0043_55032756,R0002_55043779,0.30303030303030304
R0043_55032756,R0002_55026664,0.30303030303030304
R0043_55032756,R0002_55037878,0.30303030303030304
R0043_55032756,R0002_55043901,0.30303030303030304
R0043_55032756,R0002_55037718,0.30303030303030304
R0043_55032756,R0002_55042075,0.30303030303030304
R0043_55032756,R0002_55031358,0.30303030303030304
R0043_55032756,R0002_55025080,0.30303030303030304
R0043_55032756,R0002_55037283,0.30303030303030304
R0043_55032756,R0002_55019387,0.30303030303030304
R0043_55032756,R0043_55035478,1.0
R0043_55032756,R0043_55039677,1.0
R0043_55032756,R0043_55039678,1.0
R0043_55032756,R0043_55029067,1.0
R0043_55032756,R0043_55036252,1.0
R0043_55032756,R0043_55034675,1.0
R0043_55032756,R0043_55031083,1.0
R0043_55032756,R0043_55036209,1.0
R0043_55032756,R0043_55035181,1.0
R0043_55032756,R0043_55032758,1.0
R0043_55032756,R0043_55039681,1.0
R0043_55032756,R0043_55039682,1.0
R0043_55032756,R0043_55039683,1.0
R0043_55032756,R0043_55039684,1.0
R0043_55032756,R0043_55032632,1.0
R0043_55032756,R0043_55021537,1.0
R0043_55032756,R0043_55041926,1.0
R0043_55032756,R0043_55029012,1.0
R0043_55032756,R0043_55034882,1.0
R0043_55032756,R0043_55039679,1.0
R0043_55032756,R0043_55032862,1.0
R0043_55032756,R0043_55032759,1.0
R0043_55032756,R0043_55037980,1.0
R0043_55032756,R0043_55037979,1.0
R0043_55032756,R0043_55027552,1.0
R0043_55032756,R0043_55034879,1.0
R0043_55032756,R0043_55032908,1.0
R0043_55032756,R0043_55039686,1.0
R0043_55032756,R0043_55032863,1.0
R0043_55032756,R0043_55009127,1.0
R0043_55032756,R0043_55036250,1.0
R0043_55032756,R0043_55034880,1.0
R0043_55032756,R0043_55032860,1.0
R0043_55032756,R0043_55029506,1.0
R0043_55032756,R0043_55031288,1.0
R0043_55032756,R0043_55036124,1.0
R0043_55032756,R0043_55039830,1.0
R0043_55032756,R0043_55034325,1.0
R0043_55032756,R0043_55039829,1.0
R0043_55032756,R0043_55031080,1.0
R0043_55032756,R0043_55031077,1.0
R0043_55032756,R0043_55017366,1.0
R0043_55032756,R0043_55034335,1.0
R0043_55032756,R0043_55031005,1.0
R0043_55032756,R0055_55007584,0.3787878787878788
R0043_55032756,R0055_55007583,0.3787878787878788
R0043_55032756,R0204_55005925,0.4090909090909091
R0043_55032756,R0204_55032685,0.4090909090909091
R0043_55032756,R0204_55035156,0.4090909090909091
R0043_55032756,R0204_55022352,0.4090909090909091
R0043_55032756,R0204_55004131,0.4090909090909091
R0043_55032756,R0207_55036375,0.3939393939393939
R0043_55032756,R0207_55032672,0.3939393939393939
R0043_55032756,R0207_55032673,0.3939393939393939
R0043_55032756,R0290_55038074,0.3939393939393939
R0043_55032756,R0290_55041439,0.3939393939393939
R0043_55032756,R0290_55041442,0.3939393939393939
R0043_55032756,R0290_55041438,0.3939393939393939
R0043_55032756,R0290_55041440,0.3939393939393939
R0043_55032756,R0290_55041441,0.3939393939393939
R0043_55032756,R0290_55030423,0.3939393939393939
R0043_55032756,R0290_55039755,0.3939393939393939
R0043_55032756,R0290_55026840,0.3939393939393939
R0043_55032756,R0290_55038681,0.3939393939393939
R0043_55032756,R0290_55033209,0.3939393939393939
R0043_55032756,R0290_55043722,0.3939393939393939
R0043_55032756,R0377_55039577,0.4090909090909091
R0043_55032756,R0377_55032663,0.4090909090909091
R0043_55032756,R0377_55036003,0.4090909090909091
R0043_55032756,R0377_55036004,0.4090909090909091
R0043_55032756,R0377_55036006,0.4090909090909091
R0043_55032756,R0377_55036007,0.4090909090909091
R0043_55032756,R0377_55036008,0.4090909090909091
R0043_55032756,R0377_55036009,0.4090909090909091
R0043_55032756,R0377_55043375,0.4090909090909091
R0043_55032756,R0377_55032655,0.4090909090909091
R0043_55032756,R0377_55034860,0.4090909090909091
R0043_55032756,R0377_55042881,0.4090909090909091
R0043_55032756,R0377_55033035,0.4090909090909091
R0043_55032756,R0377_55044076,0.4090909090909091
R0043_55032756,R0377_55036698,0.4090909090909091
R0043_55032756,R0377_55032664,0.4090909090909091
R0043_55032756,R0377_55038331,0.4090909090909091
R0043_55032756,R0377_55041814,0.4090909090909091
R0043_55032756,R0377_55041025,0.4090909090909091
R0043_55032756,R0377_55039651,0.4090909090909091
R0043_55032756,R0377_55044100,0.4090909090909091
R0043_55032756,R0377_55026719,0.4090909090909091
R0043_55039677,R0002_55043311,0.30303030303030304
R0043_55039677,R0002_55036002,0.30303030303030304
R0043_55039677,R0002_55015378,0.30303030303030304
R0043_55039677,R0002_55032731,0.30303030303030304
R0043_55039677,R0002_55025944,0.30303030303030304
R0043_55039677,R0002_55024341,0.30303030303030304
R0043_55039677,R0002_55041509,0.30303030303030304
R0043_55039677,R0002_55036059,0.30303030303030304
R0043_55039677,R0002_55037787,0.30303030303030304
R0043_55039677,R0002_55039851,0.30303030303030304
R0043_55039677,R0002_55032782,0.30303030303030304
R0043_55039677,R0002_55036171,0.30303030303030304
R0043_55039677,R0002_55035505,0.30303030303030304
R0043_55039677,R0002_55011002,0.30303030303030304
R0043_55039677,R0002_55031467,0.30303030303030304
R0043_55039677,R0002_55028991,0.30303030303030304
R0043_55039677,R0002_55027831,0.30303030303030304
R0043_55039677,R0002_55038839,0.30303030303030304
R0043_55039677,R0002_55019960,0.30303030303030304
R0043_55039677,R0002_55033035,0.30303030303030304
R0043_55039677,R0002_55006197,0.30303030303030304
R0043_55039677,R0002_55036505,0.30303030303030304
R0043_55039677,R0002_55044076,0.30303030303030304
R0043_55039677,R0002_55036050,0.30303030303030304
R0043_55039677,R0002_55037530,0.30303030303030304
R0043_55039677,R0002_55040793,0.30303030303030304
R0043_55039677,R0002_55043136,0.30303030303030304
R0043_55039677,R0002_55014421,0.30303030303030304
R0043_55039677,R0002_55003518,0.30303030303030304
R0043_55039677,R0002_55027319,0.30303030303030304
R0043_55039677,R0002_55035727,0.30303030303030304
R0043_55039677,R0002_55032858,0.30303030303030304
R0043_55039677,R0002_55029026,0.30303030303030304
R0043_55039677,R0002_55039889,0.30303030303030304
R0043_55039677,R0002_55041025,0.30303030303030304
R0043_55039677,R0002_55041833,0.30303030303030304
R0043_55039677,R0002_55031084,0.30303030303030304
R0043_55039677,R0002_55030125,0.30303030303030304
R0043_55039677,R0002_55011220,0.30303030303030304
R0043_55039677,R0002_55043779,0.30303030303030304
R0043_55039677,R0002_55026664,0.30303030303030304
R0043_55039677,R0002_55037878,0.30303030303030304
R0043_55039677,R0002_55043901,0.30303030303030304
R0043_55039677,R0002_55037718,0.30303030303030304
R0043_55039677,R0002_55042075,0.30303030303030304
R0043_55039677,R0002_55031358,0.30303030303030304
R0043_55039677,R0002_55025080,0.30303030303030304
R0043_55039677,R0002_55037283,0.30303030303030304
R0043_55039677,R0002_55019387,0.30303030303030304
R0043_55039677,R0043_55035478,1.0
R0043_55039677,R0043_55032756,1.0
R0043_55039677,R0043_55039678,1.0
R0043_55039677,R0043_55029067,1.0
R0043_55039677,R0043_55036252,1.0
R0043_55039677,R0043_55034675,1.0
R0043_55039677,R0043_55031083,1.0
R0043_55039677,R0043_55036209,1.0
R0043_55039677,R0043_55035181,1.0
R0043_55039677,R0043_55032758,1.0
R0043_55039677,R0043_55039681,1.0
R0043_55039677,R0043_55039682,1.0
R0043_55039677,R0043_55039683,1.0
R0043_55039677,R0043_55039684,1.0
R0043_55039677,R0043_55032632,1.0
R0043_55039677,R0043_55021537,1.0
R0043_55039677,R0043_55041926,1.0
R0043_55039677,R0043_55029012,1.0
R0043_55039677,R0043_55034882,1.0
R0043_55039677,R0043_55039679,1.0
R0043_55039677,R0043_55032862,1.0
R0043_55039677,R0043_55032759,1.0
R0043_55039677,R0043_55037980,1.0
R0043_55039677,R0043_55037979,1.0
R0043_55039677,R0043_55027552,1.0
R0043_55039677,R0043_55034879,1.0
R0043_55039677,R0043_55032908,1.0
R0043_55039677,R0043_55039686,1.0
R0043_55039677,R0043_55032863,1.0
R0043_55039677,R0043_55009127,1.0
R0043_55039677,R0043_55036250,1.0
R0043_55039677,R0043_55034880,1.0
R0043_55039677,R0043_55032860,1.0
R0043_55039677,R0043_55029506,1.0
R0043_55039677,R0043_55031288,1.0
R0043_55039677,R0043_55036124,1.0
R0043_55039677,R0043_55039830,1.0
R0043_55039677,R0043_55034325,1.0
R0043_55039677,R0043_55039829,1.0
R0043_55039677,R0043_55031080,1.0
R0043_55039677,R0043_55031077,1.0
R0043_55039677,R0043_55017366,1.0
R0043_55039677,R0043_55034335,1.0
R0043_55039677,R0043_55031005,1.0
R0043_55039677,R0055_55007584,0.3787878787878788
R0043_55039677,R0055_55007583,0.3787878787878788
R0043_55039677,R0204_55005925,0.4090909090909091
R0043_55039677,R0204_55032685,0.4090909090909091
R0043_55039677,R0204_55035156,0.4090909090909091
R0043_55039677,R0204_55022352,0.4090909090909091
R0043_55039677,R0204_55004131,0.4090909090909091
R0043_55039677,R0207_55036375,0.3939393939393939
R0043_55039677,R0207_55032672,0.3939393939393939
R0043_55039677,R0207_55032673,0.3939393939393939
R0043_55039677,R0290_55038074,0.3939393939393939
R0043_55039677,R0290_55041439,0.3939393939393939
R0043_55039677,R0290_55041442,0.3939393939393939
R0043_55039677,R0290_55041438,0.3939393939393939
R0043_55039677,R0290_55041440,0.3939393939393939
R0043_55039677,R0290_55041441,0.3939393939393939
R0043_55039677,R0290_55030423,0.3939393939393939
R0043_55039677,R0290_55039755,0.3939393939393939
R0043_55039677,R0290_55026840,0.3939393939393939
R0043_55039677,R0290_55038681,0.3939393939393939
R0043_55039677,R0290_55033209,0.3939393939393939
R0043_55039677,R0290_55043722,0.3939393939393939
R0043_55039677,R0377_55039577,0.4090909090909091
R0043_55039677,R0377_55032663,0.4090909090909091
R0043_55039677,R0377_55036003,0.4090909090909091
R0043_55039677,R0377_55036004,0.4090909090909091
R0043_55039677,R0377_55036006,0.4090909090909091
R0043_55039677,R0377_55036007,0.4090909090909091
R0043_55039677,R0377_55036008,0.4090909090909091
R0043_55039677,R0377_55036009,0.4090909090909091
R0043_55039677,R0377_55043375,0.4090909090909091
R0043_55039677,R0377_55032655,0.4090909090909091
R0043_55039677,R0377_55034860,0.4090909090909091
R0043_55039677,R0377_55042881,0.4090909090909091
R0043_55039677,R0377_55033035,0.4090909090909091
R0043_55039677,R0377_55044076,0.4090909090909091
R0043_55039677,R0377_55036698,0.4090909090909091
R0043_55039677,R0377_55032664,0.4090909090909091
R0043_55039677,R0377_55038331,0.4090909090909091
R0043_55039677,R0377_55041814,0.4090909090909091
R0043_55039677,R0377_55041025,0.4090909090909091
R0043_55039677,R0377_55039651,0.4090909090909091
R0043_55039677,R0377_55044100,0.4090909090909091
R0043_55039677,R0377_55026719,0.4090909090909091
R0043_55039678,R0002_55043311,0.30303030303030304
R0043_55039678,R0002_55036002,0.30303030303030304
R0043_55039678,R0002_55015378,0.30303030303030304
R0043_55039678,R0002_55032731,0.30303030303030304
R0043_55039678,R0002_55025944,0.30303030303030304
R0043_55039678,R0002_55024341,0.30303030303030304
R0043_55039678,R0002_55041509,0.30303030303030304
R0043_55039678,R0002_55036059,0.30303030303030304
R0043_55039678,R0002_55037787,0.30303030303030304
R0043_55039678,R0002_55039851,0.30303030303030304
R0043_55039678,R0002_55032782,0.30303030303030304
R0043_55039678,R0002_55036171,0.30303030303030304
R0043_55039678,R0002_55035505,0.30303030303030304
R0043_55039678,R0002_55011002,0.30303030303030304
R0043_55039678,R0002_55031467,0.30303030303030304
R0043_55039678,R0002_55028991,0.30303030303030304
R0043_55039678,R0002_55027831,0.30303030303030304
R0043_55039678,R0002_55038839,0.30303030303030304
R0043_55039678,R0002_55019960,0.30303030303030304
R0043_55039678,R0002_55033035,0.30303030303030304
R0043_55039678,R0002_55006197,0.30303030303030304
R0043_55039678,R0002_55036505,0.30303030303030304
R0043_55039678,R0002_55044076,0.30303030303030304
R0043_55039678,R0002_55036050,0.30303030303030304
R0043_55039678,R0002_55037530,0.30303030303030304
R0043_55039678,R0002_55040793,0.30303030303030304
R0043_55039678,R0002_55043136,0.30303030303030304
R0043_55039678,R0002_55014421,0.30303030303030304
R0043_55039678,R0002_55003518,0.30303030303030304
R0043_55039678,R0002_55027319,0.30303030303030304
R0043_55039678,R0002_55035727,0.30303030303030304
R0043_55039678,R0002_55032858,0.30303030303030304
R0043_55039678,R0002_55029026,0.30303030303030304
R0043_55039678,R0002_55039889,0.30303030303030304
R0043_55039678,R0002_55041025,0.30303030303030304
R0043_55039678,R0002_55041833,0.30303030303030304
R0043_55039678,R0002_55031084,0.30303030303030304
R0043_55039678,R0002_55030125,0.30303030303030304
R0043_55039678,R0002_55011220,0.30303030303030304
R0043_55039678,R0002_55043779,0.30303030303030304
R0043_55039678,R0002_55026664,0.30303030303030304
R0043_55039678,R0002_55037878,0.30303030303030304
R0043_55039678,R0002_55043901,0.30303030303030304
R0043_55039678,R0002_55037718,0.30303030303030304
R0043_55039678,R0002_55042075,0.30303030303030304
R0043_55039678,R0002_55031358,0.30303030303030304
R0043_55039678,R0002_55025080,0.30303030303030304
R0043_55039678,R0002_55037283,0.30303030303030304
R0043_55039678,R0002_55019387,0.30303030303030304
R0043_55039678,R0043_55035478,1.0
R0043_55039678,R0043_55032756,1.0
R0043_55039678,R0043_55039677,1.0
R0043_55039678,R0043_55029067,1.0
R0043_55039678,R0043_55036252,1.0
R0043_55039678,R0043_55034675,1.0
R0043_55039678,R0043_55031083,1.0
R0043_55039678,R0043_55036209,1.0
R0043_55039678,R0043_55035181,1.0
R0043_55039678,R0043_55032758,1.0
R0043_55039678,R0043_55039681,1.0
R0043_55039678,R0043_55039682,1.0
R0043_55039678,R0043_55039683,1.0
R0043_55039678,R0043_55039684,1.0
R0043_55039678,R0043_55032632,1.0
R0043_55039678,R0043_55021537,1.0
R0043_55039678,R0043_55041926,1.0
R0043_55039678,R0043_55029012,1.0
R0043_55039678,R0043_55034882,1.0
R0043_55039678,R0043_55039679,1.0
R0043_55039678,R0043_55032862,1.0
R0043_55039678,R0043_55032759,1.0
R0043_55039678,R0043_55037980,1.0
R0043_55039678,R0043_55037979,1.0
R0043_55039678,R0043_55027552,1.0
R0043_55039678,R0043_55034879,1.0
R0043_55039678,R0043_55032908,1.0
R0043_55039678,R0043_55039686,1.0
R0043_55039678,R0043_55032863,1.0
R0043_55039678,R0043_55009127,1.0
R0043_55039678,R0043_55036250,1.0
R0043_55039678,R0043_55034880,1.0
R0043_55039678,R0043_55032860,1.0
R0043_55039678,R0043_55029506,1.0
R0043_55039678,R0043_55031288,1.0
R0043_55039678,R0043_55036124,1.0
R0043_55039678,R0043_55039830,1.0
R0043_55039678,R0043_55034325,1.0
R0043_55039678,R0043_55039829,1.0
R0043_55039678,R0043_55031080,1.0
R0043_55039678,R0043_55031077,1.0
R0043_55039678,R0043_55017366,1.0
R0043_55039678,R0043_55034335,1.0
R0043_55039678,R0043_55031005,1.0
R0043_55039678,R0055_55007584,0.3787878787878788
R0043_55039678,R0055_55007583,0.3787878787878788
R0043_55039678,R0204_55005925,0.4090909090909091
R0043_55039678,R0204_55032685,0.4090909090909091
R0043_55039678,R0204_55035156,0.4090909090909091
R0043_55039678,R0204_55022352,0.4090909090909091
R0043_55039678,R0204_55004131,0.4090909090909091
R0043_55039678,R0207_55036375,0.3939393939393939
R0043_55039678,R0207_55032672,0.3939393939393939
R0043_55039678,R0207_55032673,0.3939393939393939
R0043_55039678,R0290_55038074,0.3939393939393939
R0043_55039678,R0290_55041439,0.3939393939393939
R0043_55039678,R0290_55041442,0.3939393939393939
R0043_55039678,R0290_55041438,0.3939393939393939
R0043_55039678,R0290_55041440,0.3939393939393939
R0043_55039678,R0290_55041441,0.3939393939393939
R0043_55039678,R0290_55030423,0.3939393939393939
R0043_55039678,R0290_55039755,0.3939393939393939
R0043_55039678,R0290_55026840,0.3939393939393939
R0043_55039678,R0290_55038681,0.3939393939393939
R0043_55039678,R0290_55033209,0.3939393939393939
R0043_55039678,R0290_55043722,0.3939393939393939
R0043_55039678,R0377_55039577,0.4090909090909091
R0043_55039678,R0377_55032663,0.4090909090909091
R0043_55039678,R0377_55036003,0.4090909090909091
R0043_55039678,R0377_55036004,0.4090909090909091
R0043_55039678,R0377_55036006,0.4090909090909091
R0043_55039678,R0377_55036007,0.4090909090909091
R0043_55039678,R0377_55036008,0.4090909090909091
R0043_55039678,R0377_55036009,0.4090909090909091
R0043_55039678,R0377_55043375,0.4090909090909091
R0043_55039678,R0377_55032655,0.4090909090909091
R0043_55039678,R0377_55034860,0.4090909090909091
R0043_55039678,R0377_55042881,0.4090909090909091
R0043_55039678,R0377_55033035,0.4090909090909091
R0043_55039678,R0377_55044076,0.4090909090909091
R0043_55039678,R0377_55036698,0.4090909090909091
R0043_55039678,R0377_55032664,0.4090909090909091
R0043_55039678,R0377_55038331,0.4090909090909091
R0043_55039678,R0377_55041814,0.4090909090909091
R0043_55039678,R0377_55041025,0.4090909090909091
R0043_55039678,R0377_55039651,0.4090909090909091
R0043_55039678,R0377_55044100,0.4090909090909091
R0043_55039678,R0377_55026719,0.4090909090909091
R0043_55029067,R0002_55043311,0.30303030303030304
R0043_55029067,R0002_55036002,0.30303030303030304
R0043_55029067,R0002_55015378,0.30303030303030304
R0043_55029067,R0002_55032731,0.30303030303030304
R0043_55029067,R0002_55025944,0.30303030303030304
R0043_55029067,R0002_55024341,0.30303030303030304
R0043_55029067,R0002_55041509,0.30303030303030304
R0043_55029067,R0002_55036059,0.30303030303030304
R0043_55029067,R0002_55037787,0.30303030303030304
R0043_55029067,R0002_55039851,0.30303030303030304
R0043_55029067,R0002_55032782,0.30303030303030304
R0043_55029067,R0002_55036171,0.30303030303030304
R0043_55029067,R0002_55035505,0.30303030303030304
R0043_55029067,R0002_55011002,0.30303030303030304
R0043_55029067,R0002_55031467,0.30303030303030304
R0043_55029067,R0002_55028991,0.30303030303030304
R0043_55029067,R0002_55027831,0.30303030303030304
R0043_55029067,R0002_55038839,0.30303030303030304
R0043_55029067,R0002_55019960,0.30303030303030304
R0043_55029067,R0002_55033035,0.30303030303030304
R0043_55029067,R0002_55006197,0.30303030303030304
R0043_55029067,R0002_55036505,0.30303030303030304
R0043_55029067,R0002_55044076,0.30303030303030304
R0043_55029067,R0002_55036050,0.30303030303030304
R0043_55029067,R0002_55037530,0.30303030303030304
R0043_55029067,R0002_55040793,0.30303030303030304
R0043_55029067,R0002_55043136,0.30303030303030304
R0043_55029067,R0002_55014421,0.30303030303030304
R0043_55029067,R0002_55003518,0.30303030303030304
R0043_55029067,R0002_55027319,0.30303030303030304
R0043_55029067,R0002_55035727,0.30303030303030304
R0043_55029067,R0002_55032858,0.30303030303030304
R0043_55029067,R0002_55029026,0.30303030303030304
R0043_55029067,R0002_55039889,0.30303030303030304
R0043_55029067,R0002_55041025,0.30303030303030304
R0043_55029067,R0002_55041833,0.30303030303030304
R0043_55029067,R0002_55031084,0.30303030303030304
R0043_55029067,R0002_55030125,0.30303030303030304
R0043_55029067,R0002_55011220,0.30303030303030304
R0043_55029067,R0002_55043779,0.30303030303030304
R0043_55029067,R0002_55026664,0.30303030303030304
R0043_55029067,R0002_55037878,0.30303030303030304
R0043_55029067,R0002_55043901,0.30303030303030304
R0043_55029067,R0002_55037718,0.30303030303030304
R0043_55029067,R0002_55042075,0.30303030303030304
R0043_55029067,R0002_55031358,0.30303030303030304
R0043_55029067,R0002_55025080,0.30303030303030304
R0043_55029067,R0002_55037283,0.30303030303030304
R0043_55029067,R0002_55019387,0.30303030303030304
R0043_55029067,R0043_55035478,1.0
R0043_55029067,R0043_55032756,1.0
R0043_55029067,R0043_55039677,1.0
R0043_55029067,R0043_55039678,1.0
R0043_55029067,R0043_55036252,1.0
R0043_55029067,R0043_55034675,1.0
R0043_55029067,R0043_55031083,1.0
R0043_55029067,R0043_55036209,1.0
R0043_55029067,R0043_55035181,1.0
R0043_55029067,R0043_55032758,1.0
R0043_55029067,R0043_55039681,1.0
R0043_55029067,R0043_55039682,1.0
R0043_55029067,R0043_55039683,1.0
R0043_55029067,R0043_55039684,1.0
R0043_55029067,R0043_55032632,1.0
R0043_55029067,R0043_55021537,1.0
R0043_55029067,R0043_55041926,1.0
R0043_55029067,R0043_55029012,1.0
R0043_55029067,R0043_55034882,1.0
R0043_55029067,R0043_55039679,1.0
R0043_55029067,R0043_55032862,1.0
R0043_55029067,R0043_55032759,1.0
R0043_55029067,R0043_55037980,1.0
R0043_55029067,R0043_55037979,1.0
R0043_55029067,R0043_55027552,1.0
R0043_55029067,R0043_55034879,1.0
R0043_55029067,R0043_55032908,1.0
R0043_55029067,R0043_55039686,1.0
R0043_55029067,R0043_55032863,1.0
R0043_55029067,R0043_55009127,1.0
R0043_55029067,R0043_55036250,1.0
R0043_55029067,R0043_55034880,1.0
R0043_55029067,R0043_55032860,1.0
R0043_55029067,R0043_55029506,1.0
R0043_55029067,R0043_55031288,1.0
R0043_55029067,R0043_55036124,1.0
R0043_55029067,R0043_55039830,1.0
R0043_55029067,R0043_55034325,1.0
R0043_55029067,R0043_55039829,1.0
R0043_55029067,R0043_55031080,1.0
R0043_55029067,R0043_55031077,1.0
R0043_55029067,R0043_55017366,1.0
R0043_55029067,R0043_55034335,1.0
R0043_55029067,R0043_55031005,1.0
R0043_55029067,R0055_55007584,0.3787878787878788
R0043_55029067,R0055_55007583,0.3787878787878788
R0043_55029067,R0204_55005925,0.4090909090909091
R0043_55029067,R0204_55032685,0.4090909090909091
R0043_55029067,R0204_55035156,0.4090909090909091
R0043_55029067,R0204_55022352,0.4090909090909091
R0043_55029067,R0204_55004131,0.4090909090909091
R0043_55029067,R0207_55036375,0.3939393939393939
R0043_55029067,R0207_55032672,0.3939393939393939
R0043_55029067,R0207_55032673,0.3939393939393939
R0043_55029067,R0290_55038074,0.3939393939393939
R0043_55029067,R0290_55041439,0.3939393939393939
R0043_55029067,R0290_55041442,0.3939393939393939
R0043_55029067,R0290_55041438,0.3939393939393939
R0043_55029067,R0290_55041440,0.3939393939393939
R0043_55029067,R0290_55041441,0.3939393939393939
R0043_55029067,R0290_55030423,0.3939393939393939
R0043_55029067,R0290_55039755,0.3939393939393939
R0043_55029067,R0290_55026840,0.3939393939393939
R0043_55029067,R0290_55038681,0.3939393939393939
R0043_55029067,R0290_55033209,0.3939393939393939
R0043_55029067,R0290_55043722,0.3939393939393939
R0043_55029067,R0377_55039577,0.4090909090909091
R0043_55029067,R0377_55032663,0.4090909090909091
R0043_55029067,R0377_55036003,0.4090909090909091
R0043_55029067,R0377_55036004,0.4090909090909091
R0043_55029067,R0377_55036006,0.4090909090909091
R0043_55029067,R0377_55036007,0.4090909090909091
R0043_55029067,R0377_55036008,0.4090909090909091
R0043_55029067,R0377_55036009,0.4090909090909091
R0043_55029067,R0377_55043375,0.4090909090909091
R0043_55029067,R0377_55032655,0.4090909090909091
R0043_55029067,R0377_55034860,0.4090909090909091
R0043_55029067,R0377_55042881,0.4090909090909091
R0043_55029067,R0377_55033035,0.4090909090909091
R0043_55029067,R0377_55044076,0.4090909090909091
R0043_55029067,R0377_55036698,0.4090909090909091
R0043_55029067,R0377_55032664,0.4090909090909091
R0043_55029067,R0377_55038331,0.4090909090909091
R0043_55029067,R0377_55041814,0.4090909090909091
R0043_55029067,R0377_55041025,0.4090909090909091
R0043_55029067,R0377_55039651,0.4090909090909091
R0043_55029067,R0377_55044100,0.4090909090909091
R0043_55029067,R0377_55026719,0.4090909090909091
R0043_55036252,R0002_55043311,0.30303030303030304
R0043_55036252,R0002_55036002,0.30303030303030304
R0043_55036252,R0002_55015378,0.30303030303030304
R0043_55036252,R0002_55032731,0.30303030303030304
R0043_55036252,R0002_55025944,0.30303030303030304
R0043_55036252,R0002_55024341,0.30303030303030304
R0043_55036252,R0002_55041509,0.30303030303030304
R0043_55036252,R0002_55036059,0.30303030303030304
R0043_55036252,R0002_55037787,0.30303030303030304
R0043_55036252,R0002_55039851,0.30303030303030304
R0043_55036252,R0002_55032782,0.30303030303030304
R0043_55036252,R0002_55036171,0.30303030303030304
R0043_55036252,R0002_55035505,0.30303030303030304
R0043_55036252,R0002_55011002,0.30303030303030304
R0043_55036252,R0002_55031467,0.30303030303030304
R0043_55036252,R0002_55028991,0.30303030303030304
R0043_55036252,R0002_55027831,0.30303030303030304
R0043_55036252,R0002_55038839,0.30303030303030304
R0043_55036252,R0002_55019960,0.30303030303030304
R0043_55036252,R0002_55033035,0.30303030303030304
R0043_55036252,R0002_55006197,0.30303030303030304
R0043_55036252,R0002_55036505,0.30303030303030304
R0043_55036252,R0002_55044076,0.30303030303030304
R0043_55036252,R0002_55036050,0.30303030303030304
R0043_55036252,R0002_55037530,0.30303030303030304
R0043_55036252,R0002_55040793,0.30303030303030304
R0043_55036252,R0002_55043136,0.30303030303030304
R0043_55036252,R0002_55014421,0.30303030303030304
R0043_55036252,R0002_55003518,0.30303030303030304
R0043_55036252,R0002_55027319,0.30303030303030304
R0043_55036252,R0002_55035727,0.30303030303030304
R0043_55036252,R0002_55032858,0.30303030303030304
R0043_55036252,R0002_55029026,0.30303030303030304
R0043_55036252,R0002_55039889,0.30303030303030304
R0043_55036252,R0002_55041025,0.30303030303030304
R0043_55036252,R0002_55041833,0.30303030303030304
R0043_55036252,R0002_55031084,0.30303030303030304
R0043_55036252,R0002_55030125,0.30303030303030304
R0043_55036252,R0002_55011220,0.30303030303030304
R0043_55036252,R0002_55043779,0.30303030303030304
R0043_55036252,R0002_55026664,0.30303030303030304
R0043_55036252,R0002_55037878,0.30303030303030304
R0043_55036252,R0002_55043901,0.30303030303030304
R0043_55036252,R0002_55037718,0.30303030303030304
R0043_55036252,R0002_55042075,0.30303030303030304
R0043_55036252,R0002_55031358,0.30303030303030304
R0043_55036252,R0002_55025080,0.30303030303030304
R0043_55036252,R0002_55037283,0.30303030303030304
R0043_55036252,R0002_55019387,0.30303030303030304
R0043_55036252,R0043_55035478,1.0
R0043_55036252,R0043_55032756,1.0
R0043_55036252,R0043_55039677,1.0
R0043_55036252,R0043_55039678,1.0
R0043_55036252,R0043_55029067,1.0
R0043_55036252,R0043_55034675,1.0
R0043_55036252,R0043_55031083,1.0
R0043_55036252,R0043_55036209,1.0
R0043_55036252,R0043_55035181,1.0
R0043_55036252,R0043_55032758,1.0
R0043_55036252,R0043_55039681,1.0
R0043_55036252,R0043_55039682,1.0
R0043_55036252,R0043_55039683,1.0
R0043_55036252,R0043_55039684,1.0
R0043_55036252,R0043_55032632,1.0
R0043_55036252,R0043_55021537,1.0
R0043_55036252,R0043_55041926,1.0
R0043_55036252,R0043_55029012,1.0
R0043_55036252,R0043_55034882,1.0
R0043_55036252,R0043_55039679,1.0
R0043_55036252,R0043_55032862,1.0
R0043_55036252,R0043_55032759,1.0
R0043_55036252,R0043_55037980,1.0
R0043_55036252,R0043_55037979,1.0
R0043_55036252,R0043_55027552,1.0
R0043_55036252,R0043_55034879,1.0
R0043_55036252,R0043_55032908,1.0
R0043_55036252,R0043_55039686,1.0
R0043_55036252,R0043_55032863,1.0
R0043_55036252,R0043_55009127,1.0
R0043_55036252,R0043_55036250,1.0
R0043_55036252,R0043_55034880,1.0
R0043_55036252,R0043_55032860,1.0
R0043_55036252,R0043_55029506,1.0
R0043_55036252,R0043_55031288,1.0
R0043_55036252,R0043_55036124,1.0
R0043_55036252,R0043_55039830,1.0
R0043_55036252,R0043_55034325,1.0
R0043_55036252,R0043_55039829,1.0
R0043_55036252,R0043_55031080,1.0
R0043_55036252,R0043_55031077,1.0
R0043_55036252,R0043_55017366,1.0
R0043_55036252,R0043_55034335,1.0
R0043_55036252,R0043_55031005,1.0
R0043_55036252,R0055_55007584,0.3787878787878788
R0043_55036252,R0055_55007583,0.3787878787878788
R0043_55036252,R0204_55005925,0.4090909090909091
R0043_55036252,R0204_55032685,0.4090909090909091
R0043_55036252,R0204_55035156,0.4090909090909091
R0043_55036252,R0204_55022352,0.4090909090909091
R0043_55036252,R0204_55004131,0.4090909090909091
R0043_55036252,R0207_55036375,0.3939393939393939
R0043_55036252,R0207_55032672,0.3939393939393939
R0043_55036252,R0207_55032673,0.3939393939393939
R0043_55036252,R0290_55038074,0.3939393939393939
R0043_55036252,R0290_55041439,0.3939393939393939
R0043_55036252,R0290_55041442,0.3939393939393939
R0043_55036252,R0290_55041438,0.3939393939393939
R0043_55036252,R0290_55041440,0.3939393939393939
R0043_55036252,R0290_55041441,0.3939393939393939
R0043_55036252,R0290_55030423,0.3939393939393939
R0043_55036252,R0290_55039755,0.3939393939393939
R0043_55036252,R0290_55026840,0.3939393939393939
R0043_55036252,R0290_55038681,0.3939393939393939
R0043_55036252,R0290_55033209,0.3939393939393939
R0043_55036252,R0290_55043722,0.3939393939393939
R0043_55036252,R0377_55039577,0.4090909090909091
R0043_55036252,R0377_55032663,0.4090909090909091
R0043_55036252,R0377_55036003,0.4090909090909091
R0043_55036252,R0377_55036004,0.4090909090909091
R0043_55036252,R0377_55036006,0.4090909090909091
R0043_55036252,R0377_55036007,0.4090909090909091
R0043_55036252,R0377_55036008,0.4090909090909091
R0043_55036252,R0377_55036009,0.4090909090909091
R0043_55036252,R0377_55043375,0.4090909090909091
R0043_55036252,R0377_55032655,0.4090909090909091
R0043_55036252,R0377_55034860,0.4090909090909091
R0043_55036252,R0377_55042881,0.4090909090909091
R0043_55036252,R0377_55033035,0.4090909090909091
R0043_55036252,R0377_55044076,0.4090909090909091
R0043_55036252,R0377_55036698,0.4090909090909091
R0043_55036252,R0377_55032664,0.4090909090909091
R0043_55036252,R0377_55038331,0.4090909090909091
R0043_55036252,R0377_55041814,0.4090909090909091
R0043_55036252,R0377_55041025,0.4090909090909091
R0043_55036252,R0377_55039651,0.4090909090909091
R0043_55036252,R0377_55044100,0.4090909090909091
R0043_55036252,R0377_55026719,0.4090909090909091
R0043_55034675,R0002_55043311,0.30303030303030304
R0043_55034675,R0002_55036002,0.30303030303030304
R0043_55034675,R0002_55015378,0.30303030303030304
R0043_55034675,R0002_55032731,0.30303030303030304
R0043_55034675,R0002_55025944,0.30303030303030304
R0043_55034675,R0002_55024341,0.30303030303030304
R0043_55034675,R0002_55041509,0.30303030303030304
R0043_55034675,R0002_55036059,0.30303030303030304
R0043_55034675,R0002_55037787,0.30303030303030304
R0043_55034675,R0002_55039851,0.30303030303030304
R0043_55034675,R0002_55032782,0.30303030303030304
R0043_55034675,R0002_55036171,0.30303030303030304
R0043_55034675,R0002_55035505,0.30303030303030304
R0043_55034675,R0002_55011002,0.30303030303030304
R0043_55034675,R0002_55031467,0.30303030303030304
R0043_55034675,R0002_55028991,0.30303030303030304
R0043_55034675,R0002_55027831,0.30303030303030304
R0043_55034675,R0002_55038839,0.30303030303030304
R0043_55034675,R0002_55019960,0.30303030303030304
R0043_55034675,R0002_55033035,0.30303030303030304
R0043_55034675,R0002_55006197,0.30303030303030304
R0043_55034675,R0002_55036505,0.30303030303030304
R0043_55034675,R0002_55044076,0.30303030303030304
R0043_55034675,R0002_55036050,0.30303030303030304
R0043_55034675,R0002_55037530,0.30303030303030304
R0043_55034675,R0002_55040793,0.30303030303030304
R0043_55034675,R0002_55043136,0.30303030303030304
R0043_55034675,R0002_55014421,0.30303030303030304
R0043_55034675,R0002_55003518,0.30303030303030304
R0043_55034675,R0002_55027319,0.30303030303030304
R0043_55034675,R0002_55035727,0.30303030303030304
R0043_55034675,R0002_55032858,0.30303030303030304
R0043_55034675,R0002_55029026,0.30303030303030304
R0043_55034675,R0002_55039889,0.30303030303030304
R0043_55034675,R0002_55041025,0.30303030303030304
R0043_55034675,R0002_55041833,0.30303030303030304
R0043_55034675,R0002_55031084,0.30303030303030304
R0043_55034675,R0002_55030125,0.30303030303030304
R0043_55034675,R0002_55011220,0.30303030303030304
R0043_55034675,R0002_55043779,0.30303030303030304
R0043_55034675,R0002_55026664,0.30303030303030304
R0043_55034675,R0002_55037878,0.30303030303030304
R0043_55034675,R0002_55043901,0.30303030303030304
R0043_55034675,R0002_55037718,0.30303030303030304
R0043_55034675,R0002_55042075,0.30303030303030304
R0043_55034675,R0002_55031358,0.30303030303030304
R0043_55034675,R0002_55025080,0.30303030303030304
R0043_55034675,R0002_55037283,0.30303030303030304
R0043_55034675,R0002_55019387,0.30303030303030304
R0043_55034675,R0043_55035478,1.0
R0043_55034675,R0043_55032756,1.0
R0043_55034675,R0043_55039677,1.0
R0043_55034675,R0043_55039678,1.0
R0043_55034675,R0043_55029067,1.0
R0043_55034675,R0043_55036252,1.0
R0043_55034675,R0043_55031083,1.0
R0043_55034675,R0043_55036209,1.0
R0043_55034675,R0043_55035181,1.0
R0043_55034675,R0043_55032758,1.0
R0043_55034675,R0043_55039681,1.0
R0043_55034675,R0043_55039682,1.0
R0043_55034675,R0043_55039683,1.0
R0043_55034675,R0043_55039684,1.0
R0043_55034675,R0043_55032632,1.0
R0043_55034675,R0043_55021537,1.0
R0043_55034675,R0043_55041926,1.0
R0043_55034675,R0043_55029012,1.0
R0043_55034675,R0043_55034882,1.0
R0043_55034675,R0043_55039679,1.0
R0043_55034675,R0043_55032862,1.0
R0043_55034675,R0043_55032759,1.0
R0043_55034675,R0043_55037980,1.0
R0043_55034675,R0043_55037979,1.0
R0043_55034675,R0043_55027552,1.0
R0043_55034675,R0043_55034879,1.0
R0043_55034675,R0043_55032908,1.0
R0043_55034675,R0043_55039686,1.0
R0043_55034675,R0043_55032863,1.0
R0043_55034675,R0043_55009127,1.0
R0043_55034675,R0043_55036250,1.0
R0043_55034675,R0043_55034880,1.0
R0043_55034675,R0043_55032860,1.0
R0043_55034675,R0043_55029506,1.0
R0043_55034675,R0043_55031288,1.0
R0043_55034675,R0043_55036124,1.0
R0043_55034675,R0043_55039830,1.0
R0043_55034675,R0043_55034325,1.0
R0043_55034675,R0043_55039829,1.0
R0043_55034675,R0043_55031080,1.0
R0043_55034675,R0043_55031077,1.0
R0043_55034675,R0043_55017366,1.0
R0043_55034675,R0043_55034335,1.0
R0043_55034675,R0043_55031005,1.0
R0043_55034675,R0055_55007584,0.3787878787878788
R0043_55034675,R0055_55007583,0.3787878787878788
R0043_55034675,R0204_55005925,0.4090909090909091
R0043_55034675,R0204_55032685,0.4090909090909091
R0043_55034675,R0204_55035156,0.4090909090909091
R0043_55034675,R0204_55022352,0.4090909090909091
R0043_55034675,R0204_55004131,0.4090909090909091
R0043_55034675,R0207_55036375,0.3939393939393939
R0043_55034675,R0207_55032672,0.3939393939393939
R0043_55034675,R0207_55032673,0.3939393939393939
R0043_55034675,R0290_55038074,0.3939393939393939
R0043_55034675,R0290_55041439,0.3939393939393939
R0043_55034675,R0290_55041442,0.3939393939393939
R0043_55034675,R0290_55041438,0.3939393939393939
R0043_55034675,R0290_55041440,0.3939393939393939
R0043_55034675,R0290_55041441,0.3939393939393939
R0043_55034675,R0290_55030423,0.3939393939393939
R0043_55034675,R0290_55039755,0.3939393939393939
R0043_55034675,R0290_55026840,0.3939393939393939
R0043_55034675,R0290_55038681,0.3939393939393939
R0043_55034675,R0290_55033209,0.3939393939393939
R0043_55034675,R0290_55043722,0.3939393939393939
R0043_55034675,R0377_55039577,0.4090909090909091
R0043_55034675,R0377_55032663,0.4090909090909091
R0043_55034675,R0377_55036003,0.4090909090909091
R0043_55034675,R0377_55036004,0.4090909090909091
R0043_55034675,R0377_55036006,0.4090909090909091
R0043_55034675,R0377_55036007,0.4090909090909091
R0043_55034675,R0377_55036008,0.4090909090909091
R0043_55034675,R0377_55036009,0.4090909090909091
R0043_55034675,R0377_55043375,0.4090909090909091
R0043_55034675,R0377_55032655,0.4090909090909091
R0043_55034675,R0377_55034860,0.4090909090909091
R0043_55034675,R0377_55042881,0.4090909090909091
R0043_55034675,R0377_55033035,0.4090909090909091
R0043_55034675,R0377_55044076,0.4090909090909091
R0043_55034675,R0377_55036698,0.4090909090909091
R0043_55034675,R0377_55032664,0.4090909090909091
R0043_55034675,R0377_55038331,0.4090909090909091
R0043_55034675,R0377_55041814,0.4090909090909091
R0043_55034675,R0377_55041025,0.4090909090909091
R0043_55034675,R0377_55039651,0.4090909090909091
R0043_55034675,R0377_55044100,0.4090909090909091
R0043_55034675,R0377_55026719,0.4090909090909091
R0043_55031083,R0002_55043311,0.30303030303030304
R0043_55031083,R0002_55036002,0.30303030303030304
R0043_55031083,R0002_55015378,0.30303030303030304
R0043_55031083,R0002_55032731,0.30303030303030304
R0043_55031083,R0002_55025944,0.30303030303030304
R0043_55031083,R0002_55024341,0.30303030303030304
R0043_55031083,R0002_55041509,0.30303030303030304
R0043_55031083,R0002_55036059,0.30303030303030304
R0043_55031083,R0002_55037787,0.30303030303030304
R0043_55031083,R0002_55039851,0.30303030303030304
R0043_55031083,R0002_55032782,0.30303030303030304
R0043_55031083,R0002_55036171,0.30303030303030304
R0043_55031083,R0002_55035505,0.30303030303030304
R0043_55031083,R0002_55011002,0.30303030303030304
R0043_55031083,R0002_55031467,0.30303030303030304
R0043_55031083,R0002_55028991,0.30303030303030304
R0043_55031083,R0002_55027831,0.30303030303030304
R0043_55031083,R0002_55038839,0.30303030303030304
R0043_55031083,R0002_55019960,0.30303030303030304
R0043_55031083,R0002_55033035,0.30303030303030304
R0043_55031083,R0002_55006197,0.30303030303030304
R0043_55031083,R0002_55036505,0.30303030303030304
R0043_55031083,R0002_55044076,0.30303030303030304
R0043_55031083,R0002_55036050,0.30303030303030304
R0043_55031083,R0002_55037530,0.30303030303030304
R0043_55031083,R0002_55040793,0.30303030303030304
R0043_55031083,R0002_55043136,0.30303030303030304
R0043_55031083,R0002_55014421,0.30303030303030304
R0043_55031083,R0002_55003518,0.30303030303030304
R0043_55031083,R0002_55027319,0.30303030303030304
R0043_55031083,R0002_55035727,0.30303030303030304
R0043_55031083,R0002_55032858,0.30303030303030304
R0043_55031083,R0002_55029026,0.30303030303030304
R0043_55031083,R0002_55039889,0.30303030303030304
R0043_55031083,R0002_55041025,0.30303030303030304
R0043_55031083,R0002_55041833,0.30303030303030304
R0043_55031083,R0002_55031084,0.30303030303030304
R0043_55031083,R0002_55030125,0.30303030303030304
R0043_55031083,R0002_55011220,0.30303030303030304
R0043_55031083,R0002_55043779,0.30303030303030304
R0043_55031083,R0002_55026664,0.30303030303030304
R0043_55031083,R0002_55037878,0.30303030303030304
R0043_55031083,R0002_55043901,0.30303030303030304
R0043_55031083,R0002_55037718,0.30303030303030304
R0043_55031083,R0002_55042075,0.30303030303030304
R0043_55031083,R0002_55031358,0.30303030303030304
R0043_55031083,R0002_55025080,0.30303030303030304
R0043_55031083,R0002_55037283,0.30303030303030304
R0043_55031083,R0002_55019387,0.30303030303030304
R0043_55031083,R0043_55035478,1.0
R0043_55031083,R0043_55032756,1.0
R0043_55031083,R0043_55039677,1.0
R0043_55031083,R0043_55039678,1.0
R0043_55031083,R0043_55029067,1.0
R0043_55031083,R0043_55036252,1.0
R0043_55031083,R0043_55034675,1.0
R0043_55031083,R0043_55036209,1.0
R0043_55031083,R0043_55035181,1.0
R0043_55031083,R0043_55032758,1.0
R0043_55031083,R0043_55039681,1.0
R0043_55031083,R0043_55039682,1.0
R0043_55031083,R0043_55039683,1.0
R0043_55031083,R0043_55039684,1.0
R0043_55031083,R0043_55032632,1.0
R0043_55031083,R0043_55021537,1.0
R0043_55031083,R0043_55041926,1.0
R0043_55031083,R0043_55029012,1.0
R0043_55031083,R0043_55034882,1.0
R0043_55031083,R0043_55039679,1.0
R0043_55031083,R0043_55032862,1.0
R0043_55031083,R0043_55032759,1.0
R0043_55031083,R0043_55037980,1.0
R0043_55031083,R0043_55037979,1.0
R0043_55031083,R0043_55027552,1.0
R0043_55031083,R0043_55034879,1.0
R0043_55031083,R0043_55032908,1.0
R0043_55031083,R0043_55039686,1.0
R0043_55031083,R0043_55032863,1.0
R0043_55031083,R0043_55009127,1.0
R0043_55031083,R0043_55036250,1.0
R0043_55031083,R0043_55034880,1.0
R0043_55031083,R0043_55032860,1.0
R0043_55031083,R0043_55029506,1.0
R0043_55031083,R0043_55031288,1.0
R0043_55031083,R0043_55036124,1.0
R0043_55031083,R0043_55039830,1.0
R0043_55031083,R0043_55034325,1.0
R0043_55031083,R0043_55039829,1.0
R0043_55031083,R0043_55031080,1.0
R0043_55031083,R0043_55031077,1.0
R0043_55031083,R0043_55017366,1.0
R0043_55031083,R0043_55034335,1.0
R0043_55031083,R0043_55031005,1.0
R0043_55031083,R0055_55007584,0.3787878787878788
R0043_55031083,R0055_55007583,0.3787878787878788
R0043_55031083,R0204_55005925,0.4090909090909091
R0043_55031083,R0204_55032685,0.4090909090909091
R0043_55031083,R0204_55035156,0.4090909090909091
R0043_55031083,R0204_55022352,0.4090909090909091
R0043_55031083,R0204_55004131,0.4090909090909091
R0043_55031083,R0207_55036375,0.3939393939393939
R0043_55031083,R0207_55032672,0.3939393939393939
R0043_55031083,R0207_55032673,0.3939393939393939
R0043_55031083,R0290_55038074,0.3939393939393939
R0043_55031083,R0290_55041439,0.3939393939393939
R0043_55031083,R0290_55041442,0.3939393939393939
R0043_55031083,R0290_55041438,0.3939393939393939
R0043_55031083,R0290_55041440,0.3939393939393939
R0043_55031083,R0290_55041441,0.3939393939393939
R0043_55031083,R0290_55030423,0.3939393939393939
R0043_55031083,R0290_55039755,0.3939393939393939
R0043_55031083,R0290_55026840,0.3939393939393939
R0043_55031083,R0290_55038681,0.3939393939393939
R0043_55031083,R0290_55033209,0.3939393939393939
R0043_55031083,R0290_55043722,0.3939393939393939
R0043_55031083,R0377_55039577,0.4090909090909091
R0043_55031083,R0377_55032663,0.4090909090909091
R0043_55031083,R0377_55036003,0.4090909090909091
R0043_55031083,R0377_55036004,0.4090909090909091
R0043_55031083,R0377_55036006,0.4090909090909091
R0043_55031083,R0377_55036007,0.4090909090909091
R0043_55031083,R0377_55036008,0.4090909090909091
R0043_55031083,R0377_55036009,0.4090909090909091
R0043_55031083,R0377_55043375,0.4090909090909091
R0043_55031083,R0377_55032655,0.4090909090909091
R0043_55031083,R0377_55034860,0.4090909090909091
R0043_55031083,R0377_55042881,0.4090909090909091
R0043_55031083,R0377_55033035,0.4090909090909091
R0043_55031083,R0377_55044076,0.4090909090909091
R0043_55031083,R0377_55036698,0.4090909090909091
R0043_55031083,R0377_55032664,0.4090909090909091
R0043_55031083,R0377_55038331,0.4090909090909091
R0043_55031083,R0377_55041814,0.4090909090909091
R0043_55031083,R0377_55041025,0.4090909090909091
R0043_55031083,R0377_55039651,0.4090909090909091
R0043_55031083,R0377_55044100,0.4090909090909091
R0043_55031083,R0377_55026719,0.4090909090909091
R0043_55036209,R0002_55043311,0.30303030303030304
R0043_55036209,R0002_55036002,0.30303030303030304
R0043_55036209,R0002_55015378,0.30303030303030304
R0043_55036209,R0002_55032731,0.30303030303030304
R0043_55036209,R0002_55025944,0.30303030303030304
R0043_55036209,R0002_55024341,0.30303030303030304
R0043_55036209,R0002_55041509,0.30303030303030304
R0043_55036209,R0002_55036059,0.30303030303030304
R0043_55036209,R0002_55037787,0.30303030303030304
R0043_55036209,R0002_55039851,0.30303030303030304
R0043_55036209,R0002_55032782,0.30303030303030304
R0043_55036209,R0002_55036171,0.30303030303030304
R0043_55036209,R0002_55035505,0.30303030303030304
R0043_55036209,R0002_55011002,0.30303030303030304
R0043_55036209,R0002_55031467,0.30303030303030304
R0043_55036209,R0002_55028991,0.30303030303030304
R0043_55036209,R0002_55027831,0.30303030303030304
R0043_55036209,R0002_55038839,0.30303030303030304
R0043_55036209,R0002_55019960,0.30303030303030304
R0043_55036209,R0002_55033035,0.30303030303030304
R0043_55036209,R0002_55006197,0.30303030303030304
R0043_55036209,R0002_55036505,0.30303030303030304
R0043_55036209,R0002_55044076,0.30303030303030304
R0043_55036209,R0002_55036050,0.30303030303030304
R0043_55036209,R0002_55037530,0.30303030303030304
R0043_55036209,R0002_55040793,0.30303030303030304
R0043_55036209,R0002_55043136,0.30303030303030304
R0043_55036209,R0002_55014421,0.30303030303030304
R0043_55036209,R0002_55003518,0.30303030303030304
R0043_55036209,R0002_55027319,0.30303030303030304
R0043_55036209,R0002_55035727,0.30303030303030304
R0043_55036209,R0002_55032858,0.30303030303030304
R0043_55036209,R0002_55029026,0.30303030303030304
R0043_55036209,R0002_55039889,0.30303030303030304
R0043_55036209,R0002_55041025,0.30303030303030304
R0043_55036209,R0002_55041833,0.30303030303030304
R0043_55036209,R0002_55031084,0.30303030303030304
R0043_55036209,R0002_55030125,0.30303030303030304
R0043_55036209,R0002_55011220,0.30303030303030304
R0043_55036209,R0002_55043779,0.30303030303030304
R0043_55036209,R0002_55026664,0.30303030303030304
R0043_55036209,R0002_55037878,0.30303030303030304
R0043_55036209,R0002_55043901,0.30303030303030304
R0043_55036209,R0002_55037718,0.30303030303030304
R0043_55036209,R0002_55042075,0.30303030303030304
R0043_55036209,R0002_55031358,0.30303030303030304
R0043_55036209,R0002_55025080,0.30303030303030304
R0043_55036209,R0002_55037283,0.30303030303030304
R0043_55036209,R0002_55019387,0.30303030303030304
R0043_55036209,R0043_55035478,1.0
R0043_55036209,R0043_55032756,1.0
R0043_55036209,R0043_55039677,1.0
R0043_55036209,R0043_55039678,1.0
R0043_55036209,R0043_55029067,1.0
R0043_55036209,R0043_55036252,1.0
R0043_55036209,R0043_55034675,1.0
R0043_55036209,R0043_55031083,1.0
R0043_55036209,R0043_55035181,1.0
R0043_55036209,R0043_55032758,1.0
R0043_55036209,R0043_55039681,1.0
R0043_55036209,R0043_55039682,1.0
R0043_55036209,R0043_55039683,1.0
R0043_55036209,R0043_55039684,1.0
R0043_55036209,R0043_55032632,1.0
R0043_55036209,R0043_55021537,1.0
R0043_55036209,R0043_55041926,1.0
R0043_55036209,R0043_55029012,1.0
R0043_55036209,R0043_55034882,1.0
R0043_55036209,R0043_55039679,1.0
R0043_55036209,R0043_55032862,1.0
R0043_55036209,R0043_55032759,1.0
R0043_55036209,R0043_55037980,1.0
R0043_55036209,R0043_55037979,1.0
R0043_55036209,R0043_55027552,1.0
R0043_55036209,R0043_55034879,1.0
R0043_55036209,R0043_55032908,1.0
R0043_55036209,R0043_55039686,1.0
R0043_55036209,R0043_55032863,1.0
R0043_55036209,R0043_55009127,1.0
R0043_55036209,R0043_55036250,1.0
R0043_55036209,R0043_55034880,1.0
R0043_55036209,R0043_55032860,1.0
R0043_55036209,R0043_55029506,1.0
R0043_55036209,R0043_55031288,1.0
R0043_55036209,R0043_55036124,1.0
R0043_55036209,R0043_55039830,1.0
R0043_55036209,R0043_55034325,1.0
R0043_55036209,R0043_55039829,1.0
R0043_55036209,R0043_55031080,1.0
R0043_55036209,R0043_55031077,1.0
R0043_55036209,R0043_55017366,1.0
R0043_55036209,R0043_55034335,1.0
R0043_55036209,R0043_55031005,1.0
R0043_55036209,R0055_55007584,0.3787878787878788
R0043_55036209,R0055_55007583,0.3787878787878788
R0043_55036209,R0204_55005925,0.4090909090909091
R0043_55036209,R0204_55032685,0.4090909090909091
R0043_55036209,R0204_55035156,0.4090909090909091
R0043_55036209,R0204_55022352,0.4090909090909091
R0043_55036209,R0204_55004131,0.4090909090909091
R0043_55036209,R0207_55036375,0.3939393939393939
R0043_55036209,R0207_55032672,0.3939393939393939
R0043_55036209,R0207_55032673,0.3939393939393939
R0043_55036209,R0290_55038074,0.3939393939393939
R0043_55036209,R0290_55041439,0.3939393939393939
R0043_55036209,R0290_55041442,0.3939393939393939
R0043_55036209,R0290_55041438,0.3939393939393939
R0043_55036209,R0290_55041440,0.3939393939393939
R0043_55036209,R0290_55041441,0.3939393939393939
R0043_55036209,R0290_55030423,0.3939393939393939
R0043_55036209,R0290_55039755,0.3939393939393939
R0043_55036209,R0290_55026840,0.3939393939393939
R0043_55036209,R0290_55038681,0.3939393939393939
R0043_55036209,R0290_55033209,0.3939393939393939
R0043_55036209,R0290_55043722,0.3939393939393939
R0043_55036209,R0377_55039577,0.4090909090909091
R0043_55036209,R0377_55032663,0.4090909090909091
R0043_55036209,R0377_55036003,0.4090909090909091
R0043_55036209,R0377_55036004,0.4090909090909091
R0043_55036209,R0377_55036006,0.4090909090909091
R0043_55036209,R0377_55036007,0.4090909090909091
R0043_55036209,R0377_55036008,0.4090909090909091
R0043_55036209,R0377_55036009,0.4090909090909091
R0043_55036209,R0377_55043375,0.4090909090909091
R0043_55036209,R0377_55032655,0.4090909090909091
R0043_55036209,R0377_55034860,0.4090909090909091
R0043_55036209,R0377_55042881,0.4090909090909091
R0043_55036209,R0377_55033035,0.4090909090909091
R0043_55036209,R0377_55044076,0.4090909090909091
R0043_55036209,R0377_55036698,0.4090909090909091
R0043_55036209,R0377_55032664,0.4090909090909091
R0043_55036209,R0377_55038331,0.4090909090909091
R0043_55036209,R0377_55041814,0.4090909090909091
R0043_55036209,R0377_55041025,0.4090909090909091
R0043_55036209,R0377_55039651,0.4090909090909091
R0043_55036209,R0377_55044100,0.4090909090909091
R0043_55036209,R0377_55026719,0.4090909090909091
R0043_55035181,R0002_55043311,0.30303030303030304
R0043_55035181,R0002_55036002,0.30303030303030304
R0043_55035181,R0002_55015378,0.30303030303030304
R0043_55035181,R0002_55032731,0.30303030303030304
R0043_55035181,R0002_55025944,0.30303030303030304
R0043_55035181,R0002_55024341,0.30303030303030304
R0043_55035181,R0002_55041509,0.30303030303030304
R0043_55035181,R0002_55036059,0.30303030303030304
R0043_55035181,R0002_55037787,0.30303030303030304
R0043_55035181,R0002_55039851,0.30303030303030304
R0043_55035181,R0002_55032782,0.30303030303030304
R0043_55035181,R0002_55036171,0.30303030303030304
R0043_55035181,R0002_55035505,0.30303030303030304
R0043_55035181,R0002_55011002,0.30303030303030304
R0043_55035181,R0002_55031467,0.30303030303030304
R0043_55035181,R0002_55028991,0.30303030303030304
R0043_55035181,R0002_55027831,0.30303030303030304
R0043_55035181,R0002_55038839,0.30303030303030304
R0043_55035181,R0002_55019960,0.30303030303030304
R0043_55035181,R0002_55033035,0.30303030303030304
R0043_55035181,R0002_55006197,0.30303030303030304
R0043_55035181,R0002_55036505,0.30303030303030304
R0043_55035181,R0002_55044076,0.30303030303030304
R0043_55035181,R0002_55036050,0.30303030303030304
R0043_55035181,R0002_55037530,0.30303030303030304
R0043_55035181,R0002_55040793,0.30303030303030304
R0043_55035181,R0002_55043136,0.30303030303030304
R0043_55035181,R0002_55014421,0.30303030303030304
R0043_55035181,R0002_55003518,0.30303030303030304
R0043_55035181,R0002_55027319,0.30303030303030304
R0043_55035181,R0002_55035727,0.30303030303030304
R0043_55035181,R0002_55032858,0.30303030303030304
R0043_55035181,R0002_55029026,0.30303030303030304
R0043_55035181,R0002_55039889,0.30303030303030304
R0043_55035181,R0002_55041025,0.30303030303030304
R0043_55035181,R0002_55041833,0.30303030303030304
R0043_55035181,R0002_55031084,0.30303030303030304
R0043_55035181,R0002_55030125,0.30303030303030304
R0043_55035181,R0002_55011220,0.30303030303030304
R0043_55035181,R0002_55043779,0.30303030303030304
R0043_55035181,R0002_55026664,0.30303030303030304
R0043_55035181,R0002_55037878,0.30303030303030304
R0043_55035181,R0002_55043901,0.30303030303030304
R0043_55035181,R0002_55037718,0.30303030303030304
R0043_55035181,R0002_55042075,0.30303030303030304
R0043_55035181,R0002_55031358,0.30303030303030304
R0043_55035181,R0002_55025080,0.30303030303030304
R0043_55035181,R0002_55037283,0.30303030303030304
R0043_55035181,R0002_55019387,0.30303030303030304
R0043_55035181,R0043_55035478,1.0
R0043_55035181,R0043_55032756,1.0
R0043_55035181,R0043_55039677,1.0
R0043_55035181,R0043_55039678,1.0
R0043_55035181,R0043_55029067,1.0
R0043_55035181,R0043_55036252,1.0
R0043_55035181,R0043_55034675,1.0
R0043_55035181,R0043_55031083,1.0
R0043_55035181,R0043_55036209,1.0
R0043_55035181,R0043_55032758,1.0
R0043_55035181,R0043_55039681,1.0
R0043_55035181,R0043_55039682,1.0
R0043_55035181,R0043_55039683,1.0
R0043_55035181,R0043_55039684,1.0
R0043_55035181,R0043_55032632,1.0
R0043_55035181,R0043_55021537,1.0
R0043_55035181,R0043_55041926,1.0
R0043_55035181,R0043_55029012,1.0
R0043_55035181,R0043_55034882,1.0
R0043_55035181,R0043_55039679,1.0
R0043_55035181,R0043_55032862,1.0
R0043_55035181,R0043_55032759,1.0
R0043_55035181,R0043_55037980,1.0
R0043_55035181,R0043_55037979,1.0
R0043_55035181,R0043_55027552,1.0
R0043_55035181,R0043_55034879,1.0
R0043_55035181,R0043_55032908,1.0
R0043_55035181,R0043_55039686,1.0
R0043_55035181,R0043_55032863,1.0
R0043_55035181,R0043_55009127,1.0
R0043_55035181,R0043_55036250,1.0
R0043_55035181,R0043_55034880,1.0
R0043_55035181,R0043_55032860,1.0
R0043_55035181,R0043_55029506,1.0
R0043_55035181,R0043_55031288,1.0
R0043_55035181,R0043_55036124,1.0
R0043_55035181,R0043_55039830,1.0
R0043_55035181,R0043_55034325,1.0
R0043_55035181,R0043_55039829,1.0
R0043_55035181,R0043_55031080,1.0
R0043_55035181,R0043_55031077,1.0
R0043_55035181,R0043_55017366,1.0
R0043_55035181,R0043_55034335,1.0
R0043_55035181,R0043_55031005,1.0
R0043_55035181,R0055_55007584,0.3787878787878788
R0043_55035181,R0055_55007583,0.3787878787878788
R0043_55035181,R0204_55005925,0.4090909090909091
R0043_55035181,R0204_55032685,0.4090909090909091
R0043_55035181,R0204_55035156,0.4090909090909091
R0043_55035181,R0204_55022352,0.4090909090909091
R0043_55035181,R0204_55004131,0.4090909090909091
R0043_55035181,R0207_55036375,0.3939393939393939
R0043_55035181,R0207_55032672,0.3939393939393939
R0043_55035181,R0207_55032673,0.3939393939393939
R0043_55035181,R0290_55038074,0.3939393939393939
R0043_55035181,R0290_55041439,0.3939393939393939
R0043_55035181,R0290_55041442,0.3939393939393939
R0043_55035181,R0290_55041438,0.3939393939393939
R0043_55035181,R0290_55041440,0.3939393939393939
R0043_55035181,R0290_55041441,0.3939393939393939
R0043_55035181,R0290_55030423,0.3939393939393939
R0043_55035181,R0290_55039755,0.3939393939393939
R0043_55035181,R0290_55026840,0.3939393939393939
R0043_55035181,R0290_55038681,0.3939393939393939
R0043_55035181,R0290_55033209,0.3939393939393939
R0043_55035181,R0290_55043722,0.3939393939393939
R0043_55035181,R0377_55039577,0.4090909090909091
R0043_55035181,R0377_55032663,0.4090909090909091
R0043_55035181,R0377_55036003,0.4090909090909091
R0043_55035181,R0377_55036004,0.4090909090909091
R0043_55035181,R0377_55036006,0.4090909090909091
R0043_55035181,R0377_55036007,0.4090909090909091
R0043_55035181,R0377_55036008,0.4090909090909091
R0043_55035181,R0377_55036009,0.4090909090909091
R0043_55035181,R0377_55043375,0.4090909090909091
R0043_55035181,R0377_55032655,0.4090909090909091
R0043_55035181,R0377_55034860,0.4090909090909091
R0043_55035181,R0377_55042881,0.4090909090909091
R0043_55035181,R0377_55033035,0.4090909090909091
R0043_55035181,R0377_55044076,0.4090909090909091
R0043_55035181,R0377_55036698,0.4090909090909091
R0043_55035181,R0377_55032664,0.4090909090909091
R0043_55035181,R0377_55038331,0.4090909090909091
R0043_55035181,R0377_55041814,0.4090909090909091
R0043_55035181,R0377_55041025,0.4090909090909091
R0043_55035181,R0377_55039651,0.4090909090909091
R0043_55035181,R0377_55044100,0.4090909090909091
R0043_55035181,R0377_55026719,0.4090909090909091
R0043_55032758,R0002_55043311,0.30303030303030304
R0043_55032758,R0002_55036002,0.30303030303030304
R0043_55032758,R0002_55015378,0.30303030303030304
R0043_55032758,R0002_55032731,0.30303030303030304
R0043_55032758,R0002_55025944,0.30303030303030304
R0043_55032758,R0002_55024341,0.30303030303030304
R0043_55032758,R0002_55041509,0.30303030303030304
R0043_55032758,R0002_55036059,0.30303030303030304
R0043_55032758,R0002_55037787,0.30303030303030304
R0043_55032758,R0002_55039851,0.30303030303030304
R0043_55032758,R0002_55032782,0.30303030303030304
R0043_55032758,R0002_55036171,0.30303030303030304
R0043_55032758,R0002_55035505,0.30303030303030304
R0043_55032758,R0002_55011002,0.30303030303030304
R0043_55032758,R0002_55031467,0.30303030303030304
R0043_55032758,R0002_55028991,0.30303030303030304
R0043_55032758,R0002_55027831,0.30303030303030304
R0043_55032758,R0002_55038839,0.30303030303030304
R0043_55032758,R0002_55019960,0.30303030303030304
R0043_55032758,R0002_55033035,0.30303030303030304
R0043_55032758,R0002_55006197,0.30303030303030304
R0043_55032758,R0002_55036505,0.30303030303030304
R0043_55032758,R0002_55044076,0.30303030303030304
R0043_55032758,R0002_55036050,0.30303030303030304
R0043_55032758,R0002_55037530,0.30303030303030304
R0043_55032758,R0002_55040793,0.30303030303030304
R0043_55032758,R0002_55043136,0.30303030303030304
R0043_55032758,R0002_55014421,0.30303030303030304
R0043_55032758,R0002_55003518,0.30303030303030304
R0043_55032758,R0002_55027319,0.30303030303030304
R0043_55032758,R0002_55035727,0.30303030303030304
R0043_55032758,R0002_55032858,0.30303030303030304
R0043_55032758,R0002_55029026,0.30303030303030304
R0043_55032758,R0002_55039889,0.30303030303030304
R0043_55032758,R0002_55041025,0.30303030303030304
R0043_55032758,R0002_55041833,0.30303030303030304
R0043_55032758,R0002_55031084,0.30303030303030304
R0043_55032758,R0002_55030125,0.30303030303030304
R0043_55032758,R0002_55011220,0.30303030303030304
R0043_55032758,R0002_55043779,0.30303030303030304
R0043_55032758,R0002_55026664,0.30303030303030304
R0043_55032758,R0002_55037878,0.30303030303030304
R0043_55032758,R0002_55043901,0.30303030303030304
R0043_55032758,R0002_55037718,0.30303030303030304
R0043_55032758,R0002_55042075,0.30303030303030304
R0043_55032758,R0002_55031358,0.30303030303030304
R0043_55032758,R0002_55025080,0.30303030303030304
R0043_55032758,R0002_55037283,0.30303030303030304
R0043_55032758,R0002_55019387,0.30303030303030304
R0043_55032758,R0043_55035478,1.0
R0043_55032758,R0043_55032756,1.0
R0043_55032758,R0043_55039677,1.0
R0043_55032758,R0043_55039678,1.0
R0043_55032758,R0043_55029067,1.0
R0043_55032758,R0043_55036252,1.0
R0043_55032758,R0043_55034675,1.0
R0043_55032758,R0043_55031083,1.0
R0043_55032758,R0043_55036209,1.0
R0043_55032758,R0043_55035181,1.0
R0043_55032758,R0043_55039681,1.0
R0043_55032758,R0043_55039682,1.0
R0043_55032758,R0043_55039683,1.0
R0043_55032758,R0043_55039684,1.0
R0043_55032758,R0043_55032632,1.0
R0043_55032758,R0043_55021537,1.0
R0043_55032758,R0043_55041926,1.0
R0043_55032758,R0043_55029012,1.0
R0043_55032758,R0043_55034882,1.0
R0043_55032758,R0043_55039679,1.0
R0043_55032758,R0043_55032862,1.0
R0043_55032758,R0043_55032759,1.0
R0043_55032758,R0043_55037980,1.0
R0043_55032758,R0043_55037979,1.0
R0043_55032758,R0043_55027552,1.0
R0043_55032758,R0043_55034879,1.0
R0043_55032758,R0043_55032908,1.0
R0043_55032758,R0043_55039686,1.0
R0043_55032758,R0043_55032863,1.0
R0043_55032758,R0043_55009127,1.0
R0043_55032758,R0043_55036250,1.0
R0043_55032758,R0043_55034880,1.0
R0043_55032758,R0043_55032860,1.0
R0043_55032758,R0043_55029506,1.0
R0043_55032758,R0043_55031288,1.0
R0043_55032758,R0043_55036124,1.0
R0043_55032758,R0043_55039830,1.0
R0043_55032758,R0043_55034325,1.0
R0043_55032758,R0043_55039829,1.0
R0043_55032758,R0043_55031080,1.0
R0043_55032758,R0043_55031077,1.0
R0043_55032758,R0043_55017366,1.0
R0043_55032758,R0043_55034335,1.0
R0043_55032758,R0043_55031005,1.0
R0043_55032758,R0055_55007584,0.3787878787878788
R0043_55032758,R0055_55007583,0.3787878787878788
R0043_55032758,R0204_55005925,0.4090909090909091
R0043_55032758,R0204_55032685,0.4090909090909091
R0043_55032758,R0204_55035156,0.4090909090909091
R0043_55032758,R0204_55022352,0.4090909090909091
R0043_55032758,R0204_55004131,0.4090909090909091
R0043_55032758,R0207_55036375,0.3939393939393939
R0043_55032758,R0207_55032672,0.3939393939393939
R0043_55032758,R0207_55032673,0.3939393939393939
R0043_55032758,R0290_55038074,0.3939393939393939
R0043_55032758,R0290_55041439,0.3939393939393939
R0043_55032758,R0290_55041442,0.3939393939393939
R0043_55032758,R0290_55041438,0.3939393939393939
R0043_55032758,R0290_55041440,0.3939393939393939
R0043_55032758,R0290_55041441,0.3939393939393939
R0043_55032758,R0290_55030423,0.3939393939393939
R0043_55032758,R0290_55039755,0.3939393939393939
R0043_55032758,R0290_55026840,0.3939393939393939
R0043_55032758,R0290_55038681,0.3939393939393939
R0043_55032758,R0290_55033209,0.3939393939393939
R0043_55032758,R0290_55043722,0.3939393939393939
R0043_55032758,R0377_55039577,0.4090909090909091
R0043_55032758,R0377_55032663,0.4090909090909091
R0043_55032758,R0377_55036003,0.4090909090909091
R0043_55032758,R0377_55036004,0.4090909090909091
R0043_55032758,R0377_55036006,0.4090909090909091
R0043_55032758,R0377_55036007,0.4090909090909091
R0043_55032758,R0377_55036008,0.4090909090909091
R0043_55032758,R0377_55036009,0.4090909090909091
R0043_55032758,R0377_55043375,0.4090909090909091
R0043_55032758,R0377_55032655,0.4090909090909091
R0043_55032758,R0377_55034860,0.4090909090909091
R0043_55032758,R0377_55042881,0.4090909090909091
R0043_55032758,R0377_55033035,0.4090909090909091
R0043_55032758,R0377_55044076,0.4090909090909091
R0043_55032758,R0377_55036698,0.4090909090909091
R0043_55032758,R0377_55032664,0.4090909090909091
R0043_55032758,R0377_55038331,0.4090909090909091
R0043_55032758,R0377_55041814,0.4090909090909091
R0043_55032758,R0377_55041025,0.4090909090909091
R0043_55032758,R0377_55039651,0.4090909090909091
R0043_55032758,R0377_55044100,0.4090909090909091
R0043_55032758,R0377_55026719,0.4090909090909091
R0043_55039681,R0002_55043311,0.30303030303030304
R0043_55039681,R0002_55036002,0.30303030303030304
R0043_55039681,R0002_55015378,0.30303030303030304
R0043_55039681,R0002_55032731,0.30303030303030304
R0043_55039681,R0002_55025944,0.30303030303030304
R0043_55039681,R0002_55024341,0.30303030303030304
R0043_55039681,R0002_55041509,0.30303030303030304
R0043_55039681,R0002_55036059,0.30303030303030304
R0043_55039681,R0002_55037787,0.30303030303030304
R0043_55039681,R0002_55039851,0.30303030303030304
R0043_55039681,R0002_55032782,0.30303030303030304
R0043_55039681,R0002_55036171,0.30303030303030304
R0043_55039681,R0002_55035505,0.30303030303030304
R0043_55039681,R0002_55011002,0.30303030303030304
R0043_55039681,R0002_55031467,0.30303030303030304
R0043_55039681,R0002_55028991,0.30303030303030304
R0043_55039681,R0002_55027831,0.30303030303030304
R0043_55039681,R0002_55038839,0.30303030303030304
R0043_55039681,R0002_55019960,0.30303030303030304
R0043_55039681,R0002_55033035,0.30303030303030304
R0043_55039681,R0002_55006197,0.30303030303030304
R0043_55039681,R0002_55036505,0.30303030303030304
R0043_55039681,R0002_55044076,0.30303030303030304
R0043_55039681,R0002_55036050,0.30303030303030304
R0043_55039681,R0002_55037530,0.30303030303030304
R0043_55039681,R0002_55040793,0.30303030303030304
R0043_55039681,R0002_55043136,0.30303030303030304
R0043_55039681,R0002_55014421,0.30303030303030304
R0043_55039681,R0002_55003518,0.30303030303030304
R0043_55039681,R0002_55027319,0.30303030303030304
R0043_55039681,R0002_55035727,0.30303030303030304
R0043_55039681,R0002_55032858,0.30303030303030304
R0043_55039681,R0002_55029026,0.30303030303030304
R0043_55039681,R0002_55039889,0.30303030303030304
R0043_55039681,R0002_55041025,0.30303030303030304
R0043_55039681,R0002_55041833,0.30303030303030304
R0043_55039681,R0002_55031084,0.30303030303030304
R0043_55039681,R0002_55030125,0.30303030303030304
R0043_55039681,R0002_55011220,0.30303030303030304
R0043_55039681,R0002_55043779,0.30303030303030304
R0043_55039681,R0002_55026664,0.30303030303030304
R0043_55039681,R0002_55037878,0.30303030303030304
R0043_55039681,R0002_55043901,0.30303030303030304
R0043_55039681,R0002_55037718,0.30303030303030304
R0043_55039681,R0002_55042075,0.30303030303030304
R0043_55039681,R0002_55031358,0.30303030303030304
R0043_55039681,R0002_55025080,0.30303030303030304
R0043_55039681,R0002_55037283,0.30303030303030304
R0043_55039681,R0002_55019387,0.30303030303030304
R0043_55039681,R0043_55035478,1.0
R0043_55039681,R0043_55032756,1.0
R0043_55039681,R0043_55039677,1.0
R0043_55039681,R0043_55039678,1.0
R0043_55039681,R0043_55029067,1.0
R0043_55039681,R0043_55036252,1.0
R0043_55039681,R0043_55034675,1.0
R0043_55039681,R0043_55031083,1.0
R0043_55039681,R0043_55036209,1.0
R0043_55039681,R0043_55035181,1.0
R0043_55039681,R0043_55032758,1.0
R0043_55039681,R0043_55039682,1.0
R0043_55039681,R0043_55039683,1.0
R0043_55039681,R0043_55039684,1.0
R0043_55039681,R0043_55032632,1.0
R0043_55039681,R0043_55021537,1.0
R0043_55039681,R0043_55041926,1.0
R0043_55039681,R0043_55029012,1.0
R0043_55039681,R0043_55034882,1.0
R0043_55039681,R0043_55039679,1.0
R0043_55039681,R0043_55032862,1.0
R0043_55039681,R0043_55032759,1.0
R0043_55039681,R0043_55037980,1.0
R0043_55039681,R0043_55037979,1.0
R0043_55039681,R0043_55027552,1.0
R0043_55039681,R0043_55034879,1.0
R0043_55039681,R0043_55032908,1.0
R0043_55039681,R0043_55039686,1.0
R0043_55039681,R0043_55032863,1.0
R0043_55039681,R0043_55009127,1.0
R0043_55039681,R0043_55036250,1.0
R0043_55039681,R0043_55034880,1.0
R0043_55039681,R0043_55032860,1.0
R0043_55039681,R0043_55029506,1.0
R0043_55039681,R0043_55031288,1.0
R0043_55039681,R0043_55036124,1.0
R0043_55039681,R0043_55039830,1.0
R0043_55039681,R0043_55034325,1.0
R0043_55039681,R0043_55039829,1.0
R0043_55039681,R0043_55031080,1.0
R0043_55039681,R0043_55031077,1.0
R0043_55039681,R0043_55017366,1.0
R0043_55039681,R0043_55034335,1.0
R0043_55039681,R0043_55031005,1.0
R0043_55039681,R0055_55007584,0.3787878787878788
R0043_55039681,R0055_55007583,0.3787878787878788
R0043_55039681,R0204_55005925,0.4090909090909091
R0043_55039681,R0204_55032685,0.4090909090909091
R0043_55039681,R0204_55035156,0.4090909090909091
R0043_55039681,R0204_55022352,0.4090909090909091
R0043_55039681,R0204_55004131,0.4090909090909091
R0043_55039681,R0207_55036375,0.3939393939393939
R0043_55039681,R0207_55032672,0.3939393939393939
R0043_55039681,R0207_55032673,0.3939393939393939
R0043_55039681,R0290_55038074,0.3939393939393939
R0043_55039681,R0290_55041439,0.3939393939393939
R0043_55039681,R0290_55041442,0.3939393939393939
R0043_55039681,R0290_55041438,0.3939393939393939
R0043_55039681,R0290_55041440,0.3939393939393939
R0043_55039681,R0290_55041441,0.3939393939393939
R0043_55039681,R0290_55030423,0.3939393939393939
R0043_55039681,R0290_55039755,0.3939393939393939
R0043_55039681,R0290_55026840,0.3939393939393939
R0043_55039681,R0290_55038681,0.3939393939393939
R0043_55039681,R0290_55033209,0.3939393939393939
R0043_55039681,R0290_55043722,0.3939393939393939
R0043_55039681,R0377_55039577,0.4090909090909091
R0043_55039681,R0377_55032663,0.4090909090909091
R0043_55039681,R0377_55036003,0.4090909090909091
R0043_55039681,R0377_55036004,0.4090909090909091
R0043_55039681,R0377_55036006,0.4090909090909091
R0043_55039681,R0377_55036007,0.4090909090909091
R0043_55039681,R0377_55036008,0.4090909090909091
R0043_55039681,R0377_55036009,0.4090909090909091
R0043_55039681,R0377_55043375,0.4090909090909091
R0043_55039681,R0377_55032655,0.4090909090909091
R0043_55039681,R0377_55034860,0.4090909090909091
R0043_55039681,R0377_55042881,0.4090909090909091
R0043_55039681,R0377_55033035,0.4090909090909091
R0043_55039681,R0377_55044076,0.4090909090909091
R0043_55039681,R0377_55036698,0.4090909090909091
R0043_55039681,R0377_55032664,0.4090909090909091
R0043_55039681,R0377_55038331,0.4090909090909091
R0043_55039681,R0377_55041814,0.4090909090909091
R0043_55039681,R0377_55041025,0.4090909090909091
R0043_55039681,R0377_55039651,0.4090909090909091
R0043_55039681,R0377_55044100,0.4090909090909091
R0043_55039681,R0377_55026719,0.4090909090909091
R0043_55039682,R0002_55043311,0.30303030303030304
R0043_55039682,R0002_55036002,0.30303030303030304
R0043_55039682,R0002_55015378,0.30303030303030304
R0043_55039682,R0002_55032731,0.30303030303030304
R0043_55039682,R0002_55025944,0.30303030303030304
R0043_55039682,R0002_55024341,0.30303030303030304
R0043_55039682,R0002_55041509,0.30303030303030304
R0043_55039682,R0002_55036059,0.30303030303030304
R0043_55039682,R0002_55037787,0.30303030303030304
R0043_55039682,R0002_55039851,0.30303030303030304
R0043_55039682,R0002_55032782,0.30303030303030304
R0043_55039682,R0002_55036171,0.30303030303030304
R0043_55039682,R0002_55035505,0.30303030303030304
R0043_55039682,R0002_55011002,0.30303030303030304
R0043_55039682,R0002_55031467,0.30303030303030304
R0043_55039682,R0002_55028991,0.30303030303030304
R0043_55039682,R0002_55027831,0.30303030303030304
R0043_55039682,R0002_55038839,0.30303030303030304
R0043_55039682,R0002_55019960,0.30303030303030304
R0043_55039682,R0002_55033035,0.30303030303030304
R0043_55039682,R0002_55006197,0.30303030303030304
R0043_55039682,R0002_55036505,0.30303030303030304
R0043_55039682,R0002_55044076,0.30303030303030304
R0043_55039682,R0002_55036050,0.30303030303030304
R0043_55039682,R0002_55037530,0.30303030303030304
R0043_55039682,R0002_55040793,0.30303030303030304
R0043_55039682,R0002_55043136,0.30303030303030304
R0043_55039682,R0002_55014421,0.30303030303030304
R0043_55039682,R0002_55003518,0.30303030303030304
R0043_55039682,R0002_55027319,0.30303030303030304
R0043_55039682,R0002_55035727,0.30303030303030304
R0043_55039682,R0002_55032858,0.30303030303030304
R0043_55039682,R0002_55029026,0.30303030303030304
R0043_55039682,R0002_55039889,0.30303030303030304
R0043_55039682,R0002_55041025,0.30303030303030304
R0043_55039682,R0002_55041833,0.30303030303030304
R0043_55039682,R0002_55031084,0.30303030303030304
R0043_55039682,R0002_55030125,0.30303030303030304
R0043_55039682,R0002_55011220,0.30303030303030304
R0043_55039682,R0002_55043779,0.30303030303030304
R0043_55039682,R0002_55026664,0.30303030303030304
R0043_55039682,R0002_55037878,0.30303030303030304
R0043_55039682,R0002_55043901,0.30303030303030304
R0043_55039682,R0002_55037718,0.30303030303030304
R0043_55039682,R0002_55042075,0.30303030303030304
R0043_55039682,R0002_55031358,0.30303030303030304
R0043_55039682,R0002_55025080,0.30303030303030304
R0043_55039682,R0002_55037283,0.30303030303030304
R0043_55039682,R0002_55019387,0.30303030303030304
R0043_55039682,R0043_55035478,1.0
R0043_55039682,R0043_55032756,1.0
R0043_55039682,R0043_55039677,1.0
R0043_55039682,R0043_55039678,1.0
R0043_55039682,R0043_55029067,1.0
R0043_55039682,R0043_55036252,1.0
R0043_55039682,R0043_55034675,1.0
R0043_55039682,R0043_55031083,1.0
R0043_55039682,R0043_55036209,1.0
R0043_55039682,R0043_55035181,1.0
R0043_55039682,R0043_55032758,1.0
R0043_55039682,R0043_55039681,1.0
R0043_55039682,R0043_55039683,1.0
R0043_55039682,R0043_55039684,1.0
R0043_55039682,R0043_55032632,1.0
R0043_55039682,R0043_55021537,1.0
R0043_55039682,R0043_55041926,1.0
R0043_55039682,R0043_55029012,1.0
R0043_55039682,R0043_55034882,1.0
R0043_55039682,R0043_55039679,1.0
R0043_55039682,R0043_55032862,1.0
R0043_55039682,R0043_55032759,1.0
R0043_55039682,R0043_55037980,1.0
R0043_55039682,R0043_55037979,1.0
R0043_55039682,R0043_55027552,1.0
R0043_55039682,R0043_55034879,1.0
R0043_55039682,R0043_55032908,1.0
R0043_55039682,R0043_55039686,1.0
R0043_55039682,R0043_55032863,1.0
R0043_55039682,R0043_55009127,1.0
R0043_55039682,R0043_55036250,1.0
R0043_55039682,R0043_55034880,1.0
R0043_55039682,R0043_55032860,1.0
R0043_55039682,R0043_55029506,1.0
R0043_55039682,R0043_55031288,1.0
R0043_55039682,R0043_55036124,1.0
R0043_55039682,R0043_55039830,1.0
R0043_55039682,R0043_55034325,1.0
R0043_55039682,R0043_55039829,1.0
R0043_55039682,R0043_55031080,1.0
R0043_55039682,R0043_55031077,1.0
R0043_55039682,R0043_55017366,1.0
R0043_55039682,R0043_55034335,1.0
R0043_55039682,R0043_55031005,1.0
R0043_55039682,R0055_55007584,0.3787878787878788
R0043_55039682,R0055_55007583,0.3787878787878788
R0043_55039682,R0204_55005925,0.4090909090909091
R0043_55039682,R0204_55032685,0.4090909090909091
R0043_55039682,R0204_55035156,0.4090909090909091
R0043_55039682,R0204_55022352,0.4090909090909091
R0043_55039682,R0204_55004131,0.4090909090909091
R0043_55039682,R0207_55036375,0.3939393939393939
R0043_55039682,R0207_55032672,0.3939393939393939
R0043_55039682,R0207_55032673,0.3939393939393939
R0043_55039682,R0290_55038074,0.3939393939393939
R0043_55039682,R0290_55041439,0.3939393939393939
R0043_55039682,R0290_55041442,0.3939393939393939
R0043_55039682,R0290_55041438,0.3939393939393939
R0043_55039682,R0290_55041440,0.3939393939393939
R0043_55039682,R0290_55041441,0.3939393939393939
R0043_55039682,R0290_55030423,0.3939393939393939
R0043_55039682,R0290_55039755,0.3939393939393939
R0043_55039682,R0290_55026840,0.3939393939393939
R0043_55039682,R0290_55038681,0.3939393939393939
R0043_55039682,R0290_55033209,0.3939393939393939
R0043_55039682,R0290_55043722,0.3939393939393939
R0043_55039682,R0377_55039577,0.4090909090909091
R0043_55039682,R0377_55032663,0.4090909090909091
R0043_55039682,R0377_55036003,0.4090909090909091
R0043_55039682,R0377_55036004,0.4090909090909091
R0043_55039682,R0377_55036006,0.4090909090909091
R0043_55039682,R0377_55036007,0.4090909090909091
R0043_55039682,R0377_55036008,0.4090909090909091
R0043_55039682,R0377_55036009,0.4090909090909091
R0043_55039682,R0377_55043375,0.4090909090909091
R0043_55039682,R0377_55032655,0.4090909090909091
R0043_55039682,R0377_55034860,0.4090909090909091
R0043_55039682,R0377_55042881,0.4090909090909091
R0043_55039682,R0377_55033035,0.4090909090909091
R0043_55039682,R0377_55044076,0.4090909090909091
R0043_55039682,R0377_55036698,0.4090909090909091
R0043_55039682,R0377_55032664,0.4090909090909091
R0043_55039682,R0377_55038331,0.4090909090909091
R0043_55039682,R0377_55041814,0.4090909090909091
R0043_55039682,R0377_55041025,0.4090909090909091
R0043_55039682,R0377_55039651,0.4090909090909091
R0043_55039682,R0377_55044100,0.4090909090909091
R0043_55039682,R0377_55026719,0.4090909090909091
R0043_55039683,R0002_55043311,0.30303030303030304
R0043_55039683,R0002_55036002,0.30303030303030304
R0043_55039683,R0002_55015378,0.30303030303030304
R0043_55039683,R0002_55032731,0.30303030303030304
R0043_55039683,R0002_55025944,0.30303030303030304
R0043_55039683,R0002_55024341,0.30303030303030304
R0043_55039683,R0002_55041509,0.30303030303030304
R0043_55039683,R0002_55036059,0.30303030303030304
R0043_55039683,R0002_55037787,0.30303030303030304
R0043_55039683,R0002_55039851,0.30303030303030304
R0043_55039683,R0002_55032782,0.30303030303030304
R0043_55039683,R0002_55036171,0.30303030303030304
R0043_55039683,R0002_55035505,0.30303030303030304
R0043_55039683,R0002_55011002,0.30303030303030304
R0043_55039683,R0002_55031467,0.30303030303030304
R0043_55039683,R0002_55028991,0.30303030303030304
R0043_55039683,R0002_55027831,0.30303030303030304
R0043_55039683,R0002_55038839,0.30303030303030304
R0043_55039683,R0002_55019960,0.30303030303030304
R0043_55039683,R0002_55033035,0.30303030303030304
R0043_55039683,R0002_55006197,0.30303030303030304
R0043_55039683,R0002_55036505,0.30303030303030304
R0043_55039683,R0002_55044076,0.30303030303030304
R0043_55039683,R0002_55036050,0.30303030303030304
R0043_55039683,R0002_55037530,0.30303030303030304
R0043_55039683,R0002_55040793,0.30303030303030304
R0043_55039683,R0002_55043136,0.30303030303030304
R0043_55039683,R0002_55014421,0.30303030303030304
R0043_55039683,R0002_55003518,0.30303030303030304
R0043_55039683,R0002_55027319,0.30303030303030304
R0043_55039683,R0002_55035727,0.30303030303030304
R0043_55039683,R0002_55032858,0.30303030303030304
R0043_55039683,R0002_55029026,0.30303030303030304
R0043_55039683,R0002_55039889,0.30303030303030304
R0043_55039683,R0002_55041025,0.30303030303030304
R0043_55039683,R0002_55041833,0.30303030303030304
R0043_55039683,R0002_55031084,0.30303030303030304
R0043_55039683,R0002_55030125,0.30303030303030304
R0043_55039683,R0002_55011220,0.30303030303030304
R0043_55039683,R0002_55043779,0.30303030303030304
R0043_55039683,R0002_55026664,0.30303030303030304
R0043_55039683,R0002_55037878,0.30303030303030304
R0043_55039683,R0002_55043901,0.30303030303030304
R0043_55039683,R0002_55037718,0.30303030303030304
R0043_55039683,R0002_55042075,0.30303030303030304
R0043_55039683,R0002_55031358,0.30303030303030304
R0043_55039683,R0002_55025080,0.30303030303030304
R0043_55039683,R0002_55037283,0.30303030303030304
R0043_55039683,R0002_55019387,0.30303030303030304
R0043_55039683,R0043_55035478,1.0
R0043_55039683,R0043_55032756,1.0
R0043_55039683,R0043_55039677,1.0
R0043_55039683,R0043_55039678,1.0
R0043_55039683,R0043_55029067,1.0
R0043_55039683,R0043_55036252,1.0
R0043_55039683,R0043_55034675,1.0
R0043_55039683,R0043_55031083,1.0
R0043_55039683,R0043_55036209,1.0
R0043_55039683,R0043_55035181,1.0
R0043_55039683,R0043_55032758,1.0
R0043_55039683,R0043_55039681,1.0
R0043_55039683,R0043_55039682,1.0
R0043_55039683,R0043_55039684,1.0
R0043_55039683,R0043_55032632,1.0
R0043_55039683,R0043_55021537,1.0
R0043_55039683,R0043_55041926,1.0
R0043_55039683,R0043_55029012,1.0
R0043_55039683,R0043_55034882,1.0
R0043_55039683,R0043_55039679,1.0
R0043_55039683,R0043_55032862,1.0
R0043_55039683,R0043_55032759,1.0
R0043_55039683,R0043_55037980,1.0
R0043_55039683,R0043_55037979,1.0
R0043_55039683,R0043_55027552,1.0
R0043_55039683,R0043_55034879,1.0
R0043_55039683,R0043_55032908,1.0
R0043_55039683,R0043_55039686,1.0
R0043_55039683,R0043_55032863,1.0
R0043_55039683,R0043_55009127,1.0
R0043_55039683,R0043_55036250,1.0
R0043_55039683,R0043_55034880,1.0
R0043_55039683,R0043_55032860,1.0
R0043_55039683,R0043_55029506,1.0
R0043_55039683,R0043_55031288,1.0
R0043_55039683,R0043_55036124,1.0
R0043_55039683,R0043_55039830,1.0
R0043_55039683,R0043_55034325,1.0
R0043_55039683,R0043_55039829,1.0
R0043_55039683,R0043_55031080,1.0
R0043_55039683,R0043_55031077,1.0
R0043_55039683,R0043_55017366,1.0
R0043_55039683,R0043_55034335,1.0
R0043_55039683,R0043_55031005,1.0
R0043_55039683,R0055_55007584,0.3787878787878788
R0043_55039683,R0055_55007583,0.3787878787878788
R0043_55039683,R0204_55005925,0.4090909090909091
R0043_55039683,R0204_55032685,0.4090909090909091
R0043_55039683,R0204_55035156,0.4090909090909091
R0043_55039683,R0204_55022352,0.4090909090909091
R0043_55039683,R0204_55004131,0.4090909090909091
R0043_55039683,R0207_55036375,0.3939393939393939
R0043_55039683,R0207_55032672,0.3939393939393939
R0043_55039683,R0207_55032673,0.3939393939393939
R0043_55039683,R0290_55038074,0.3939393939393939
R0043_55039683,R0290_55041439,0.3939393939393939
R0043_55039683,R0290_55041442,0.3939393939393939
R0043_55039683,R0290_55041438,0.3939393939393939
R0043_55039683,R0290_55041440,0.3939393939393939
R0043_55039683,R0290_55041441,0.3939393939393939
R0043_55039683,R0290_55030423,0.3939393939393939
R0043_55039683,R0290_55039755,0.3939393939393939
R0043_55039683,R0290_55026840,0.3939393939393939
R0043_55039683,R0290_55038681,0.3939393939393939
R0043_55039683,R0290_55033209,0.3939393939393939
R0043_55039683,R0290_55043722,0.3939393939393939
R0043_55039683,R0377_55039577,0.4090909090909091
R0043_55039683,R0377_55032663,0.4090909090909091
R0043_55039683,R0377_55036003,0.4090909090909091
R0043_55039683,R0377_55036004,0.4090909090909091
R0043_55039683,R0377_55036006,0.4090909090909091
R0043_55039683,R0377_55036007,0.4090909090909091
R0043_55039683,R0377_55036008,0.4090909090909091
R0043_55039683,R0377_55036009,0.4090909090909091
R0043_55039683,R0377_55043375,0.4090909090909091
R0043_55039683,R0377_55032655,0.4090909090909091
R0043_55039683,R0377_55034860,0.4090909090909091
R0043_55039683,R0377_55042881,0.4090909090909091
R0043_55039683,R0377_55033035,0.4090909090909091
R0043_55039683,R0377_55044076,0.4090909090909091
R0043_55039683,R0377_55036698,0.4090909090909091
R0043_55039683,R0377_55032664,0.4090909090909091
R0043_55039683,R0377_55038331,0.4090909090909091
R0043_55039683,R0377_55041814,0.4090909090909091
R0043_55039683,R0377_55041025,0.4090909090909091
R0043_55039683,R0377_55039651,0.4090909090909091
R0043_55039683,R0377_55044100,0.4090909090909091
R0043_55039683,R0377_55026719,0.4090909090909091
R0043_55039684,R0002_55043311,0.30303030303030304
R0043_55039684,R0002_55036002,0.30303030303030304
R0043_55039684,R0002_55015378,0.30303030303030304
R0043_55039684,R0002_55032731,0.30303030303030304
R0043_55039684,R0002_55025944,0.30303030303030304
R0043_55039684,R0002_55024341,0.30303030303030304
R0043_55039684,R0002_55041509,0.30303030303030304
R0043_55039684,R0002_55036059,0.30303030303030304
R0043_55039684,R0002_55037787,0.30303030303030304
R0043_55039684,R0002_55039851,0.30303030303030304
R0043_55039684,R0002_55032782,0.30303030303030304
R0043_55039684,R0002_55036171,0.30303030303030304
R0043_55039684,R0002_55035505,0.30303030303030304
R0043_55039684,R0002_55011002,0.30303030303030304
R0043_55039684,R0002_55031467,0.30303030303030304
R0043_55039684,R0002_55028991,0.30303030303030304
R0043_55039684,R0002_55027831,0.30303030303030304
R0043_55039684,R0002_55038839,0.30303030303030304
R0043_55039684,R0002_55019960,0.30303030303030304
R0043_55039684,R0002_55033035,0.30303030303030304
R0043_55039684,R0002_55006197,0.30303030303030304
R0043_55039684,R0002_55036505,0.30303030303030304
R0043_55039684,R0002_55044076,0.30303030303030304
R0043_55039684,R0002_55036050,0.30303030303030304
R0043_55039684,R0002_55037530,0.30303030303030304
R0043_55039684,R0002_55040793,0.30303030303030304
R0043_55039684,R0002_55043136,0.30303030303030304
R0043_55039684,R0002_55014421,0.30303030303030304
R0043_55039684,R0002_55003518,0.30303030303030304
R0043_55039684,R0002_55027319,0.30303030303030304
R0043_55039684,R0002_55035727,0.30303030303030304
R0043_55039684,R0002_55032858,0.30303030303030304
R0043_55039684,R0002_55029026,0.30303030303030304
R0043_55039684,R0002_55039889,0.30303030303030304
R0043_55039684,R0002_55041025,0.30303030303030304
R0043_55039684,R0002_55041833,0.30303030303030304
R0043_55039684,R0002_55031084,0.30303030303030304
R0043_55039684,R0002_55030125,0.30303030303030304
R0043_55039684,R0002_55011220,0.30303030303030304
R0043_55039684,R0002_55043779,0.30303030303030304
R0043_55039684,R0002_55026664,0.30303030303030304
R0043_55039684,R0002_55037878,0.30303030303030304
R0043_55039684,R0002_55043901,0.30303030303030304
R0043_55039684,R0002_55037718,0.30303030303030304
R0043_55039684,R0002_55042075,0.30303030303030304
R0043_55039684,R0002_55031358,0.30303030303030304
R0043_55039684,R0002_55025080,0.30303030303030304
R0043_55039684,R0002_55037283,0.30303030303030304
R0043_55039684,R0002_55019387,0.30303030303030304
R0043_55039684,R0043_55035478,1.0
R0043_55039684,R0043_55032756,1.0
R0043_55039684,R0043_55039677,1.0
R0043_55039684,R0043_55039678,1.0
R0043_55039684,R0043_55029067,1.0
R0043_55039684,R0043_55036252,1.0
R0043_55039684,R0043_55034675,1.0
R0043_55039684,R0043_55031083,1.0
R0043_55039684,R0043_55036209,1.0
R0043_55039684,R0043_55035181,1.0
R0043_55039684,R0043_55032758,1.0
R0043_55039684,R0043_55039681,1.0
R0043_55039684,R0043_55039682,1.0
R0043_55039684,R0043_55039683,1.0
R0043_55039684,R0043_55032632,1.0
R0043_55039684,R0043_55021537,1.0
R0043_55039684,R0043_55041926,1.0
R0043_55039684,R0043_55029012,1.0
R0043_55039684,R0043_55034882,1.0
R0043_55039684,R0043_55039679,1.0
R0043_55039684,R0043_55032862,1.0
R0043_55039684,R0043_55032759,1.0
R0043_55039684,R0043_55037980,1.0
R0043_55039684,R0043_55037979,1.0
R0043_55039684,R0043_55027552,1.0
R0043_55039684,R0043_55034879,1.0
R0043_55039684,R0043_55032908,1.0
R0043_55039684,R0043_55039686,1.0
R0043_55039684,R0043_55032863,1.0
R0043_55039684,R0043_55009127,1.0
R0043_55039684,R0043_55036250,1.0
R0043_55039684,R0043_55034880,1.0
R0043_55039684,R0043_55032860,1.0
R0043_55039684,R0043_55029506,1.0
R0043_55039684,R0043_55031288,1.0
R0043_55039684,R0043_55036124,1.0
R0043_55039684,R0043_55039830,1.0
R0043_55039684,R0043_55034325,1.0
R0043_55039684,R0043_55039829,1.0
R0043_55039684,R0043_55031080,1.0
R0043_55039684,R0043_55031077,1.0
R0043_55039684,R0043_55017366,1.0
R0043_55039684,R0043_55034335,1.0
R0043_55039684,R0043_55031005,1.0
R0043_55039684,R0055_55007584,0.3787878787878788
R0043_55039684,R0055_55007583,0.3787878787878788
R0043_55039684,R0204_55005925,0.4090909090909091
R0043_55039684,R0204_55032685,0.4090909090909091
R0043_55039684,R0204_55035156,0.4090909090909091
R0043_55039684,R0204_55022352,0.4090909090909091
R0043_55039684,R0204_55004131,0.4090909090909091
R0043_55039684,R0207_55036375,0.3939393939393939
R0043_55039684,R0207_55032672,0.3939393939393939
R0043_55039684,R0207_55032673,0.3939393939393939
R0043_55039684,R0290_55038074,0.3939393939393939
R0043_55039684,R0290_55041439,0.3939393939393939
R0043_55039684,R0290_55041442,0.3939393939393939
R0043_55039684,R0290_55041438,0.3939393939393939
R0043_55039684,R0290_55041440,0.3939393939393939
R0043_55039684,R0290_55041441,0.3939393939393939
R0043_55039684,R0290_55030423,0.3939393939393939
R0043_55039684,R0290_55039755,0.3939393939393939
R0043_55039684,R0290_55026840,0.3939393939393939
R0043_55039684,R0290_55038681,0.3939393939393939
R0043_55039684,R0290_55033209,0.3939393939393939
R0043_55039684,R0290_55043722,0.3939393939393939
R0043_55039684,R0377_55039577,0.4090909090909091
R0043_55039684,R0377_55032663,0.4090909090909091
R0043_55039684,R0377_55036003,0.4090909090909091
R0043_55039684,R0377_55036004,0.4090909090909091
R0043_55039684,R0377_55036006,0.4090909090909091
R0043_55039684,R0377_55036007,0.4090909090909091
R0043_55039684,R0377_55036008,0.4090909090909091
R0043_55039684,R0377_55036009,0.4090909090909091
R0043_55039684,R0377_55043375,0.4090909090909091
R0043_55039684,R0377_55032655,0.4090909090909091
R0043_55039684,R0377_55034860,0.4090909090909091
R0043_55039684,R0377_55042881,0.4090909090909091
R0043_55039684,R0377_55033035,0.4090909090909091
R0043_55039684,R0377_55044076,0.4090909090909091
R0043_55039684,R0377_55036698,0.4090909090909091
R0043_55039684,R0377_55032664,0.4090909090909091
R0043_55039684,R0377_55038331,0.4090909090909091
R0043_55039684,R0377_55041814,0.4090909090909091
R0043_55039684,R0377_55041025,0.4090909090909091
R0043_55039684,R0377_55039651,0.4090909090909091
R0043_55039684,R0377_55044100,0.4090909090909091
R0043_55039684,R0377_55026719,0.4090909090909091
R0043_55032632,R0002_55043311,0.30303030303030304
R0043_55032632,R0002_55036002,0.30303030303030304
R0043_55032632,R0002_55015378,0.30303030303030304
R0043_55032632,R0002_55032731,0.30303030303030304
R0043_55032632,R0002_55025944,0.30303030303030304
R0043_55032632,R0002_55024341,0.30303030303030304
R0043_55032632,R0002_55041509,0.30303030303030304
R0043_55032632,R0002_55036059,0.30303030303030304
R0043_55032632,R0002_55037787,0.30303030303030304
R0043_55032632,R0002_55039851,0.30303030303030304
R0043_55032632,R0002_55032782,0.30303030303030304
R0043_55032632,R0002_55036171,0.30303030303030304
R0043_55032632,R0002_55035505,0.30303030303030304
R0043_55032632,R0002_55011002,0.30303030303030304
R0043_55032632,R0002_55031467,0.30303030303030304
R0043_55032632,R0002_55028991,0.30303030303030304
R0043_55032632,R0002_55027831,0.30303030303030304
R0043_55032632,R0002_55038839,0.30303030303030304
R0043_55032632,R0002_55019960,0.30303030303030304
R0043_55032632,R0002_55033035,0.30303030303030304
R0043_55032632,R0002_55006197,0.30303030303030304
R0043_55032632,R0002_55036505,0.30303030303030304
R0043_55032632,R0002_55044076,0.30303030303030304
R0043_55032632,R0002_55036050,0.30303030303030304
R0043_55032632,R0002_55037530,0.30303030303030304
R0043_55032632,R0002_55040793,0.30303030303030304
R0043_55032632,R0002_55043136,0.30303030303030304
R0043_55032632,R0002_55014421,0.30303030303030304
R0043_55032632,R0002_55003518,0.30303030303030304
R0043_55032632,R0002_55027319,0.30303030303030304
R0043_55032632,R0002_55035727,0.30303030303030304
R0043_55032632,R0002_55032858,0.30303030303030304
R0043_55032632,R0002_55029026,0.30303030303030304
R0043_55032632,R0002_55039889,0.30303030303030304
R0043_55032632,R0002_55041025,0.30303030303030304
R0043_55032632,R0002_55041833,0.30303030303030304
R0043_55032632,R0002_55031084,0.30303030303030304
R0043_55032632,R0002_55030125,0.30303030303030304
R0043_55032632,R0002_55011220,0.30303030303030304
R0043_55032632,R0002_55043779,0.30303030303030304
R0043_55032632,R0002_55026664,0.30303030303030304
R0043_55032632,R0002_55037878,0.30303030303030304
R0043_55032632,R0002_55043901,0.30303030303030304
R0043_55032632,R0002_55037718,0.30303030303030304
R0043_55032632,R0002_55042075,0.30303030303030304
R0043_55032632,R0002_55031358,0.30303030303030304
R0043_55032632,R0002_55025080,0.30303030303030304
R0043_55032632,R0002_55037283,0.30303030303030304
R0043_55032632,R0002_55019387,0.30303030303030304
R0043_55032632,R0043_55035478,1.0
R0043_55032632,R0043_55032756,1.0
R0043_55032632,R0043_55039677,1.0
R0043_55032632,R0043_55039678,1.0
R0043_55032632,R0043_55029067,1.0
R0043_55032632,R0043_55036252,1.0
R0043_55032632,R0043_55034675,1.0
R0043_55032632,R0043_55031083,1.0
R0043_55032632,R0043_55036209,1.0
R0043_55032632,R0043_55035181,1.0
R0043_55032632,R0043_55032758,1.0
R0043_55032632,R0043_55039681,1.0
R0043_55032632,R0043_55039682,1.0
R0043_55032632,R0043_55039683,1.0
R0043_55032632,R0043_55039684,1.0
R0043_55032632,R0043_55021537,1.0
R0043_55032632,R0043_55041926,1.0
R0043_55032632,R0043_55029012,1.0
R0043_55032632,R0043_55034882,1.0
R0043_55032632,R0043_55039679,1.0
R0043_55032632,R0043_55032862,1.0
R0043_55032632,R0043_55032759,1.0
R0043_55032632,R0043_55037980,1.0
R0043_55032632,R0043_55037979,1.0
R0043_55032632,R0043_55027552,1.0
R0043_55032632,R0043_55034879,1.0
R0043_55032632,R0043_55032908,1.0
R0043_55032632,R0043_55039686,1.0
R0043_55032632,R0043_55032863,1.0
R0043_55032632,R0043_55009127,1.0
R0043_55032632,R0043_55036250,1.0
R0043_55032632,R0043_55034880,1.0
R0043_55032632,R0043_55032860,1.0
R0043_55032632,R0043_55029506,1.0
R0043_55032632,R0043_55031288,1.0
R0043_55032632,R0043_55036124,1.0
R0043_55032632,R0043_55039830,1.0
R0043_55032632,R0043_55034325,1.0
R0043_55032632,R0043_55039829,1.0
R0043_55032632,R0043_55031080,1.0
R0043_55032632,R0043_55031077,1.0
R0043_55032632,R0043_55017366,1.0
R0043_55032632,R0043_55034335,1.0
R0043_55032632,R0043_55031005,1.0
R0043_55032632,R0055_55007584,0.3787878787878788
R0043_55032632,R0055_55007583,0.3787878787878788
R0043_55032632,R0204_55005925,0.4090909090909091
R0043_55032632,R0204_55032685,0.4090909090909091
R0043_55032632,R0204_55035156,0.4090909090909091
R0043_55032632,R0204_55022352,0.4090909090909091
R0043_55032632,R0204_55004131,0.4090909090909091
R0043_55032632,R0207_55036375,0.3939393939393939
R0043_55032632,R0207_55032672,0.3939393939393939
R0043_55032632,R0207_55032673,0.3939393939393939
R0043_55032632,R0290_55038074,0.3939393939393939
R0043_55032632,R0290_55041439,0.3939393939393939
R0043_55032632,R0290_55041442,0.3939393939393939
R0043_55032632,R0290_55041438,0.3939393939393939
R0043_55032632,R0290_55041440,0.3939393939393939
R0043_55032632,R0290_55041441,0.3939393939393939
R0043_55032632,R0290_55030423,0.3939393939393939
R0043_55032632,R0290_55039755,0.3939393939393939
R0043_55032632,R0290_55026840,0.3939393939393939
R0043_55032632,R0290_55038681,0.3939393939393939
R0043_55032632,R0290_55033209,0.3939393939393939
R0043_55032632,R0290_55043722,0.3939393939393939
R0043_55032632,R0377_55039577,0.4090909090909091
R0043_55032632,R0377_55032663,0.4090909090909091
R0043_55032632,R0377_55036003,0.4090909090909091
R0043_55032632,R0377_55036004,0.4090909090909091
R0043_55032632,R0377_55036006,0.4090909090909091
R0043_55032632,R0377_55036007,0.4090909090909091
R0043_55032632,R0377_55036008,0.4090909090909091
R0043_55032632,R0377_55036009,0.4090909090909091
R0043_55032632,R0377_55043375,0.4090909090909091
R0043_55032632,R0377_55032655,0.4090909090909091
R0043_55032632,R0377_55034860,0.4090909090909091
R0043_55032632,R0377_55042881,0.4090909090909091
R0043_55032632,R0377_55033035,0.4090909090909091
R0043_55032632,R0377_55044076,0.4090909090909091
R0043_55032632,R0377_55036698,0.4090909090909091
R0043_55032632,R0377_55032664,0.4090909090909091
R0043_55032632,R0377_55038331,0.4090909090909091
R0043_55032632,R0377_55041814,0.4090909090909091
R0043_55032632,R0377_55041025,0.4090909090909091
R0043_55032632,R0377_55039651,0.4090909090909091
R0043_55032632,R0377_55044100,0.4090909090909091
R0043_55032632,R0377_55026719,0.4090909090909091
R0043_55021537,R0002_55043311,0.30303030303030304
R0043_55021537,R0002_55036002,0.30303030303030304
R0043_55021537,R0002_55015378,0.30303030303030304
R0043_55021537,R0002_55032731,0.30303030303030304
R0043_55021537,R0002_55025944,0.30303030303030304
R0043_55021537,R0002_55024341,0.30303030303030304
R0043_55021537,R0002_55041509,0.30303030303030304
R0043_55021537,R0002_55036059,0.30303030303030304
R0043_55021537,R0002_55037787,0.30303030303030304
R0043_55021537,R0002_55039851,0.30303030303030304
R0043_55021537,R0002_55032782,0.30303030303030304
R0043_55021537,R0002_55036171,0.30303030303030304
R0043_55021537,R0002_55035505,0.30303030303030304
R0043_55021537,R0002_55011002,0.30303030303030304
R0043_55021537,R0002_55031467,0.30303030303030304
R0043_55021537,R0002_55028991,0.30303030303030304
R0043_55021537,R0002_55027831,0.30303030303030304
R0043_55021537,R0002_55038839,0.30303030303030304
R0043_55021537,R0002_55019960,0.30303030303030304
R0043_55021537,R0002_55033035,0.30303030303030304
R0043_55021537,R0002_55006197,0.30303030303030304
R0043_55021537,R0002_55036505,0.30303030303030304
R0043_55021537,R0002_55044076,0.30303030303030304
R0043_55021537,R0002_55036050,0.30303030303030304
R0043_55021537,R0002_55037530,0.30303030303030304
R0043_55021537,R0002_55040793,0.30303030303030304
R0043_55021537,R0002_55043136,0.30303030303030304
R0043_55021537,R0002_55014421,0.30303030303030304
R0043_55021537,R0002_55003518,0.30303030303030304
R0043_55021537,R0002_55027319,0.30303030303030304
R0043_55021537,R0002_55035727,0.30303030303030304
R0043_55021537,R0002_55032858,0.30303030303030304
R0043_55021537,R0002_55029026,0.30303030303030304
R0043_55021537,R0002_55039889,0.30303030303030304
R0043_55021537,R0002_55041025,0.30303030303030304
R0043_55021537,R0002_55041833,0.30303030303030304
R0043_55021537,R0002_55031084,0.30303030303030304
R0043_55021537,R0002_55030125,0.30303030303030304
R0043_55021537,R0002_55011220,0.30303030303030304
R0043_55021537,R0002_55043779,0.30303030303030304
R0043_55021537,R0002_55026664,0.30303030303030304
R0043_55021537,R0002_55037878,0.30303030303030304
R0043_55021537,R0002_55043901,0.30303030303030304
R0043_55021537,R0002_55037718,0.30303030303030304
R0043_55021537,R0002_55042075,0.30303030303030304
R0043_55021537,R0002_55031358,0.30303030303030304
R0043_55021537,R0002_55025080,0.30303030303030304
R0043_55021537,R0002_55037283,0.30303030303030304
R0043_55021537,R0002_55019387,0.30303030303030304
R0043_55021537,R0043_55035478,1.0
R0043_55021537,R0043_55032756,1.0
R0043_55021537,R0043_55039677,1.0
R0043_55021537,R0043_55039678,1.0
R0043_55021537,R0043_55029067,1.0
R0043_55021537,R0043_55036252,1.0
R0043_55021537,R0043_55034675,1.0
R0043_55021537,R0043_55031083,1.0
R0043_55021537,R0043_55036209,1.0
R0043_55021537,R0043_55035181,1.0
R0043_55021537,R0043_55032758,1.0
R0043_55021537,R0043_55039681,1.0
R0043_55021537,R0043_55039682,1.0
R0043_55021537,R0043_55039683,1.0
R0043_55021537,R0043_55039684,1.0
R0043_55021537,R0043_55032632,1.0
R0043_55021537,R0043_55041926,1.0
R0043_55021537,R0043_55029012,1.0
R0043_55021537,R0043_55034882,1.0
R0043_55021537,R0043_55039679,1.0
R0043_55021537,R0043_55032862,1.0
R0043_55021537,R0043_55032759,1.0
R0043_55021537,R0043_55037980,1.0
R0043_55021537,R0043_55037979,1.0
R0043_55021537,R0043_55027552,1.0
R0043_55021537,R0043_55034879,1.0
R0043_55021537,R0043_55032908,1.0
R0043_55021537,R0043_55039686,1.0
R0043_55021537,R0043_55032863,1.0
R0043_55021537,R0043_55009127,1.0
R0043_55021537,R0043_55036250,1.0
R0043_55021537,R0043_55034880,1.0
R0043_55021537,R0043_55032860,1.0
R0043_55021537,R0043_55029506,1.0
R0043_55021537,R0043_55031288,1.0
R0043_55021537,R0043_55036124,1.0
R0043_55021537,R0043_55039830,1.0
R0043_55021537,R0043_55034325,1.0
R0043_55021537,R0043_55039829,1.0
R0043_55021537,R0043_55031080,1.0
R0043_55021537,R0043_55031077,1.0
R0043_55021537,R0043_55017366,1.0
R0043_55021537,R0043_55034335,1.0
R0043_55021537,R0043_55031005,1.0
R0043_55021537,R0055_55007584,0.3787878787878788
R0043_55021537,R0055_55007583,0.3787878787878788
R0043_55021537,R0204_55005925,0.4090909090909091
R0043_55021537,R0204_55032685,0.4090909090909091
R0043_55021537,R0204_55035156,0.4090909090909091
R0043_55021537,R0204_55022352,0.4090909090909091
R0043_55021537,R0204_55004131,0.4090909090909091
R0043_55021537,R0207_55036375,0.3939393939393939
R0043_55021537,R0207_55032672,0.3939393939393939
R0043_55021537,R0207_55032673,0.3939393939393939
R0043_55021537,R0290_55038074,0.3939393939393939
R0043_55021537,R0290_55041439,0.3939393939393939
R0043_55021537,R0290_55041442,0.3939393939393939
R0043_55021537,R0290_55041438,0.3939393939393939
R0043_55021537,R0290_55041440,0.3939393939393939
R0043_55021537,R0290_55041441,0.3939393939393939
R0043_55021537,R0290_55030423,0.3939393939393939
R0043_55021537,R0290_55039755,0.3939393939393939
R0043_55021537,R0290_55026840,0.3939393939393939
R0043_55021537,R0290_55038681,0.3939393939393939
R0043_55021537,R0290_55033209,0.3939393939393939
R0043_55021537,R0290_55043722,0.3939393939393939
R0043_55021537,R0377_55039577,0.4090909090909091
R0043_55021537,R0377_55032663,0.4090909090909091
R0043_55021537,R0377_55036003,0.4090909090909091
R0043_55021537,R0377_55036004,0.4090909090909091
R0043_55021537,R0377_55036006,0.4090909090909091
R0043_55021537,R0377_55036007,0.4090909090909091
R0043_55021537,R0377_55036008,0.4090909090909091
R0043_55021537,R0377_55036009,0.4090909090909091
R0043_55021537,R0377_55043375,0.4090909090909091
R0043_55021537,R0377_55032655,0.4090909090909091
R0043_55021537,R0377_55034860,0.4090909090909091
R0043_55021537,R0377_55042881,0.4090909090909091
R0043_55021537,R0377_55033035,0.4090909090909091
R0043_55021537,R0377_55044076,0.4090909090909091
R0043_55021537,R0377_55036698,0.4090909090909091
R0043_55021537,R0377_55032664,0.4090909090909091
R0043_55021537,R0377_55038331,0.4090909090909091
R0043_55021537,R0377_55041814,0.4090909090909091
R0043_55021537,R0377_55041025,0.4090909090909091
R0043_55021537,R0377_55039651,0.4090909090909091
R0043_55021537,R0377_55044100,0.4090909090909091
R0043_55021537,R0377_55026719,0.4090909090909091
R0043_55041926,R0002_55043311,0.30303030303030304
R0043_55041926,R0002_55036002,0.30303030303030304
R0043_55041926,R0002_55015378,0.30303030303030304
R0043_55041926,R0002_55032731,0.30303030303030304
R0043_55041926,R0002_55025944,0.30303030303030304
R0043_55041926,R0002_55024341,0.30303030303030304
R0043_55041926,R0002_55041509,0.30303030303030304
R0043_55041926,R0002_55036059,0.30303030303030304
R0043_55041926,R0002_55037787,0.30303030303030304
R0043_55041926,R0002_55039851,0.30303030303030304
R0043_55041926,R0002_55032782,0.30303030303030304
R0043_55041926,R0002_55036171,0.30303030303030304
R0043_55041926,R0002_55035505,0.30303030303030304
R0043_55041926,R0002_55011002,0.30303030303030304
R0043_55041926,R0002_55031467,0.30303030303030304
R0043_55041926,R0002_55028991,0.30303030303030304
R0043_55041926,R0002_55027831,0.30303030303030304
R0043_55041926,R0002_55038839,0.30303030303030304
R0043_55041926,R0002_55019960,0.30303030303030304
R0043_55041926,R0002_55033035,0.30303030303030304
R0043_55041926,R0002_55006197,0.30303030303030304
R0043_55041926,R0002_55036505,0.30303030303030304
R0043_55041926,R0002_55044076,0.30303030303030304
R0043_55041926,R0002_55036050,0.30303030303030304
R0043_55041926,R0002_55037530,0.30303030303030304
R0043_55041926,R0002_55040793,0.30303030303030304
R0043_55041926,R0002_55043136,0.30303030303030304
R0043_55041926,R0002_55014421,0.30303030303030304
R0043_55041926,R0002_55003518,0.30303030303030304
R0043_55041926,R0002_55027319,0.30303030303030304
R0043_55041926,R0002_55035727,0.30303030303030304
R0043_55041926,R0002_55032858,0.30303030303030304
R0043_55041926,R0002_55029026,0.30303030303030304
R0043_55041926,R0002_55039889,0.30303030303030304
R0043_55041926,R0002_55041025,0.30303030303030304
R0043_55041926,R0002_55041833,0.30303030303030304
R0043_55041926,R0002_55031084,0.30303030303030304
R0043_55041926,R0002_55030125,0.30303030303030304
R0043_55041926,R0002_55011220,0.30303030303030304
R0043_55041926,R0002_55043779,0.30303030303030304
R0043_55041926,R0002_55026664,0.30303030303030304
R0043_55041926,R0002_55037878,0.30303030303030304
R0043_55041926,R0002_55043901,0.30303030303030304
R0043_55041926,R0002_55037718,0.30303030303030304
R0043_55041926,R0002_55042075,0.30303030303030304
R0043_55041926,R0002_55031358,0.30303030303030304
R0043_55041926,R0002_55025080,0.30303030303030304
R0043_55041926,R0002_55037283,0.30303030303030304
R0043_55041926,R0002_55019387,0.30303030303030304
R0043_55041926,R0043_55035478,1.0
R0043_55041926,R0043_55032756,1.0
R0043_55041926,R0043_55039677,1.0
R0043_55041926,R0043_55039678,1.0
R0043_55041926,R0043_55029067,1.0
R0043_55041926,R0043_55036252,1.0
R0043_55041926,R0043_55034675,1.0
R0043_55041926,R0043_55031083,1.0
R0043_55041926,R0043_55036209,1.0
R0043_55041926,R0043_55035181,1.0
R0043_55041926,R0043_55032758,1.0
R0043_55041926,R0043_55039681,1.0
R0043_55041926,R0043_55039682,1.0
R0043_55041926,R0043_55039683,1.0
R0043_55041926,R0043_55039684,1.0
R0043_55041926,R0043_55032632,1.0
R0043_55041926,R0043_55021537,1.0
R0043_55041926,R0043_55029012,1.0
R0043_55041926,R0043_55034882,1.0
R0043_55041926,R0043_55039679,1.0
R0043_55041926,R0043_55032862,1.0
R0043_55041926,R0043_55032759,1.0
R0043_55041926,R0043_55037980,1.0
R0043_55041926,R0043_55037979,1.0
R0043_55041926,R0043_55027552,1.0
R0043_55041926,R0043_55034879,1.0
R0043_55041926,R0043_55032908,1.0
R0043_55041926,R0043_55039686,1.0
R0043_55041926,R0043_55032863,1.0
R0043_55041926,R0043_55009127,1.0
R0043_55041926,R0043_55036250,1.0
R0043_55041926,R0043_55034880,1.0
R0043_55041926,R0043_55032860,1.0
R0043_55041926,R0043_55029506,1.0
R0043_55041926,R0043_55031288,1.0
R0043_55041926,R0043_55036124,1.0
R0043_55041926,R0043_55039830,1.0
R0043_55041926,R0043_55034325,1.0
R0043_55041926,R0043_55039829,1.0
R0043_55041926,R0043_55031080,1.0
R0043_55041926,R0043_55031077,1.0
R0043_55041926,R0043_55017366,1.0
R0043_55041926,R0043_55034335,1.0
R0043_55041926,R0043_55031005,1.0
R0043_55041926,R0055_55007584,0.3787878787878788
R0043_55041926,R0055_55007583,0.3787878787878788
R0043_55041926,R0204_55005925,0.4090909090909091
R0043_55041926,R0204_55032685,0.4090909090909091
R0043_55041926,R0204_55035156,0.4090909090909091
R0043_55041926,R0204_55022352,0.4090909090909091
R0043_55041926,R0204_55004131,0.4090909090909091
R0043_55041926,R0207_55036375,0.3939393939393939
R0043_55041926,R0207_55032672,0.3939393939393939
R0043_55041926,R0207_55032673,0.3939393939393939
R0043_55041926,R0290_55038074,0.3939393939393939
R0043_55041926,R0290_55041439,0.3939393939393939
R0043_55041926,R0290_55041442,0.3939393939393939
R0043_55041926,R0290_55041438,0.3939393939393939
R0043_55041926,R0290_55041440,0.3939393939393939
R0043_55041926,R0290_55041441,0.3939393939393939
R0043_55041926,R0290_55030423,0.3939393939393939
R0043_55041926,R0290_55039755,0.3939393939393939
R0043_55041926,R0290_55026840,0.3939393939393939
R0043_55041926,R0290_55038681,0.3939393939393939
R0043_55041926,R0290_55033209,0.3939393939393939
R0043_55041926,R0290_55043722,0.3939393939393939
R0043_55041926,R0377_55039577,0.4090909090909091
R0043_55041926,R0377_55032663,0.4090909090909091
R0043_55041926,R0377_55036003,0.4090909090909091
R0043_55041926,R0377_55036004,0.4090909090909091
R0043_55041926,R0377_55036006,0.4090909090909091
R0043_55041926,R0377_55036007,0.4090909090909091
R0043_55041926,R0377_55036008,0.4090909090909091
R0043_55041926,R0377_55036009,0.4090909090909091
R0043_55041926,R0377_55043375,0.4090909090909091
R0043_55041926,R0377_55032655,0.4090909090909091
R0043_55041926,R0377_55034860,0.4090909090909091
R0043_55041926,R0377_55042881,0.4090909090909091
R0043_55041926,R0377_55033035,0.4090909090909091
R0043_55041926,R0377_55044076,0.4090909090909091
R0043_55041926,R0377_55036698,0.4090909090909091
R0043_55041926,R0377_55032664,0.4090909090909091
R0043_55041926,R0377_55038331,0.4090909090909091
R0043_55041926,R0377_55041814,0.4090909090909091
R0043_55041926,R0377_55041025,0.4090909090909091
R0043_55041926,R0377_55039651,0.4090909090909091
R0043_55041926,R0377_55044100,0.4090909090909091
R0043_55041926,R0377_55026719,0.4090909090909091
R0043_55029012,R0002_55043311,0.30303030303030304
R0043_55029012,R0002_55036002,0.30303030303030304
R0043_55029012,R0002_55015378,0.30303030303030304
R0043_55029012,R0002_55032731,0.30303030303030304
R0043_55029012,R0002_55025944,0.30303030303030304
R0043_55029012,R0002_55024341,0.30303030303030304
R0043_55029012,R0002_55041509,0.30303030303030304
R0043_55029012,R0002_55036059,0.30303030303030304
R0043_55029012,R0002_55037787,0.30303030303030304
R0043_55029012,R0002_55039851,0.30303030303030304
R0043_55029012,R0002_55032782,0.30303030303030304
R0043_55029012,R0002_55036171,0.30303030303030304
R0043_55029012,R0002_55035505,0.30303030303030304
R0043_55029012,R0002_55011002,0.30303030303030304
R0043_55029012,R0002_55031467,0.30303030303030304
R0043_55029012,R0002_55028991,0.30303030303030304
R0043_55029012,R0002_55027831,0.30303030303030304
R0043_55029012,R0002_55038839,0.30303030303030304
R0043_55029012,R0002_55019960,0.30303030303030304
R0043_55029012,R0002_55033035,0.30303030303030304
R0043_55029012,R0002_55006197,0.30303030303030304
R0043_55029012,R0002_55036505,0.30303030303030304
R0043_55029012,R0002_55044076,0.30303030303030304
R0043_55029012,R0002_55036050,0.30303030303030304
R0043_55029012,R0002_55037530,0.30303030303030304
R0043_55029012,R0002_55040793,0.30303030303030304
R0043_55029012,R0002_55043136,0.30303030303030304
R0043_55029012,R0002_55014421,0.30303030303030304
R0043_55029012,R0002_55003518,0.30303030303030304
R0043_55029012,R0002_55027319,0.30303030303030304
R0043_55029012,R0002_55035727,0.30303030303030304
R0043_55029012,R0002_55032858,0.30303030303030304
R0043_55029012,R0002_55029026,0.30303030303030304
R0043_55029012,R0002_55039889,0.30303030303030304
R0043_55029012,R0002_55041025,0.30303030303030304
R0043_55029012,R0002_55041833,0.30303030303030304
R0043_55029012,R0002_55031084,0.30303030303030304
R0043_55029012,R0002_55030125,0.30303030303030304
R0043_55029012,R0002_55011220,0.30303030303030304
R0043_55029012,R0002_55043779,0.30303030303030304
R0043_55029012,R0002_55026664,0.30303030303030304
R0043_55029012,R0002_55037878,0.30303030303030304
R0043_55029012,R0002_55043901,0.30303030303030304
R0043_55029012,R0002_55037718,0.30303030303030304
R0043_55029012,R0002_55042075,0.30303030303030304
R0043_55029012,R0002_55031358,0.30303030303030304
R0043_55029012,R0002_55025080,0.30303030303030304
R0043_55029012,R0002_55037283,0.30303030303030304
R0043_55029012,R0002_55019387,0.30303030303030304
R0043_55029012,R0043_55035478,1.0
R0043_55029012,R0043_55032756,1.0
R0043_55029012,R0043_55039677,1.0
R0043_55029012,R0043_55039678,1.0
R0043_55029012,R0043_55029067,1.0
R0043_55029012,R0043_55036252,1.0
R0043_55029012,R0043_55034675,1.0
R0043_55029012,R0043_55031083,1.0
R0043_55029012,R0043_55036209,1.0
R0043_55029012,R0043_55035181,1.0
R0043_55029012,R0043_55032758,1.0
R0043_55029012,R0043_55039681,1.0
R0043_55029012,R0043_55039682,1.0
R0043_55029012,R0043_55039683,1.0
R0043_55029012,R0043_55039684,1.0
R0043_55029012,R0043_55032632,1.0
R0043_55029012,R0043_55021537,1.0
R0043_55029012,R0043_55041926,1.0
R0043_55029012,R0043_55034882,1.0
R0043_55029012,R0043_55039679,1.0
R0043_55029012,R0043_55032862,1.0
R0043_55029012,R0043_55032759,1.0
R0043_55029012,R0043_55037980,1.0
R0043_55029012,R0043_55037979,1.0
R0043_55029012,R0043_55027552,1.0
R0043_55029012,R0043_55034879,1.0
R0043_55029012,R0043_55032908,1.0
R0043_55029012,R0043_55039686,1.0
R0043_55029012,R0043_55032863,1.0
R0043_55029012,R0043_55009127,1.0
R0043_55029012,R0043_55036250,1.0
R0043_55029012,R0043_55034880,1.0
R0043_55029012,R0043_55032860,1.0
R0043_55029012,R0043_55029506,1.0
R0043_55029012,R0043_55031288,1.0
R0043_55029012,R0043_55036124,1.0
R0043_55029012,R0043_55039830,1.0
R0043_55029012,R0043_55034325,1.0
R0043_55029012,R0043_55039829,1.0
R0043_55029012,R0043_55031080,1.0
R0043_55029012,R0043_55031077,1.0
R0043_55029012,R0043_55017366,1.0
R0043_55029012,R0043_55034335,1.0
R0043_55029012,R0043_55031005,1.0
R0043_55029012,R0055_55007584,0.3787878787878788
R0043_55029012,R0055_55007583,0.3787878787878788
R0043_55029012,R0204_55005925,0.4090909090909091
R0043_55029012,R0204_55032685,0.4090909090909091
R0043_55029012,R0204_55035156,0.4090909090909091
R0043_55029012,R0204_55022352,0.4090909090909091
R0043_55029012,R0204_55004131,0.4090909090909091
R0043_55029012,R0207_55036375,0.3939393939393939
R0043_55029012,R0207_55032672,0.3939393939393939
R0043_55029012,R0207_55032673,0.3939393939393939
R0043_55029012,R0290_55038074,0.3939393939393939
R0043_55029012,R0290_55041439,0.3939393939393939
R0043_55029012,R0290_55041442,0.3939393939393939
R0043_55029012,R0290_55041438,0.3939393939393939
R0043_55029012,R0290_55041440,0.3939393939393939
R0043_55029012,R0290_55041441,0.3939393939393939
R0043_55029012,R0290_55030423,0.3939393939393939
R0043_55029012,R0290_55039755,0.3939393939393939
R0043_55029012,R0290_55026840,0.3939393939393939
R0043_55029012,R0290_55038681,0.3939393939393939
R0043_55029012,R0290_55033209,0.3939393939393939
R0043_55029012,R0290_55043722,0.3939393939393939
R0043_55029012,R0377_55039577,0.4090909090909091
R0043_55029012,R0377_55032663,0.4090909090909091
R0043_55029012,R0377_55036003,0.4090909090909091
R0043_55029012,R0377_55036004,0.4090909090909091
R0043_55029012,R0377_55036006,0.4090909090909091
R0043_55029012,R0377_55036007,0.4090909090909091
R0043_55029012,R0377_55036008,0.4090909090909091
R0043_55029012,R0377_55036009,0.4090909090909091
R0043_55029012,R0377_55043375,0.4090909090909091
R0043_55029012,R0377_55032655,0.4090909090909091
R0043_55029012,R0377_55034860,0.4090909090909091
R0043_55029012,R0377_55042881,0.4090909090909091
R0043_55029012,R0377_55033035,0.4090909090909091
R0043_55029012,R0377_55044076,0.4090909090909091
R0043_55029012,R0377_55036698,0.4090909090909091
R0043_55029012,R0377_55032664,0.4090909090909091
R0043_55029012,R0377_55038331,0.4090909090909091
R0043_55029012,R0377_55041814,0.4090909090909091
R0043_55029012,R0377_55041025,0.4090909090909091
R0043_55029012,R0377_55039651,0.4090909090909091
R0043_55029012,R0377_55044100,0.4090909090909091
R0043_55029012,R0377_55026719,0.4090909090909091
R0043_55034882,R0002_55043311,0.30303030303030304
R0043_55034882,R0002_55036002,0.30303030303030304
R0043_55034882,R0002_55015378,0.30303030303030304
R0043_55034882,R0002_55032731,0.30303030303030304
R0043_55034882,R0002_55025944,0.30303030303030304
R0043_55034882,R0002_55024341,0.30303030303030304
R0043_55034882,R0002_55041509,0.30303030303030304
R0043_55034882,R0002_55036059,0.30303030303030304
R0043_55034882,R0002_55037787,0.30303030303030304
R0043_55034882,R0002_55039851,0.30303030303030304
R0043_55034882,R0002_55032782,0.30303030303030304
R0043_55034882,R0002_55036171,0.30303030303030304
R0043_55034882,R0002_55035505,0.30303030303030304
R0043_55034882,R0002_55011002,0.30303030303030304
R0043_55034882,R0002_55031467,0.30303030303030304
R0043_55034882,R0002_55028991,0.30303030303030304
R0043_55034882,R0002_55027831,0.30303030303030304
R0043_55034882,R0002_55038839,0.30303030303030304
R0043_55034882,R0002_55019960,0.30303030303030304
R0043_55034882,R0002_55033035,0.30303030303030304
R0043_55034882,R0002_55006197,0.30303030303030304
R0043_55034882,R0002_55036505,0.30303030303030304
R0043_55034882,R0002_55044076,0.30303030303030304
R0043_55034882,R0002_55036050,0.30303030303030304
R0043_55034882,R0002_55037530,0.30303030303030304
R0043_55034882,R0002_55040793,0.30303030303030304
R0043_55034882,R0002_55043136,0.30303030303030304
R0043_55034882,R0002_55014421,0.30303030303030304
R0043_55034882,R0002_55003518,0.30303030303030304
R0043_55034882,R0002_55027319,0.30303030303030304
R0043_55034882,R0002_55035727,0.30303030303030304
R0043_55034882,R0002_55032858,0.30303030303030304
R0043_55034882,R0002_55029026,0.30303030303030304
R0043_55034882,R0002_55039889,0.30303030303030304
R0043_55034882,R0002_55041025,0.30303030303030304
R0043_55034882,R0002_55041833,0.30303030303030304
R0043_55034882,R0002_55031084,0.30303030303030304
R0043_55034882,R0002_55030125,0.30303030303030304
R0043_55034882,R0002_55011220,0.30303030303030304
R0043_55034882,R0002_55043779,0.30303030303030304
R0043_55034882,R0002_55026664,0.30303030303030304
R0043_55034882,R0002_55037878,0.30303030303030304
R0043_55034882,R0002_55043901,0.30303030303030304
R0043_55034882,R0002_55037718,0.30303030303030304
R0043_55034882,R0002_55042075,0.30303030303030304
R0043_55034882,R0002_55031358,0.30303030303030304
R0043_55034882,R0002_55025080,0.30303030303030304
R0043_55034882,R0002_55037283,0.30303030303030304
R0043_55034882,R0002_55019387,0.30303030303030304
R0043_55034882,R0043_55035478,1.0
R0043_55034882,R0043_55032756,1.0
R0043_55034882,R0043_55039677,1.0
R0043_55034882,R0043_55039678,1.0
R0043_55034882,R0043_55029067,1.0
R0043_55034882,R0043_55036252,1.0
R0043_55034882,R0043_55034675,1.0
R0043_55034882,R0043_55031083,1.0
R0043_55034882,R0043_55036209,1.0
R0043_55034882,R0043_55035181,1.0
R0043_55034882,R0043_55032758,1.0
R0043_55034882,R0043_55039681,1.0
R0043_55034882,R0043_55039682,1.0
R0043_55034882,R0043_55039683,1.0
R0043_55034882,R0043_55039684,1.0
R0043_55034882,R0043_55032632,1.0
R0043_55034882,R0043_55021537,1.0
R0043_55034882,R0043_55041926,1.0
R0043_55034882,R0043_55029012,1.0
R0043_55034882,R0043_55039679,1.0
R0043_55034882,R0043_55032862,1.0
R0043_55034882,R0043_55032759,1.0
R0043_55034882,R0043_55037980,1.0
R0043_55034882,R0043_55037979,1.0
R0043_55034882,R0043_55027552,1.0
R0043_55034882,R0043_55034879,1.0
R0043_55034882,R0043_55032908,1.0
R0043_55034882,R0043_55039686,1.0
R0043_55034882,R0043_55032863,1.0
R0043_55034882,R0043_55009127,1.0
R0043_55034882,R0043_55036250,1.0
R0043_55034882,R0043_55034880,1.0
R0043_55034882,R0043_55032860,1.0
R0043_55034882,R0043_55029506,1.0
R0043_55034882,R0043_55031288,1.0
R0043_55034882,R0043_55036124,1.0
R0043_55034882,R0043_55039830,1.0
R0043_55034882,R0043_55034325,1.0
R0043_55034882,R0043_55039829,1.0
R0043_55034882,R0043_55031080,1.0
R0043_55034882,R0043_55031077,1.0
R0043_55034882,R0043_55017366,1.0
R0043_55034882,R0043_55034335,1.0
R0043_55034882,R0043_55031005,1.0
R0043_55034882,R0055_55007584,0.3787878787878788
R0043_55034882,R0055_55007583,0.3787878787878788
R0043_55034882,R0204_55005925,0.4090909090909091
R0043_55034882,R0204_55032685,0.4090909090909091
R0043_55034882,R0204_55035156,0.4090909090909091
R0043_55034882,R0204_55022352,0.4090909090909091
R0043_55034882,R0204_55004131,0.4090909090909091
R0043_55034882,R0207_55036375,0.3939393939393939
R0043_55034882,R0207_55032672,0.3939393939393939
R0043_55034882,R0207_55032673,0.3939393939393939
R0043_55034882,R0290_55038074,0.3939393939393939
R0043_55034882,R0290_55041439,0.3939393939393939
R0043_55034882,R0290_55041442,0.3939393939393939
R0043_55034882,R0290_55041438,0.3939393939393939
R0043_55034882,R0290_55041440,0.3939393939393939
R0043_55034882,R0290_55041441,0.3939393939393939
R0043_55034882,R0290_55030423,0.3939393939393939
R0043_55034882,R0290_55039755,0.3939393939393939
R0043_55034882,R0290_55026840,0.3939393939393939
R0043_55034882,R0290_55038681,0.3939393939393939
R0043_55034882,R0290_55033209,0.3939393939393939
R0043_55034882,R0290_55043722,0.3939393939393939
R0043_55034882,R0377_55039577,0.4090909090909091
R0043_55034882,R0377_55032663,0.4090909090909091
R0043_55034882,R0377_55036003,0.4090909090909091
R0043_55034882,R0377_55036004,0.4090909090909091
R0043_55034882,R0377_55036006,0.4090909090909091
R0043_55034882,R0377_55036007,0.4090909090909091
R0043_55034882,R0377_55036008,0.4090909090909091
R0043_55034882,R0377_55036009,0.4090909090909091
R0043_55034882,R0377_55043375,0.4090909090909091
R0043_55034882,R0377_55032655,0.4090909090909091
R0043_55034882,R0377_55034860,0.4090909090909091
R0043_55034882,R0377_55042881,0.4090909090909091
R0043_55034882,R0377_55033035,0.4090909090909091
R0043_55034882,R0377_55044076,0.4090909090909091
R0043_55034882,R0377_55036698,0.4090909090909091
R0043_55034882,R0377_55032664,0.4090909090909091
R0043_55034882,R0377_55038331,0.4090909090909091
R0043_55034882,R0377_55041814,0.4090909090909091
R0043_55034882,R0377_55041025,0.4090909090909091
R0043_55034882,R0377_55039651,0.4090909090909091
R0043_55034882,R0377_55044100,0.4090909090909091
R0043_55034882,R0377_55026719,0.4090909090909091
R0043_55039679,R0002_55043311,0.30303030303030304
R0043_55039679,R0002_55036002,0.30303030303030304
R0043_55039679,R0002_55015378,0.30303030303030304
R0043_55039679,R0002_55032731,0.30303030303030304
R0043_55039679,R0002_55025944,0.30303030303030304
R0043_55039679,R0002_55024341,0.30303030303030304
R0043_55039679,R0002_55041509,0.30303030303030304
R0043_55039679,R0002_55036059,0.30303030303030304
R0043_55039679,R0002_55037787,0.30303030303030304
R0043_55039679,R0002_55039851,0.30303030303030304
R0043_55039679,R0002_55032782,0.30303030303030304
R0043_55039679,R0002_55036171,0.30303030303030304
R0043_55039679,R0002_55035505,0.30303030303030304
R0043_55039679,R0002_55011002,0.30303030303030304
R0043_55039679,R0002_55031467,0.30303030303030304
R0043_55039679,R0002_55028991,0.30303030303030304
R0043_55039679,R0002_55027831,0.30303030303030304
R0043_55039679,R0002_55038839,0.30303030303030304
R0043_55039679,R0002_55019960,0.30303030303030304
R0043_55039679,R0002_55033035,0.30303030303030304
R0043_55039679,R0002_55006197,0.30303030303030304
R0043_55039679,R0002_55036505,0.30303030303030304
R0043_55039679,R0002_55044076,0.30303030303030304
R0043_55039679,R0002_55036050,0.30303030303030304
R0043_55039679,R0002_55037530,0.30303030303030304
R0043_55039679,R0002_55040793,0.30303030303030304
R0043_55039679,R0002_55043136,0.30303030303030304
R0043_55039679,R0002_55014421,0.30303030303030304
R0043_55039679,R0002_55003518,0.30303030303030304
R0043_55039679,R0002_55027319,0.30303030303030304
R0043_55039679,R0002_55035727,0.30303030303030304
R0043_55039679,R0002_55032858,0.30303030303030304
R0043_55039679,R0002_55029026,0.30303030303030304
R0043_55039679,R0002_55039889,0.30303030303030304
R0043_55039679,R0002_55041025,0.30303030303030304
R0043_55039679,R0002_55041833,0.30303030303030304
R0043_55039679,R0002_55031084,0.30303030303030304
R0043_55039679,R0002_55030125,0.30303030303030304
R0043_55039679,R0002_55011220,0.30303030303030304
R0043_55039679,R0002_55043779,0.30303030303030304
R0043_55039679,R0002_55026664,0.30303030303030304
R0043_55039679,R0002_55037878,0.30303030303030304
R0043_55039679,R0002_55043901,0.30303030303030304
R0043_55039679,R0002_55037718,0.30303030303030304
R0043_55039679,R0002_55042075,0.30303030303030304
R0043_55039679,R0002_55031358,0.30303030303030304
R0043_55039679,R0002_55025080,0.30303030303030304
R0043_55039679,R0002_55037283,0.30303030303030304
R0043_55039679,R0002_55019387,0.30303030303030304
R0043_55039679,R0043_55035478,1.0
R0043_55039679,R0043_55032756,1.0
R0043_55039679,R0043_55039677,1.0
R0043_55039679,R0043_55039678,1.0
R0043_55039679,R0043_55029067,1.0
R0043_55039679,R0043_55036252,1.0
R0043_55039679,R0043_55034675,1.0
R0043_55039679,R0043_55031083,1.0
R0043_55039679,R0043_55036209,1.0
R0043_55039679,R0043_55035181,1.0
R0043_55039679,R0043_55032758,1.0
R0043_55039679,R0043_55039681,1.0
R0043_55039679,R0043_55039682,1.0
R0043_55039679,R0043_55039683,1.0
R0043_55039679,R0043_55039684,1.0
R0043_55039679,R0043_55032632,1.0
R0043_55039679,R0043_55021537,1.0
R0043_55039679,R0043_55041926,1.0
R0043_55039679,R0043_55029012,1.0
R0043_55039679,R0043_55034882,1.0
R0043_55039679,R0043_55032862,1.0
R0043_55039679,R0043_55032759,1.0
R0043_55039679,R0043_55037980,1.0
R0043_55039679,R0043_55037979,1.0
R0043_55039679,R0043_55027552,1.0
R0043_55039679,R0043_55034879,1.0
R0043_55039679,R0043_55032908,1.0
R0043_55039679,R0043_55039686,1.0
R0043_55039679,R0043_55032863,1.0
R0043_55039679,R0043_55009127,1.0
R0043_55039679,R0043_55036250,1.0
R0043_55039679,R0043_55034880,1.0
R0043_55039679,R0043_55032860,1.0
R0043_55039679,R0043_55029506,1.0
R0043_55039679,R0043_55031288,1.0
R0043_55039679,R0043_55036124,1.0
R0043_55039679,R0043_55039830,1.0
R0043_55039679,R0043_55034325,1.0
R0043_55039679,R0043_55039829,1.0
R0043_55039679,R0043_55031080,1.0
R0043_55039679,R0043_55031077,1.0
R0043_55039679,R0043_55017366,1.0
R0043_55039679,R0043_55034335,1.0
R0043_55039679,R0043_55031005,1.0
R0043_55039679,R0055_55007584,0.3787878787878788
R0043_55039679,R0055_55007583,0.3787878787878788
R0043_55039679,R0204_55005925,0.4090909090909091
R0043_55039679,R0204_55032685,0.4090909090909091
R0043_55039679,R0204_55035156,0.4090909090909091
R0043_55039679,R0204_55022352,0.4090909090909091
R0043_55039679,R0204_55004131,0.4090909090909091
R0043_55039679,R0207_55036375,0.3939393939393939
R0043_55039679,R0207_55032672,0.3939393939393939
R0043_55039679,R0207_55032673,0.3939393939393939
R0043_55039679,R0290_55038074,0.3939393939393939
R0043_55039679,R0290_55041439,0.3939393939393939
R0043_55039679,R0290_55041442,0.3939393939393939
R0043_55039679,R0290_55041438,0.3939393939393939
R0043_55039679,R0290_55041440,0.3939393939393939
R0043_55039679,R0290_55041441,0.3939393939393939
R0043_55039679,R0290_55030423,0.3939393939393939
R0043_55039679,R0290_55039755,0.3939393939393939
R0043_55039679,R0290_55026840,0.3939393939393939
R0043_55039679,R0290_55038681,0.3939393939393939
R0043_55039679,R0290_55033209,0.3939393939393939
R0043_55039679,R0290_55043722,0.3939393939393939
R0043_55039679,R0377_55039577,0.4090909090909091
R0043_55039679,R0377_55032663,0.4090909090909091
R0043_55039679,R0377_55036003,0.4090909090909091
R0043_55039679,R0377_55036004,0.4090909090909091
R0043_55039679,R0377_55036006,0.4090909090909091
R0043_55039679,R0377_55036007,0.4090909090909091
R0043_55039679,R0377_55036008,0.4090909090909091
R0043_55039679,R0377_55036009,0.4090909090909091
R0043_55039679,R0377_55043375,0.4090909090909091
R0043_55039679,R0377_55032655,0.4090909090909091
R0043_55039679,R0377_55034860,0.4090909090909091
R0043_55039679,R0377_55042881,0.4090909090909091
R0043_55039679,R0377_55033035,0.4090909090909091
R0043_55039679,R0377_55044076,0.4090909090909091
R0043_55039679,R0377_55036698,0.4090909090909091
R0043_55039679,R0377_55032664,0.4090909090909091
R0043_55039679,R0377_55038331,0.4090909090909091
R0043_55039679,R0377_55041814,0.4090909090909091
R0043_55039679,R0377_55041025,0.4090909090909091
R0043_55039679,R0377_55039651,0.4090909090909091
R0043_55039679,R0377_55044100,0.4090909090909091
R0043_55039679,R0377_55026719,0.4090909090909091
R0043_55032862,R0002_55043311,0.30303030303030304
R0043_55032862,R0002_55036002,0.30303030303030304
R0043_55032862,R0002_55015378,0.30303030303030304
R0043_55032862,R0002_55032731,0.30303030303030304
R0043_55032862,R0002_55025944,0.30303030303030304
R0043_55032862,R0002_55024341,0.30303030303030304
R0043_55032862,R0002_55041509,0.30303030303030304
R0043_55032862,R0002_55036059,0.30303030303030304
R0043_55032862,R0002_55037787,0.30303030303030304
R0043_55032862,R0002_55039851,0.30303030303030304
R0043_55032862,R0002_55032782,0.30303030303030304
R0043_55032862,R0002_55036171,0.30303030303030304
R0043_55032862,R0002_55035505,0.30303030303030304
R0043_55032862,R0002_55011002,0.30303030303030304
R0043_55032862,R0002_55031467,0.30303030303030304
R0043_55032862,R0002_55028991,0.30303030303030304
R0043_55032862,R0002_55027831,0.30303030303030304
R0043_55032862,R0002_55038839,0.30303030303030304
R0043_55032862,R0002_55019960,0.30303030303030304
R0043_55032862,R0002_55033035,0.30303030303030304
R0043_55032862,R0002_55006197,0.30303030303030304
R0043_55032862,R0002_55036505,0.30303030303030304
R0043_55032862,R0002_55044076,0.30303030303030304
R0043_55032862,R0002_55036050,0.30303030303030304
R0043_55032862,R0002_55037530,0.30303030303030304
R0043_55032862,R0002_55040793,0.30303030303030304
R0043_55032862,R0002_55043136,0.30303030303030304
R0043_55032862,R0002_55014421,0.30303030303030304
R0043_55032862,R0002_55003518,0.30303030303030304
R0043_55032862,R0002_55027319,0.30303030303030304
R0043_55032862,R0002_55035727,0.30303030303030304
R0043_55032862,R0002_55032858,0.30303030303030304
R0043_55032862,R0002_55029026,0.30303030303030304
R0043_55032862,R0002_55039889,0.30303030303030304
R0043_55032862,R0002_55041025,0.30303030303030304
R0043_55032862,R0002_55041833,0.30303030303030304
R0043_55032862,R0002_55031084,0.30303030303030304
R0043_55032862,R0002_55030125,0.30303030303030304
R0043_55032862,R0002_55011220,0.30303030303030304
R0043_55032862,R0002_55043779,0.30303030303030304
R0043_55032862,R0002_55026664,0.30303030303030304
R0043_55032862,R0002_55037878,0.30303030303030304
R0043_55032862,R0002_55043901,0.30303030303030304
R0043_55032862,R0002_55037718,0.30303030303030304
R0043_55032862,R0002_55042075,0.30303030303030304
R0043_55032862,R0002_55031358,0.30303030303030304
R0043_55032862,R0002_55025080,0.30303030303030304
R0043_55032862,R0002_55037283,0.30303030303030304
R0043_55032862,R0002_55019387,0.30303030303030304
R0043_55032862,R0043_55035478,1.0
R0043_55032862,R0043_55032756,1.0
R0043_55032862,R0043_55039677,1.0
R0043_55032862,R0043_55039678,1.0
R0043_55032862,R0043_55029067,1.0
R0043_55032862,R0043_55036252,1.0
R0043_55032862,R0043_55034675,1.0
R0043_55032862,R0043_55031083,1.0
R0043_55032862,R0043_55036209,1.0
R0043_55032862,R0043_55035181,1.0
R0043_55032862,R0043_55032758,1.0
R0043_55032862,R0043_55039681,1.0
R0043_55032862,R0043_55039682,1.0
R0043_55032862,R0043_55039683,1.0
R0043_55032862,R0043_55039684,1.0
R0043_55032862,R0043_55032632,1.0
R0043_55032862,R0043_55021537,1.0
R0043_55032862,R0043_55041926,1.0
R0043_55032862,R0043_55029012,1.0
R0043_55032862,R0043_55034882,1.0
R0043_55032862,R0043_55039679,1.0
R0043_55032862,R0043_55032759,1.0
R0043_55032862,R0043_55037980,1.0
R0043_55032862,R0043_55037979,1.0
R0043_55032862,R0043_55027552,1.0
R0043_55032862,R0043_55034879,1.0
R0043_55032862,R0043_55032908,1.0
R0043_55032862,R0043_55039686,1.0
R0043_55032862,R0043_55032863,1.0
R0043_55032862,R0043_55009127,1.0
R0043_55032862,R0043_55036250,1.0
R0043_55032862,R0043_55034880,1.0
R0043_55032862,R0043_55032860,1.0
R0043_55032862,R0043_55029506,1.0
R0043_55032862,R0043_55031288,1.0
R0043_55032862,R0043_55036124,1.0
R0043_55032862,R0043_55039830,1.0
R0043_55032862,R0043_55034325,1.0
R0043_55032862,R0043_55039829,1.0
R0043_55032862,R0043_55031080,1.0
R0043_55032862,R0043_55031077,1.0
R0043_55032862,R0043_55017366,1.0
R0043_55032862,R0043_55034335,1.0
R0043_55032862,R0043_55031005,1.0
R0043_55032862,R0055_55007584,0.3787878787878788
R0043_55032862,R0055_55007583,0.3787878787878788
R0043_55032862,R0204_55005925,0.4090909090909091
R0043_55032862,R0204_55032685,0.4090909090909091
R0043_55032862,R0204_55035156,0.4090909090909091
R0043_55032862,R0204_55022352,0.4090909090909091
R0043_55032862,R0204_55004131,0.4090909090909091
R0043_55032862,R0207_55036375,0.3939393939393939
R0043_55032862,R0207_55032672,0.3939393939393939
R0043_55032862,R0207_55032673,0.3939393939393939
R0043_55032862,R0290_55038074,0.3939393939393939
R0043_55032862,R0290_55041439,0.3939393939393939
R0043_55032862,R0290_55041442,0.3939393939393939
R0043_55032862,R0290_55041438,0.3939393939393939
R0043_55032862,R0290_55041440,0.3939393939393939
R0043_55032862,R0290_55041441,0.3939393939393939
R0043_55032862,R0290_55030423,0.3939393939393939
R0043_55032862,R0290_55039755,0.3939393939393939
R0043_55032862,R0290_55026840,0.3939393939393939
R0043_55032862,R0290_55038681,0.3939393939393939
R0043_55032862,R0290_55033209,0.3939393939393939
R0043_55032862,R0290_55043722,0.3939393939393939
R0043_55032862,R0377_55039577,0.4090909090909091
R0043_55032862,R0377_55032663,0.4090909090909091
R0043_55032862,R0377_55036003,0.4090909090909091
R0043_55032862,R0377_55036004,0.4090909090909091
R0043_55032862,R0377_55036006,0.4090909090909091
R0043_55032862,R0377_55036007,0.4090909090909091
R0043_55032862,R0377_55036008,0.4090909090909091
R0043_55032862,R0377_55036009,0.4090909090909091
R0043_55032862,R0377_55043375,0.4090909090909091
R0043_55032862,R0377_55032655,0.4090909090909091
R0043_55032862,R0377_55034860,0.4090909090909091
R0043_55032862,R0377_55042881,0.4090909090909091
R0043_55032862,R0377_55033035,0.4090909090909091
R0043_55032862,R0377_55044076,0.4090909090909091
R0043_55032862,R0377_55036698,0.4090909090909091
R0043_55032862,R0377_55032664,0.4090909090909091
R0043_55032862,R0377_55038331,0.4090909090909091
R0043_55032862,R0377_55041814,0.4090909090909091
R0043_55032862,R0377_55041025,0.4090909090909091
R0043_55032862,R0377_55039651,0.4090909090909091
R0043_55032862,R0377_55044100,0.4090909090909091
R0043_55032862,R0377_55026719,0.4090909090909091
R0043_55032759,R0002_55043311,0.30303030303030304
R0043_55032759,R0002_55036002,0.30303030303030304
R0043_55032759,R0002_55015378,0.30303030303030304
R0043_55032759,R0002_55032731,0.30303030303030304
R0043_55032759,R0002_55025944,0.30303030303030304
R0043_55032759,R0002_55024341,0.30303030303030304
R0043_55032759,R0002_55041509,0.30303030303030304
R0043_55032759,R0002_55036059,0.30303030303030304
R0043_55032759,R0002_55037787,0.30303030303030304
R0043_55032759,R0002_55039851,0.30303030303030304
R0043_55032759,R0002_55032782,0.30303030303030304
R0043_55032759,R0002_55036171,0.30303030303030304
R0043_55032759,R0002_55035505,0.30303030303030304
R0043_55032759,R0002_55011002,0.30303030303030304
R0043_55032759,R0002_55031467,0.30303030303030304
R0043_55032759,R0002_55028991,0.30303030303030304
R0043_55032759,R0002_55027831,0.30303030303030304
R0043_55032759,R0002_55038839,0.30303030303030304
R0043_55032759,R0002_55019960,0.30303030303030304
R0043_55032759,R0002_55033035,0.30303030303030304
R0043_55032759,R0002_55006197,0.30303030303030304
R0043_55032759,R0002_55036505,0.30303030303030304
R0043_55032759,R0002_55044076,0.30303030303030304
R0043_55032759,R0002_55036050,0.30303030303030304
R0043_55032759,R0002_55037530,0.30303030303030304
R0043_55032759,R0002_55040793,0.30303030303030304
R0043_55032759,R0002_55043136,0.30303030303030304
R0043_55032759,R0002_55014421,0.30303030303030304
R0043_55032759,R0002_55003518,0.30303030303030304
R0043_55032759,R0002_55027319,0.30303030303030304
R0043_55032759,R0002_55035727,0.30303030303030304
R0043_55032759,R0002_55032858,0.30303030303030304
R0043_55032759,R0002_55029026,0.30303030303030304
R0043_55032759,R0002_55039889,0.30303030303030304
R0043_55032759,R0002_55041025,0.30303030303030304
R0043_55032759,R0002_55041833,0.30303030303030304
R0043_55032759,R0002_55031084,0.30303030303030304
R0043_55032759,R0002_55030125,0.30303030303030304
R0043_55032759,R0002_55011220,0.30303030303030304
R0043_55032759,R0002_55043779,0.30303030303030304
R0043_55032759,R0002_55026664,0.30303030303030304
R0043_55032759,R0002_55037878,0.30303030303030304
R0043_55032759,R0002_55043901,0.30303030303030304
R0043_55032759,R0002_55037718,0.30303030303030304
R0043_55032759,R0002_55042075,0.30303030303030304
R0043_55032759,R0002_55031358,0.30303030303030304
R0043_55032759,R0002_55025080,0.30303030303030304
R0043_55032759,R0002_55037283,0.30303030303030304
R0043_55032759,R0002_55019387,0.30303030303030304
R0043_55032759,R0043_55035478,1.0
R0043_55032759,R0043_55032756,1.0
R0043_55032759,R0043_55039677,1.0
R0043_55032759,R0043_55039678,1.0
R0043_55032759,R0043_55029067,1.0
R0043_55032759,R0043_55036252,1.0
R0043_55032759,R0043_55034675,1.0
R0043_55032759,R0043_55031083,1.0
R0043_55032759,R0043_55036209,1.0
R0043_55032759,R0043_55035181,1.0
R0043_55032759,R0043_55032758,1.0
R0043_55032759,R0043_55039681,1.0
R0043_55032759,R0043_55039682,1.0
R0043_55032759,R0043_55039683,1.0
R0043_55032759,R0043_55039684,1.0
R0043_55032759,R0043_55032632,1.0
R0043_55032759,R0043_55021537,1.0
R0043_55032759,R0043_55041926,1.0
R0043_55032759,R0043_55029012,1.0
R0043_55032759,R0043_55034882,1.0
R0043_55032759,R0043_55039679,1.0
R0043_55032759,R0043_55032862,1.0
R0043_55032759,R0043_55037980,1.0
R0043_55032759,R0043_55037979,1.0
R0043_55032759,R0043_55027552,1.0
R0043_55032759,R0043_55034879,1.0
R0043_55032759,R0043_55032908,1.0
R0043_55032759,R0043_55039686,1.0
R0043_55032759,R0043_55032863,1.0
R0043_55032759,R0043_55009127,1.0
R0043_55032759,R0043_55036250,1.0
R0043_55032759,R0043_55034880,1.0
R0043_55032759,R0043_55032860,1.0
R0043_55032759,R0043_55029506,1.0
R0043_55032759,R0043_55031288,1.0
R0043_55032759,R0043_55036124,1.0
R0043_55032759,R0043_55039830,1.0
R0043_55032759,R0043_55034325,1.0
R0043_55032759,R0043_55039829,1.0
R0043_55032759,R0043_55031080,1.0
R0043_55032759,R0043_55031077,1.0
R0043_55032759,R0043_55017366,1.0
R0043_55032759,R0043_55034335,1.0
R0043_55032759,R0043_55031005,1.0
R0043_55032759,R0055_55007584,0.3787878787878788
R0043_55032759,R0055_55007583,0.3787878787878788
R0043_55032759,R0204_55005925,0.4090909090909091
R0043_55032759,R0204_55032685,0.4090909090909091
R0043_55032759,R0204_55035156,0.4090909090909091
R0043_55032759,R0204_55022352,0.4090909090909091
R0043_55032759,R0204_55004131,0.4090909090909091
R0043_55032759,R0207_55036375,0.3939393939393939
R0043_55032759,R0207_55032672,0.3939393939393939
R0043_55032759,R0207_55032673,0.3939393939393939
R0043_55032759,R0290_55038074,0.3939393939393939
R0043_55032759,R0290_55041439,0.3939393939393939
R0043_55032759,R0290_55041442,0.3939393939393939
R0043_55032759,R0290_55041438,0.3939393939393939
R0043_55032759,R0290_55041440,0.3939393939393939
R0043_55032759,R0290_55041441,0.3939393939393939
R0043_55032759,R0290_55030423,0.3939393939393939
R0043_55032759,R0290_55039755,0.3939393939393939
R0043_55032759,R0290_55026840,0.3939393939393939
R0043_55032759,R0290_55038681,0.3939393939393939
R0043_55032759,R0290_55033209,0.3939393939393939
R0043_55032759,R0290_55043722,0.3939393939393939
R0043_55032759,R0377_55039577,0.4090909090909091
R0043_55032759,R0377_55032663,0.4090909090909091
R0043_55032759,R0377_55036003,0.4090909090909091
R0043_55032759,R0377_55036004,0.4090909090909091
R0043_55032759,R0377_55036006,0.4090909090909091
R0043_55032759,R0377_55036007,0.4090909090909091
R0043_55032759,R0377_55036008,0.4090909090909091
R0043_55032759,R0377_55036009,0.4090909090909091
R0043_55032759,R0377_55043375,0.4090909090909091
R0043_55032759,R0377_55032655,0.4090909090909091
R0043_55032759,R0377_55034860,0.4090909090909091
R0043_55032759,R0377_55042881,0.4090909090909091
R0043_55032759,R0377_55033035,0.4090909090909091
R0043_55032759,R0377_55044076,0.4090909090909091
R0043_55032759,R0377_55036698,0.4090909090909091
R0043_55032759,R0377_55032664,0.4090909090909091
R0043_55032759,R0377_55038331,0.4090909090909091
R0043_55032759,R0377_55041814,0.4090909090909091
R0043_55032759,R0377_55041025,0.4090909090909091
R0043_55032759,R0377_55039651,0.4090909090909091
R0043_55032759,R0377_55044100,0.4090909090909091
R0043_55032759,R0377_55026719,0.4090909090909091
R0043_55037980,R0002_55043311,0.30303030303030304
R0043_55037980,R0002_55036002,0.30303030303030304
R0043_55037980,R0002_55015378,0.30303030303030304
R0043_55037980,R0002_55032731,0.30303030303030304
R0043_55037980,R0002_55025944,0.30303030303030304
R0043_55037980,R0002_55024341,0.30303030303030304
R0043_55037980,R0002_55041509,0.30303030303030304
R0043_55037980,R0002_55036059,0.30303030303030304
R0043_55037980,R0002_55037787,0.30303030303030304
R0043_55037980,R0002_55039851,0.30303030303030304
R0043_55037980,R0002_55032782,0.30303030303030304
R0043_55037980,R0002_55036171,0.30303030303030304
R0043_55037980,R0002_55035505,0.30303030303030304
R0043_55037980,R0002_55011002,0.30303030303030304
R0043_55037980,R0002_55031467,0.30303030303030304
R0043_55037980,R0002_55028991,0.30303030303030304
R0043_55037980,R0002_55027831,0.30303030303030304
R0043_55037980,R0002_55038839,0.30303030303030304
R0043_55037980,R0002_55019960,0.30303030303030304
R0043_55037980,R0002_55033035,0.30303030303030304
R0043_55037980,R0002_55006197,0.30303030303030304
R0043_55037980,R0002_55036505,0.30303030303030304
R0043_55037980,R0002_55044076,0.30303030303030304
R0043_55037980,R0002_55036050,0.30303030303030304
R0043_55037980,R0002_55037530,0.30303030303030304
R0043_55037980,R0002_55040793,0.30303030303030304
R0043_55037980,R0002_55043136,0.30303030303030304
R0043_55037980,R0002_55014421,0.30303030303030304
R0043_55037980,R0002_55003518,0.30303030303030304
R0043_55037980,R0002_55027319,0.30303030303030304
R0043_55037980,R0002_55035727,0.30303030303030304
R0043_55037980,R0002_55032858,0.30303030303030304
R0043_55037980,R0002_55029026,0.30303030303030304
R0043_55037980,R0002_55039889,0.30303030303030304
R0043_55037980,R0002_55041025,0.30303030303030304
R0043_55037980,R0002_55041833,0.30303030303030304
R0043_55037980,R0002_55031084,0.30303030303030304
R0043_55037980,R0002_55030125,0.30303030303030304
R0043_55037980,R0002_55011220,0.30303030303030304
R0043_55037980,R0002_55043779,0.30303030303030304
R0043_55037980,R0002_55026664,0.30303030303030304
R0043_55037980,R0002_55037878,0.30303030303030304
R0043_55037980,R0002_55043901,0.30303030303030304
R0043_55037980,R0002_55037718,0.30303030303030304
R0043_55037980,R0002_55042075,0.30303030303030304
R0043_55037980,R0002_55031358,0.30303030303030304
R0043_55037980,R0002_55025080,0.30303030303030304
R0043_55037980,R0002_55037283,0.30303030303030304
R0043_55037980,R0002_55019387,0.30303030303030304
R0043_55037980,R0043_55035478,1.0
R0043_55037980,R0043_55032756,1.0
R0043_55037980,R0043_55039677,1.0
R0043_55037980,R0043_55039678,1.0
R0043_55037980,R0043_55029067,1.0
R0043_55037980,R0043_55036252,1.0
R0043_55037980,R0043_55034675,1.0
R0043_55037980,R0043_55031083,1.0
R0043_55037980,R0043_55036209,1.0
R0043_55037980,R0043_55035181,1.0
R0043_55037980,R0043_55032758,1.0
R0043_55037980,R0043_55039681,1.0
R0043_55037980,R0043_55039682,1.0
R0043_55037980,R0043_55039683,1.0
R0043_55037980,R0043_55039684,1.0
R0043_55037980,R0043_55032632,1.0
R0043_55037980,R0043_55021537,1.0
R0043_55037980,R0043_55041926,1.0
R0043_55037980,R0043_55029012,1.0
R0043_55037980,R0043_55034882,1.0
R0043_55037980,R0043_55039679,1.0
R0043_55037980,R0043_55032862,1.0
R0043_55037980,R0043_55032759,1.0
R0043_55037980,R0043_55037979,1.0
R0043_55037980,R0043_55027552,1.0
R0043_55037980,R0043_55034879,1.0
R0043_55037980,R0043_55032908,1.0
R0043_55037980,R0043_55039686,1.0
R0043_55037980,R0043_55032863,1.0
R0043_55037980,R0043_55009127,1.0
R0043_55037980,R0043_55036250,1.0
R0043_55037980,R0043_55034880,1.0
R0043_55037980,R0043_55032860,1.0
R0043_55037980,R0043_55029506,1.0
R0043_55037980,R0043_55031288,1.0
R0043_55037980,R0043_55036124,1.0
R0043_55037980,R0043_55039830,1.0
R0043_55037980,R0043_55034325,1.0
R0043_55037980,R0043_55039829,1.0
R0043_55037980,R0043_55031080,1.0
R0043_55037980,R0043_55031077,1.0
R0043_55037980,R0043_55017366,1.0
R0043_55037980,R0043_55034335,1.0
R0043_55037980,R0043_55031005,1.0
R0043_55037980,R0055_55007584,0.3787878787878788
R0043_55037980,R0055_55007583,0.3787878787878788
R0043_55037980,R0204_55005925,0.4090909090909091
R0043_55037980,R0204_55032685,0.4090909090909091
R0043_55037980,R0204_55035156,0.4090909090909091
R0043_55037980,R0204_55022352,0.4090909090909091
R0043_55037980,R0204_55004131,0.4090909090909091
R0043_55037980,R0207_55036375,0.3939393939393939
R0043_55037980,R0207_55032672,0.3939393939393939
R0043_55037980,R0207_55032673,0.3939393939393939
R0043_55037980,R0290_55038074,0.3939393939393939
R0043_55037980,R0290_55041439,0.3939393939393939
R0043_55037980,R0290_55041442,0.3939393939393939
R0043_55037980,R0290_55041438,0.3939393939393939
R0043_55037980,R0290_55041440,0.3939393939393939
R0043_55037980,R0290_55041441,0.3939393939393939
R0043_55037980,R0290_55030423,0.3939393939393939
R0043_55037980,R0290_55039755,0.3939393939393939
R0043_55037980,R0290_55026840,0.3939393939393939
R0043_55037980,R0290_55038681,0.3939393939393939
R0043_55037980,R0290_55033209,0.3939393939393939
R0043_55037980,R0290_55043722,0.3939393939393939
R0043_55037980,R0377_55039577,0.4090909090909091
R0043_55037980,R0377_55032663,0.4090909090909091
R0043_55037980,R0377_55036003,0.4090909090909091
R0043_55037980,R0377_55036004,0.4090909090909091
R0043_55037980,R0377_55036006,0.4090909090909091
R0043_55037980,R0377_55036007,0.4090909090909091
R0043_55037980,R0377_55036008,0.4090909090909091
R0043_55037980,R0377_55036009,0.4090909090909091
R0043_55037980,R0377_55043375,0.4090909090909091
R0043_55037980,R0377_55032655,0.4090909090909091
R0043_55037980,R0377_55034860,0.4090909090909091
R0043_55037980,R0377_55042881,0.4090909090909091
R0043_55037980,R0377_55033035,0.4090909090909091
R0043_55037980,R0377_55044076,0.4090909090909091
R0043_55037980,R0377_55036698,0.4090909090909091
R0043_55037980,R0377_55032664,0.4090909090909091
R0043_55037980,R0377_55038331,0.4090909090909091
R0043_55037980,R0377_55041814,0.4090909090909091
R0043_55037980,R0377_55041025,0.4090909090909091
R0043_55037980,R0377_55039651,0.4090909090909091
R0043_55037980,R0377_55044100,0.4090909090909091
R0043_55037980,R0377_55026719,0.4090909090909091
R0043_55037979,R0002_55043311,0.30303030303030304
R0043_55037979,R0002_55036002,0.30303030303030304
R0043_55037979,R0002_55015378,0.30303030303030304
R0043_55037979,R0002_55032731,0.30303030303030304
R0043_55037979,R0002_55025944,0.30303030303030304
R0043_55037979,R0002_55024341,0.30303030303030304
R0043_55037979,R0002_55041509,0.30303030303030304
R0043_55037979,R0002_55036059,0.30303030303030304
R0043_55037979,R0002_55037787,0.30303030303030304
R0043_55037979,R0002_55039851,0.30303030303030304
R0043_55037979,R0002_55032782,0.30303030303030304
R0043_55037979,R0002_55036171,0.30303030303030304
R0043_55037979,R0002_55035505,0.30303030303030304
R0043_55037979,R0002_55011002,0.30303030303030304
R0043_55037979,R0002_55031467,0.30303030303030304
R0043_55037979,R0002_55028991,0.30303030303030304
R0043_55037979,R0002_55027831,0.30303030303030304
R0043_55037979,R0002_55038839,0.30303030303030304
R0043_55037979,R0002_55019960,0.30303030303030304
R0043_55037979,R0002_55033035,0.30303030303030304
R0043_55037979,R0002_55006197,0.30303030303030304
R0043_55037979,R0002_55036505,0.30303030303030304
R0043_55037979,R0002_55044076,0.30303030303030304
R0043_55037979,R0002_55036050,0.30303030303030304
R0043_55037979,R0002_55037530,0.30303030303030304
R0043_55037979,R0002_55040793,0.30303030303030304
R0043_55037979,R0002_55043136,0.30303030303030304
R0043_55037979,R0002_55014421,0.30303030303030304
R0043_55037979,R0002_55003518,0.30303030303030304
R0043_55037979,R0002_55027319,0.30303030303030304
R0043_55037979,R0002_55035727,0.30303030303030304
R0043_55037979,R0002_55032858,0.30303030303030304
R0043_55037979,R0002_55029026,0.30303030303030304
R0043_55037979,R0002_55039889,0.30303030303030304
R0043_55037979,R0002_55041025,0.30303030303030304
R0043_55037979,R0002_55041833,0.30303030303030304
R0043_55037979,R0002_55031084,0.30303030303030304
R0043_55037979,R0002_55030125,0.30303030303030304
R0043_55037979,R0002_55011220,0.30303030303030304
R0043_55037979,R0002_55043779,0.30303030303030304
R0043_55037979,R0002_55026664,0.30303030303030304
R0043_55037979,R0002_55037878,0.30303030303030304
R0043_55037979,R0002_55043901,0.30303030303030304
R0043_55037979,R0002_55037718,0.30303030303030304
R0043_55037979,R0002_55042075,0.30303030303030304
R0043_55037979,R0002_55031358,0.30303030303030304
R0043_55037979,R0002_55025080,0.30303030303030304
R0043_55037979,R0002_55037283,0.30303030303030304
R0043_55037979,R0002_55019387,0.30303030303030304
R0043_55037979,R0043_55035478,1.0
R0043_55037979,R0043_55032756,1.0
R0043_55037979,R0043_55039677,1.0
R0043_55037979,R0043_55039678,1.0
R0043_55037979,R0043_55029067,1.0
R0043_55037979,R0043_55036252,1.0
R0043_55037979,R0043_55034675,1.0
R0043_55037979,R0043_55031083,1.0
R0043_55037979,R0043_55036209,1.0
R0043_55037979,R0043_55035181,1.0
R0043_55037979,R0043_55032758,1.0
R0043_55037979,R0043_55039681,1.0
R0043_55037979,R0043_55039682,1.0
R0043_55037979,R0043_55039683,1.0
R0043_55037979,R0043_55039684,1.0
R0043_55037979,R0043_55032632,1.0
R0043_55037979,R0043_55021537,1.0
R0043_55037979,R0043_55041926,1.0
R0043_55037979,R0043_55029012,1.0
R0043_55037979,R0043_55034882,1.0
R0043_55037979,R0043_55039679,1.0
R0043_55037979,R0043_55032862,1.0
R0043_55037979,R0043_55032759,1.0
R0043_55037979,R0043_55037980,1.0
R0043_55037979,R0043_55027552,1.0
R0043_55037979,R0043_55034879,1.0
R0043_55037979,R0043_55032908,1.0
R0043_55037979,R0043_55039686,1.0
R0043_55037979,R0043_55032863,1.0
R0043_55037979,R0043_55009127,1.0
R0043_55037979,R0043_55036250,1.0
R0043_55037979,R0043_55034880,1.0
R0043_55037979,R0043_55032860,1.0
R0043_55037979,R0043_55029506,1.0
R0043_55037979,R0043_55031288,1.0
R0043_55037979,R0043_55036124,1.0
R0043_55037979,R0043_55039830,1.0
R0043_55037979,R0043_55034325,1.0
R0043_55037979,R0043_55039829,1.0
R0043_55037979,R0043_55031080,1.0
R0043_55037979,R0043_55031077,1.0
R0043_55037979,R0043_55017366,1.0
R0043_55037979,R0043_55034335,1.0
R0043_55037979,R0043_55031005,1.0
R0043_55037979,R0055_55007584,0.3787878787878788
R0043_55037979,R0055_55007583,0.3787878787878788
R0043_55037979,R0204_55005925,0.4090909090909091
R0043_55037979,R0204_55032685,0.4090909090909091
R0043_55037979,R0204_55035156,0.4090909090909091
R0043_55037979,R0204_55022352,0.4090909090909091
R0043_55037979,R0204_55004131,0.4090909090909091
R0043_55037979,R0207_55036375,0.3939393939393939
R0043_55037979,R0207_55032672,0.3939393939393939
R0043_55037979,R0207_55032673,0.3939393939393939
R0043_55037979,R0290_55038074,0.3939393939393939
R0043_55037979,R0290_55041439,0.3939393939393939
R0043_55037979,R0290_55041442,0.3939393939393939
R0043_55037979,R0290_55041438,0.3939393939393939
R0043_55037979,R0290_55041440,0.3939393939393939
R0043_55037979,R0290_55041441,0.3939393939393939
R0043_55037979,R0290_55030423,0.3939393939393939
R0043_55037979,R0290_55039755,0.3939393939393939
R0043_55037979,R0290_55026840,0.3939393939393939
R0043_55037979,R0290_55038681,0.3939393939393939
R0043_55037979,R0290_55033209,0.3939393939393939
R0043_55037979,R0290_55043722,0.3939393939393939
R0043_55037979,R0377_55039577,0.4090909090909091
R0043_55037979,R0377_55032663,0.4090909090909091
R0043_55037979,R0377_55036003,0.4090909090909091
R0043_55037979,R0377_55036004,0.4090909090909091
R0043_55037979,R0377_55036006,0.4090909090909091
R0043_55037979,R0377_55036007,0.4090909090909091
R0043_55037979,R0377_55036008,0.4090909090909091
R0043_55037979,R0377_55036009,0.4090909090909091
R0043_55037979,R0377_55043375,0.4090909090909091
R0043_55037979,R0377_55032655,0.4090909090909091
R0043_55037979,R0377_55034860,0.4090909090909091
R0043_55037979,R0377_55042881,0.4090909090909091
R0043_55037979,R0377_55033035,0.4090909090909091
R0043_55037979,R0377_55044076,0.4090909090909091
R0043_55037979,R0377_55036698,0.4090909090909091
R0043_55037979,R0377_55032664,0.4090909090909091
R0043_55037979,R0377_55038331,0.4090909090909091
R0043_55037979,R0377_55041814,0.4090909090909091
R0043_55037979,R0377_55041025,0.4090909090909091
R0043_55037979,R0377_55039651,0.4090909090909091
R0043_55037979,R0377_55044100,0.4090909090909091
R0043_55037979,R0377_55026719,0.4090909090909091
R0043_55027552,R0002_55043311,0.30303030303030304
R0043_55027552,R0002_55036002,0.30303030303030304
R0043_55027552,R0002_55015378,0.30303030303030304
R0043_55027552,R0002_55032731,0.30303030303030304
R0043_55027552,R0002_55025944,0.30303030303030304
R0043_55027552,R0002_55024341,0.30303030303030304
R0043_55027552,R0002_55041509,0.30303030303030304
R0043_55027552,R0002_55036059,0.30303030303030304
R0043_55027552,R0002_55037787,0.30303030303030304
R0043_55027552,R0002_55039851,0.30303030303030304
R0043_55027552,R0002_55032782,0.30303030303030304
R0043_55027552,R0002_55036171,0.30303030303030304
R0043_55027552,R0002_55035505,0.30303030303030304
R0043_55027552,R0002_55011002,0.30303030303030304
R0043_55027552,R0002_55031467,0.30303030303030304
R0043_55027552,R0002_55028991,0.30303030303030304
R0043_55027552,R0002_55027831,0.30303030303030304
R0043_55027552,R0002_55038839,0.30303030303030304
R0043_55027552,R0002_55019960,0.30303030303030304
R0043_55027552,R0002_55033035,0.30303030303030304
R0043_55027552,R0002_55006197,0.30303030303030304
R0043_55027552,R0002_55036505,0.30303030303030304
R0043_55027552,R0002_55044076,0.30303030303030304
R0043_55027552,R0002_55036050,0.30303030303030304
R0043_55027552,R0002_55037530,0.30303030303030304
R0043_55027552,R0002_55040793,0.30303030303030304
R0043_55027552,R0002_55043136,0.30303030303030304
R0043_55027552,R0002_55014421,0.30303030303030304
R0043_55027552,R0002_55003518,0.30303030303030304
R0043_55027552,R0002_55027319,0.30303030303030304
R0043_55027552,R0002_55035727,0.30303030303030304
R0043_55027552,R0002_55032858,0.30303030303030304
R0043_55027552,R0002_55029026,0.30303030303030304
R0043_55027552,R0002_55039889,0.30303030303030304
R0043_55027552,R0002_55041025,0.30303030303030304
R0043_55027552,R0002_55041833,0.30303030303030304
R0043_55027552,R0002_55031084,0.30303030303030304
R0043_55027552,R0002_55030125,0.30303030303030304
R0043_55027552,R0002_55011220,0.30303030303030304
R0043_55027552,R0002_55043779,0.30303030303030304
R0043_55027552,R0002_55026664,0.30303030303030304
R0043_55027552,R0002_55037878,0.30303030303030304
R0043_55027552,R0002_55043901,0.30303030303030304
R0043_55027552,R0002_55037718,0.30303030303030304
R0043_55027552,R0002_55042075,0.30303030303030304
R0043_55027552,R0002_55031358,0.30303030303030304
R0043_55027552,R0002_55025080,0.30303030303030304
R0043_55027552,R0002_55037283,0.30303030303030304
R0043_55027552,R0002_55019387,0.30303030303030304
R0043_55027552,R0043_55035478,1.0
R0043_55027552,R0043_55032756,1.0
R0043_55027552,R0043_55039677,1.0
R0043_55027552,R0043_55039678,1.0
R0043_55027552,R0043_55029067,1.0
R0043_55027552,R0043_55036252,1.0
R0043_55027552,R0043_55034675,1.0
R0043_55027552,R0043_55031083,1.0
R0043_55027552,R0043_55036209,1.0
R0043_55027552,R0043_55035181,1.0
R0043_55027552,R0043_55032758,1.0
R0043_55027552,R0043_55039681,1.0
R0043_55027552,R0043_55039682,1.0
R0043_55027552,R0043_55039683,1.0
R0043_55027552,R0043_55039684,1.0
R0043_55027552,R0043_55032632,1.0
R0043_55027552,R0043_55021537,1.0
R0043_55027552,R0043_55041926,1.0
R0043_55027552,R0043_55029012,1.0
R0043_55027552,R0043_55034882,1.0
R0043_55027552,R0043_55039679,1.0
R0043_55027552,R0043_55032862,1.0
R0043_55027552,R0043_55032759,1.0
R0043_55027552,R0043_55037980,1.0
R0043_55027552,R0043_55037979,1.0
R0043_55027552,R0043_55034879,1.0
R0043_55027552,R0043_55032908,1.0
R0043_55027552,R0043_55039686,1.0
R0043_55027552,R0043_55032863,1.0
R0043_55027552,R0043_55009127,1.0
R0043_55027552,R0043_55036250,1.0
R0043_55027552,R0043_55034880,1.0
R0043_55027552,R0043_55032860,1.0
R0043_55027552,R0043_55029506,1.0
R0043_55027552,R0043_55031288,1.0
R0043_55027552,R0043_55036124,1.0
R0043_55027552,R0043_55039830,1.0
R0043_55027552,R0043_55034325,1.0
R0043_55027552,R0043_55039829,1.0
R0043_55027552,R0043_55031080,1.0
R0043_55027552,R0043_55031077,1.0
R0043_55027552,R0043_55017366,1.0
R0043_55027552,R0043_55034335,1.0
R0043_55027552,R0043_55031005,1.0
R0043_55027552,R0055_55007584,0.3787878787878788
R0043_55027552,R0055_55007583,0.3787878787878788
R0043_55027552,R0204_55005925,0.4090909090909091
R0043_55027552,R0204_55032685,0.4090909090909091
R0043_55027552,R0204_55035156,0.4090909090909091
R0043_55027552,R0204_55022352,0.4090909090909091
R0043_55027552,R0204_55004131,0.4090909090909091
R0043_55027552,R0207_55036375,0.3939393939393939
R0043_55027552,R0207_55032672,0.3939393939393939
R0043_55027552,R0207_55032673,0.3939393939393939
R0043_55027552,R0290_55038074,0.3939393939393939
R0043_55027552,R0290_55041439,0.3939393939393939
R0043_55027552,R0290_55041442,0.3939393939393939
R0043_55027552,R0290_55041438,0.3939393939393939
R0043_55027552,R0290_55041440,0.3939393939393939
R0043_55027552,R0290_55041441,0.3939393939393939
R0043_55027552,R0290_55030423,0.3939393939393939
R0043_55027552,R0290_55039755,0.3939393939393939
R0043_55027552,R0290_55026840,0.3939393939393939
R0043_55027552,R0290_55038681,0.3939393939393939
R0043_55027552,R0290_55033209,0.3939393939393939
R0043_55027552,R0290_55043722,0.3939393939393939
R0043_55027552,R0377_55039577,0.4090909090909091
R0043_55027552,R0377_55032663,0.4090909090909091
R0043_55027552,R0377_55036003,0.4090909090909091
R0043_55027552,R0377_55036004,0.4090909090909091
R0043_55027552,R0377_55036006,0.4090909090909091
R0043_55027552,R0377_55036007,0.4090909090909091
R0043_55027552,R0377_55036008,0.4090909090909091
R0043_55027552,R0377_55036009,0.4090909090909091
R0043_55027552,R0377_55043375,0.4090909090909091
R0043_55027552,R0377_55032655,0.4090909090909091
R0043_55027552,R0377_55034860,0.4090909090909091
R0043_55027552,R0377_55042881,0.4090909090909091
R0043_55027552,R0377_55033035,0.4090909090909091
R0043_55027552,R0377_55044076,0.4090909090909091
R0043_55027552,R0377_55036698,0.4090909090909091
R0043_55027552,R0377_55032664,0.4090909090909091
R0043_55027552,R0377_55038331,0.4090909090909091
R0043_55027552,R0377_55041814,0.4090909090909091
R0043_55027552,R0377_55041025,0.4090909090909091
R0043_55027552,R0377_55039651,0.4090909090909091
R0043_55027552,R0377_55044100,0.4090909090909091
R0043_55027552,R0377_55026719,0.4090909090909091
R0043_55034879,R0002_55043311,0.30303030303030304
R0043_55034879,R0002_55036002,0.30303030303030304
R0043_55034879,R0002_55015378,0.30303030303030304
R0043_55034879,R0002_55032731,0.30303030303030304
R0043_55034879,R0002_55025944,0.30303030303030304
R0043_55034879,R0002_55024341,0.30303030303030304
R0043_55034879,R0002_55041509,0.30303030303030304
R0043_55034879,R0002_55036059,0.30303030303030304
R0043_55034879,R0002_55037787,0.30303030303030304
R0043_55034879,R0002_55039851,0.30303030303030304
R0043_55034879,R0002_55032782,0.30303030303030304
R0043_55034879,R0002_55036171,0.30303030303030304
R0043_55034879,R0002_55035505,0.30303030303030304
R0043_55034879,R0002_55011002,0.30303030303030304
R0043_55034879,R0002_55031467,0.30303030303030304
R0043_55034879,R0002_55028991,0.30303030303030304
R0043_55034879,R0002_55027831,0.30303030303030304
R0043_55034879,R0002_55038839,0.30303030303030304
R0043_55034879,R0002_55019960,0.30303030303030304
R0043_55034879,R0002_55033035,0.30303030303030304
R0043_55034879,R0002_55006197,0.30303030303030304
R0043_55034879,R0002_55036505,0.30303030303030304
R0043_55034879,R0002_55044076,0.30303030303030304
R0043_55034879,R0002_55036050,0.30303030303030304
R0043_55034879,R0002_55037530,0.30303030303030304
R0043_55034879,R0002_55040793,0.30303030303030304
R0043_55034879,R0002_55043136,0.30303030303030304
R0043_55034879,R0002_55014421,0.30303030303030304
R0043_55034879,R0002_55003518,0.30303030303030304
R0043_55034879,R0002_55027319,0.30303030303030304
R0043_55034879,R0002_55035727,0.30303030303030304
R0043_55034879,R0002_55032858,0.30303030303030304
R0043_55034879,R0002_55029026,0.30303030303030304
R0043_55034879,R0002_55039889,0.30303030303030304
R0043_55034879,R0002_55041025,0.30303030303030304
R0043_55034879,R0002_55041833,0.30303030303030304
R0043_55034879,R0002_55031084,0.30303030303030304
R0043_55034879,R0002_55030125,0.30303030303030304
R0043_55034879,R0002_55011220,0.30303030303030304
R0043_55034879,R0002_55043779,0.30303030303030304
R0043_55034879,R0002_55026664,0.30303030303030304
R0043_55034879,R0002_55037878,0.30303030303030304
R0043_55034879,R0002_55043901,0.30303030303030304
R0043_55034879,R0002_55037718,0.30303030303030304
R0043_55034879,R0002_55042075,0.30303030303030304
R0043_55034879,R0002_55031358,0.30303030303030304
R0043_55034879,R0002_55025080,0.30303030303030304
R0043_55034879,R0002_55037283,0.30303030303030304
R0043_55034879,R0002_55019387,0.30303030303030304
R0043_55034879,R0043_55035478,1.0
R0043_55034879,R0043_55032756,1.0
R0043_55034879,R0043_55039677,1.0
R0043_55034879,R0043_55039678,1.0
R0043_55034879,R0043_55029067,1.0
R0043_55034879,R0043_55036252,1.0
R0043_55034879,R0043_55034675,1.0
R0043_55034879,R0043_55031083,1.0
R0043_55034879,R0043_55036209,1.0
R0043_55034879,R0043_55035181,1.0
R0043_55034879,R0043_55032758,1.0
R0043_55034879,R0043_55039681,1.0
R0043_55034879,R0043_55039682,1.0
R0043_55034879,R0043_55039683,1.0
R0043_55034879,R0043_55039684,1.0
R0043_55034879,R0043_55032632,1.0
R0043_55034879,R0043_55021537,1.0
R0043_55034879,R0043_55041926,1.0
R0043_55034879,R0043_55029012,1.0
R0043_55034879,R0043_55034882,1.0
R0043_55034879,R0043_55039679,1.0
R0043_55034879,R0043_55032862,1.0
R0043_55034879,R0043_55032759,1.0
R0043_55034879,R0043_55037980,1.0
R0043_55034879,R0043_55037979,1.0
R0043_55034879,R0043_55027552,1.0
R0043_55034879,R0043_55032908,1.0
R0043_55034879,R0043_55039686,1.0
R0043_55034879,R0043_55032863,1.0
R0043_55034879,R0043_55009127,1.0
R0043_55034879,R0043_55036250,1.0
R0043_55034879,R0043_55034880,1.0
R0043_55034879,R0043_55032860,1.0
R0043_55034879,R0043_55029506,1.0
R0043_55034879,R0043_55031288,1.0
R0043_55034879,R0043_55036124,1.0
R0043_55034879,R0043_55039830,1.0
R0043_55034879,R0043_55034325,1.0
R0043_55034879,R0043_55039829,1.0
R0043_55034879,R0043_55031080,1.0
R0043_55034879,R0043_55031077,1.0
R0043_55034879,R0043_55017366,1.0
R0043_55034879,R0043_55034335,1.0
R0043_55034879,R0043_55031005,1.0
R0043_55034879,R0055_55007584,0.3787878787878788
R0043_55034879,R0055_55007583,0.3787878787878788
R0043_55034879,R0204_55005925,0.4090909090909091
R0043_55034879,R0204_55032685,0.4090909090909091
R0043_55034879,R0204_55035156,0.4090909090909091
R0043_55034879,R0204_55022352,0.4090909090909091
R0043_55034879,R0204_55004131,0.4090909090909091
R0043_55034879,R0207_55036375,0.3939393939393939
R0043_55034879,R0207_55032672,0.3939393939393939
R0043_55034879,R0207_55032673,0.3939393939393939
R0043_55034879,R0290_55038074,0.3939393939393939
R0043_55034879,R0290_55041439,0.3939393939393939
R0043_55034879,R0290_55041442,0.3939393939393939
R0043_55034879,R0290_55041438,0.3939393939393939
R0043_55034879,R0290_55041440,0.3939393939393939
R0043_55034879,R0290_55041441,0.3939393939393939
R0043_55034879,R0290_55030423,0.3939393939393939
R0043_55034879,R0290_55039755,0.3939393939393939
R0043_55034879,R0290_55026840,0.3939393939393939
R0043_55034879,R0290_55038681,0.3939393939393939
R0043_55034879,R0290_55033209,0.3939393939393939
R0043_55034879,R0290_55043722,0.3939393939393939
R0043_55034879,R0377_55039577,0.4090909090909091
R0043_55034879,R0377_55032663,0.4090909090909091
R0043_55034879,R0377_55036003,0.4090909090909091
R0043_55034879,R0377_55036004,0.4090909090909091
R0043_55034879,R0377_55036006,0.4090909090909091
R0043_55034879,R0377_55036007,0.4090909090909091
R0043_55034879,R0377_55036008,0.4090909090909091
R0043_55034879,R0377_55036009,0.4090909090909091
R0043_55034879,R0377_55043375,0.4090909090909091
R0043_55034879,R0377_55032655,0.4090909090909091
R0043_55034879,R0377_55034860,0.4090909090909091
R0043_55034879,R0377_55042881,0.4090909090909091
R0043_55034879,R0377_55033035,0.4090909090909091
R0043_55034879,R0377_55044076,0.4090909090909091
R0043_55034879,R0377_55036698,0.4090909090909091
R0043_55034879,R0377_55032664,0.4090909090909091
R0043_55034879,R0377_55038331,0.4090909090909091
R0043_55034879,R0377_55041814,0.4090909090909091
R0043_55034879,R0377_55041025,0.4090909090909091
R0043_55034879,R0377_55039651,0.4090909090909091
R0043_55034879,R0377_55044100,0.4090909090909091
R0043_55034879,R0377_55026719,0.4090909090909091
R0043_55032908,R0002_55043311,0.30303030303030304
R0043_55032908,R0002_55036002,0.30303030303030304
R0043_55032908,R0002_55015378,0.30303030303030304
R0043_55032908,R0002_55032731,0.30303030303030304
R0043_55032908,R0002_55025944,0.30303030303030304
R0043_55032908,R0002_55024341,0.30303030303030304
R0043_55032908,R0002_55041509,0.30303030303030304
R0043_55032908,R0002_55036059,0.30303030303030304
R0043_55032908,R0002_55037787,0.30303030303030304
R0043_55032908,R0002_55039851,0.30303030303030304
R0043_55032908,R0002_55032782,0.30303030303030304
R0043_55032908,R0002_55036171,0.30303030303030304
R0043_55032908,R0002_55035505,0.30303030303030304
R0043_55032908,R0002_55011002,0.30303030303030304
R0043_55032908,R0002_55031467,0.30303030303030304
R0043_55032908,R0002_55028991,0.30303030303030304
R0043_55032908,R0002_55027831,0.30303030303030304
R0043_55032908,R0002_55038839,0.30303030303030304
R0043_55032908,R0002_55019960,0.30303030303030304
R0043_55032908,R0002_55033035,0.30303030303030304
R0043_55032908,R0002_55006197,0.30303030303030304
R0043_55032908,R0002_55036505,0.30303030303030304
R0043_55032908,R0002_55044076,0.30303030303030304
R0043_55032908,R0002_55036050,0.30303030303030304
R0043_55032908,R0002_55037530,0.30303030303030304
R0043_55032908,R0002_55040793,0.30303030303030304
R0043_55032908,R0002_55043136,0.30303030303030304
R0043_55032908,R0002_55014421,0.30303030303030304
R0043_55032908,R0002_55003518,0.30303030303030304
R0043_55032908,R0002_55027319,0.30303030303030304
R0043_55032908,R0002_55035727,0.30303030303030304
R0043_55032908,R0002_55032858,0.30303030303030304
R0043_55032908,R0002_55029026,0.30303030303030304
R0043_55032908,R0002_55039889,0.30303030303030304
R0043_55032908,R0002_55041025,0.30303030303030304
R0043_55032908,R0002_55041833,0.30303030303030304
R0043_55032908,R0002_55031084,0.30303030303030304
R0043_55032908,R0002_55030125,0.30303030303030304
R0043_55032908,R0002_55011220,0.30303030303030304
R0043_55032908,R0002_55043779,0.30303030303030304
R0043_55032908,R0002_55026664,0.30303030303030304
R0043_55032908,R0002_55037878,0.30303030303030304
R0043_55032908,R0002_55043901,0.30303030303030304
R0043_55032908,R0002_55037718,0.30303030303030304
R0043_55032908,R0002_55042075,0.30303030303030304
R0043_55032908,R0002_55031358,0.30303030303030304
R0043_55032908,R0002_55025080,0.30303030303030304
R0043_55032908,R0002_55037283,0.30303030303030304
R0043_55032908,R0002_55019387,0.30303030303030304
R0043_55032908,R0043_55035478,1.0
R0043_55032908,R0043_55032756,1.0
R0043_55032908,R0043_55039677,1.0
R0043_55032908,R0043_55039678,1.0
R0043_55032908,R0043_55029067,1.0
R0043_55032908,R0043_55036252,1.0
R0043_55032908,R0043_55034675,1.0
R0043_55032908,R0043_55031083,1.0
R0043_55032908,R0043_55036209,1.0
R0043_55032908,R0043_55035181,1.0
R0043_55032908,R0043_55032758,1.0
R0043_55032908,R0043_55039681,1.0
R0043_55032908,R0043_55039682,1.0
R0043_55032908,R0043_55039683,1.0
R0043_55032908,R0043_55039684,1.0
R0043_55032908,R0043_55032632,1.0
R0043_55032908,R0043_55021537,1.0
R0043_55032908,R0043_55041926,1.0
R0043_55032908,R0043_55029012,1.0
R0043_55032908,R0043_55034882,1.0
R0043_55032908,R0043_55039679,1.0
R0043_55032908,R0043_55032862,1.0
R0043_55032908,R0043_55032759,1.0
R0043_55032908,R0043_55037980,1.0
R0043_55032908,R0043_55037979,1.0
R0043_55032908,R0043_55027552,1.0
R0043_55032908,R0043_55034879,1.0
R0043_55032908,R0043_55039686,1.0
R0043_55032908,R0043_55032863,1.0
R0043_55032908,R0043_55009127,1.0
R0043_55032908,R0043_55036250,1.0
R0043_55032908,R0043_55034880,1.0
R0043_55032908,R0043_55032860,1.0
R0043_55032908,R0043_55029506,1.0
R0043_55032908,R0043_55031288,1.0
R0043_55032908,R0043_55036124,1.0
R0043_55032908,R0043_55039830,1.0
R0043_55032908,R0043_55034325,1.0
R0043_55032908,R0043_55039829,1.0
R0043_55032908,R0043_55031080,1.0
R0043_55032908,R0043_55031077,1.0
R0043_55032908,R0043_55017366,1.0
R0043_55032908,R0043_55034335,1.0
R0043_55032908,R0043_55031005,1.0
R0043_55032908,R0055_55007584,0.3787878787878788
R0043_55032908,R0055_55007583,0.3787878787878788
R0043_55032908,R0204_55005925,0.4090909090909091
R0043_55032908,R0204_55032685,0.4090909090909091
R0043_55032908,R0204_55035156,0.4090909090909091
R0043_55032908,R0204_55022352,0.4090909090909091
R0043_55032908,R0204_55004131,0.4090909090909091
R0043_55032908,R0207_55036375,0.3939393939393939
R0043_55032908,R0207_55032672,0.3939393939393939
R0043_55032908,R0207_55032673,0.3939393939393939
R0043_55032908,R0290_55038074,0.3939393939393939
R0043_55032908,R0290_55041439,0.3939393939393939
R0043_55032908,R0290_55041442,0.3939393939393939
R0043_55032908,R0290_55041438,0.3939393939393939
R0043_55032908,R0290_55041440,0.3939393939393939
R0043_55032908,R0290_55041441,0.3939393939393939
R0043_55032908,R0290_55030423,0.3939393939393939
R0043_55032908,R0290_55039755,0.3939393939393939
R0043_55032908,R0290_55026840,0.3939393939393939
R0043_55032908,R0290_55038681,0.3939393939393939
R0043_55032908,R0290_55033209,0.3939393939393939
R0043_55032908,R0290_55043722,0.3939393939393939
R0043_55032908,R0377_55039577,0.4090909090909091
R0043_55032908,R0377_55032663,0.4090909090909091
R0043_55032908,R0377_55036003,0.4090909090909091
R0043_55032908,R0377_55036004,0.4090909090909091
R0043_55032908,R0377_55036006,0.4090909090909091
R0043_55032908,R0377_55036007,0.4090909090909091
R0043_55032908,R0377_55036008,0.4090909090909091
R0043_55032908,R0377_55036009,0.4090909090909091
R0043_55032908,R0377_55043375,0.4090909090909091
R0043_55032908,R0377_55032655,0.4090909090909091
R0043_55032908,R0377_55034860,0.4090909090909091
R0043_55032908,R0377_55042881,0.4090909090909091
R0043_55032908,R0377_55033035,0.4090909090909091
R0043_55032908,R0377_55044076,0.4090909090909091
R0043_55032908,R0377_55036698,0.4090909090909091
R0043_55032908,R0377_55032664,0.4090909090909091
R0043_55032908,R0377_55038331,0.4090909090909091
R0043_55032908,R0377_55041814,0.4090909090909091
R0043_55032908,R0377_55041025,0.4090909090909091
R0043_55032908,R0377_55039651,0.4090909090909091
R0043_55032908,R0377_55044100,0.4090909090909091
R0043_55032908,R0377_55026719,0.4090909090909091
R0043_55039686,R0002_55043311,0.30303030303030304
R0043_55039686,R0002_55036002,0.30303030303030304
R0043_55039686,R0002_55015378,0.30303030303030304
R0043_55039686,R0002_55032731,0.30303030303030304
R0043_55039686,R0002_55025944,0.30303030303030304
R0043_55039686,R0002_55024341,0.30303030303030304
R0043_55039686,R0002_55041509,0.30303030303030304
R0043_55039686,R0002_55036059,0.30303030303030304
R0043_55039686,R0002_55037787,0.30303030303030304
R0043_55039686,R0002_55039851,0.30303030303030304
R0043_55039686,R0002_55032782,0.30303030303030304
R0043_55039686,R0002_55036171,0.30303030303030304
R0043_55039686,R0002_55035505,0.30303030303030304
R0043_55039686,R0002_55011002,0.30303030303030304
R0043_55039686,R0002_55031467,0.30303030303030304
R0043_55039686,R0002_55028991,0.30303030303030304
R0043_55039686,R0002_55027831,0.30303030303030304
R0043_55039686,R0002_55038839,0.30303030303030304
R0043_55039686,R0002_55019960,0.30303030303030304
R0043_55039686,R0002_55033035,0.30303030303030304
R0043_55039686,R0002_55006197,0.30303030303030304
R0043_55039686,R0002_55036505,0.30303030303030304
R0043_55039686,R0002_55044076,0.30303030303030304
R0043_55039686,R0002_55036050,0.30303030303030304
R0043_55039686,R0002_55037530,0.30303030303030304
R0043_55039686,R0002_55040793,0.30303030303030304
R0043_55039686,R0002_55043136,0.30303030303030304
R0043_55039686,R0002_55014421,0.30303030303030304
R0043_55039686,R0002_55003518,0.30303030303030304
R0043_55039686,R0002_55027319,0.30303030303030304
R0043_55039686,R0002_55035727,0.30303030303030304
R0043_55039686,R0002_55032858,0.30303030303030304
R0043_55039686,R0002_55029026,0.30303030303030304
R0043_55039686,R0002_55039889,0.30303030303030304
R0043_55039686,R0002_55041025,0.30303030303030304
R0043_55039686,R0002_55041833,0.30303030303030304
R0043_55039686,R0002_55031084,0.30303030303030304
R0043_55039686,R0002_55030125,0.30303030303030304
R0043_55039686,R0002_55011220,0.30303030303030304
R0043_55039686,R0002_55043779,0.30303030303030304
R0043_55039686,R0002_55026664,0.30303030303030304
R0043_55039686,R0002_55037878,0.30303030303030304
R0043_55039686,R0002_55043901,0.30303030303030304
R0043_55039686,R0002_55037718,0.30303030303030304
R0043_55039686,R0002_55042075,0.30303030303030304
R0043_55039686,R0002_55031358,0.30303030303030304
R0043_55039686,R0002_55025080,0.30303030303030304
R0043_55039686,R0002_55037283,0.30303030303030304
R0043_55039686,R0002_55019387,0.30303030303030304
R0043_55039686,R0043_55035478,1.0
R0043_55039686,R0043_55032756,1.0
R0043_55039686,R0043_55039677,1.0
R0043_55039686,R0043_55039678,1.0
R0043_55039686,R0043_55029067,1.0
R0043_55039686,R0043_55036252,1.0
R0043_55039686,R0043_55034675,1.0
R0043_55039686,R0043_55031083,1.0
R0043_55039686,R0043_55036209,1.0
R0043_55039686,R0043_55035181,1.0
R0043_55039686,R0043_55032758,1.0
R0043_55039686,R0043_55039681,1.0
R0043_55039686,R0043_55039682,1.0
R0043_55039686,R0043_55039683,1.0
R0043_55039686,R0043_55039684,1.0
R0043_55039686,R0043_55032632,1.0
R0043_55039686,R0043_55021537,1.0
R0043_55039686,R0043_55041926,1.0
R0043_55039686,R0043_55029012,1.0
R0043_55039686,R0043_55034882,1.0
R0043_55039686,R0043_55039679,1.0
R0043_55039686,R0043_55032862,1.0
R0043_55039686,R0043_55032759,1.0
R0043_55039686,R0043_55037980,1.0
R0043_55039686,R0043_55037979,1.0
R0043_55039686,R0043_55027552,1.0
R0043_55039686,R0043_55034879,1.0
R0043_55039686,R0043_55032908,1.0
R0043_55039686,R0043_55032863,1.0
R0043_55039686,R0043_55009127,1.0
R0043_55039686,R0043_55036250,1.0
R0043_55039686,R0043_55034880,1.0
R0043_55039686,R0043_55032860,1.0
R0043_55039686,R0043_55029506,1.0
R0043_55039686,R0043_55031288,1.0
R0043_55039686,R0043_55036124,1.0
R0043_55039686,R0043_55039830,1.0
R0043_55039686,R0043_55034325,1.0
R0043_55039686,R0043_55039829,1.0
R0043_55039686,R0043_55031080,1.0
R0043_55039686,R0043_55031077,1.0
R0043_55039686,R0043_55017366,1.0
R0043_55039686,R0043_55034335,1.0
R0043_55039686,R0043_55031005,1.0
R0043_55039686,R0055_55007584,0.3787878787878788
R0043_55039686,R0055_55007583,0.3787878787878788
R0043_55039686,R0204_55005925,0.4090909090909091
R0043_55039686,R0204_55032685,0.4090909090909091
R0043_55039686,R0204_55035156,0.4090909090909091
R0043_55039686,R0204_55022352,0.4090909090909091
R0043_55039686,R0204_55004131,0.4090909090909091
R0043_55039686,R0207_55036375,0.3939393939393939
R0043_55039686,R0207_55032672,0.3939393939393939
R0043_55039686,R0207_55032673,0.3939393939393939
R0043_55039686,R0290_55038074,0.3939393939393939
R0043_55039686,R0290_55041439,0.3939393939393939
R0043_55039686,R0290_55041442,0.3939393939393939
R0043_55039686,R0290_55041438,0.3939393939393939
R0043_55039686,R0290_55041440,0.3939393939393939
R0043_55039686,R0290_55041441,0.3939393939393939
R0043_55039686,R0290_55030423,0.3939393939393939
R0043_55039686,R0290_55039755,0.3939393939393939
R0043_55039686,R0290_55026840,0.3939393939393939
R0043_55039686,R0290_55038681,0.3939393939393939
R0043_55039686,R0290_55033209,0.3939393939393939
R0043_55039686,R0290_55043722,0.3939393939393939
R0043_55039686,R0377_55039577,0.4090909090909091
R0043_55039686,R0377_55032663,0.4090909090909091
R0043_55039686,R0377_55036003,0.4090909090909091
R0043_55039686,R0377_55036004,0.4090909090909091
R0043_55039686,R0377_55036006,0.4090909090909091
R0043_55039686,R0377_55036007,0.4090909090909091
R0043_55039686,R0377_55036008,0.4090909090909091
R0043_55039686,R0377_55036009,0.4090909090909091
R0043_55039686,R0377_55043375,0.4090909090909091
R0043_55039686,R0377_55032655,0.4090909090909091
R0043_55039686,R0377_55034860,0.4090909090909091
R0043_55039686,R0377_55042881,0.4090909090909091
R0043_55039686,R0377_55033035,0.4090909090909091
R0043_55039686,R0377_55044076,0.4090909090909091
R0043_55039686,R0377_55036698,0.4090909090909091
R0043_55039686,R0377_55032664,0.4090909090909091
R0043_55039686,R0377_55038331,0.4090909090909091
R0043_55039686,R0377_55041814,0.4090909090909091
R0043_55039686,R0377_55041025,0.4090909090909091
R0043_55039686,R0377_55039651,0.4090909090909091
R0043_55039686,R0377_55044100,0.4090909090909091
R0043_55039686,R0377_55026719,0.4090909090909091
R0043_55032863,R0002_55043311,0.30303030303030304
R0043_55032863,R0002_55036002,0.30303030303030304
R0043_55032863,R0002_55015378,0.30303030303030304
R0043_55032863,R0002_55032731,0.30303030303030304
R0043_55032863,R0002_55025944,0.30303030303030304
R0043_55032863,R0002_55024341,0.30303030303030304
R0043_55032863,R0002_55041509,0.30303030303030304
R0043_55032863,R0002_55036059,0.30303030303030304
R0043_55032863,R0002_55037787,0.30303030303030304
R0043_55032863,R0002_55039851,0.30303030303030304
R0043_55032863,R0002_55032782,0.30303030303030304
R0043_55032863,R0002_55036171,0.30303030303030304
R0043_55032863,R0002_55035505,0.30303030303030304
R0043_55032863,R0002_55011002,0.30303030303030304
R0043_55032863,R0002_55031467,0.30303030303030304
R0043_55032863,R0002_55028991,0.30303030303030304
R0043_55032863,R0002_55027831,0.30303030303030304
R0043_55032863,R0002_55038839,0.30303030303030304
R0043_55032863,R0002_55019960,0.30303030303030304
R0043_55032863,R0002_55033035,0.30303030303030304
R0043_55032863,R0002_55006197,0.30303030303030304
R0043_55032863,R0002_55036505,0.30303030303030304
R0043_55032863,R0002_55044076,0.30303030303030304
R0043_55032863,R0002_55036050,0.30303030303030304
R0043_55032863,R0002_55037530,0.30303030303030304
R0043_55032863,R0002_55040793,0.30303030303030304
R0043_55032863,R0002_55043136,0.30303030303030304
R0043_55032863,R0002_55014421,0.30303030303030304
R0043_55032863,R0002_55003518,0.30303030303030304
R0043_55032863,R0002_55027319,0.30303030303030304
R0043_55032863,R0002_55035727,0.30303030303030304
R0043_55032863,R0002_55032858,0.30303030303030304
R0043_55032863,R0002_55029026,0.30303030303030304
R0043_55032863,R0002_55039889,0.30303030303030304
R0043_55032863,R0002_55041025,0.30303030303030304
R0043_55032863,R0002_55041833,0.30303030303030304
R0043_55032863,R0002_55031084,0.30303030303030304
R0043_55032863,R0002_55030125,0.30303030303030304
R0043_55032863,R0002_55011220,0.30303030303030304
R0043_55032863,R0002_55043779,0.30303030303030304
R0043_55032863,R0002_55026664,0.30303030303030304
R0043_55032863,R0002_55037878,0.30303030303030304
R0043_55032863,R0002_55043901,0.30303030303030304
R0043_55032863,R0002_55037718,0.30303030303030304
R0043_55032863,R0002_55042075,0.30303030303030304
R0043_55032863,R0002_55031358,0.30303030303030304
R0043_55032863,R0002_55025080,0.30303030303030304
R0043_55032863,R0002_55037283,0.30303030303030304
R0043_55032863,R0002_55019387,0.30303030303030304
R0043_55032863,R0043_55035478,1.0
R0043_55032863,R0043_55032756,1.0
R0043_55032863,R0043_55039677,1.0
R0043_55032863,R0043_55039678,1.0
R0043_55032863,R0043_55029067,1.0
R0043_55032863,R0043_55036252,1.0
R0043_55032863,R0043_55034675,1.0
R0043_55032863,R0043_55031083,1.0
R0043_55032863,R0043_55036209,1.0
R0043_55032863,R0043_55035181,1.0
R0043_55032863,R0043_55032758,1.0
R0043_55032863,R0043_55039681,1.0
R0043_55032863,R0043_55039682,1.0
R0043_55032863,R0043_55039683,1.0
R0043_55032863,R0043_55039684,1.0
R0043_55032863,R0043_55032632,1.0
R0043_55032863,R0043_55021537,1.0
R0043_55032863,R0043_55041926,1.0
R0043_55032863,R0043_55029012,1.0
R0043_55032863,R0043_55034882,1.0
R0043_55032863,R0043_55039679,1.0
R0043_55032863,R0043_55032862,1.0
R0043_55032863,R0043_55032759,1.0
R0043_55032863,R0043_55037980,1.0
R0043_55032863,R0043_55037979,1.0
R0043_55032863,R0043_55027552,1.0
R0043_55032863,R0043_55034879,1.0
R0043_55032863,R0043_55032908,1.0
R0043_55032863,R0043_55039686,1.0
R0043_55032863,R0043_55009127,1.0
R0043_55032863,R0043_55036250,1.0
R0043_55032863,R0043_55034880,1.0
R0043_55032863,R0043_55032860,1.0
R0043_55032863,R0043_55029506,1.0
R0043_55032863,R0043_55031288,1.0
R0043_55032863,R0043_55036124,1.0
R0043_55032863,R0043_55039830,1.0
R0043_55032863,R0043_55034325,1.0
R0043_55032863,R0043_55039829,1.0
R0043_55032863,R0043_55031080,1.0
R0043_55032863,R0043_55031077,1.0
R0043_55032863,R0043_55017366,1.0
R0043_55032863,R0043_55034335,1.0
R0043_55032863,R0043_55031005,1.0
R0043_55032863,R0055_55007584,0.3787878787878788
R0043_55032863,R0055_55007583,0.3787878787878788
R0043_55032863,R0204_55005925,0.4090909090909091
R0043_55032863,R0204_55032685,0.4090909090909091
R0043_55032863,R0204_55035156,0.4090909090909091
R0043_55032863,R0204_55022352,0.4090909090909091
R0043_55032863,R0204_55004131,0.4090909090909091
R0043_55032863,R0207_55036375,0.3939393939393939
R0043_55032863,R0207_55032672,0.3939393939393939
R0043_55032863,R0207_55032673,0.3939393939393939
R0043_55032863,R0290_55038074,0.3939393939393939
R0043_55032863,R0290_55041439,0.3939393939393939
R0043_55032863,R0290_55041442,0.3939393939393939
R0043_55032863,R0290_55041438,0.3939393939393939
R0043_55032863,R0290_55041440,0.3939393939393939
R0043_55032863,R0290_55041441,0.3939393939393939
R0043_55032863,R0290_55030423,0.3939393939393939
R0043_55032863,R0290_55039755,0.3939393939393939
R0043_55032863,R0290_55026840,0.3939393939393939
R0043_55032863,R0290_55038681,0.3939393939393939
R0043_55032863,R0290_55033209,0.3939393939393939
R0043_55032863,R0290_55043722,0.3939393939393939
R0043_55032863,R0377_55039577,0.4090909090909091
R0043_55032863,R0377_55032663,0.4090909090909091
R0043_55032863,R0377_55036003,0.4090909090909091
R0043_55032863,R0377_55036004,0.4090909090909091
R0043_55032863,R0377_55036006,0.4090909090909091
R0043_55032863,R0377_55036007,0.4090909090909091
R0043_55032863,R0377_55036008,0.4090909090909091
R0043_55032863,R0377_55036009,0.4090909090909091
R0043_55032863,R0377_55043375,0.4090909090909091
R0043_55032863,R0377_55032655,0.4090909090909091
R0043_55032863,R0377_55034860,0.4090909090909091
R0043_55032863,R0377_55042881,0.4090909090909091
R0043_55032863,R0377_55033035,0.4090909090909091
R0043_55032863,R0377_55044076,0.4090909090909091
R0043_55032863,R0377_55036698,0.4090909090909091
R0043_55032863,R0377_55032664,0.4090909090909091
R0043_55032863,R0377_55038331,0.4090909090909091
R0043_55032863,R0377_55041814,0.4090909090909091
R0043_55032863,R0377_55041025,0.4090909090909091
R0043_55032863,R0377_55039651,0.4090909090909091
R0043_55032863,R0377_55044100,0.4090909090909091
R0043_55032863,R0377_55026719,0.4090909090909091
R0043_55009127,R0002_55043311,0.30303030303030304
R0043_55009127,R0002_55036002,0.30303030303030304
R0043_55009127,R0002_55015378,0.30303030303030304
R0043_55009127,R0002_55032731,0.30303030303030304
R0043_55009127,R0002_55025944,0.30303030303030304
R0043_55009127,R0002_55024341,0.30303030303030304
R0043_55009127,R0002_55041509,0.30303030303030304
R0043_55009127,R0002_55036059,0.30303030303030304
R0043_55009127,R0002_55037787,0.30303030303030304
R0043_55009127,R0002_55039851,0.30303030303030304
R0043_55009127,R0002_55032782,0.30303030303030304
R0043_55009127,R0002_55036171,0.30303030303030304
R0043_55009127,R0002_55035505,0.30303030303030304
R0043_55009127,R0002_55011002,0.30303030303030304
R0043_55009127,R0002_55031467,0.30303030303030304
R0043_55009127,R0002_55028991,0.30303030303030304
R0043_55009127,R0002_55027831,0.30303030303030304
R0043_55009127,R0002_55038839,0.30303030303030304
R0043_55009127,R0002_55019960,0.30303030303030304
R0043_55009127,R0002_55033035,0.30303030303030304
R0043_55009127,R0002_55006197,0.30303030303030304
R0043_55009127,R0002_55036505,0.30303030303030304
R0043_55009127,R0002_55044076,0.30303030303030304
R0043_55009127,R0002_55036050,0.30303030303030304
R0043_55009127,R0002_55037530,0.30303030303030304
R0043_55009127,R0002_55040793,0.30303030303030304
R0043_55009127,R0002_55043136,0.30303030303030304
R0043_55009127,R0002_55014421,0.30303030303030304
R0043_55009127,R0002_55003518,0.30303030303030304
R0043_55009127,R0002_55027319,0.30303030303030304
R0043_55009127,R0002_55035727,0.30303030303030304
R0043_55009127,R0002_55032858,0.30303030303030304
R0043_55009127,R0002_55029026,0.30303030303030304
R0043_55009127,R0002_55039889,0.30303030303030304
R0043_55009127,R0002_55041025,0.30303030303030304
R0043_55009127,R0002_55041833,0.30303030303030304
R0043_55009127,R0002_55031084,0.30303030303030304
R0043_55009127,R0002_55030125,0.30303030303030304
R0043_55009127,R0002_55011220,0.30303030303030304
R0043_55009127,R0002_55043779,0.30303030303030304
R0043_55009127,R0002_55026664,0.30303030303030304
R0043_55009127,R0002_55037878,0.30303030303030304
R0043_55009127,R0002_55043901,0.30303030303030304
R0043_55009127,R0002_55037718,0.30303030303030304
R0043_55009127,R0002_55042075,0.30303030303030304
R0043_55009127,R0002_55031358,0.30303030303030304
R0043_55009127,R0002_55025080,0.30303030303030304
R0043_55009127,R0002_55037283,0.30303030303030304
R0043_55009127,R0002_55019387,0.30303030303030304
R0043_55009127,R0043_55035478,1.0
R0043_55009127,R0043_55032756,1.0
R0043_55009127,R0043_55039677,1.0
R0043_55009127,R0043_55039678,1.0
R0043_55009127,R0043_55029067,1.0
R0043_55009127,R0043_55036252,1.0
R0043_55009127,R0043_55034675,1.0
R0043_55009127,R0043_55031083,1.0
R0043_55009127,R0043_55036209,1.0
R0043_55009127,R0043_55035181,1.0
R0043_55009127,R0043_55032758,1.0
R0043_55009127,R0043_55039681,1.0
R0043_55009127,R0043_55039682,1.0
R0043_55009127,R0043_55039683,1.0
R0043_55009127,R0043_55039684,1.0
R0043_55009127,R0043_55032632,1.0
R0043_55009127,R0043_55021537,1.0
R0043_55009127,R0043_55041926,1.0
R0043_55009127,R0043_55029012,1.0
R0043_55009127,R0043_55034882,1.0
R0043_55009127,R0043_55039679,1.0
R0043_55009127,R0043_55032862,1.0
R0043_55009127,R0043_55032759,1.0
R0043_55009127,R0043_55037980,1.0
R0043_55009127,R0043_55037979,1.0
R0043_55009127,R0043_55027552,1.0
R0043_55009127,R0043_55034879,1.0
R0043_55009127,R0043_55032908,1.0
R0043_55009127,R0043_55039686,1.0
R0043_55009127,R0043_55032863,1.0
R0043_55009127,R0043_55036250,1.0
R0043_55009127,R0043_55034880,1.0
R0043_55009127,R0043_55032860,1.0
R0043_55009127,R0043_55029506,1.0
R0043_55009127,R0043_55031288,1.0
R0043_55009127,R0043_55036124,1.0
R0043_55009127,R0043_55039830,1.0
R0043_55009127,R0043_55034325,1.0
R0043_55009127,R0043_55039829,1.0
R0043_55009127,R0043_55031080,1.0
R0043_55009127,R0043_55031077,1.0
R0043_55009127,R0043_55017366,1.0
R0043_55009127,R0043_55034335,1.0
R0043_55009127,R0043_55031005,1.0
R0043_55009127,R0055_55007584,0.3787878787878788
R0043_55009127,R0055_55007583,0.3787878787878788
R0043_55009127,R0204_55005925,0.4090909090909091
R0043_55009127,R0204_55032685,0.4090909090909091
R0043_55009127,R0204_55035156,0.4090909090909091
R0043_55009127,R0204_55022352,0.4090909090909091
R0043_55009127,R0204_55004131,0.4090909090909091
R0043_55009127,R0207_55036375,0.3939393939393939
R0043_55009127,R0207_55032672,0.3939393939393939
R0043_55009127,R0207_55032673,0.3939393939393939
R0043_55009127,R0290_55038074,0.3939393939393939
R0043_55009127,R0290_55041439,0.3939393939393939
R0043_55009127,R0290_55041442,0.3939393939393939
R0043_55009127,R0290_55041438,0.3939393939393939
R0043_55009127,R0290_55041440,0.3939393939393939
R0043_55009127,R0290_55041441,0.3939393939393939
R0043_55009127,R0290_55030423,0.3939393939393939
R0043_55009127,R0290_55039755,0.3939393939393939
R0043_55009127,R0290_55026840,0.3939393939393939
R0043_55009127,R0290_55038681,0.3939393939393939
R0043_55009127,R0290_55033209,0.3939393939393939
R0043_55009127,R0290_55043722,0.3939393939393939
R0043_55009127,R0377_55039577,0.4090909090909091
R0043_55009127,R0377_55032663,0.4090909090909091
R0043_55009127,R0377_55036003,0.4090909090909091
R0043_55009127,R0377_55036004,0.4090909090909091
R0043_55009127,R0377_55036006,0.4090909090909091
R0043_55009127,R0377_55036007,0.4090909090909091
R0043_55009127,R0377_55036008,0.4090909090909091
R0043_55009127,R0377_55036009,0.4090909090909091
R0043_55009127,R0377_55043375,0.4090909090909091
R0043_55009127,R0377_55032655,0.4090909090909091
R0043_55009127,R0377_55034860,0.4090909090909091
R0043_55009127,R0377_55042881,0.4090909090909091
R0043_55009127,R0377_55033035,0.4090909090909091
R0043_55009127,R0377_55044076,0.4090909090909091
R0043_55009127,R0377_55036698,0.4090909090909091
R0043_55009127,R0377_55032664,0.4090909090909091
R0043_55009127,R0377_55038331,0.4090909090909091
R0043_55009127,R0377_55041814,0.4090909090909091
R0043_55009127,R0377_55041025,0.4090909090909091
R0043_55009127,R0377_55039651,0.4090909090909091
R0043_55009127,R0377_55044100,0.4090909090909091
R0043_55009127,R0377_55026719,0.4090909090909091
R0043_55036250,R0002_55043311,0.30303030303030304
R0043_55036250,R0002_55036002,0.30303030303030304
R0043_55036250,R0002_55015378,0.30303030303030304
R0043_55036250,R0002_55032731,0.30303030303030304
R0043_55036250,R0002_55025944,0.30303030303030304
R0043_55036250,R0002_55024341,0.30303030303030304
R0043_55036250,R0002_55041509,0.30303030303030304
R0043_55036250,R0002_55036059,0.30303030303030304
R0043_55036250,R0002_55037787,0.30303030303030304
R0043_55036250,R0002_55039851,0.30303030303030304
R0043_55036250,R0002_55032782,0.30303030303030304
R0043_55036250,R0002_55036171,0.30303030303030304
R0043_55036250,R0002_55035505,0.30303030303030304
R0043_55036250,R0002_55011002,0.30303030303030304
R0043_55036250,R0002_55031467,0.30303030303030304
R0043_55036250,R0002_55028991,0.30303030303030304
R0043_55036250,R0002_55027831,0.30303030303030304
R0043_55036250,R0002_55038839,0.30303030303030304
R0043_55036250,R0002_55019960,0.30303030303030304
R0043_55036250,R0002_55033035,0.30303030303030304
R0043_55036250,R0002_55006197,0.30303030303030304
R0043_55036250,R0002_55036505,0.30303030303030304
R0043_55036250,R0002_55044076,0.30303030303030304
R0043_55036250,R0002_55036050,0.30303030303030304
R0043_55036250,R0002_55037530,0.30303030303030304
R0043_55036250,R0002_55040793,0.30303030303030304
R0043_55036250,R0002_55043136,0.30303030303030304
R0043_55036250,R0002_55014421,0.30303030303030304
R0043_55036250,R0002_55003518,0.30303030303030304
R0043_55036250,R0002_55027319,0.30303030303030304
R0043_55036250,R0002_55035727,0.30303030303030304
R0043_55036250,R0002_55032858,0.30303030303030304
R0043_55036250,R0002_55029026,0.30303030303030304
R0043_55036250,R0002_55039889,0.30303030303030304
R0043_55036250,R0002_55041025,0.30303030303030304
R0043_55036250,R0002_55041833,0.30303030303030304
R0043_55036250,R0002_55031084,0.30303030303030304
R0043_55036250,R0002_55030125,0.30303030303030304
R0043_55036250,R0002_55011220,0.30303030303030304
R0043_55036250,R0002_55043779,0.30303030303030304
R0043_55036250,R0002_55026664,0.30303030303030304
R0043_55036250,R0002_55037878,0.30303030303030304
R0043_55036250,R0002_55043901,0.30303030303030304
R0043_55036250,R0002_55037718,0.30303030303030304
R0043_55036250,R0002_55042075,0.30303030303030304
R0043_55036250,R0002_55031358,0.30303030303030304
R0043_55036250,R0002_55025080,0.30303030303030304
R0043_55036250,R0002_55037283,0.30303030303030304
R0043_55036250,R0002_55019387,0.30303030303030304
R0043_55036250,R0043_55035478,1.0
R0043_55036250,R0043_55032756,1.0
R0043_55036250,R0043_55039677,1.0
R0043_55036250,R0043_55039678,1.0
R0043_55036250,R0043_55029067,1.0
R0043_55036250,R0043_55036252,1.0
R0043_55036250,R0043_55034675,1.0
R0043_55036250,R0043_55031083,1.0
R0043_55036250,R0043_55036209,1.0
R0043_55036250,R0043_55035181,1.0
R0043_55036250,R0043_55032758,1.0
R0043_55036250,R0043_55039681,1.0
R0043_55036250,R0043_55039682,1.0
R0043_55036250,R0043_55039683,1.0
R0043_55036250,R0043_55039684,1.0
R0043_55036250,R0043_55032632,1.0
R0043_55036250,R0043_55021537,1.0
R0043_55036250,R0043_55041926,1.0
R0043_55036250,R0043_55029012,1.0
R0043_55036250,R0043_55034882,1.0
R0043_55036250,R0043_55039679,1.0
R0043_55036250,R0043_55032862,1.0
R0043_55036250,R0043_55032759,1.0
R0043_55036250,R0043_55037980,1.0
R0043_55036250,R0043_55037979,1.0
R0043_55036250,R0043_55027552,1.0
R0043_55036250,R0043_55034879,1.0
R0043_55036250,R0043_55032908,1.0
R0043_55036250,R0043_55039686,1.0
R0043_55036250,R0043_55032863,1.0
R0043_55036250,R0043_55009127,1.0
R0043_55036250,R0043_55034880,1.0
R0043_55036250,R0043_55032860,1.0
R0043_55036250,R0043_55029506,1.0
R0043_55036250,R0043_55031288,1.0
R0043_55036250,R0043_55036124,1.0
R0043_55036250,R0043_55039830,1.0
R0043_55036250,R0043_55034325,1.0
R0043_55036250,R0043_55039829,1.0
R0043_55036250,R0043_55031080,1.0
R0043_55036250,R0043_55031077,1.0
R0043_55036250,R0043_55017366,1.0
R0043_55036250,R0043_55034335,1.0
R0043_55036250,R0043_55031005,1.0
R0043_55036250,R0055_55007584,0.3787878787878788
R0043_55036250,R0055_55007583,0.3787878787878788
R0043_55036250,R0204_55005925,0.4090909090909091
R0043_55036250,R0204_55032685,0.4090909090909091
R0043_55036250,R0204_55035156,0.4090909090909091
R0043_55036250,R0204_55022352,0.4090909090909091
R0043_55036250,R0204_55004131,0.4090909090909091
R0043_55036250,R0207_55036375,0.3939393939393939
R0043_55036250,R0207_55032672,0.3939393939393939
R0043_55036250,R0207_55032673,0.3939393939393939
R0043_55036250,R0290_55038074,0.3939393939393939
R0043_55036250,R0290_55041439,0.3939393939393939
R0043_55036250,R0290_55041442,0.3939393939393939
R0043_55036250,R0290_55041438,0.3939393939393939
R0043_55036250,R0290_55041440,0.3939393939393939
R0043_55036250,R0290_55041441,0.3939393939393939
R0043_55036250,R0290_55030423,0.3939393939393939
R0043_55036250,R0290_55039755,0.3939393939393939
R0043_55036250,R0290_55026840,0.3939393939393939
R0043_55036250,R0290_55038681,0.3939393939393939
R0043_55036250,R0290_55033209,0.3939393939393939
R0043_55036250,R0290_55043722,0.3939393939393939
R0043_55036250,R0377_55039577,0.4090909090909091
R0043_55036250,R0377_55032663,0.4090909090909091
R0043_55036250,R0377_55036003,0.4090909090909091
R0043_55036250,R0377_55036004,0.4090909090909091
R0043_55036250,R0377_55036006,0.4090909090909091
R0043_55036250,R0377_55036007,0.4090909090909091
R0043_55036250,R0377_55036008,0.4090909090909091
R0043_55036250,R0377_55036009,0.4090909090909091
R0043_55036250,R0377_55043375,0.4090909090909091
R0043_55036250,R0377_55032655,0.4090909090909091
R0043_55036250,R0377_55034860,0.4090909090909091
R0043_55036250,R0377_55042881,0.4090909090909091
R0043_55036250,R0377_55033035,0.4090909090909091
R0043_55036250,R0377_55044076,0.4090909090909091
R0043_55036250,R0377_55036698,0.4090909090909091
R0043_55036250,R0377_55032664,0.4090909090909091
R0043_55036250,R0377_55038331,0.4090909090909091
R0043_55036250,R0377_55041814,0.4090909090909091
R0043_55036250,R0377_55041025,0.4090909090909091
R0043_55036250,R0377_55039651,0.4090909090909091
R0043_55036250,R0377_55044100,0.4090909090909091
R0043_55036250,R0377_55026719,0.4090909090909091
R0043_55034880,R0002_55043311,0.30303030303030304
R0043_55034880,R0002_55036002,0.30303030303030304
R0043_55034880,R0002_55015378,0.30303030303030304
R0043_55034880,R0002_55032731,0.30303030303030304
R0043_55034880,R0002_55025944,0.30303030303030304
R0043_55034880,R0002_55024341,0.30303030303030304
R0043_55034880,R0002_55041509,0.30303030303030304
R0043_55034880,R0002_55036059,0.30303030303030304
R0043_55034880,R0002_55037787,0.30303030303030304
R0043_55034880,R0002_55039851,0.30303030303030304
R0043_55034880,R0002_55032782,0.30303030303030304
R0043_55034880,R0002_55036171,0.30303030303030304
R0043_55034880,R0002_55035505,0.30303030303030304
R0043_55034880,R0002_55011002,0.30303030303030304
R0043_55034880,R0002_55031467,0.30303030303030304
R0043_55034880,R0002_55028991,0.30303030303030304
R0043_55034880,R0002_55027831,0.30303030303030304
R0043_55034880,R0002_55038839,0.30303030303030304
R0043_55034880,R0002_55019960,0.30303030303030304
R0043_55034880,R0002_55033035,0.30303030303030304
R0043_55034880,R0002_55006197,0.30303030303030304
R0043_55034880,R0002_55036505,0.30303030303030304
R0043_55034880,R0002_55044076,0.30303030303030304
R0043_55034880,R0002_55036050,0.30303030303030304
R0043_55034880,R0002_55037530,0.30303030303030304
R0043_55034880,R0002_55040793,0.30303030303030304
R0043_55034880,R0002_55043136,0.30303030303030304
R0043_55034880,R0002_55014421,0.30303030303030304
R0043_55034880,R0002_55003518,0.30303030303030304
R0043_55034880,R0002_55027319,0.30303030303030304
R0043_55034880,R0002_55035727,0.30303030303030304
R0043_55034880,R0002_55032858,0.30303030303030304
R0043_55034880,R0002_55029026,0.30303030303030304
R0043_55034880,R0002_55039889,0.30303030303030304
R0043_55034880,R0002_55041025,0.30303030303030304
R0043_55034880,R0002_55041833,0.30303030303030304
R0043_55034880,R0002_55031084,0.30303030303030304
R0043_55034880,R0002_55030125,0.30303030303030304
R0043_55034880,R0002_55011220,0.30303030303030304
R0043_55034880,R0002_55043779,0.30303030303030304
R0043_55034880,R0002_55026664,0.30303030303030304
R0043_55034880,R0002_55037878,0.30303030303030304
R0043_55034880,R0002_55043901,0.30303030303030304
R0043_55034880,R0002_55037718,0.30303030303030304
R0043_55034880,R0002_55042075,0.30303030303030304
R0043_55034880,R0002_55031358,0.30303030303030304
R0043_55034880,R0002_55025080,0.30303030303030304
R0043_55034880,R0002_55037283,0.30303030303030304
R0043_55034880,R0002_55019387,0.30303030303030304
R0043_55034880,R0043_55035478,1.0
R0043_55034880,R0043_55032756,1.0
R0043_55034880,R0043_55039677,1.0
R0043_55034880,R0043_55039678,1.0
R0043_55034880,R0043_55029067,1.0
R0043_55034880,R0043_55036252,1.0
R0043_55034880,R0043_55034675,1.0
R0043_55034880,R0043_55031083,1.0
R0043_55034880,R0043_55036209,1.0
R0043_55034880,R0043_55035181,1.0
R0043_55034880,R0043_55032758,1.0
R0043_55034880,R0043_55039681,1.0
R0043_55034880,R0043_55039682,1.0
R0043_55034880,R0043_55039683,1.0
R0043_55034880,R0043_55039684,1.0
R0043_55034880,R0043_55032632,1.0
R0043_55034880,R0043_55021537,1.0
R0043_55034880,R0043_55041926,1.0
R0043_55034880,R0043_55029012,1.0
R0043_55034880,R0043_55034882,1.0
R0043_55034880,R0043_55039679,1.0
R0043_55034880,R0043_55032862,1.0
R0043_55034880,R0043_55032759,1.0
R0043_55034880,R0043_55037980,1.0
R0043_55034880,R0043_55037979,1.0
R0043_55034880,R0043_55027552,1.0
R0043_55034880,R0043_55034879,1.0
R0043_55034880,R0043_55032908,1.0
R0043_55034880,R0043_55039686,1.0
R0043_55034880,R0043_55032863,1.0
R0043_55034880,R0043_55009127,1.0
R0043_55034880,R0043_55036250,1.0
R0043_55034880,R0043_55032860,1.0
R0043_55034880,R0043_55029506,1.0
R0043_55034880,R0043_55031288,1.0
R0043_55034880,R0043_55036124,1.0
R0043_55034880,R0043_55039830,1.0
R0043_55034880,R0043_55034325,1.0
R0043_55034880,R0043_55039829,1.0
R0043_55034880,R0043_55031080,1.0
R0043_55034880,R0043_55031077,1.0
R0043_55034880,R0043_55017366,1.0
R0043_55034880,R0043_55034335,1.0
R0043_55034880,R0043_55031005,1.0
R0043_55034880,R0055_55007584,0.3787878787878788
R0043_55034880,R0055_55007583,0.3787878787878788
R0043_55034880,R0204_55005925,0.4090909090909091
R0043_55034880,R0204_55032685,0.4090909090909091
R0043_55034880,R0204_55035156,0.4090909090909091
R0043_55034880,R0204_55022352,0.4090909090909091
R0043_55034880,R0204_55004131,0.4090909090909091
R0043_55034880,R0207_55036375,0.3939393939393939
R0043_55034880,R0207_55032672,0.3939393939393939
R0043_55034880,R0207_55032673,0.3939393939393939
R0043_55034880,R0290_55038074,0.3939393939393939
R0043_55034880,R0290_55041439,0.3939393939393939
R0043_55034880,R0290_55041442,0.3939393939393939
R0043_55034880,R0290_55041438,0.3939393939393939
R0043_55034880,R0290_55041440,0.3939393939393939
R0043_55034880,R0290_55041441,0.3939393939393939
R0043_55034880,R0290_55030423,0.3939393939393939
R0043_55034880,R0290_55039755,0.3939393939393939
R0043_55034880,R0290_55026840,0.3939393939393939
R0043_55034880,R0290_55038681,0.3939393939393939
R0043_55034880,R0290_55033209,0.3939393939393939
R0043_55034880,R0290_55043722,0.3939393939393939
R0043_55034880,R0377_55039577,0.4090909090909091
R0043_55034880,R0377_55032663,0.4090909090909091
R0043_55034880,R0377_55036003,0.4090909090909091
R0043_55034880,R0377_55036004,0.4090909090909091
R0043_55034880,R0377_55036006,0.4090909090909091
R0043_55034880,R0377_55036007,0.4090909090909091
R0043_55034880,R0377_55036008,0.4090909090909091
R0043_55034880,R0377_55036009,0.4090909090909091
R0043_55034880,R0377_55043375,0.4090909090909091
R0043_55034880,R0377_55032655,0.4090909090909091
R0043_55034880,R0377_55034860,0.4090909090909091
R0043_55034880,R0377_55042881,0.4090909090909091
R0043_55034880,R0377_55033035,0.4090909090909091
R0043_55034880,R0377_55044076,0.4090909090909091
R0043_55034880,R0377_55036698,0.4090909090909091
R0043_55034880,R0377_55032664,0.4090909090909091
R0043_55034880,R0377_55038331,0.4090909090909091
R0043_55034880,R0377_55041814,0.4090909090909091
R0043_55034880,R0377_55041025,0.4090909090909091
R0043_55034880,R0377_55039651,0.4090909090909091
R0043_55034880,R0377_55044100,0.4090909090909091
R0043_55034880,R0377_55026719,0.4090909090909091
R0043_55032860,R0002_55043311,0.30303030303030304
R0043_55032860,R0002_55036002,0.30303030303030304
R0043_55032860,R0002_55015378,0.30303030303030304
R0043_55032860,R0002_55032731,0.30303030303030304
R0043_55032860,R0002_55025944,0.30303030303030304
R0043_55032860,R0002_55024341,0.30303030303030304
R0043_55032860,R0002_55041509,0.30303030303030304
R0043_55032860,R0002_55036059,0.30303030303030304
R0043_55032860,R0002_55037787,0.30303030303030304
R0043_55032860,R0002_55039851,0.30303030303030304
R0043_55032860,R0002_55032782,0.30303030303030304
R0043_55032860,R0002_55036171,0.30303030303030304
R0043_55032860,R0002_55035505,0.30303030303030304
R0043_55032860,R0002_55011002,0.30303030303030304
R0043_55032860,R0002_55031467,0.30303030303030304
R0043_55032860,R0002_55028991,0.30303030303030304
R0043_55032860,R0002_55027831,0.30303030303030304
R0043_55032860,R0002_55038839,0.30303030303030304
R0043_55032860,R0002_55019960,0.30303030303030304
R0043_55032860,R0002_55033035,0.30303030303030304
R0043_55032860,R0002_55006197,0.30303030303030304
R0043_55032860,R0002_55036505,0.30303030303030304
R0043_55032860,R0002_55044076,0.30303030303030304
R0043_55032860,R0002_55036050,0.30303030303030304
R0043_55032860,R0002_55037530,0.30303030303030304
R0043_55032860,R0002_55040793,0.30303030303030304
R0043_55032860,R0002_55043136,0.30303030303030304
R0043_55032860,R0002_55014421,0.30303030303030304
R0043_55032860,R0002_55003518,0.30303030303030304
R0043_55032860,R0002_55027319,0.30303030303030304
R0043_55032860,R0002_55035727,0.30303030303030304
R0043_55032860,R0002_55032858,0.30303030303030304
R0043_55032860,R0002_55029026,0.30303030303030304
R0043_55032860,R0002_55039889,0.30303030303030304
R0043_55032860,R0002_55041025,0.30303030303030304
R0043_55032860,R0002_55041833,0.30303030303030304
R0043_55032860,R0002_55031084,0.30303030303030304
R0043_55032860,R0002_55030125,0.30303030303030304
R0043_55032860,R0002_55011220,0.30303030303030304
R0043_55032860,R0002_55043779,0.30303030303030304
R0043_55032860,R0002_55026664,0.30303030303030304
R0043_55032860,R0002_55037878,0.30303030303030304
R0043_55032860,R0002_55043901,0.30303030303030304
R0043_55032860,R0002_55037718,0.30303030303030304
R0043_55032860,R0002_55042075,0.30303030303030304
R0043_55032860,R0002_55031358,0.30303030303030304
R0043_55032860,R0002_55025080,0.30303030303030304
R0043_55032860,R0002_55037283,0.30303030303030304
R0043_55032860,R0002_55019387,0.30303030303030304
R0043_55032860,R0043_55035478,1.0
R0043_55032860,R0043_55032756,1.0
R0043_55032860,R0043_55039677,1.0
R0043_55032860,R0043_55039678,1.0
R0043_55032860,R0043_55029067,1.0
R0043_55032860,R0043_55036252,1.0
R0043_55032860,R0043_55034675,1.0
R0043_55032860,R0043_55031083,1.0
R0043_55032860,R0043_55036209,1.0
R0043_55032860,R0043_55035181,1.0
R0043_55032860,R0043_55032758,1.0
R0043_55032860,R0043_55039681,1.0
R0043_55032860,R0043_55039682,1.0
R0043_55032860,R0043_55039683,1.0
R0043_55032860,R0043_55039684,1.0
R0043_55032860,R0043_55032632,1.0
R0043_55032860,R0043_55021537,1.0
R0043_55032860,R0043_55041926,1.0
R0043_55032860,R0043_55029012,1.0
R0043_55032860,R0043_55034882,1.0
R0043_55032860,R0043_55039679,1.0
R0043_55032860,R0043_55032862,1.0
R0043_55032860,R0043_55032759,1.0
R0043_55032860,R0043_55037980,1.0
R0043_55032860,R0043_55037979,1.0
R0043_55032860,R0043_55027552,1.0
R0043_55032860,R0043_55034879,1.0
R0043_55032860,R0043_55032908,1.0
R0043_55032860,R0043_55039686,1.0
R0043_55032860,R0043_55032863,1.0
R0043_55032860,R0043_55009127,1.0
R0043_55032860,R0043_55036250,1.0
R0043_55032860,R0043_55034880,1.0
R0043_55032860,R0043_55029506,1.0
R0043_55032860,R0043_55031288,1.0
R0043_55032860,R0043_55036124,1.0
R0043_55032860,R0043_55039830,1.0
R0043_55032860,R0043_55034325,1.0
R0043_55032860,R0043_55039829,1.0
R0043_55032860,R0043_55031080,1.0
R0043_55032860,R0043_55031077,1.0
R0043_55032860,R0043_55017366,1.0
R0043_55032860,R0043_55034335,1.0
R0043_55032860,R0043_55031005,1.0
R0043_55032860,R0055_55007584,0.3787878787878788
R0043_55032860,R0055_55007583,0.3787878787878788
R0043_55032860,R0204_55005925,0.4090909090909091
R0043_55032860,R0204_55032685,0.4090909090909091
R0043_55032860,R0204_55035156,0.4090909090909091
R0043_55032860,R0204_55022352,0.4090909090909091
R0043_55032860,R0204_55004131,0.4090909090909091
R0043_55032860,R0207_55036375,0.3939393939393939
R0043_55032860,R0207_55032672,0.3939393939393939
R0043_55032860,R0207_55032673,0.3939393939393939
R0043_55032860,R0290_55038074,0.3939393939393939
R0043_55032860,R0290_55041439,0.3939393939393939
R0043_55032860,R0290_55041442,0.3939393939393939
R0043_55032860,R0290_55041438,0.3939393939393939
R0043_55032860,R0290_55041440,0.3939393939393939
R0043_55032860,R0290_55041441,0.3939393939393939
R0043_55032860,R0290_55030423,0.3939393939393939
R0043_55032860,R0290_55039755,0.3939393939393939
R0043_55032860,R0290_55026840,0.3939393939393939
R0043_55032860,R0290_55038681,0.3939393939393939
R0043_55032860,R0290_55033209,0.3939393939393939
R0043_55032860,R0290_55043722,0.3939393939393939
R0043_55032860,R0377_55039577,0.4090909090909091
R0043_55032860,R0377_55032663,0.4090909090909091
R0043_55032860,R0377_55036003,0.4090909090909091
R0043_55032860,R0377_55036004,0.4090909090909091
R0043_55032860,R0377_55036006,0.4090909090909091
R0043_55032860,R0377_55036007,0.4090909090909091
R0043_55032860,R0377_55036008,0.4090909090909091
R0043_55032860,R0377_55036009,0.4090909090909091
R0043_55032860,R0377_55043375,0.4090909090909091
R0043_55032860,R0377_55032655,0.4090909090909091
R0043_55032860,R0377_55034860,0.4090909090909091
R0043_55032860,R0377_55042881,0.4090909090909091
R0043_55032860,R0377_55033035,0.4090909090909091
R0043_55032860,R0377_55044076,0.4090909090909091
R0043_55032860,R0377_55036698,0.4090909090909091
R0043_55032860,R0377_55032664,0.4090909090909091
R0043_55032860,R0377_55038331,0.4090909090909091
R0043_55032860,R0377_55041814,0.4090909090909091
R0043_55032860,R0377_55041025,0.4090909090909091
R0043_55032860,R0377_55039651,0.4090909090909091
R0043_55032860,R0377_55044100,0.4090909090909091
R0043_55032860,R0377_55026719,0.4090909090909091
R0043_55029506,R0002_55043311,0.30303030303030304
R0043_55029506,R0002_55036002,0.30303030303030304
R0043_55029506,R0002_55015378,0.30303030303030304
R0043_55029506,R0002_55032731,0.30303030303030304
R0043_55029506,R0002_55025944,0.30303030303030304
R0043_55029506,R0002_55024341,0.30303030303030304
R0043_55029506,R0002_55041509,0.30303030303030304
R0043_55029506,R0002_55036059,0.30303030303030304
R0043_55029506,R0002_55037787,0.30303030303030304
R0043_55029506,R0002_55039851,0.30303030303030304
R0043_55029506,R0002_55032782,0.30303030303030304
R0043_55029506,R0002_55036171,0.30303030303030304
R0043_55029506,R0002_55035505,0.30303030303030304
R0043_55029506,R0002_55011002,0.30303030303030304
R0043_55029506,R0002_55031467,0.30303030303030304
R0043_55029506,R0002_55028991,0.30303030303030304
R0043_55029506,R0002_55027831,0.30303030303030304
R0043_55029506,R0002_55038839,0.30303030303030304
R0043_55029506,R0002_55019960,0.30303030303030304
R0043_55029506,R0002_55033035,0.30303030303030304
R0043_55029506,R0002_55006197,0.30303030303030304
R0043_55029506,R0002_55036505,0.30303030303030304
R0043_55029506,R0002_55044076,0.30303030303030304
R0043_55029506,R0002_55036050,0.30303030303030304
R0043_55029506,R0002_55037530,0.30303030303030304
R0043_55029506,R0002_55040793,0.30303030303030304
R0043_55029506,R0002_55043136,0.30303030303030304
R0043_55029506,R0002_55014421,0.30303030303030304
R0043_55029506,R0002_55003518,0.30303030303030304
R0043_55029506,R0002_55027319,0.30303030303030304
R0043_55029506,R0002_55035727,0.30303030303030304
R0043_55029506,R0002_55032858,0.30303030303030304
R0043_55029506,R0002_55029026,0.30303030303030304
R0043_55029506,R0002_55039889,0.30303030303030304
R0043_55029506,R0002_55041025,0.30303030303030304
R0043_55029506,R0002_55041833,0.30303030303030304
R0043_55029506,R0002_55031084,0.30303030303030304
R0043_55029506,R0002_55030125,0.30303030303030304
R0043_55029506,R0002_55011220,0.30303030303030304
R0043_55029506,R0002_55043779,0.30303030303030304
R0043_55029506,R0002_55026664,0.30303030303030304
R0043_55029506,R0002_55037878,0.30303030303030304
R0043_55029506,R0002_55043901,0.30303030303030304
R0043_55029506,R0002_55037718,0.30303030303030304
R0043_55029506,R0002_55042075,0.30303030303030304
R0043_55029506,R0002_55031358,0.30303030303030304
R0043_55029506,R0002_55025080,0.30303030303030304
R0043_55029506,R0002_55037283,0.30303030303030304
R0043_55029506,R0002_55019387,0.30303030303030304
R0043_55029506,R0043_55035478,1.0
R0043_55029506,R0043_55032756,1.0
R0043_55029506,R0043_55039677,1.0
R0043_55029506,R0043_55039678,1.0
R0043_55029506,R0043_55029067,1.0
R0043_55029506,R0043_55036252,1.0
R0043_55029506,R0043_55034675,1.0
R0043_55029506,R0043_55031083,1.0
R0043_55029506,R0043_55036209,1.0
R0043_55029506,R0043_55035181,1.0
R0043_55029506,R0043_55032758,1.0
R0043_55029506,R0043_55039681,1.0
R0043_55029506,R0043_55039682,1.0
R0043_55029506,R0043_55039683,1.0
R0043_55029506,R0043_55039684,1.0
R0043_55029506,R0043_55032632,1.0
R0043_55029506,R0043_55021537,1.0
R0043_55029506,R0043_55041926,1.0
R0043_55029506,R0043_55029012,1.0
R0043_55029506,R0043_55034882,1.0
R0043_55029506,R0043_55039679,1.0
R0043_55029506,R0043_55032862,1.0
R0043_55029506,R0043_55032759,1.0
R0043_55029506,R0043_55037980,1.0
R0043_55029506,R0043_55037979,1.0
R0043_55029506,R0043_55027552,1.0
R0043_55029506,R0043_55034879,1.0
R0043_55029506,R0043_55032908,1.0
R0043_55029506,R0043_55039686,1.0
R0043_55029506,R0043_55032863,1.0
R0043_55029506,R0043_55009127,1.0
R0043_55029506,R0043_55036250,1.0
R0043_55029506,R0043_55034880,1.0
R0043_55029506,R0043_55032860,1.0
R0043_55029506,R0043_55031288,1.0
R0043_55029506,R0043_55036124,1.0
R0043_55029506,R0043_55039830,1.0
R0043_55029506,R0043_55034325,1.0
R0043_55029506,R0043_55039829,1.0
R0043_55029506,R0043_55031080,1.0
R0043_55029506,R0043_55031077,1.0
R0043_55029506,R0043_55017366,1.0
R0043_55029506,R0043_55034335,1.0
R0043_55029506,R0043_55031005,1.0
R0043_55029506,R0055_55007584,0.3787878787878788
R0043_55029506,R0055_55007583,0.3787878787878788
R0043_55029506,R0204_55005925,0.4090909090909091
R0043_55029506,R0204_55032685,0.4090909090909091
R0043_55029506,R0204_55035156,0.4090909090909091
R0043_55029506,R0204_55022352,0.4090909090909091
R0043_55029506,R0204_55004131,0.4090909090909091
R0043_55029506,R0207_55036375,0.3939393939393939
R0043_55029506,R0207_55032672,0.3939393939393939
R0043_55029506,R0207_55032673,0.3939393939393939
R0043_55029506,R0290_55038074,0.3939393939393939
R0043_55029506,R0290_55041439,0.3939393939393939
R0043_55029506,R0290_55041442,0.3939393939393939
R0043_55029506,R0290_55041438,0.3939393939393939
R0043_55029506,R0290_55041440,0.3939393939393939
R0043_55029506,R0290_55041441,0.3939393939393939
R0043_55029506,R0290_55030423,0.3939393939393939
R0043_55029506,R0290_55039755,0.3939393939393939
R0043_55029506,R0290_55026840,0.3939393939393939
R0043_55029506,R0290_55038681,0.3939393939393939
R0043_55029506,R0290_55033209,0.3939393939393939
R0043_55029506,R0290_55043722,0.3939393939393939
R0043_55029506,R0377_55039577,0.4090909090909091
R0043_55029506,R0377_55032663,0.4090909090909091
R0043_55029506,R0377_55036003,0.4090909090909091
R0043_55029506,R0377_55036004,0.4090909090909091
R0043_55029506,R0377_55036006,0.4090909090909091
R0043_55029506,R0377_55036007,0.4090909090909091
R0043_55029506,R0377_55036008,0.4090909090909091
R0043_55029506,R0377_55036009,0.4090909090909091
R0043_55029506,R0377_55043375,0.4090909090909091
R0043_55029506,R0377_55032655,0.4090909090909091
R0043_55029506,R0377_55034860,0.4090909090909091
R0043_55029506,R0377_55042881,0.4090909090909091
R0043_55029506,R0377_55033035,0.4090909090909091
R0043_55029506,R0377_55044076,0.4090909090909091
R0043_55029506,R0377_55036698,0.4090909090909091
R0043_55029506,R0377_55032664,0.4090909090909091
R0043_55029506,R0377_55038331,0.4090909090909091
R0043_55029506,R0377_55041814,0.4090909090909091
R0043_55029506,R0377_55041025,0.4090909090909091
R0043_55029506,R0377_55039651,0.4090909090909091
R0043_55029506,R0377_55044100,0.4090909090909091
R0043_55029506,R0377_55026719,0.4090909090909091
R0043_55031288,R0002_55043311,0.30303030303030304
R0043_55031288,R0002_55036002,0.30303030303030304
R0043_55031288,R0002_55015378,0.30303030303030304
R0043_55031288,R0002_55032731,0.30303030303030304
R0043_55031288,R0002_55025944,0.30303030303030304
R0043_55031288,R0002_55024341,0.30303030303030304
R0043_55031288,R0002_55041509,0.30303030303030304
R0043_55031288,R0002_55036059,0.30303030303030304
R0043_55031288,R0002_55037787,0.30303030303030304
R0043_55031288,R0002_55039851,0.30303030303030304
R0043_55031288,R0002_55032782,0.30303030303030304
R0043_55031288,R0002_55036171,0.30303030303030304
R0043_55031288,R0002_55035505,0.30303030303030304
R0043_55031288,R0002_55011002,0.30303030303030304
R0043_55031288,R0002_55031467,0.30303030303030304
R0043_55031288,R0002_55028991,0.30303030303030304
R0043_55031288,R0002_55027831,0.30303030303030304
R0043_55031288,R0002_55038839,0.30303030303030304
R0043_55031288,R0002_55019960,0.30303030303030304
R0043_55031288,R0002_55033035,0.30303030303030304
R0043_55031288,R0002_55006197,0.30303030303030304
R0043_55031288,R0002_55036505,0.30303030303030304
R0043_55031288,R0002_55044076,0.30303030303030304
R0043_55031288,R0002_55036050,0.30303030303030304
R0043_55031288,R0002_55037530,0.30303030303030304
R0043_55031288,R0002_55040793,0.30303030303030304
R0043_55031288,R0002_55043136,0.30303030303030304
R0043_55031288,R0002_55014421,0.30303030303030304
R0043_55031288,R0002_55003518,0.30303030303030304
R0043_55031288,R0002_55027319,0.30303030303030304
R0043_55031288,R0002_55035727,0.30303030303030304
R0043_55031288,R0002_55032858,0.30303030303030304
R0043_55031288,R0002_55029026,0.30303030303030304
R0043_55031288,R0002_55039889,0.30303030303030304
R0043_55031288,R0002_55041025,0.30303030303030304
R0043_55031288,R0002_55041833,0.30303030303030304
R0043_55031288,R0002_55031084,0.30303030303030304
R0043_55031288,R0002_55030125,0.30303030303030304
R0043_55031288,R0002_55011220,0.30303030303030304
R0043_55031288,R0002_55043779,0.30303030303030304
R0043_55031288,R0002_55026664,0.30303030303030304
R0043_55031288,R0002_55037878,0.30303030303030304
R0043_55031288,R0002_55043901,0.30303030303030304
R0043_55031288,R0002_55037718,0.30303030303030304
R0043_55031288,R0002_55042075,0.30303030303030304
R0043_55031288,R0002_55031358,0.30303030303030304
R0043_55031288,R0002_55025080,0.30303030303030304
R0043_55031288,R0002_55037283,0.30303030303030304
R0043_55031288,R0002_55019387,0.30303030303030304
R0043_55031288,R0043_55035478,1.0
R0043_55031288,R0043_55032756,1.0
R0043_55031288,R0043_55039677,1.0
R0043_55031288,R0043_55039678,1.0
R0043_55031288,R0043_55029067,1.0
R0043_55031288,R0043_55036252,1.0
R0043_55031288,R0043_55034675,1.0
R0043_55031288,R0043_55031083,1.0
R0043_55031288,R0043_55036209,1.0
R0043_55031288,R0043_55035181,1.0
R0043_55031288,R0043_55032758,1.0
R0043_55031288,R0043_55039681,1.0
R0043_55031288,R0043_55039682,1.0
R0043_55031288,R0043_55039683,1.0
R0043_55031288,R0043_55039684,1.0
R0043_55031288,R0043_55032632,1.0
R0043_55031288,R0043_55021537,1.0
R0043_55031288,R0043_55041926,1.0
R0043_55031288,R0043_55029012,1.0
R0043_55031288,R0043_55034882,1.0
R0043_55031288,R0043_55039679,1.0
R0043_55031288,R0043_55032862,1.0
R0043_55031288,R0043_55032759,1.0
R0043_55031288,R0043_55037980,1.0
R0043_55031288,R0043_55037979,1.0
R0043_55031288,R0043_55027552,1.0
R0043_55031288,R0043_55034879,1.0
R0043_55031288,R0043_55032908,1.0
R0043_55031288,R0043_55039686,1.0
R0043_55031288,R0043_55032863,1.0
R0043_55031288,R0043_55009127,1.0
R0043_55031288,R0043_55036250,1.0
R0043_55031288,R0043_55034880,1.0
R0043_55031288,R0043_55032860,1.0
R0043_55031288,R0043_55029506,1.0
R0043_55031288,R0043_55036124,1.0
R0043_55031288,R0043_55039830,1.0
R0043_55031288,R0043_55034325,1.0
R0043_55031288,R0043_55039829,1.0
R0043_55031288,R0043_55031080,1.0
R0043_55031288,R0043_55031077,1.0
R0043_55031288,R0043_55017366,1.0
R0043_55031288,R0043_55034335,1.0
R0043_55031288,R0043_55031005,1.0
R0043_55031288,R0055_55007584,0.3787878787878788
R0043_55031288,R0055_55007583,0.3787878787878788
R0043_55031288,R0204_55005925,0.4090909090909091
R0043_55031288,R0204_55032685,0.4090909090909091
R0043_55031288,R0204_55035156,0.4090909090909091
R0043_55031288,R0204_55022352,0.4090909090909091
R0043_55031288,R0204_55004131,0.4090909090909091
R0043_55031288,R0207_55036375,0.3939393939393939
R0043_55031288,R0207_55032672,0.3939393939393939
R0043_55031288,R0207_55032673,0.3939393939393939
R0043_55031288,R0290_55038074,0.3939393939393939
R0043_55031288,R0290_55041439,0.3939393939393939
R0043_55031288,R0290_55041442,0.3939393939393939
R0043_55031288,R0290_55041438,0.3939393939393939
R0043_55031288,R0290_55041440,0.3939393939393939
R0043_55031288,R0290_55041441,0.3939393939393939
R0043_55031288,R0290_55030423,0.3939393939393939
R0043_55031288,R0290_55039755,0.3939393939393939
R0043_55031288,R0290_55026840,0.3939393939393939
R0043_55031288,R0290_55038681,0.3939393939393939
R0043_55031288,R0290_55033209,0.3939393939393939
R0043_55031288,R0290_55043722,0.3939393939393939
R0043_55031288,R0377_55039577,0.4090909090909091
R0043_55031288,R0377_55032663,0.4090909090909091
R0043_55031288,R0377_55036003,0.4090909090909091
R0043_55031288,R0377_55036004,0.4090909090909091
R0043_55031288,R0377_55036006,0.4090909090909091
R0043_55031288,R0377_55036007,0.4090909090909091
R0043_55031288,R0377_55036008,0.4090909090909091
R0043_55031288,R0377_55036009,0.4090909090909091
R0043_55031288,R0377_55043375,0.4090909090909091
R0043_55031288,R0377_55032655,0.4090909090909091
R0043_55031288,R0377_55034860,0.4090909090909091
R0043_55031288,R0377_55042881,0.4090909090909091
R0043_55031288,R0377_55033035,0.4090909090909091
R0043_55031288,R0377_55044076,0.4090909090909091
R0043_55031288,R0377_55036698,0.4090909090909091
R0043_55031288,R0377_55032664,0.4090909090909091
R0043_55031288,R0377_55038331,0.4090909090909091
R0043_55031288,R0377_55041814,0.4090909090909091
R0043_55031288,R0377_55041025,0.4090909090909091
R0043_55031288,R0377_55039651,0.4090909090909091
R0043_55031288,R0377_55044100,0.4090909090909091
R0043_55031288,R0377_55026719,0.4090909090909091
R0043_55036124,R0002_55043311,0.30303030303030304
R0043_55036124,R0002_55036002,0.30303030303030304
R0043_55036124,R0002_55015378,0.30303030303030304
R0043_55036124,R0002_55032731,0.30303030303030304
R0043_55036124,R0002_55025944,0.30303030303030304
R0043_55036124,R0002_55024341,0.30303030303030304
R0043_55036124,R0002_55041509,0.30303030303030304
R0043_55036124,R0002_55036059,0.30303030303030304
R0043_55036124,R0002_55037787,0.30303030303030304
R0043_55036124,R0002_55039851,0.30303030303030304
R0043_55036124,R0002_55032782,0.30303030303030304
R0043_55036124,R0002_55036171,0.30303030303030304
R0043_55036124,R0002_55035505,0.30303030303030304
R0043_55036124,R0002_55011002,0.30303030303030304
R0043_55036124,R0002_55031467,0.30303030303030304
R0043_55036124,R0002_55028991,0.30303030303030304
R0043_55036124,R0002_55027831,0.30303030303030304
R0043_55036124,R0002_55038839,0.30303030303030304
R0043_55036124,R0002_55019960,0.30303030303030304
R0043_55036124,R0002_55033035,0.30303030303030304
R0043_55036124,R0002_55006197,0.30303030303030304
R0043_55036124,R0002_55036505,0.30303030303030304
R0043_55036124,R0002_55044076,0.30303030303030304
R0043_55036124,R0002_55036050,0.30303030303030304
R0043_55036124,R0002_55037530,0.30303030303030304
R0043_55036124,R0002_55040793,0.30303030303030304
R0043_55036124,R0002_55043136,0.30303030303030304
R0043_55036124,R0002_55014421,0.30303030303030304
R0043_55036124,R0002_55003518,0.30303030303030304
R0043_55036124,R0002_55027319,0.30303030303030304
R0043_55036124,R0002_55035727,0.30303030303030304
R0043_55036124,R0002_55032858,0.30303030303030304
R0043_55036124,R0002_55029026,0.30303030303030304
R0043_55036124,R0002_55039889,0.30303030303030304
R0043_55036124,R0002_55041025,0.30303030303030304
R0043_55036124,R0002_55041833,0.30303030303030304
R0043_55036124,R0002_55031084,0.30303030303030304
R0043_55036124,R0002_55030125,0.30303030303030304
R0043_55036124,R0002_55011220,0.30303030303030304
R0043_55036124,R0002_55043779,0.30303030303030304
R0043_55036124,R0002_55026664,0.30303030303030304
R0043_55036124,R0002_55037878,0.30303030303030304
R0043_55036124,R0002_55043901,0.30303030303030304
R0043_55036124,R0002_55037718,0.30303030303030304
R0043_55036124,R0002_55042075,0.30303030303030304
R0043_55036124,R0002_55031358,0.30303030303030304
R0043_55036124,R0002_55025080,0.30303030303030304
R0043_55036124,R0002_55037283,0.30303030303030304
R0043_55036124,R0002_55019387,0.30303030303030304
R0043_55036124,R0043_55035478,1.0
R0043_55036124,R0043_55032756,1.0
R0043_55036124,R0043_55039677,1.0
R0043_55036124,R0043_55039678,1.0
R0043_55036124,R0043_55029067,1.0
R0043_55036124,R0043_55036252,1.0
R0043_55036124,R0043_55034675,1.0
R0043_55036124,R0043_55031083,1.0
R0043_55036124,R0043_55036209,1.0
R0043_55036124,R0043_55035181,1.0
R0043_55036124,R0043_55032758,1.0
R0043_55036124,R0043_55039681,1.0
R0043_55036124,R0043_55039682,1.0
R0043_55036124,R0043_55039683,1.0
R0043_55036124,R0043_55039684,1.0
R0043_55036124,R0043_55032632,1.0
R0043_55036124,R0043_55021537,1.0
R0043_55036124,R0043_55041926,1.0
R0043_55036124,R0043_55029012,1.0
R0043_55036124,R0043_55034882,1.0
R0043_55036124,R0043_55039679,1.0
R0043_55036124,R0043_55032862,1.0
R0043_55036124,R0043_55032759,1.0
R0043_55036124,R0043_55037980,1.0
R0043_55036124,R0043_55037979,1.0
R0043_55036124,R0043_55027552,1.0
R0043_55036124,R0043_55034879,1.0
R0043_55036124,R0043_55032908,1.0
R0043_55036124,R0043_55039686,1.0
R0043_55036124,R0043_55032863,1.0
R0043_55036124,R0043_55009127,1.0
R0043_55036124,R0043_55036250,1.0
R0043_55036124,R0043_55034880,1.0
R0043_55036124,R0043_55032860,1.0
R0043_55036124,R0043_55029506,1.0
R0043_55036124,R0043_55031288,1.0
R0043_55036124,R0043_55039830,1.0
R0043_55036124,R0043_55034325,1.0
R0043_55036124,R0043_55039829,1.0
R0043_55036124,R0043_55031080,1.0
R0043_55036124,R0043_55031077,1.0
R0043_55036124,R0043_55017366,1.0
R0043_55036124,R0043_55034335,1.0
R0043_55036124,R0043_55031005,1.0
R0043_55036124,R0055_55007584,0.3787878787878788
R0043_55036124,R0055_55007583,0.3787878787878788
R0043_55036124,R0204_55005925,0.4090909090909091
R0043_55036124,R0204_55032685,0.4090909090909091
R0043_55036124,R0204_55035156,0.4090909090909091
R0043_55036124,R0204_55022352,0.4090909090909091
R0043_55036124,R0204_55004131,0.4090909090909091
R0043_55036124,R0207_55036375,0.3939393939393939
R0043_55036124,R0207_55032672,0.3939393939393939
R0043_55036124,R0207_55032673,0.3939393939393939
R0043_55036124,R0290_55038074,0.3939393939393939
R0043_55036124,R0290_55041439,0.3939393939393939
R0043_55036124,R0290_55041442,0.3939393939393939
R0043_55036124,R0290_55041438,0.3939393939393939
R0043_55036124,R0290_55041440,0.3939393939393939
R0043_55036124,R0290_55041441,0.3939393939393939
R0043_55036124,R0290_55030423,0.3939393939393939
R0043_55036124,R0290_55039755,0.3939393939393939
R0043_55036124,R0290_55026840,0.3939393939393939
R0043_55036124,R0290_55038681,0.3939393939393939
R0043_55036124,R0290_55033209,0.3939393939393939
R0043_55036124,R0290_55043722,0.3939393939393939
R0043_55036124,R0377_55039577,0.4090909090909091
R0043_55036124,R0377_55032663,0.4090909090909091
R0043_55036124,R0377_55036003,0.4090909090909091
R0043_55036124,R0377_55036004,0.4090909090909091
R0043_55036124,R0377_55036006,0.4090909090909091
R0043_55036124,R0377_55036007,0.4090909090909091
R0043_55036124,R0377_55036008,0.4090909090909091
R0043_55036124,R0377_55036009,0.4090909090909091
R0043_55036124,R0377_55043375,0.4090909090909091
R0043_55036124,R0377_55032655,0.4090909090909091
R0043_55036124,R0377_55034860,0.4090909090909091
R0043_55036124,R0377_55042881,0.4090909090909091
R0043_55036124,R0377_55033035,0.4090909090909091
R0043_55036124,R0377_55044076,0.4090909090909091
R0043_55036124,R0377_55036698,0.4090909090909091
R0043_55036124,R0377_55032664,0.4090909090909091
R0043_55036124,R0377_55038331,0.4090909090909091
R0043_55036124,R0377_55041814,0.4090909090909091
R0043_55036124,R0377_55041025,0.4090909090909091
R0043_55036124,R0377_55039651,0.4090909090909091
R0043_55036124,R0377_55044100,0.4090909090909091
R0043_55036124,R0377_55026719,0.4090909090909091
R0043_55039830,R0002_55043311,0.30303030303030304
R0043_55039830,R0002_55036002,0.30303030303030304
R0043_55039830,R0002_55015378,0.30303030303030304
R0043_55039830,R0002_55032731,0.30303030303030304
R0043_55039830,R0002_55025944,0.30303030303030304
R0043_55039830,R0002_55024341,0.30303030303030304
R0043_55039830,R0002_55041509,0.30303030303030304
R0043_55039830,R0002_55036059,0.30303030303030304
R0043_55039830,R0002_55037787,0.30303030303030304
R0043_55039830,R0002_55039851,0.30303030303030304
R0043_55039830,R0002_55032782,0.30303030303030304
R0043_55039830,R0002_55036171,0.30303030303030304
R0043_55039830,R0002_55035505,0.30303030303030304
R0043_55039830,R0002_55011002,0.30303030303030304
R0043_55039830,R0002_55031467,0.30303030303030304
R0043_55039830,R0002_55028991,0.30303030303030304
R0043_55039830,R0002_55027831,0.30303030303030304
R0043_55039830,R0002_55038839,0.30303030303030304
R0043_55039830,R0002_55019960,0.30303030303030304
R0043_55039830,R0002_55033035,0.30303030303030304
R0043_55039830,R0002_55006197,0.30303030303030304
R0043_55039830,R0002_55036505,0.30303030303030304
R0043_55039830,R0002_55044076,0.30303030303030304
R0043_55039830,R0002_55036050,0.30303030303030304
R0043_55039830,R0002_55037530,0.30303030303030304
R0043_55039830,R0002_55040793,0.30303030303030304
R0043_55039830,R0002_55043136,0.30303030303030304
R0043_55039830,R0002_55014421,0.30303030303030304
R0043_55039830,R0002_55003518,0.30303030303030304
R0043_55039830,R0002_55027319,0.30303030303030304
R0043_55039830,R0002_55035727,0.30303030303030304
R0043_55039830,R0002_55032858,0.30303030303030304
R0043_55039830,R0002_55029026,0.30303030303030304
R0043_55039830,R0002_55039889,0.30303030303030304
R0043_55039830,R0002_55041025,0.30303030303030304
R0043_55039830,R0002_55041833,0.30303030303030304
R0043_55039830,R0002_55031084,0.30303030303030304
R0043_55039830,R0002_55030125,0.30303030303030304
R0043_55039830,R0002_55011220,0.30303030303030304
R0043_55039830,R0002_55043779,0.30303030303030304
R0043_55039830,R0002_55026664,0.30303030303030304
R0043_55039830,R0002_55037878,0.30303030303030304
R0043_55039830,R0002_55043901,0.30303030303030304
R0043_55039830,R0002_55037718,0.30303030303030304
R0043_55039830,R0002_55042075,0.30303030303030304
R0043_55039830,R0002_55031358,0.30303030303030304
R0043_55039830,R0002_55025080,0.30303030303030304
R0043_55039830,R0002_55037283,0.30303030303030304
R0043_55039830,R0002_55019387,0.30303030303030304
R0043_55039830,R0043_55035478,1.0
R0043_55039830,R0043_55032756,1.0
R0043_55039830,R0043_55039677,1.0
R0043_55039830,R0043_55039678,1.0
R0043_55039830,R0043_55029067,1.0
R0043_55039830,R0043_55036252,1.0
R0043_55039830,R0043_55034675,1.0
R0043_55039830,R0043_55031083,1.0
R0043_55039830,R0043_55036209,1.0
R0043_55039830,R0043_55035181,1.0
R0043_55039830,R0043_55032758,1.0
R0043_55039830,R0043_55039681,1.0
R0043_55039830,R0043_55039682,1.0
R0043_55039830,R0043_55039683,1.0
R0043_55039830,R0043_55039684,1.0
R0043_55039830,R0043_55032632,1.0
R0043_55039830,R0043_55021537,1.0
R0043_55039830,R0043_55041926,1.0
R0043_55039830,R0043_55029012,1.0
R0043_55039830,R0043_55034882,1.0
R0043_55039830,R0043_55039679,1.0
R0043_55039830,R0043_55032862,1.0
R0043_55039830,R0043_55032759,1.0
R0043_55039830,R0043_55037980,1.0
R0043_55039830,R0043_55037979,1.0
R0043_55039830,R0043_55027552,1.0
R0043_55039830,R0043_55034879,1.0
R0043_55039830,R0043_55032908,1.0
R0043_55039830,R0043_55039686,1.0
R0043_55039830,R0043_55032863,1.0
R0043_55039830,R0043_55009127,1.0
R0043_55039830,R0043_55036250,1.0
R0043_55039830,R0043_55034880,1.0
R0043_55039830,R0043_55032860,1.0
R0043_55039830,R0043_55029506,1.0
R0043_55039830,R0043_55031288,1.0
R0043_55039830,R0043_55036124,1.0
R0043_55039830,R0043_55034325,1.0
R0043_55039830,R0043_55039829,1.0
R0043_55039830,R0043_55031080,1.0
R0043_55039830,R0043_55031077,1.0
R0043_55039830,R0043_55017366,1.0
R0043_55039830,R0043_55034335,1.0
R0043_55039830,R0043_55031005,1.0
R0043_55039830,R0055_55007584,0.3787878787878788
R0043_55039830,R0055_55007583,0.3787878787878788
R0043_55039830,R0204_55005925,0.4090909090909091
R0043_55039830,R0204_55032685,0.4090909090909091
R0043_55039830,R0204_55035156,0.4090909090909091
R0043_55039830,R0204_55022352,0.4090909090909091
R0043_55039830,R0204_55004131,0.4090909090909091
R0043_55039830,R0207_55036375,0.3939393939393939
R0043_55039830,R0207_55032672,0.3939393939393939
R0043_55039830,R0207_55032673,0.3939393939393939
R0043_55039830,R0290_55038074,0.3939393939393939
R0043_55039830,R0290_55041439,0.3939393939393939
R0043_55039830,R0290_55041442,0.3939393939393939
R0043_55039830,R0290_55041438,0.3939393939393939
R0043_55039830,R0290_55041440,0.3939393939393939
R0043_55039830,R0290_55041441,0.3939393939393939
R0043_55039830,R0290_55030423,0.3939393939393939
R0043_55039830,R0290_55039755,0.3939393939393939
R0043_55039830,R0290_55026840,0.3939393939393939
R0043_55039830,R0290_55038681,0.3939393939393939
R0043_55039830,R0290_55033209,0.3939393939393939
R0043_55039830,R0290_55043722,0.3939393939393939
R0043_55039830,R0377_55039577,0.4090909090909091
R0043_55039830,R0377_55032663,0.4090909090909091
R0043_55039830,R0377_55036003,0.4090909090909091
R0043_55039830,R0377_55036004,0.4090909090909091
R0043_55039830,R0377_55036006,0.4090909090909091
R0043_55039830,R0377_55036007,0.4090909090909091
R0043_55039830,R0377_55036008,0.4090909090909091
R0043_55039830,R0377_55036009,0.4090909090909091
R0043_55039830,R0377_55043375,0.4090909090909091
R0043_55039830,R0377_55032655,0.4090909090909091
R0043_55039830,R0377_55034860,0.4090909090909091
R0043_55039830,R0377_55042881,0.4090909090909091
R0043_55039830,R0377_55033035,0.4090909090909091
R0043_55039830,R0377_55044076,0.4090909090909091
R0043_55039830,R0377_55036698,0.4090909090909091
R0043_55039830,R0377_55032664,0.4090909090909091
R0043_55039830,R0377_55038331,0.4090909090909091
R0043_55039830,R0377_55041814,0.4090909090909091
R0043_55039830,R0377_55041025,0.4090909090909091
R0043_55039830,R0377_55039651,0.4090909090909091
R0043_55039830,R0377_55044100,0.4090909090909091
R0043_55039830,R0377_55026719,0.4090909090909091
R0043_55034325,R0002_55043311,0.30303030303030304
R0043_55034325,R0002_55036002,0.30303030303030304
R0043_55034325,R0002_55015378,0.30303030303030304
R0043_55034325,R0002_55032731,0.30303030303030304
R0043_55034325,R0002_55025944,0.30303030303030304
R0043_55034325,R0002_55024341,0.30303030303030304
R0043_55034325,R0002_55041509,0.30303030303030304
R0043_55034325,R0002_55036059,0.30303030303030304
R0043_55034325,R0002_55037787,0.30303030303030304
R0043_55034325,R0002_55039851,0.30303030303030304
R0043_55034325,R0002_55032782,0.30303030303030304
R0043_55034325,R0002_55036171,0.30303030303030304
R0043_55034325,R0002_55035505,0.30303030303030304
R0043_55034325,R0002_55011002,0.30303030303030304
R0043_55034325,R0002_55031467,0.30303030303030304
R0043_55034325,R0002_55028991,0.30303030303030304
R0043_55034325,R0002_55027831,0.30303030303030304
R0043_55034325,R0002_55038839,0.30303030303030304
R0043_55034325,R0002_55019960,0.30303030303030304
R0043_55034325,R0002_55033035,0.30303030303030304
R0043_55034325,R0002_55006197,0.30303030303030304
R0043_55034325,R0002_55036505,0.30303030303030304
R0043_55034325,R0002_55044076,0.30303030303030304
R0043_55034325,R0002_55036050,0.30303030303030304
R0043_55034325,R0002_55037530,0.30303030303030304
R0043_55034325,R0002_55040793,0.30303030303030304
R0043_55034325,R0002_55043136,0.30303030303030304
R0043_55034325,R0002_55014421,0.30303030303030304
R0043_55034325,R0002_55003518,0.30303030303030304
R0043_55034325,R0002_55027319,0.30303030303030304
R0043_55034325,R0002_55035727,0.30303030303030304
R0043_55034325,R0002_55032858,0.30303030303030304
R0043_55034325,R0002_55029026,0.30303030303030304
R0043_55034325,R0002_55039889,0.30303030303030304
R0043_55034325,R0002_55041025,0.30303030303030304
R0043_55034325,R0002_55041833,0.30303030303030304
R0043_55034325,R0002_55031084,0.30303030303030304
R0043_55034325,R0002_55030125,0.30303030303030304
R0043_55034325,R0002_55011220,0.30303030303030304
R0043_55034325,R0002_55043779,0.30303030303030304
R0043_55034325,R0002_55026664,0.30303030303030304
R0043_55034325,R0002_55037878,0.30303030303030304
R0043_55034325,R0002_55043901,0.30303030303030304
R0043_55034325,R0002_55037718,0.30303030303030304
R0043_55034325,R0002_55042075,0.30303030303030304
R0043_55034325,R0002_55031358,0.30303030303030304
R0043_55034325,R0002_55025080,0.30303030303030304
R0043_55034325,R0002_55037283,0.30303030303030304
R0043_55034325,R0002_55019387,0.30303030303030304
R0043_55034325,R0043_55035478,1.0
R0043_55034325,R0043_55032756,1.0
R0043_55034325,R0043_55039677,1.0
R0043_55034325,R0043_55039678,1.0
R0043_55034325,R0043_55029067,1.0
R0043_55034325,R0043_55036252,1.0
R0043_55034325,R0043_55034675,1.0
R0043_55034325,R0043_55031083,1.0
R0043_55034325,R0043_55036209,1.0
R0043_55034325,R0043_55035181,1.0
R0043_55034325,R0043_55032758,1.0
R0043_55034325,R0043_55039681,1.0
R0043_55034325,R0043_55039682,1.0
R0043_55034325,R0043_55039683,1.0
R0043_55034325,R0043_55039684,1.0
R0043_55034325,R0043_55032632,1.0
R0043_55034325,R0043_55021537,1.0
R0043_55034325,R0043_55041926,1.0
R0043_55034325,R0043_55029012,1.0
R0043_55034325,R0043_55034882,1.0
R0043_55034325,R0043_55039679,1.0
R0043_55034325,R0043_55032862,1.0
R0043_55034325,R0043_55032759,1.0
R0043_55034325,R0043_55037980,1.0
R0043_55034325,R0043_55037979,1.0
R0043_55034325,R0043_55027552,1.0
R0043_55034325,R0043_55034879,1.0
R0043_55034325,R0043_55032908,1.0
R0043_55034325,R0043_55039686,1.0
R0043_55034325,R0043_55032863,1.0
R0043_55034325,R0043_55009127,1.0
R0043_55034325,R0043_55036250,1.0
R0043_55034325,R0043_55034880,1.0
R0043_55034325,R0043_55032860,1.0
R0043_55034325,R0043_55029506,1.0
R0043_55034325,R0043_55031288,1.0
R0043_55034325,R0043_55036124,1.0
R0043_55034325,R0043_55039830,1.0
R0043_55034325,R0043_55039829,1.0
R0043_55034325,R0043_55031080,1.0
R0043_55034325,R0043_55031077,1.0
R0043_55034325,R0043_55017366,1.0
R0043_55034325,R0043_55034335,1.0
R0043_55034325,R0043_55031005,1.0
R0043_55034325,R0055_55007584,0.3787878787878788
R0043_55034325,R0055_55007583,0.3787878787878788
R0043_55034325,R0204_55005925,0.4090909090909091
R0043_55034325,R0204_55032685,0.4090909090909091
R0043_55034325,R0204_55035156,0.4090909090909091
R0043_55034325,R0204_55022352,0.4090909090909091
R0043_55034325,R0204_55004131,0.4090909090909091
R0043_55034325,R0207_55036375,0.3939393939393939
R0043_55034325,R0207_55032672,0.3939393939393939
R0043_55034325,R0207_55032673,0.3939393939393939
R0043_55034325,R0290_55038074,0.3939393939393939
R0043_55034325,R0290_55041439,0.3939393939393939
R0043_55034325,R0290_55041442,0.3939393939393939
R0043_55034325,R0290_55041438,0.3939393939393939
R0043_55034325,R0290_55041440,0.3939393939393939
R0043_55034325,R0290_55041441,0.3939393939393939
R0043_55034325,R0290_55030423,0.3939393939393939
R0043_55034325,R0290_55039755,0.3939393939393939
R0043_55034325,R0290_55026840,0.3939393939393939
R0043_55034325,R0290_55038681,0.3939393939393939
R0043_55034325,R0290_55033209,0.3939393939393939
R0043_55034325,R0290_55043722,0.3939393939393939
R0043_55034325,R0377_55039577,0.4090909090909091
R0043_55034325,R0377_55032663,0.4090909090909091
R0043_55034325,R0377_55036003,0.4090909090909091
R0043_55034325,R0377_55036004,0.4090909090909091
R0043_55034325,R0377_55036006,0.4090909090909091
R0043_55034325,R0377_55036007,0.4090909090909091
R0043_55034325,R0377_55036008,0.4090909090909091
R0043_55034325,R0377_55036009,0.4090909090909091
R0043_55034325,R0377_55043375,0.4090909090909091
R0043_55034325,R0377_55032655,0.4090909090909091
R0043_55034325,R0377_55034860,0.4090909090909091
R0043_55034325,R0377_55042881,0.4090909090909091
R0043_55034325,R0377_55033035,0.4090909090909091
R0043_55034325,R0377_55044076,0.4090909090909091
R0043_55034325,R0377_55036698,0.4090909090909091
R0043_55034325,R0377_55032664,0.4090909090909091
R0043_55034325,R0377_55038331,0.4090909090909091
R0043_55034325,R0377_55041814,0.4090909090909091
R0043_55034325,R0377_55041025,0.4090909090909091
R0043_55034325,R0377_55039651,0.4090909090909091
R0043_55034325,R0377_55044100,0.4090909090909091
R0043_55034325,R0377_55026719,0.4090909090909091
R0043_55039829,R0002_55043311,0.30303030303030304
R0043_55039829,R0002_55036002,0.30303030303030304
R0043_55039829,R0002_55015378,0.30303030303030304
R0043_55039829,R0002_55032731,0.30303030303030304
R0043_55039829,R0002_55025944,0.30303030303030304
R0043_55039829,R0002_55024341,0.30303030303030304
R0043_55039829,R0002_55041509,0.30303030303030304
R0043_55039829,R0002_55036059,0.30303030303030304
R0043_55039829,R0002_55037787,0.30303030303030304
R0043_55039829,R0002_55039851,0.30303030303030304
R0043_55039829,R0002_55032782,0.30303030303030304
R0043_55039829,R0002_55036171,0.30303030303030304
R0043_55039829,R0002_55035505,0.30303030303030304
R0043_55039829,R0002_55011002,0.30303030303030304
R0043_55039829,R0002_55031467,0.30303030303030304
R0043_55039829,R0002_55028991,0.30303030303030304
R0043_55039829,R0002_55027831,0.30303030303030304
R0043_55039829,R0002_55038839,0.30303030303030304
R0043_55039829,R0002_55019960,0.30303030303030304
R0043_55039829,R0002_55033035,0.30303030303030304
R0043_55039829,R0002_55006197,0.30303030303030304
R0043_55039829,R0002_55036505,0.30303030303030304
R0043_55039829,R0002_55044076,0.30303030303030304
R0043_55039829,R0002_55036050,0.30303030303030304
R0043_55039829,R0002_55037530,0.30303030303030304
R0043_55039829,R0002_55040793,0.30303030303030304
R0043_55039829,R0002_55043136,0.30303030303030304
R0043_55039829,R0002_55014421,0.30303030303030304
R0043_55039829,R0002_55003518,0.30303030303030304
R0043_55039829,R0002_55027319,0.30303030303030304
R0043_55039829,R0002_55035727,0.30303030303030304
R0043_55039829,R0002_55032858,0.30303030303030304
R0043_55039829,R0002_55029026,0.30303030303030304
R0043_55039829,R0002_55039889,0.30303030303030304
R0043_55039829,R0002_55041025,0.30303030303030304
R0043_55039829,R0002_55041833,0.30303030303030304
R0043_55039829,R0002_55031084,0.30303030303030304
R0043_55039829,R0002_55030125,0.30303030303030304
R0043_55039829,R0002_55011220,0.30303030303030304
R0043_55039829,R0002_55043779,0.30303030303030304
R0043_55039829,R0002_55026664,0.30303030303030304
R0043_55039829,R0002_55037878,0.30303030303030304
R0043_55039829,R0002_55043901,0.30303030303030304
R0043_55039829,R0002_55037718,0.30303030303030304
R0043_55039829,R0002_55042075,0.30303030303030304
R0043_55039829,R0002_55031358,0.30303030303030304
R0043_55039829,R0002_55025080,0.30303030303030304
R0043_55039829,R0002_55037283,0.30303030303030304
R0043_55039829,R0002_55019387,0.30303030303030304
R0043_55039829,R0043_55035478,1.0
R0043_55039829,R0043_55032756,1.0
R0043_55039829,R0043_55039677,1.0
R0043_55039829,R0043_55039678,1.0
R0043_55039829,R0043_55029067,1.0
R0043_55039829,R0043_55036252,1.0
R0043_55039829,R0043_55034675,1.0
R0043_55039829,R0043_55031083,1.0
R0043_55039829,R0043_55036209,1.0
R0043_55039829,R0043_55035181,1.0
R0043_55039829,R0043_55032758,1.0
R0043_55039829,R0043_55039681,1.0
R0043_55039829,R0043_55039682,1.0
R0043_55039829,R0043_55039683,1.0
R0043_55039829,R0043_55039684,1.0
R0043_55039829,R0043_55032632,1.0
R0043_55039829,R0043_55021537,1.0
R0043_55039829,R0043_55041926,1.0
R0043_55039829,R0043_55029012,1.0
R0043_55039829,R0043_55034882,1.0
R0043_55039829,R0043_55039679,1.0
R0043_55039829,R0043_55032862,1.0
R0043_55039829,R0043_55032759,1.0
R0043_55039829,R0043_55037980,1.0
R0043_55039829,R0043_55037979,1.0
R0043_55039829,R0043_55027552,1.0
R0043_55039829,R0043_55034879,1.0
R0043_55039829,R0043_55032908,1.0
R0043_55039829,R0043_55039686,1.0
R0043_55039829,R0043_55032863,1.0
R0043_55039829,R0043_55009127,1.0
R0043_55039829,R0043_55036250,1.0
R0043_55039829,R0043_55034880,1.0
R0043_55039829,R0043_55032860,1.0
R0043_55039829,R0043_55029506,1.0
R0043_55039829,R0043_55031288,1.0
R0043_55039829,R0043_55036124,1.0
R0043_55039829,R0043_55039830,1.0
R0043_55039829,R0043_55034325,1.0
R0043_55039829,R0043_55031080,1.0
R0043_55039829,R0043_55031077,1.0
R0043_55039829,R0043_55017366,1.0
R0043_55039829,R0043_55034335,1.0
R0043_55039829,R0043_55031005,1.0
R0043_55039829,R0055_55007584,0.3787878787878788
R0043_55039829,R0055_55007583,0.3787878787878788
R0043_55039829,R0204_55005925,0.4090909090909091
R0043_55039829,R0204_55032685,0.4090909090909091
R0043_55039829,R0204_55035156,0.4090909090909091
R0043_55039829,R0204_55022352,0.4090909090909091
R0043_55039829,R0204_55004131,0.4090909090909091
R0043_55039829,R0207_55036375,0.3939393939393939
R0043_55039829,R0207_55032672,0.3939393939393939
R0043_55039829,R0207_55032673,0.3939393939393939
R0043_55039829,R0290_55038074,0.3939393939393939
R0043_55039829,R0290_55041439,0.3939393939393939
R0043_55039829,R0290_55041442,0.3939393939393939
R0043_55039829,R0290_55041438,0.3939393939393939
R0043_55039829,R0290_55041440,0.3939393939393939
R0043_55039829,R0290_55041441,0.3939393939393939
R0043_55039829,R0290_55030423,0.3939393939393939
R0043_55039829,R0290_55039755,0.3939393939393939
R0043_55039829,R0290_55026840,0.3939393939393939
R0043_55039829,R0290_55038681,0.3939393939393939
R0043_55039829,R0290_55033209,0.3939393939393939
R0043_55039829,R0290_55043722,0.3939393939393939
R0043_55039829,R0377_55039577,0.4090909090909091
R0043_55039829,R0377_55032663,0.4090909090909091
R0043_55039829,R0377_55036003,0.4090909090909091
R0043_55039829,R0377_55036004,0.4090909090909091
R0043_55039829,R0377_55036006,0.4090909090909091
R0043_55039829,R0377_55036007,0.4090909090909091
R0043_55039829,R0377_55036008,0.4090909090909091
R0043_55039829,R0377_55036009,0.4090909090909091
R0043_55039829,R0377_55043375,0.4090909090909091
R0043_55039829,R0377_55032655,0.4090909090909091
R0043_55039829,R0377_55034860,0.4090909090909091
R0043_55039829,R0377_55042881,0.4090909090909091
R0043_55039829,R0377_55033035,0.4090909090909091
R0043_55039829,R0377_55044076,0.4090909090909091
R0043_55039829,R0377_55036698,0.4090909090909091
R0043_55039829,R0377_55032664,0.4090909090909091
R0043_55039829,R0377_55038331,0.4090909090909091
R0043_55039829,R0377_55041814,0.4090909090909091
R0043_55039829,R0377_55041025,0.4090909090909091
R0043_55039829,R0377_55039651,0.4090909090909091
R0043_55039829,R0377_55044100,0.4090909090909091
R0043_55039829,R0377_55026719,0.4090909090909091
R0043_55031080,R0002_55043311,0.30303030303030304
R0043_55031080,R0002_55036002,0.30303030303030304
R0043_55031080,R0002_55015378,0.30303030303030304
R0043_55031080,R0002_55032731,0.30303030303030304
R0043_55031080,R0002_55025944,0.30303030303030304
R0043_55031080,R0002_55024341,0.30303030303030304
R0043_55031080,R0002_55041509,0.30303030303030304
R0043_55031080,R0002_55036059,0.30303030303030304
R0043_55031080,R0002_55037787,0.30303030303030304
R0043_55031080,R0002_55039851,0.30303030303030304
R0043_55031080,R0002_55032782,0.30303030303030304
R0043_55031080,R0002_55036171,0.30303030303030304
R0043_55031080,R0002_55035505,0.30303030303030304
R0043_55031080,R0002_55011002,0.30303030303030304
R0043_55031080,R0002_55031467,0.30303030303030304
R0043_55031080,R0002_55028991,0.30303030303030304
R0043_55031080,R0002_55027831,0.30303030303030304
R0043_55031080,R0002_55038839,0.30303030303030304
R0043_55031080,R0002_55019960,0.30303030303030304
R0043_55031080,R0002_55033035,0.30303030303030304
R0043_55031080,R0002_55006197,0.30303030303030304
R0043_55031080,R0002_55036505,0.30303030303030304
R0043_55031080,R0002_55044076,0.30303030303030304
R0043_55031080,R0002_55036050,0.30303030303030304
R0043_55031080,R0002_55037530,0.30303030303030304
R0043_55031080,R0002_55040793,0.30303030303030304
R0043_55031080,R0002_55043136,0.30303030303030304
R0043_55031080,R0002_55014421,0.30303030303030304
R0043_55031080,R0002_55003518,0.30303030303030304
R0043_55031080,R0002_55027319,0.30303030303030304
R0043_55031080,R0002_55035727,0.30303030303030304
R0043_55031080,R0002_55032858,0.30303030303030304
R0043_55031080,R0002_55029026,0.30303030303030304
R0043_55031080,R0002_55039889,0.30303030303030304
R0043_55031080,R0002_55041025,0.30303030303030304
R0043_55031080,R0002_55041833,0.30303030303030304
R0043_55031080,R0002_55031084,0.30303030303030304
R0043_55031080,R0002_55030125,0.30303030303030304
R0043_55031080,R0002_55011220,0.30303030303030304
R0043_55031080,R0002_55043779,0.30303030303030304
R0043_55031080,R0002_55026664,0.30303030303030304
R0043_55031080,R0002_55037878,0.30303030303030304
R0043_55031080,R0002_55043901,0.30303030303030304
R0043_55031080,R0002_55037718,0.30303030303030304
R0043_55031080,R0002_55042075,0.30303030303030304
R0043_55031080,R0002_55031358,0.30303030303030304
R0043_55031080,R0002_55025080,0.30303030303030304
R0043_55031080,R0002_55037283,0.30303030303030304
R0043_55031080,R0002_55019387,0.30303030303030304
R0043_55031080,R0043_55035478,1.0
R0043_55031080,R0043_55032756,1.0
R0043_55031080,R0043_55039677,1.0
R0043_55031080,R0043_55039678,1.0
R0043_55031080,R0043_55029067,1.0
R0043_55031080,R0043_55036252,1.0
R0043_55031080,R0043_55034675,1.0
R0043_55031080,R0043_55031083,1.0
R0043_55031080,R0043_55036209,1.0
R0043_55031080,R0043_55035181,1.0
R0043_55031080,R0043_55032758,1.0
R0043_55031080,R0043_55039681,1.0
R0043_55031080,R0043_55039682,1.0
R0043_55031080,R0043_55039683,1.0
R0043_55031080,R0043_55039684,1.0
R0043_55031080,R0043_55032632,1.0
R0043_55031080,R0043_55021537,1.0
R0043_55031080,R0043_55041926,1.0
R0043_55031080,R0043_55029012,1.0
R0043_55031080,R0043_55034882,1.0
R0043_55031080,R0043_55039679,1.0
R0043_55031080,R0043_55032862,1.0
R0043_55031080,R0043_55032759,1.0
R0043_55031080,R0043_55037980,1.0
R0043_55031080,R0043_55037979,1.0
R0043_55031080,R0043_55027552,1.0
R0043_55031080,R0043_55034879,1.0
R0043_55031080,R0043_55032908,1.0
R0043_55031080,R0043_55039686,1.0
R0043_55031080,R0043_55032863,1.0
R0043_55031080,R0043_55009127,1.0
R0043_55031080,R0043_55036250,1.0
R0043_55031080,R0043_55034880,1.0
R0043_55031080,R0043_55032860,1.0
R0043_55031080,R0043_55029506,1.0
R0043_55031080,R0043_55031288,1.0
R0043_55031080,R0043_55036124,1.0
R0043_55031080,R0043_55039830,1.0
R0043_55031080,R0043_55034325,1.0
R0043_55031080,R0043_55039829,1.0
R0043_55031080,R0043_55031077,1.0
R0043_55031080,R0043_55017366,1.0
R0043_55031080,R0043_55034335,1.0
R0043_55031080,R0043_55031005,1.0
R0043_55031080,R0055_55007584,0.3787878787878788
R0043_55031080,R0055_55007583,0.3787878787878788
R0043_55031080,R0204_55005925,0.4090909090909091
R0043_55031080,R0204_55032685,0.4090909090909091
R0043_55031080,R0204_55035156,0.4090909090909091
R0043_55031080,R0204_55022352,0.4090909090909091
R0043_55031080,R0204_55004131,0.4090909090909091
R0043_55031080,R0207_55036375,0.3939393939393939
R0043_55031080,R0207_55032672,0.3939393939393939
R0043_55031080,R0207_55032673,0.3939393939393939
R0043_55031080,R0290_55038074,0.3939393939393939
R0043_55031080,R0290_55041439,0.3939393939393939
R0043_55031080,R0290_55041442,0.3939393939393939
R0043_55031080,R0290_55041438,0.3939393939393939
R0043_55031080,R0290_55041440,0.3939393939393939
R0043_55031080,R0290_55041441,0.3939393939393939
R0043_55031080,R0290_55030423,0.3939393939393939
R0043_55031080,R0290_55039755,0.3939393939393939
R0043_55031080,R0290_55026840,0.3939393939393939
R0043_55031080,R0290_55038681,0.3939393939393939
R0043_55031080,R0290_55033209,0.3939393939393939
R0043_55031080,R0290_55043722,0.3939393939393939
R0043_55031080,R0377_55039577,0.4090909090909091
R0043_55031080,R0377_55032663,0.4090909090909091
R0043_55031080,R0377_55036003,0.4090909090909091
R0043_55031080,R0377_55036004,0.4090909090909091
R0043_55031080,R0377_55036006,0.4090909090909091
R0043_55031080,R0377_55036007,0.4090909090909091
R0043_55031080,R0377_55036008,0.4090909090909091
R0043_55031080,R0377_55036009,0.4090909090909091
R0043_55031080,R0377_55043375,0.4090909090909091
R0043_55031080,R0377_55032655,0.4090909090909091
R0043_55031080,R0377_55034860,0.4090909090909091
R0043_55031080,R0377_55042881,0.4090909090909091
R0043_55031080,R0377_55033035,0.4090909090909091
R0043_55031080,R0377_55044076,0.4090909090909091
R0043_55031080,R0377_55036698,0.4090909090909091
R0043_55031080,R0377_55032664,0.4090909090909091
R0043_55031080,R0377_55038331,0.4090909090909091
R0043_55031080,R0377_55041814,0.4090909090909091
R0043_55031080,R0377_55041025,0.4090909090909091
R0043_55031080,R0377_55039651,0.4090909090909091
R0043_55031080,R0377_55044100,0.4090909090909091
R0043_55031080,R0377_55026719,0.4090909090909091
R0043_55031077,R0002_55043311,0.30303030303030304
R0043_55031077,R0002_55036002,0.30303030303030304
R0043_55031077,R0002_55015378,0.30303030303030304
R0043_55031077,R0002_55032731,0.30303030303030304
R0043_55031077,R0002_55025944,0.30303030303030304
R0043_55031077,R0002_55024341,0.30303030303030304
R0043_55031077,R0002_55041509,0.30303030303030304
R0043_55031077,R0002_55036059,0.30303030303030304
R0043_55031077,R0002_55037787,0.30303030303030304
R0043_55031077,R0002_55039851,0.30303030303030304
R0043_55031077,R0002_55032782,0.30303030303030304
R0043_55031077,R0002_55036171,0.30303030303030304
R0043_55031077,R0002_55035505,0.30303030303030304
R0043_55031077,R0002_55011002,0.30303030303030304
R0043_55031077,R0002_55031467,0.30303030303030304
R0043_55031077,R0002_55028991,0.30303030303030304
R0043_55031077,R0002_55027831,0.30303030303030304
R0043_55031077,R0002_55038839,0.30303030303030304
R0043_55031077,R0002_55019960,0.30303030303030304
R0043_55031077,R0002_55033035,0.30303030303030304
R0043_55031077,R0002_55006197,0.30303030303030304
R0043_55031077,R0002_55036505,0.30303030303030304
R0043_55031077,R0002_55044076,0.30303030303030304
R0043_55031077,R0002_55036050,0.30303030303030304
R0043_55031077,R0002_55037530,0.30303030303030304
R0043_55031077,R0002_55040793,0.30303030303030304
R0043_55031077,R0002_55043136,0.30303030303030304
R0043_55031077,R0002_55014421,0.30303030303030304
R0043_55031077,R0002_55003518,0.30303030303030304
R0043_55031077,R0002_55027319,0.30303030303030304
R0043_55031077,R0002_55035727,0.30303030303030304
R0043_55031077,R0002_55032858,0.30303030303030304
R0043_55031077,R0002_55029026,0.30303030303030304
R0043_55031077,R0002_55039889,0.30303030303030304
R0043_55031077,R0002_55041025,0.30303030303030304
R0043_55031077,R0002_55041833,0.30303030303030304
R0043_55031077,R0002_55031084,0.30303030303030304
R0043_55031077,R0002_55030125,0.30303030303030304
R0043_55031077,R0002_55011220,0.30303030303030304
R0043_55031077,R0002_55043779,0.30303030303030304
R0043_55031077,R0002_55026664,0.30303030303030304
R0043_55031077,R0002_55037878,0.30303030303030304
R0043_55031077,R0002_55043901,0.30303030303030304
R0043_55031077,R0002_55037718,0.30303030303030304
R0043_55031077,R0002_55042075,0.30303030303030304
R0043_55031077,R0002_55031358,0.30303030303030304
R0043_55031077,R0002_55025080,0.30303030303030304
R0043_55031077,R0002_55037283,0.30303030303030304
R0043_55031077,R0002_55019387,0.30303030303030304
R0043_55031077,R0043_55035478,1.0
R0043_55031077,R0043_55032756,1.0
R0043_55031077,R0043_55039677,1.0
R0043_55031077,R0043_55039678,1.0
R0043_55031077,R0043_55029067,1.0
R0043_55031077,R0043_55036252,1.0
R0043_55031077,R0043_55034675,1.0
R0043_55031077,R0043_55031083,1.0
R0043_55031077,R0043_55036209,1.0
R0043_55031077,R0043_55035181,1.0
R0043_55031077,R0043_55032758,1.0
R0043_55031077,R0043_55039681,1.0
R0043_55031077,R0043_55039682,1.0
R0043_55031077,R0043_55039683,1.0
R0043_55031077,R0043_55039684,1.0
R0043_55031077,R0043_55032632,1.0
R0043_55031077,R0043_55021537,1.0
R0043_55031077,R0043_55041926,1.0
R0043_55031077,R0043_55029012,1.0
R0043_55031077,R0043_55034882,1.0
R0043_55031077,R0043_55039679,1.0
R0043_55031077,R0043_55032862,1.0
R0043_55031077,R0043_55032759,1.0
R0043_55031077,R0043_55037980,1.0
R0043_55031077,R0043_55037979,1.0
R0043_55031077,R0043_55027552,1.0
R0043_55031077,R0043_55034879,1.0
R0043_55031077,R0043_55032908,1.0
R0043_55031077,R0043_55039686,1.0
R0043_55031077,R0043_55032863,1.0
R0043_55031077,R0043_55009127,1.0
R0043_55031077,R0043_55036250,1.0
R0043_55031077,R0043_55034880,1.0
R0043_55031077,R0043_55032860,1.0
R0043_55031077,R0043_55029506,1.0
R0043_55031077,R0043_55031288,1.0
R0043_55031077,R0043_55036124,1.0
R0043_55031077,R0043_55039830,1.0
R0043_55031077,R0043_55034325,1.0
R0043_55031077,R0043_55039829,1.0
R0043_55031077,R0043_55031080,1.0
R0043_55031077,R0043_55017366,1.0
R0043_55031077,R0043_55034335,1.0
R0043_55031077,R0043_55031005,1.0
R0043_55031077,R0055_55007584,0.3787878787878788
R0043_55031077,R0055_55007583,0.3787878787878788
R0043_55031077,R0204_55005925,0.4090909090909091
R0043_55031077,R0204_55032685,0.4090909090909091
R0043_55031077,R0204_55035156,0.4090909090909091
R0043_55031077,R0204_55022352,0.4090909090909091
R0043_55031077,R0204_55004131,0.4090909090909091
R0043_55031077,R0207_55036375,0.3939393939393939
R0043_55031077,R0207_55032672,0.3939393939393939
R0043_55031077,R0207_55032673,0.3939393939393939
R0043_55031077,R0290_55038074,0.3939393939393939
R0043_55031077,R0290_55041439,0.3939393939393939
R0043_55031077,R0290_55041442,0.3939393939393939
R0043_55031077,R0290_55041438,0.3939393939393939
R0043_55031077,R0290_55041440,0.3939393939393939
R0043_55031077,R0290_55041441,0.3939393939393939
R0043_55031077,R0290_55030423,0.3939393939393939
R0043_55031077,R0290_55039755,0.3939393939393939
R0043_55031077,R0290_55026840,0.3939393939393939
R0043_55031077,R0290_55038681,0.3939393939393939
R0043_55031077,R0290_55033209,0.3939393939393939
R0043_55031077,R0290_55043722,0.3939393939393939
R0043_55031077,R0377_55039577,0.4090909090909091
R0043_55031077,R0377_55032663,0.4090909090909091
R0043_55031077,R0377_55036003,0.4090909090909091
R0043_55031077,R0377_55036004,0.4090909090909091
R0043_55031077,R0377_55036006,0.4090909090909091
R0043_55031077,R0377_55036007,0.4090909090909091
R0043_55031077,R0377_55036008,0.4090909090909091
R0043_55031077,R0377_55036009,0.4090909090909091
R0043_55031077,R0377_55043375,0.4090909090909091
R0043_55031077,R0377_55032655,0.4090909090909091
R0043_55031077,R0377_55034860,0.4090909090909091
R0043_55031077,R0377_55042881,0.4090909090909091
R0043_55031077,R0377_55033035,0.4090909090909091
R0043_55031077,R0377_55044076,0.4090909090909091
R0043_55031077,R0377_55036698,0.4090909090909091
R0043_55031077,R0377_55032664,0.4090909090909091
R0043_55031077,R0377_55038331,0.4090909090909091
R0043_55031077,R0377_55041814,0.4090909090909091
R0043_55031077,R0377_55041025,0.4090909090909091
R0043_55031077,R0377_55039651,0.4090909090909091
R0043_55031077,R0377_55044100,0.4090909090909091
R0043_55031077,R0377_55026719,0.4090909090909091
R0043_55017366,R0002_55043311,0.30303030303030304
R0043_55017366,R0002_55036002,0.30303030303030304
R0043_55017366,R0002_55015378,0.30303030303030304
R0043_55017366,R0002_55032731,0.30303030303030304
R0043_55017366,R0002_55025944,0.30303030303030304
R0043_55017366,R0002_55024341,0.30303030303030304
R0043_55017366,R0002_55041509,0.30303030303030304
R0043_55017366,R0002_55036059,0.30303030303030304
R0043_55017366,R0002_55037787,0.30303030303030304
R0043_55017366,R0002_55039851,0.30303030303030304
R0043_55017366,R0002_55032782,0.30303030303030304
R0043_55017366,R0002_55036171,0.30303030303030304
R0043_55017366,R0002_55035505,0.30303030303030304
R0043_55017366,R0002_55011002,0.30303030303030304
R0043_55017366,R0002_55031467,0.30303030303030304
R0043_55017366,R0002_55028991,0.30303030303030304
R0043_55017366,R0002_55027831,0.30303030303030304
R0043_55017366,R0002_55038839,0.30303030303030304
R0043_55017366,R0002_55019960,0.30303030303030304
R0043_55017366,R0002_55033035,0.30303030303030304
R0043_55017366,R0002_55006197,0.30303030303030304
R0043_55017366,R0002_55036505,0.30303030303030304
R0043_55017366,R0002_55044076,0.30303030303030304
R0043_55017366,R0002_55036050,0.30303030303030304
R0043_55017366,R0002_55037530,0.30303030303030304
R0043_55017366,R0002_55040793,0.30303030303030304
R0043_55017366,R0002_55043136,0.30303030303030304
R0043_55017366,R0002_55014421,0.30303030303030304
R0043_55017366,R0002_55003518,0.30303030303030304
R0043_55017366,R0002_55027319,0.30303030303030304
R0043_55017366,R0002_55035727,0.30303030303030304
R0043_55017366,R0002_55032858,0.30303030303030304
R0043_55017366,R0002_55029026,0.30303030303030304
R0043_55017366,R0002_55039889,0.30303030303030304
R0043_55017366,R0002_55041025,0.30303030303030304
R0043_55017366,R0002_55041833,0.30303030303030304
R0043_55017366,R0002_55031084,0.30303030303030304
R0043_55017366,R0002_55030125,0.30303030303030304
R0043_55017366,R0002_55011220,0.30303030303030304
R0043_55017366,R0002_55043779,0.30303030303030304
R0043_55017366,R0002_55026664,0.30303030303030304
R0043_55017366,R0002_55037878,0.30303030303030304
R0043_55017366,R0002_55043901,0.30303030303030304
R0043_55017366,R0002_55037718,0.30303030303030304
R0043_55017366,R0002_55042075,0.30303030303030304
R0043_55017366,R0002_55031358,0.30303030303030304
R0043_55017366,R0002_55025080,0.30303030303030304
R0043_55017366,R0002_55037283,0.30303030303030304
R0043_55017366,R0002_55019387,0.30303030303030304
R0043_55017366,R0043_55035478,1.0
R0043_55017366,R0043_55032756,1.0
R0043_55017366,R0043_55039677,1.0
R0043_55017366,R0043_55039678,1.0
R0043_55017366,R0043_55029067,1.0
R0043_55017366,R0043_55036252,1.0
R0043_55017366,R0043_55034675,1.0
R0043_55017366,R0043_55031083,1.0
R0043_55017366,R0043_55036209,1.0
R0043_55017366,R0043_55035181,1.0
R0043_55017366,R0043_55032758,1.0
R0043_55017366,R0043_55039681,1.0
R0043_55017366,R0043_55039682,1.0
R0043_55017366,R0043_55039683,1.0
R0043_55017366,R0043_55039684,1.0
R0043_55017366,R0043_55032632,1.0
R0043_55017366,R0043_55021537,1.0
R0043_55017366,R0043_55041926,1.0
R0043_55017366,R0043_55029012,1.0
R0043_55017366,R0043_55034882,1.0
R0043_55017366,R0043_55039679,1.0
R0043_55017366,R0043_55032862,1.0
R0043_55017366,R0043_55032759,1.0
R0043_55017366,R0043_55037980,1.0
R0043_55017366,R0043_55037979,1.0
R0043_55017366,R0043_55027552,1.0
R0043_55017366,R0043_55034879,1.0
R0043_55017366,R0043_55032908,1.0
R0043_55017366,R0043_55039686,1.0
R0043_55017366,R0043_55032863,1.0
R0043_55017366,R0043_55009127,1.0
R0043_55017366,R0043_55036250,1.0
R0043_55017366,R0043_55034880,1.0
R0043_55017366,R0043_55032860,1.0
R0043_55017366,R0043_55029506,1.0
R0043_55017366,R0043_55031288,1.0
R0043_55017366,R0043_55036124,1.0
R0043_55017366,R0043_55039830,1.0
R0043_55017366,R0043_55034325,1.0
R0043_55017366,R0043_55039829,1.0
R0043_55017366,R0043_55031080,1.0
R0043_55017366,R0043_55031077,1.0
R0043_55017366,R0043_55034335,1.0
R0043_55017366,R0043_55031005,1.0
R0043_55017366,R0055_55007584,0.3787878787878788
R0043_55017366,R0055_55007583,0.3787878787878788
R0043_55017366,R0204_55005925,0.4090909090909091
R0043_55017366,R0204_55032685,0.4090909090909091
R0043_55017366,R0204_55035156,0.4090909090909091
R0043_55017366,R0204_55022352,0.4090909090909091
R0043_55017366,R0204_55004131,0.4090909090909091
R0043_55017366,R0207_55036375,0.3939393939393939
R0043_55017366,R0207_55032672,0.3939393939393939
R0043_55017366,R0207_55032673,0.3939393939393939
R0043_55017366,R0290_55038074,0.3939393939393939
R0043_55017366,R0290_55041439,0.3939393939393939
R0043_55017366,R0290_55041442,0.3939393939393939
R0043_55017366,R0290_55041438,0.3939393939393939
R0043_55017366,R0290_55041440,0.3939393939393939
R0043_55017366,R0290_55041441,0.3939393939393939
R0043_55017366,R0290_55030423,0.3939393939393939
R0043_55017366,R0290_55039755,0.3939393939393939
R0043_55017366,R0290_55026840,0.3939393939393939
R0043_55017366,R0290_55038681,0.3939393939393939
R0043_55017366,R0290_55033209,0.3939393939393939
R0043_55017366,R0290_55043722,0.3939393939393939
R0043_55017366,R0377_55039577,0.4090909090909091
R0043_55017366,R0377_55032663,0.4090909090909091
R0043_55017366,R0377_55036003,0.4090909090909091
R0043_55017366,R0377_55036004,0.4090909090909091
R0043_55017366,R0377_55036006,0.4090909090909091
R0043_55017366,R0377_55036007,0.4090909090909091
R0043_55017366,R0377_55036008,0.4090909090909091
R0043_55017366,R0377_55036009,0.4090909090909091
R0043_55017366,R0377_55043375,0.4090909090909091
R0043_55017366,R0377_55032655,0.4090909090909091
R0043_55017366,R0377_55034860,0.4090909090909091
R0043_55017366,R0377_55042881,0.4090909090909091
R0043_55017366,R0377_55033035,0.4090909090909091
R0043_55017366,R0377_55044076,0.4090909090909091
R0043_55017366,R0377_55036698,0.4090909090909091
R0043_55017366,R0377_55032664,0.4090909090909091
R0043_55017366,R0377_55038331,0.4090909090909091
R0043_55017366,R0377_55041814,0.4090909090909091
R0043_55017366,R0377_55041025,0.4090909090909091
R0043_55017366,R0377_55039651,0.4090909090909091
R0043_55017366,R0377_55044100,0.4090909090909091
R0043_55017366,R0377_55026719,0.4090909090909091
R0043_55034335,R0002_55043311,0.30303030303030304
R0043_55034335,R0002_55036002,0.30303030303030304
R0043_55034335,R0002_55015378,0.30303030303030304
R0043_55034335,R0002_55032731,0.30303030303030304
R0043_55034335,R0002_55025944,0.30303030303030304
R0043_55034335,R0002_55024341,0.30303030303030304
R0043_55034335,R0002_55041509,0.30303030303030304
R0043_55034335,R0002_55036059,0.30303030303030304
R0043_55034335,R0002_55037787,0.30303030303030304
R0043_55034335,R0002_55039851,0.30303030303030304
R0043_55034335,R0002_55032782,0.30303030303030304
R0043_55034335,R0002_55036171,0.30303030303030304
R0043_55034335,R0002_55035505,0.30303030303030304
R0043_55034335,R0002_55011002,0.30303030303030304
R0043_55034335,R0002_55031467,0.30303030303030304
R0043_55034335,R0002_55028991,0.30303030303030304
R0043_55034335,R0002_55027831,0.30303030303030304
R0043_55034335,R0002_55038839,0.30303030303030304
R0043_55034335,R0002_55019960,0.30303030303030304
R0043_55034335,R0002_55033035,0.30303030303030304
R0043_55034335,R0002_55006197,0.30303030303030304
R0043_55034335,R0002_55036505,0.30303030303030304
R0043_55034335,R0002_55044076,0.30303030303030304
R0043_55034335,R0002_55036050,0.30303030303030304
R0043_55034335,R0002_55037530,0.30303030303030304
R0043_55034335,R0002_55040793,0.30303030303030304
R0043_55034335,R0002_55043136,0.30303030303030304
R0043_55034335,R0002_55014421,0.30303030303030304
R0043_55034335,R0002_55003518,0.30303030303030304
R0043_55034335,R0002_55027319,0.30303030303030304
R0043_55034335,R0002_55035727,0.30303030303030304
R0043_55034335,R0002_55032858,0.30303030303030304
R0043_55034335,R0002_55029026,0.30303030303030304
R0043_55034335,R0002_55039889,0.30303030303030304
R0043_55034335,R0002_55041025,0.30303030303030304
R0043_55034335,R0002_55041833,0.30303030303030304
R0043_55034335,R0002_55031084,0.30303030303030304
R0043_55034335,R0002_55030125,0.30303030303030304
R0043_55034335,R0002_55011220,0.30303030303030304
R0043_55034335,R0002_55043779,0.30303030303030304
R0043_55034335,R0002_55026664,0.30303030303030304
R0043_55034335,R0002_55037878,0.30303030303030304
R0043_55034335,R0002_55043901,0.30303030303030304
R0043_55034335,R0002_55037718,0.30303030303030304
R0043_55034335,R0002_55042075,0.30303030303030304
R0043_55034335,R0002_55031358,0.30303030303030304
R0043_55034335,R0002_55025080,0.30303030303030304
R0043_55034335,R0002_55037283,0.30303030303030304
R0043_55034335,R0002_55019387,0.30303030303030304
R0043_55034335,R0043_55035478,1.0
R0043_55034335,R0043_55032756,1.0
R0043_55034335,R0043_55039677,1.0
R0043_55034335,R0043_55039678,1.0
R0043_55034335,R0043_55029067,1.0
R0043_55034335,R0043_55036252,1.0
R0043_55034335,R0043_55034675,1.0
R0043_55034335,R0043_55031083,1.0
R0043_55034335,R0043_55036209,1.0
R0043_55034335,R0043_55035181,1.0
R0043_55034335,R0043_55032758,1.0
R0043_55034335,R0043_55039681,1.0
R0043_55034335,R0043_55039682,1.0
R0043_55034335,R0043_55039683,1.0
R0043_55034335,R0043_55039684,1.0
R0043_55034335,R0043_55032632,1.0
R0043_55034335,R0043_55021537,1.0
R0043_55034335,R0043_55041926,1.0
R0043_55034335,R0043_55029012,1.0
R0043_55034335,R0043_55034882,1.0
R0043_55034335,R0043_55039679,1.0
R0043_55034335,R0043_55032862,1.0
R0043_55034335,R0043_55032759,1.0
R0043_55034335,R0043_55037980,1.0
R0043_55034335,R0043_55037979,1.0
R0043_55034335,R0043_55027552,1.0
R0043_55034335,R0043_55034879,1.0
R0043_55034335,R0043_55032908,1.0
R0043_55034335,R0043_55039686,1.0
R0043_55034335,R0043_55032863,1.0
R0043_55034335,R0043_55009127,1.0
R0043_55034335,R0043_55036250,1.0
R0043_55034335,R0043_55034880,1.0
R0043_55034335,R0043_55032860,1.0
R0043_55034335,R0043_55029506,1.0
R0043_55034335,R0043_55031288,1.0
R0043_55034335,R0043_55036124,1.0
R0043_55034335,R0043_55039830,1.0
R0043_55034335,R0043_55034325,1.0
R0043_55034335,R0043_55039829,1.0
R0043_55034335,R0043_55031080,1.0
R0043_55034335,R0043_55031077,1.0
R0043_55034335,R0043_55017366,1.0
R0043_55034335,R0043_55031005,1.0
R0043_55034335,R0055_55007584,0.3787878787878788
R0043_55034335,R0055_55007583,0.3787878787878788
R0043_55034335,R0204_55005925,0.4090909090909091
R0043_55034335,R0204_55032685,0.4090909090909091
R0043_55034335,R0204_55035156,0.4090909090909091
R0043_55034335,R0204_55022352,0.4090909090909091
R0043_55034335,R0204_55004131,0.4090909090909091
R0043_55034335,R0207_55036375,0.3939393939393939
R0043_55034335,R0207_55032672,0.3939393939393939
R0043_55034335,R0207_55032673,0.3939393939393939
R0043_55034335,R0290_55038074,0.3939393939393939
R0043_55034335,R0290_55041439,0.3939393939393939
R0043_55034335,R0290_55041442,0.3939393939393939
R0043_55034335,R0290_55041438,0.3939393939393939
R0043_55034335,R0290_55041440,0.3939393939393939
R0043_55034335,R0290_55041441,0.3939393939393939
R0043_55034335,R0290_55030423,0.3939393939393939
R0043_55034335,R0290_55039755,0.3939393939393939
R0043_55034335,R0290_55026840,0.3939393939393939
R0043_55034335,R0290_55038681,0.3939393939393939
R0043_55034335,R0290_55033209,0.3939393939393939
R0043_55034335,R0290_55043722,0.3939393939393939
R0043_55034335,R0377_55039577,0.4090909090909091
R0043_55034335,R0377_55032663,0.4090909090909091
R0043_55034335,R0377_55036003,0.4090909090909091
R0043_55034335,R0377_55036004,0.4090909090909091
R0043_55034335,R0377_55036006,0.4090909090909091
R0043_55034335,R0377_55036007,0.4090909090909091
R0043_55034335,R0377_55036008,0.4090909090909091
R0043_55034335,R0377_55036009,0.4090909090909091
R0043_55034335,R0377_55043375,0.4090909090909091
R0043_55034335,R0377_55032655,0.4090909090909091
R0043_55034335,R0377_55034860,0.4090909090909091
R0043_55034335,R0377_55042881,0.4090909090909091
R0043_55034335,R0377_55033035,0.4090909090909091
R0043_55034335,R0377_55044076,0.4090909090909091
R0043_55034335,R0377_55036698,0.4090909090909091
R0043_55034335,R0377_55032664,0.4090909090909091
R0043_55034335,R0377_55038331,0.4090909090909091
R0043_55034335,R0377_55041814,0.4090909090909091
R0043_55034335,R0377_55041025,0.4090909090909091
R0043_55034335,R0377_55039651,0.4090909090909091
R0043_55034335,R0377_55044100,0.4090909090909091
R0043_55034335,R0377_55026719,0.4090909090909091
R0043_55031005,R0002_55043311,0.30303030303030304
R0043_55031005,R0002_55036002,0.30303030303030304
R0043_55031005,R0002_55015378,0.30303030303030304
R0043_55031005,R0002_55032731,0.30303030303030304
R0043_55031005,R0002_55025944,0.30303030303030304
R0043_55031005,R0002_55024341,0.30303030303030304
R0043_55031005,R0002_55041509,0.30303030303030304
R0043_55031005,R0002_55036059,0.30303030303030304
R0043_55031005,R0002_55037787,0.30303030303030304
R0043_55031005,R0002_55039851,0.30303030303030304
R0043_55031005,R0002_55032782,0.30303030303030304
R0043_55031005,R0002_55036171,0.30303030303030304
R0043_55031005,R0002_55035505,0.30303030303030304
R0043_55031005,R0002_55011002,0.30303030303030304
R0043_55031005,R0002_55031467,0.30303030303030304
R0043_55031005,R0002_55028991,0.30303030303030304
R0043_55031005,R0002_55027831,0.30303030303030304
R0043_55031005,R0002_55038839,0.30303030303030304
R0043_55031005,R0002_55019960,0.30303030303030304
R0043_55031005,R0002_55033035,0.30303030303030304
R0043_55031005,R0002_55006197,0.30303030303030304
R0043_55031005,R0002_55036505,0.30303030303030304
R0043_55031005,R0002_55044076,0.30303030303030304
R0043_55031005,R0002_55036050,0.30303030303030304
R0043_55031005,R0002_55037530,0.30303030303030304
R0043_55031005,R0002_55040793,0.30303030303030304
R0043_55031005,R0002_55043136,0.30303030303030304
R0043_55031005,R0002_55014421,0.30303030303030304
R0043_55031005,R0002_55003518,0.30303030303030304
R0043_55031005,R0002_55027319,0.30303030303030304
R0043_55031005,R0002_55035727,0.30303030303030304
R0043_55031005,R0002_55032858,0.30303030303030304
R0043_55031005,R0002_55029026,0.30303030303030304
R0043_55031005,R0002_55039889,0.30303030303030304
R0043_55031005,R0002_55041025,0.30303030303030304
R0043_55031005,R0002_55041833,0.30303030303030304
R0043_55031005,R0002_55031084,0.30303030303030304
R0043_55031005,R0002_55030125,0.30303030303030304
R0043_55031005,R0002_55011220,0.30303030303030304
R0043_55031005,R0002_55043779,0.30303030303030304
R0043_55031005,R0002_55026664,0.30303030303030304
R0043_55031005,R0002_55037878,0.30303030303030304
R0043_55031005,R0002_55043901,0.30303030303030304
R0043_55031005,R0002_55037718,0.30303030303030304
R0043_55031005,R0002_55042075,0.30303030303030304
R0043_55031005,R0002_55031358,0.30303030303030304
R0043_55031005,R0002_55025080,0.30303030303030304
R0043_55031005,R0002_55037283,0.30303030303030304
R0043_55031005,R0002_55019387,0.30303030303030304
R0043_55031005,R0043_55035478,1.0
R0043_55031005,R0043_55032756,1.0
R0043_55031005,R0043_55039677,1.0
R0043_55031005,R0043_55039678,1.0
R0043_55031005,R0043_55029067,1.0
R0043_55031005,R0043_55036252,1.0
R0043_55031005,R0043_55034675,1.0
R0043_55031005,R0043_55031083,1.0
R0043_55031005,R0043_55036209,1.0
R0043_55031005,R0043_55035181,1.0
R0043_55031005,R0043_55032758,1.0
R0043_55031005,R0043_55039681,1.0
R0043_55031005,R0043_55039682,1.0
R0043_55031005,R0043_55039683,1.0
R0043_55031005,R0043_55039684,1.0
R0043_55031005,R0043_55032632,1.0
R0043_55031005,R0043_55021537,1.0
R0043_55031005,R0043_55041926,1.0
R0043_55031005,R0043_55029012,1.0
R0043_55031005,R0043_55034882,1.0
R0043_55031005,R0043_55039679,1.0
R0043_55031005,R0043_55032862,1.0
R0043_55031005,R0043_55032759,1.0
R0043_55031005,R0043_55037980,1.0
R0043_55031005,R0043_55037979,1.0
R0043_55031005,R0043_55027552,1.0
R0043_55031005,R0043_55034879,1.0
R0043_55031005,R0043_55032908,1.0
R0043_55031005,R0043_55039686,1.0
R0043_55031005,R0043_55032863,1.0
R0043_55031005,R0043_55009127,1.0
R0043_55031005,R0043_55036250,1.0
R0043_55031005,R0043_55034880,1.0
R0043_55031005,R0043_55032860,1.0
R0043_55031005,R0043_55029506,1.0
R0043_55031005,R0043_55031288,1.0
R0043_55031005,R0043_55036124,1.0
R0043_55031005,R0043_55039830,1.0
R0043_55031005,R0043_55034325,1.0
R0043_55031005,R0043_55039829,1.0
R0043_55031005,R0043_55031080,1.0
R0043_55031005,R0043_55031077,1.0
R0043_55031005,R0043_55017366,1.0
R0043_55031005,R0043_55034335,1.0
R0043_55031005,R0055_55007584,0.3787878787878788
R0043_55031005,R0055_55007583,0.3787878787878788
R0043_55031005,R0204_55005925,0.4090909090909091
R0043_55031005,R0204_55032685,0.4090909090909091
R0043_55031005,R0204_55035156,0.4090909090909091
R0043_55031005,R0204_55022352,0.4090909090909091
R0043_55031005,R0204_55004131,0.4090909090909091
R0043_55031005,R0207_55036375,0.3939393939393939
R0043_55031005,R0207_55032672,0.3939393939393939
R0043_55031005,R0207_55032673,0.3939393939393939
R0043_55031005,R0290_55038074,0.3939393939393939
R0043_55031005,R0290_55041439,0.3939393939393939
R0043_55031005,R0290_55041442,0.3939393939393939
R0043_55031005,R0290_55041438,0.3939393939393939
R0043_55031005,R0290_55041440,0.3939393939393939
R0043_55031005,R0290_55041441,0.3939393939393939
R0043_55031005,R0290_55030423,0.3939393939393939
R0043_55031005,R0290_55039755,0.3939393939393939
R0043_55031005,R0290_55026840,0.3939393939393939
R0043_55031005,R0290_55038681,0.3939393939393939
R0043_55031005,R0290_55033209,0.3939393939393939
R0043_55031005,R0290_55043722,0.3939393939393939
R0043_55031005,R0377_55039577,0.4090909090909091
R0043_55031005,R0377_55032663,0.4090909090909091
R0043_55031005,R0377_55036003,0.4090909090909091
R0043_55031005,R0377_55036004,0.4090909090909091
R0043_55031005,R0377_55036006,0.4090909090909091
R0043_55031005,R0377_55036007,0.4090909090909091
R0043_55031005,R0377_55036008,0.4090909090909091
R0043_55031005,R0377_55036009,0.4090909090909091
R0043_55031005,R0377_55043375,0.4090909090909091
R0043_55031005,R0377_55032655,0.4090909090909091
R0043_55031005,R0377_55034860,0.4090909090909091
R0043_55031005,R0377_55042881,0.4090909090909091
R0043_55031005,R0377_55033035,0.4090909090909091
R0043_55031005,R0377_55044076,0.4090909090909091
R0043_55031005,R0377_55036698,0.4090909090909091
R0043_55031005,R0377_55032664,0.4090909090909091
R0043_55031005,R0377_55038331,0.4090909090909091
R0043_55031005,R0377_55041814,0.4090909090909091
R0043_55031005,R0377_55041025,0.4090909090909091
R0043_55031005,R0377_55039651,0.4090909090909091
R0043_55031005,R0377_55044100,0.4090909090909091
R0043_55031005,R0377_55026719,0.4090909090909091
R0055_55007584,R0002_55043311,0.35294117647058826
R0055_55007584,R0002_55036002,0.35294117647058826
R0055_55007584,R0002_55015378,0.35294117647058826
R0055_55007584,R0002_55032731,0.35294117647058826
R0055_55007584,R0002_55025944,0.35294117647058826
R0055_55007584,R0002_55024341,0.35294117647058826
R0055_55007584,R0002_55041509,0.35294117647058826
R0055_55007584,R0002_55036059,0.35294117647058826
R0055_55007584,R0002_55037787,0.35294117647058826
R0055_55007584,R0002_55039851,0.35294117647058826
R0055_55007584,R0002_55032782,0.35294117647058826
R0055_55007584,R0002_55036171,0.35294117647058826
R0055_55007584,R0002_55035505,0.35294117647058826
R0055_55007584,R0002_55011002,0.35294117647058826
R0055_55007584,R0002_55031467,0.35294117647058826
R0055_55007584,R0002_55028991,0.35294117647058826
R0055_55007584,R0002_55027831,0.35294117647058826
R0055_55007584,R0002_55038839,0.35294117647058826
R0055_55007584,R0002_55019960,0.35294117647058826
R0055_55007584,R0002_55033035,0.35294117647058826
R0055_55007584,R0002_55006197,0.35294117647058826
R0055_55007584,R0002_55036505,0.35294117647058826
R0055_55007584,R0002_55044076,0.35294117647058826
R0055_55007584,R0002_55036050,0.35294117647058826
R0055_55007584,R0002_55037530,0.35294117647058826
R0055_55007584,R0002_55040793,0.35294117647058826
R0055_55007584,R0002_55043136,0.35294117647058826
R0055_55007584,R0002_55014421,0.35294117647058826
R0055_55007584,R0002_55003518,0.35294117647058826
R0055_55007584,R0002_55027319,0.35294117647058826
R0055_55007584,R0002_55035727,0.35294117647058826
R0055_55007584,R0002_55032858,0.35294117647058826
R0055_55007584,R0002_55029026,0.35294117647058826
R0055_55007584,R0002_55039889,0.35294117647058826
R0055_55007584,R0002_55041025,0.35294117647058826
R0055_55007584,R0002_55041833,0.35294117647058826
R0055_55007584,R0002_55031084,0.35294117647058826
R0055_55007584,R0002_55030125,0.35294117647058826
R0055_55007584,R0002_55011220,0.35294117647058826
R0055_55007584,R0002_55043779,0.35294117647058826
R0055_55007584,R0002_55026664,0.35294117647058826
R0055_55007584,R0002_55037878,0.35294117647058826
R0055_55007584,R0002_55043901,0.35294117647058826
R0055_55007584,R0002_55037718,0.35294117647058826
R0055_55007584,R0002_55042075,0.35294117647058826
R0055_55007584,R0002_55031358,0.35294117647058826
R0055_55007584,R0002_55025080,0.35294117647058826
R0055_55007584,R0002_55037283,0.35294117647058826
R0055_55007584,R0002_55019387,0.35294117647058826
R0055_55007584,R0043_55035478,0.36764705882352944
R0055_55007584,R0043_55032756,0.36764705882352944
R0055_55007584,R0043_55039677,0.36764705882352944
R0055_55007584,R0043_55039678,0.36764705882352944
R0055_55007584,R0043_55029067,0.36764705882352944
R0055_55007584,R0043_55036252,0.36764705882352944
R0055_55007584,R0043_55034675,0.36764705882352944
R0055_55007584,R0043_55031083,0.36764705882352944
R0055_55007584,R0043_55036209,0.36764705882352944
R0055_55007584,R0043_55035181,0.36764705882352944
R0055_55007584,R0043_55032758,0.36764705882352944
R0055_55007584,R0043_55039681,0.36764705882352944
R0055_55007584,R0043_55039682,0.36764705882352944
R0055_55007584,R0043_55039683,0.36764705882352944
R0055_55007584,R0043_55039684,0.36764705882352944
R0055_55007584,R0043_55032632,0.36764705882352944
R0055_55007584,R0043_55021537,0.36764705882352944
R0055_55007584,R0043_55041926,0.36764705882352944
R0055_55007584,R0043_55029012,0.36764705882352944
R0055_55007584,R0043_55034882,0.36764705882352944
R0055_55007584,R0043_55039679,0.36764705882352944
R0055_55007584,R0043_55032862,0.36764705882352944
R0055_55007584,R0043_55032759,0.36764705882352944
R0055_55007584,R0043_55037980,0.36764705882352944
R0055_55007584,R0043_55037979,0.36764705882352944
R0055_55007584,R0043_55027552,0.36764705882352944
R0055_55007584,R0043_55034879,0.36764705882352944
R0055_55007584,R0043_55032908,0.36764705882352944
R0055_55007584,R0043_55039686,0.36764705882352944
R0055_55007584,R0043_55032863,0.36764705882352944
R0055_55007584,R0043_55009127,0.36764705882352944
R0055_55007584,R0043_55036250,0.36764705882352944
R0055_55007584,R0043_55034880,0.36764705882352944
R0055_55007584,R0043_55032860,0.36764705882352944
R0055_55007584,R0043_55029506,0.36764705882352944
R0055_55007584,R0043_55031288,0.36764705882352944
R0055_55007584,R0043_55036124,0.36764705882352944
R0055_55007584,R0043_55039830,0.36764705882352944
R0055_55007584,R0043_55034325,0.36764705882352944
R0055_55007584,R0043_55039829,0.36764705882352944
R0055_55007584,R0043_55031080,0.36764705882352944
R0055_55007584,R0043_55031077,0.36764705882352944
R0055_55007584,R0043_55017366,0.36764705882352944
R0055_55007584,R0043_55034335,0.36764705882352944
R0055_55007584,R0043_55031005,0.36764705882352944
R0055_55007584,R0055_55007583,1.0
R0055_55007584,R0204_55005925,0.39705882352941174
R0055_55007584,R0204_55032685,0.39705882352941174
R0055_55007584,R0204_55035156,0.39705882352941174
R0055_55007584,R0204_55022352,0.39705882352941174
R0055_55007584,R0204_55004131,0.39705882352941174
R0055_55007584,R0207_55036375,0.35294117647058826
R0055_55007584,R0207_55032672,0.35294117647058826
R0055_55007584,R0207_55032673,0.35294117647058826
R0055_55007584,R0290_55038074,0.36764705882352944
R0055_55007584,R0290_55041439,0.36764705882352944
R0055_55007584,R0290_55041442,0.36764705882352944
R0055_55007584,R0290_55041438,0.36764705882352944
R0055_55007584,R0290_55041440,0.36764705882352944
R0055_55007584,R0290_55041441,0.36764705882352944
R0055_55007584,R0290_55030423,0.36764705882352944
R0055_55007584,R0290_55039755,0.36764705882352944
R0055_55007584,R0290_55026840,0.36764705882352944
R0055_55007584,R0290_55038681,0.36764705882352944
R0055_55007584,R0290_55033209,0.36764705882352944
R0055_55007584,R0290_55043722,0.36764705882352944
R0055_55007584,R0377_55039577,0.39705882352941174
R0055_55007584,R0377_55032663,0.39705882352941174
R0055_55007584,R0377_55036003,0.39705882352941174
R0055_55007584,R0377_55036004,0.39705882352941174
R0055_55007584,R0377_55036006,0.39705882352941174
R0055_55007584,R0377_55036007,0.39705882352941174
R0055_55007584,R0377_55036008,0.39705882352941174
R0055_55007584,R0377_55036009,0.39705882352941174
R0055_55007584,R0377_55043375,0.39705882352941174
R0055_55007584,R0377_55032655,0.39705882352941174
R0055_55007584,R0377_55034860,0.39705882352941174
R0055_55007584,R0377_55042881,0.39705882352941174
R0055_55007584,R0377_55033035,0.39705882352941174
R0055_55007584,R0377_55044076,0.39705882352941174
R0055_55007584,R0377_55036698,0.39705882352941174
R0055_55007584,R0377_55032664,0.39705882352941174
R0055_55007584,R0377_55038331,0.39705882352941174
R0055_55007584,R0377_55041814,0.39705882352941174
R0055_55007584,R0377_55041025,0.39705882352941174
R0055_55007584,R0377_55039651,0.39705882352941174
R0055_55007584,R0377_55044100,0.39705882352941174
R0055_55007584,R0377_55026719,0.39705882352941174
R0055_55007583,R0002_55043311,0.35294117647058826
R0055_55007583,R0002_55036002,0.35294117647058826
R0055_55007583,R0002_55015378,0.35294117647058826
R0055_55007583,R0002_55032731,0.35294117647058826
R0055_55007583,R0002_55025944,0.35294117647058826
R0055_55007583,R0002_55024341,0.35294117647058826
R0055_55007583,R0002_55041509,0.35294117647058826
R0055_55007583,R0002_55036059,0.35294117647058826
R0055_55007583,R0002_55037787,0.35294117647058826
R0055_55007583,R0002_55039851,0.35294117647058826
R0055_55007583,R0002_55032782,0.35294117647058826
R0055_55007583,R0002_55036171,0.35294117647058826
R0055_55007583,R0002_55035505,0.35294117647058826
R0055_55007583,R0002_55011002,0.35294117647058826
R0055_55007583,R0002_55031467,0.35294117647058826
R0055_55007583,R0002_55028991,0.35294117647058826
R0055_55007583,R0002_55027831,0.35294117647058826
R0055_55007583,R0002_55038839,0.35294117647058826
R0055_55007583,R0002_55019960,0.35294117647058826
R0055_55007583,R0002_55033035,0.35294117647058826
R0055_55007583,R0002_55006197,0.35294117647058826
R0055_55007583,R0002_55036505,0.35294117647058826
R0055_55007583,R0002_55044076,0.35294117647058826
R0055_55007583,R0002_55036050,0.35294117647058826
R0055_55007583,R0002_55037530,0.35294117647058826
R0055_55007583,R0002_55040793,0.35294117647058826
R0055_55007583,R0002_55043136,0.35294117647058826
R0055_55007583,R0002_55014421,0.35294117647058826
R0055_55007583,R0002_55003518,0.35294117647058826
R0055_55007583,R0002_55027319,0.35294117647058826
R0055_55007583,R0002_55035727,0.35294117647058826
R0055_55007583,R0002_55032858,0.35294117647058826
R0055_55007583,R0002_55029026,0.35294117647058826
R0055_55007583,R0002_55039889,0.35294117647058826
R0055_55007583,R0002_55041025,0.35294117647058826
R0055_55007583,R0002_55041833,0.35294117647058826
R0055_55007583,R0002_55031084,0.35294117647058826
R0055_55007583,R0002_55030125,0.35294117647058826
R0055_55007583,R0002_55011220,0.35294117647058826
R0055_55007583,R0002_55043779,0.35294117647058826
R0055_55007583,R0002_55026664,0.35294117647058826
R0055_55007583,R0002_55037878,0.35294117647058826
R0055_55007583,R0002_55043901,0.35294117647058826
R0055_55007583,R0002_55037718,0.35294117647058826
R0055_55007583,R0002_55042075,0.35294117647058826
R0055_55007583,R0002_55031358,0.35294117647058826
R0055_55007583,R0002_55025080,0.35294117647058826
R0055_55007583,R0002_55037283,0.35294117647058826
R0055_55007583,R0002_55019387,0.35294117647058826
R0055_55007583,R0043_55035478,0.36764705882352944
R0055_55007583,R0043_55032756,0.36764705882352944
R0055_55007583,R0043_55039677,0.36764705882352944
R0055_55007583,R0043_55039678,0.36764705882352944
R0055_55007583,R0043_55029067,0.36764705882352944
R0055_55007583,R0043_55036252,0.36764705882352944
R0055_55007583,R0043_55034675,0.36764705882352944
R0055_55007583,R0043_55031083,0.36764705882352944
R0055_55007583,R0043_55036209,0.36764705882352944
R0055_55007583,R0043_55035181,0.36764705882352944
R0055_55007583,R0043_55032758,0.36764705882352944
R0055_55007583,R0043_55039681,0.36764705882352944
R0055_55007583,R0043_55039682,0.36764705882352944
R0055_55007583,R0043_55039683,0.36764705882352944
R0055_55007583,R0043_55039684,0.36764705882352944
R0055_55007583,R0043_55032632,0.36764705882352944
R0055_55007583,R0043_55021537,0.36764705882352944
R0055_55007583,R0043_55041926,0.36764705882352944
R0055_55007583,R0043_55029012,0.36764705882352944
R0055_55007583,R0043_55034882,0.36764705882352944
R0055_55007583,R0043_55039679,0.36764705882352944
R0055_55007583,R0043_55032862,0.36764705882352944
R0055_55007583,R0043_55032759,0.36764705882352944
R0055_55007583,R0043_55037980,0.36764705882352944
R0055_55007583,R0043_55037979,0.36764705882352944
R0055_55007583,R0043_55027552,0.36764705882352944
R0055_55007583,R0043_55034879,0.36764705882352944
R0055_55007583,R0043_55032908,0.36764705882352944
R0055_55007583,R0043_55039686,0.36764705882352944
R0055_55007583,R0043_55032863,0.36764705882352944
R0055_55007583,R0043_55009127,0.36764705882352944
R0055_55007583,R0043_55036250,0.36764705882352944
R0055_55007583,R0043_55034880,0.36764705882352944
R0055_55007583,R0043_55032860,0.36764705882352944
R0055_55007583,R0043_55029506,0.36764705882352944
R0055_55007583,R0043_55031288,0.36764705882352944
R0055_55007583,R0043_55036124,0.36764705882352944
R0055_55007583,R0043_55039830,0.36764705882352944
R0055_55007583,R0043_55034325,0.36764705882352944
R0055_55007583,R0043_55039829,0.36764705882352944
R0055_55007583,R0043_55031080,0.36764705882352944
R0055_55007583,R0043_55031077,0.36764705882352944
R0055_55007583,R0043_55017366,0.36764705882352944
R0055_55007583,R0043_55034335,0.36764705882352944
R0055_55007583,R0043_55031005,0.36764705882352944
R0055_55007583,R0055_55007584,1.0
R0055_55007583,R0204_55005925,0.39705882352941174
R0055_55007583,R0204_55032685,0.39705882352941174
R0055_55007583,R0204_55035156,0.39705882352941174
R0055_55007583,R0204_55022352,0.39705882352941174
R0055_55007583,R0204_55004131,0.39705882352941174
R0055_55007583,R0207_55036375,0.35294117647058826
R0055_55007583,R0207_55032672,0.35294117647058826
R0055_55007583,R0207_55032673,0.35294117647058826
R0055_55007583,R0290_55038074,0.36764705882352944
R0055_55007583,R0290_55041439,0.36764705882352944
R0055_55007583,R0290_55041442,0.36764705882352944
R0055_55007583,R0290_55041438,0.36764705882352944
R0055_55007583,R0290_55041440,0.36764705882352944
R0055_55007583,R0290_55041441,0.36764705882352944
R0055_55007583,R0290_55030423,0.36764705882352944
R0055_55007583,R0290_55039755,0.36764705882352944
R0055_55007583,R0290_55026840,0.36764705882352944
R0055_55007583,R0290_55038681,0.36764705882352944
R0055_55007583,R0290_55033209,0.36764705882352944
R0055_55007583,R0290_55043722,0.36764705882352944
R0055_55007583,R0377_55039577,0.39705882352941174
R0055_55007583,R0377_55032663,0.39705882352941174
R0055_55007583,R0377_55036003,0.39705882352941174
R0055_55007583,R0377_55036004,0.39705882352941174
R0055_55007583,R0377_55036006,0.39705882352941174
R0055_55007583,R0377_55036007,0.39705882352941174
R0055_55007583,R0377_55036008,0.39705882352941174
R0055_55007583,R0377_55036009,0.39705882352941174
R0055_55007583,R0377_55043375,0.39705882352941174
R0055_55007583,R0377_55032655,0.39705882352941174
R0055_55007583,R0377_55034860,0.39705882352941174
R0055_55007583,R0377_55042881,0.39705882352941174
R0055_55007583,R0377_55033035,0.39705882352941174
R0055_55007583,R0377_55044076,0.39705882352941174
R0055_55007583,R0377_55036698,0.39705882352941174
R0055_55007583,R0377_55032664,0.39705882352941174
R0055_55007583,R0377_55038331,0.39705882352941174
R0055_55007583,R0377_55041814,0.39705882352941174
R0055_55007583,R0377_55041025,0.39705882352941174
R0055_55007583,R0377_55039651,0.39705882352941174
R0055_55007583,R0377_55044100,0.39705882352941174
R0055_55007583,R0377_55026719,0.39705882352941174
R0204_55005925,R0002_55043311,0.48148148148148145
R0204_55005925,R0002_55036002,0.48148148148148145
R0204_55005925,R0002_55015378,0.48148148148148145
R0204_55005925,R0002_55032731,0.48148148148148145
R0204_55005925,R0002_55025944,0.48148148148148145
R0204_55005925,R0002_55024341,0.48148148148148145
R0204_55005925,R0002_55041509,0.48148148148148145
R0204_55005925,R0002_55036059,0.48148148148148145
R0204_55005925,R0002_55037787,0.48148148148148145
R0204_55005925,R0002_55039851,0.48148148148148145
R0204_55005925,R0002_55032782,0.48148148148148145
R0204_55005925,R0002_55036171,0.48148148148148145
R0204_55005925,R0002_55035505,0.48148148148148145
R0204_55005925,R0002_55011002,0.48148148148148145
R0204_55005925,R0002_55031467,0.48148148148148145
R0204_55005925,R0002_55028991,0.48148148148148145
R0204_55005925,R0002_55027831,0.48148148148148145
R0204_55005925,R0002_55038839,0.48148148148148145
R0204_55005925,R0002_55019960,0.48148148148148145
R0204_55005925,R0002_55033035,0.48148148148148145
R0204_55005925,R0002_55006197,0.48148148148148145
R0204_55005925,R0002_55036505,0.48148148148148145
R0204_55005925,R0002_55044076,0.48148148148148145
R0204_55005925,R0002_55036050,0.48148148148148145
R0204_55005925,R0002_55037530,0.48148148148148145
R0204_55005925,R0002_55040793,0.48148148148148145
R0204_55005925,R0002_55043136,0.48148148148148145
R0204_55005925,R0002_55014421,0.48148148148148145
R0204_55005925,R0002_55003518,0.48148148148148145
R0204_55005925,R0002_55027319,0.48148148148148145
R0204_55005925,R0002_55035727,0.48148148148148145
R0204_55005925,R0002_55032858,0.48148148148148145
R0204_55005925,R0002_55029026,0.48148148148148145
R0204_55005925,R0002_55039889,0.48148148148148145
R0204_55005925,R0002_55041025,0.48148148148148145
R0204_55005925,R0002_55041833,0.48148148148148145
R0204_55005925,R0002_55031084,0.48148148148148145
R0204_55005925,R0002_55030125,0.48148148148148145
R0204_55005925,R0002_55011220,0.48148148148148145
R0204_55005925,R0002_55043779,0.48148148148148145
R0204_55005925,R0002_55026664,0.48148148148148145
R0204_55005925,R0002_55037878,0.48148148148148145
R0204_55005925,R0002_55043901,0.48148148148148145
R0204_55005925,R0002_55037718,0.48148148148148145
R0204_55005925,R0002_55042075,0.48148148148148145
R0204_55005925,R0002_55031358,0.48148148148148145
R0204_55005925,R0002_55025080,0.48148148148148145
R0204_55005925,R0002_55037283,0.48148148148148145
R0204_55005925,R0002_55019387,0.48148148148148145
R0204_55005925,R0043_55035478,0.5
R0204_55005925,R0043_55032756,0.5
R0204_55005925,R0043_55039677,0.5
R0204_55005925,R0043_55039678,0.5
R0204_55005925,R0043_55029067,0.5
R0204_55005925,R0043_55036252,0.5
R0204_55005925,R0043_55034675,0.5
R0204_55005925,R0043_55031083,0.5
R0204_55005925,R0043_55036209,0.5
R0204_55005925,R0043_55035181,0.5
R0204_55005925,R0043_55032758,0.5
R0204_55005925,R0043_55039681,0.5
R0204_55005925,R0043_55039682,0.5
R0204_55005925,R0043_55039683,0.5
R0204_55005925,R0043_55039684,0.5
R0204_55005925,R0043_55032632,0.5
R0204_55005925,R0043_55021537,0.5
R0204_55005925,R0043_55041926,0.5
R0204_55005925,R0043_55029012,0.5
R0204_55005925,R0043_55034882,0.5
R0204_55005925,R0043_55039679,0.5
R0204_55005925,R0043_55032862,0.5
R0204_55005925,R0043_55032759,0.5
R0204_55005925,R0043_55037980,0.5
R0204_55005925,R0043_55037979,0.5
R0204_55005925,R0043_55027552,0.5
R0204_55005925,R0043_55034879,0.5
R0204_55005925,R0043_55032908,0.5
R0204_55005925,R0043_55039686,0.5
R0204_55005925,R0043_55032863,0.5
R0204_55005925,R0043_55009127,0.5
R0204_55005925,R0043_55036250,0.5
R0204_55005925,R0043_55034880,0.5
R0204_55005925,R0043_55032860,0.5
R0204_55005925,R0043_55029506,0.5
R0204_55005925,R0043_55031288,0.5
R0204_55005925,R0043_55036124,0.5
R0204_55005925,R0043_55039830,0.5
R0204_55005925,R0043_55034325,0.5
R0204_55005925,R0043_55039829,0.5
R0204_55005925,R0043_55031080,0.5
R0204_55005925,R0043_55031077,0.5
R0204_55005925,R0043_55017366,0.5
R0204_55005925,R0043_55034335,0.5
R0204_55005925,R0043_55031005,0.5
R0204_55005925,R0055_55007584,0.5
R0204_55005925,R0055_55007583,0.5
R0204_55005925,R0204_55032685,1.0
R0204_55005925,R0204_55035156,1.0
R0204_55005925,R0204_55022352,1.0
R0204_55005925,R0204_55004131,1.0
R0204_55005925,R0207_55036375,0.4444444444444444
R0204_55005925,R0207_55032672,0.4444444444444444
R0204_55005925,R0207_55032673,0.4444444444444444
R0204_55005925,R0290_55038074,0.4444444444444444
R0204_55005925,R0290_55041439,0.4444444444444444
R0204_55005925,R0290_55041442,0.4444444444444444
R0204_55005925,R0290_55041438,0.4444444444444444
R0204_55005925,R0290_55041440,0.4444444444444444
R0204_55005925,R0290_55041441,0.4444444444444444
R0204_55005925,R0290_55030423,0.4444444444444444
R0204_55005925,R0290_55039755,0.4444444444444444
R0204_55005925,R0290_55026840,0.4444444444444444
R0204_55005925,R0290_55038681,0.4444444444444444
R0204_55005925,R0290_55033209,0.4444444444444444
R0204_55005925,R0290_55043722,0.4444444444444444
R0204_55005925,R0377_55039577,0.5185185185185185
R0204_55005925,R0377_55032663,0.5185185185185185
R0204_55005925,R0377_55036003,0.5185185185185185
R0204_55005925,R0377_55036004,0.5185185185185185
R0204_55005925,R0377_55036006,0.5185185185185185
R0204_55005925,R0377_55036007,0.5185185185185185
R0204_55005925,R0377_55036008,0.5185185185185185
R0204_55005925,R0377_55036009,0.5185185185185185
R0204_55005925,R0377_55043375,0.5185185185185185
R0204_55005925,R0377_55032655,0.5185185185185185
R0204_55005925,R0377_55034860,0.5185185185185185
R0204_55005925,R0377_55042881,0.5185185185185185
R0204_55005925,R0377_55033035,0.5185185185185185
R0204_55005925,R0377_55044076,0.5185185185185185
R0204_55005925,R0377_55036698,0.5185185185185185
R0204_55005925,R0377_55032664,0.5185185185185185
R0204_55005925,R0377_55038331,0.5185185185185185
R0204_55005925,R0377_55041814,0.5185185185185185
R0204_55005925,R0377_55041025,0.5185185185185185
R0204_55005925,R0377_55039651,0.5185185185185185
R0204_55005925,R0377_55044100,0.5185185185185185
R0204_55005925,R0377_55026719,0.5185185185185185
R0204_55032685,R0002_55043311,0.48148148148148145
R0204_55032685,R0002_55036002,0.48148148148148145
R0204_55032685,R0002_55015378,0.48148148148148145
R0204_55032685,R0002_55032731,0.48148148148148145
R0204_55032685,R0002_55025944,0.48148148148148145
R0204_55032685,R0002_55024341,0.48148148148148145
R0204_55032685,R0002_55041509,0.48148148148148145
R0204_55032685,R0002_55036059,0.48148148148148145
R0204_55032685,R0002_55037787,0.48148148148148145
R0204_55032685,R0002_55039851,0.48148148148148145
R0204_55032685,R0002_55032782,0.48148148148148145
R0204_55032685,R0002_55036171,0.48148148148148145
R0204_55032685,R0002_55035505,0.48148148148148145
R0204_55032685,R0002_55011002,0.48148148148148145
R0204_55032685,R0002_55031467,0.48148148148148145
R0204_55032685,R0002_55028991,0.48148148148148145
R0204_55032685,R0002_55027831,0.48148148148148145
R0204_55032685,R0002_55038839,0.48148148148148145
R0204_55032685,R0002_55019960,0.48148148148148145
R0204_55032685,R0002_55033035,0.48148148148148145
R0204_55032685,R0002_55006197,0.48148148148148145
R0204_55032685,R0002_55036505,0.48148148148148145
R0204_55032685,R0002_55044076,0.48148148148148145
R0204_55032685,R0002_55036050,0.48148148148148145
R0204_55032685,R0002_55037530,0.48148148148148145
R0204_55032685,R0002_55040793,0.48148148148148145
R0204_55032685,R0002_55043136,0.48148148148148145
R0204_55032685,R0002_55014421,0.48148148148148145
R0204_55032685,R0002_55003518,0.48148148148148145
R0204_55032685,R0002_55027319,0.48148148148148145
R0204_55032685,R0002_55035727,0.48148148148148145
R0204_55032685,R0002_55032858,0.48148148148148145
R0204_55032685,R0002_55029026,0.48148148148148145
R0204_55032685,R0002_55039889,0.48148148148148145
R0204_55032685,R0002_55041025,0.48148148148148145
R0204_55032685,R0002_55041833,0.48148148148148145
R0204_55032685,R0002_55031084,0.48148148148148145
R0204_55032685,R0002_55030125,0.48148148148148145
R0204_55032685,R0002_55011220,0.48148148148148145
R0204_55032685,R0002_55043779,0.48148148148148145
R0204_55032685,R0002_55026664,0.48148148148148145
R0204_55032685,R0002_55037878,0.48148148148148145
R0204_55032685,R0002_55043901,0.48148148148148145
R0204_55032685,R0002_55037718,0.48148148148148145
R0204_55032685,R0002_55042075,0.48148148148148145
R0204_55032685,R0002_55031358,0.48148148148148145
R0204_55032685,R0002_55025080,0.48148148148148145
R0204_55032685,R0002_55037283,0.48148148148148145
R0204_55032685,R0002_55019387,0.48148148148148145
R0204_55032685,R0043_55035478,0.5
R0204_55032685,R0043_55032756,0.5
R0204_55032685,R0043_55039677,0.5
R0204_55032685,R0043_55039678,0.5
R0204_55032685,R0043_55029067,0.5
R0204_55032685,R0043_55036252,0.5
R0204_55032685,R0043_55034675,0.5
R0204_55032685,R0043_55031083,0.5
R0204_55032685,R0043_55036209,0.5
R0204_55032685,R0043_55035181,0.5
R0204_55032685,R0043_55032758,0.5
R0204_55032685,R0043_55039681,0.5
R0204_55032685,R0043_55039682,0.5
R0204_55032685,R0043_55039683,0.5
R0204_55032685,R0043_55039684,0.5
R0204_55032685,R0043_55032632,0.5
R0204_55032685,R0043_55021537,0.5
R0204_55032685,R0043_55041926,0.5
R0204_55032685,R0043_55029012,0.5
R0204_55032685,R0043_55034882,0.5
R0204_55032685,R0043_55039679,0.5
R0204_55032685,R0043_55032862,0.5
R0204_55032685,R0043_55032759,0.5
R0204_55032685,R0043_55037980,0.5
R0204_55032685,R0043_55037979,0.5
R0204_55032685,R0043_55027552,0.5
R0204_55032685,R0043_55034879,0.5
R0204_55032685,R0043_55032908,0.5
R0204_55032685,R0043_55039686,0.5
R0204_55032685,R0043_55032863,0.5
R0204_55032685,R0043_55009127,0.5
R0204_55032685,R0043_55036250,0.5
R0204_55032685,R0043_55034880,0.5
R0204_55032685,R0043_55032860,0.5
R0204_55032685,R0043_55029506,0.5
R0204_55032685,R0043_55031288,0.5
R0204_55032685,R0043_55036124,0.5
R0204_55032685,R0043_55039830,0.5
R0204_55032685,R0043_55034325,0.5
R0204_55032685,R0043_55039829,0.5
R0204_55032685,R0043_55031080,0.5
R0204_55032685,R0043_55031077,0.5
R0204_55032685,R0043_55017366,0.5
R0204_55032685,R0043_55034335,0.5
R0204_55032685,R0043_55031005,0.5
R0204_55032685,R0055_55007584,0.5
R0204_55032685,R0055_55007583,0.5
R0204_55032685,R0204_55005925,1.0
R0204_55032685,R0204_55035156,1.0
R0204_55032685,R0204_55022352,1.0
R0204_55032685,R0204_55004131,1.0
R0204_55032685,R0207_55036375,0.4444444444444444
R0204_55032685,R0207_55032672,0.4444444444444444
R0204_55032685,R0207_55032673,0.4444444444444444
R0204_55032685,R0290_55038074,0.4444444444444444
R0204_55032685,R0290_55041439,0.4444444444444444
R0204_55032685,R0290_55041442,0.4444444444444444
R0204_55032685,R0290_55041438,0.4444444444444444
R0204_55032685,R0290_55041440,0.4444444444444444
R0204_55032685,R0290_55041441,0.4444444444444444
R0204_55032685,R0290_55030423,0.4444444444444444
R0204_55032685,R0290_55039755,0.4444444444444444
R0204_55032685,R0290_55026840,0.4444444444444444
R0204_55032685,R0290_55038681,0.4444444444444444
R0204_55032685,R0290_55033209,0.4444444444444444
R0204_55032685,R0290_55043722,0.4444444444444444
R0204_55032685,R0377_55039577,0.5185185185185185
R0204_55032685,R0377_55032663,0.5185185185185185
R0204_55032685,R0377_55036003,0.5185185185185185
R0204_55032685,R0377_55036004,0.5185185185185185
R0204_55032685,R0377_55036006,0.5185185185185185
R0204_55032685,R0377_55036007,0.5185185185185185
R0204_55032685,R0377_55036008,0.5185185185185185
R0204_55032685,R0377_55036009,0.5185185185185185
R0204_55032685,R0377_55043375,0.5185185185185185
R0204_55032685,R0377_55032655,0.5185185185185185
R0204_55032685,R0377_55034860,0.5185185185185185
R0204_55032685,R0377_55042881,0.5185185185185185
R0204_55032685,R0377_55033035,0.5185185185185185
R0204_55032685,R0377_55044076,0.5185185185185185
R0204_55032685,R0377_55036698,0.5185185185185185
R0204_55032685,R0377_55032664,0.5185185185185185
R0204_55032685,R0377_55038331,0.5185185185185185
R0204_55032685,R0377_55041814,0.5185185185185185
R0204_55032685,R0377_55041025,0.5185185185185185
R0204_55032685,R0377_55039651,0.5185185185185185
R0204_55032685,R0377_55044100,0.5185185185185185
R0204_55032685,R0377_55026719,0.5185185185185185
R0204_55035156,R0002_55043311,0.48148148148148145
R0204_55035156,R0002_55036002,0.48148148148148145
R0204_55035156,R0002_55015378,0.48148148148148145
R0204_55035156,R0002_55032731,0.48148148148148145
R0204_55035156,R0002_55025944,0.48148148148148145
R0204_55035156,R0002_55024341,0.48148148148148145
R0204_55035156,R0002_55041509,0.48148148148148145
R0204_55035156,R0002_55036059,0.48148148148148145
R0204_55035156,R0002_55037787,0.48148148148148145
R0204_55035156,R0002_55039851,0.48148148148148145
R0204_55035156,R0002_55032782,0.48148148148148145
R0204_55035156,R0002_55036171,0.48148148148148145
R0204_55035156,R0002_55035505,0.48148148148148145
R0204_55035156,R0002_55011002,0.48148148148148145
R0204_55035156,R0002_55031467,0.48148148148148145
R0204_55035156,R0002_55028991,0.48148148148148145
R0204_55035156,R0002_55027831,0.48148148148148145
R0204_55035156,R0002_55038839,0.48148148148148145
R0204_55035156,R0002_55019960,0.48148148148148145
R0204_55035156,R0002_55033035,0.48148148148148145
R0204_55035156,R0002_55006197,0.48148148148148145
R0204_55035156,R0002_55036505,0.48148148148148145
R0204_55035156,R0002_55044076,0.48148148148148145
R0204_55035156,R0002_55036050,0.48148148148148145
R0204_55035156,R0002_55037530,0.48148148148148145
R0204_55035156,R0002_55040793,0.48148148148148145
R0204_55035156,R0002_55043136,0.48148148148148145
R0204_55035156,R0002_55014421,0.48148148148148145
R0204_55035156,R0002_55003518,0.48148148148148145
R0204_55035156,R0002_55027319,0.48148148148148145
R0204_55035156,R0002_55035727,0.48148148148148145
R0204_55035156,R0002_55032858,0.48148148148148145
R0204_55035156,R0002_55029026,0.48148148148148145
R0204_55035156,R0002_55039889,0.48148148148148145
R0204_55035156,R0002_55041025,0.48148148148148145
R0204_55035156,R0002_55041833,0.48148148148148145
R0204_55035156,R0002_55031084,0.48148148148148145
R0204_55035156,R0002_55030125,0.48148148148148145
R0204_55035156,R0002_55011220,0.48148148148148145
R0204_55035156,R0002_55043779,0.48148148148148145
R0204_55035156,R0002_55026664,0.48148148148148145
R0204_55035156,R0002_55037878,0.48148148148148145
R0204_55035156,R0002_55043901,0.48148148148148145
R0204_55035156,R0002_55037718,0.48148148148148145
R0204_55035156,R0002_55042075,0.48148148148148145
R0204_55035156,R0002_55031358,0.48148148148148145
R0204_55035156,R0002_55025080,0.48148148148148145
R0204_55035156,R0002_55037283,0.48148148148148145
R0204_55035156,R0002_55019387,0.48148148148148145
R0204_55035156,R0043_55035478,0.5
R0204_55035156,R0043_55032756,0.5
R0204_55035156,R0043_55039677,0.5
R0204_55035156,R0043_55039678,0.5
R0204_55035156,R0043_55029067,0.5
R0204_55035156,R0043_55036252,0.5
R0204_55035156,R0043_55034675,0.5
R0204_55035156,R0043_55031083,0.5
R0204_55035156,R0043_55036209,0.5
R0204_55035156,R0043_55035181,0.5
R0204_55035156,R0043_55032758,0.5
R0204_55035156,R0043_55039681,0.5
R0204_55035156,R0043_55039682,0.5
R0204_55035156,R0043_55039683,0.5
R0204_55035156,R0043_55039684,0.5
R0204_55035156,R0043_55032632,0.5
R0204_55035156,R0043_55021537,0.5
R0204_55035156,R0043_55041926,0.5
R0204_55035156,R0043_55029012,0.5
R0204_55035156,R0043_55034882,0.5
R0204_55035156,R0043_55039679,0.5
R0204_55035156,R0043_55032862,0.5
R0204_55035156,R0043_55032759,0.5
R0204_55035156,R0043_55037980,0.5
R0204_55035156,R0043_55037979,0.5
R0204_55035156,R0043_55027552,0.5
R0204_55035156,R0043_55034879,0.5
R0204_55035156,R0043_55032908,0.5
R0204_55035156,R0043_55039686,0.5
R0204_55035156,R0043_55032863,0.5
R0204_55035156,R0043_55009127,0.5
R0204_55035156,R0043_55036250,0.5
R0204_55035156,R0043_55034880,0.5
R0204_55035156,R0043_55032860,0.5
R0204_55035156,R0043_55029506,0.5
R0204_55035156,R0043_55031288,0.5
R0204_55035156,R0043_55036124,0.5
R0204_55035156,R0043_55039830,0.5
R0204_55035156,R0043_55034325,0.5
R0204_55035156,R0043_55039829,0.5
R0204_55035156,R0043_55031080,0.5
R0204_55035156,R0043_55031077,0.5
R0204_55035156,R0043_55017366,0.5
R0204_55035156,R0043_55034335,0.5
R0204_55035156,R0043_55031005,0.5
R0204_55035156,R0055_55007584,0.5
R0204_55035156,R0055_55007583,0.5
R0204_55035156,R0204_55005925,1.0
R0204_55035156,R0204_55032685,1.0
R0204_55035156,R0204_55022352,1.0
R0204_55035156,R0204_55004131,1.0
R0204_55035156,R0207_55036375,0.4444444444444444
R0204_55035156,R0207_55032672,0.4444444444444444
R0204_55035156,R0207_55032673,0.4444444444444444
R0204_55035156,R0290_55038074,0.4444444444444444
R0204_55035156,R0290_55041439,0.4444444444444444
R0204_55035156,R0290_55041442,0.4444444444444444
R0204_55035156,R0290_55041438,0.4444444444444444
R0204_55035156,R0290_55041440,0.4444444444444444
R0204_55035156,R0290_55041441,0.4444444444444444
R0204_55035156,R0290_55030423,0.4444444444444444
R0204_55035156,R0290_55039755,0.4444444444444444
R0204_55035156,R0290_55026840,0.4444444444444444
R0204_55035156,R0290_55038681,0.4444444444444444
R0204_55035156,R0290_55033209,0.4444444444444444
R0204_55035156,R0290_55043722,0.4444444444444444
R0204_55035156,R0377_55039577,0.5185185185185185
R0204_55035156,R0377_55032663,0.5185185185185185
R0204_55035156,R0377_55036003,0.5185185185185185
R0204_55035156,R0377_55036004,0.5185185185185185
R0204_55035156,R0377_55036006,0.5185185185185185
R0204_55035156,R0377_55036007,0.5185185185185185
R0204_55035156,R0377_55036008,0.5185185185185185
R0204_55035156,R0377_55036009,0.5185185185185185
R0204_55035156,R0377_55043375,0.5185185185185185
R0204_55035156,R0377_55032655,0.5185185185185185
R0204_55035156,R0377_55034860,0.5185185185185185
R0204_55035156,R0377_55042881,0.5185185185185185
R0204_55035156,R0377_55033035,0.5185185185185185
R0204_55035156,R0377_55044076,0.5185185185185185
R0204_55035156,R0377_55036698,0.5185185185185185
R0204_55035156,R0377_55032664,0.5185185185185185
R0204_55035156,R0377_55038331,0.5185185185185185
R0204_55035156,R0377_55041814,0.5185185185185185
R0204_55035156,R0377_55041025,0.5185185185185185
R0204_55035156,R0377_55039651,0.5185185185185185
R0204_55035156,R0377_55044100,0.5185185185185185
R0204_55035156,R0377_55026719,0.5185185185185185
R0204_55022352,R0002_55043311,0.48148148148148145
R0204_55022352,R0002_55036002,0.48148148148148145
R0204_55022352,R0002_55015378,0.48148148148148145
R0204_55022352,R0002_55032731,0.48148148148148145
R0204_55022352,R0002_55025944,0.48148148148148145
R0204_55022352,R0002_55024341,0.48148148148148145
R0204_55022352,R0002_55041509,0.48148148148148145
R0204_55022352,R0002_55036059,0.48148148148148145
R0204_55022352,R0002_55037787,0.48148148148148145
R0204_55022352,R0002_55039851,0.48148148148148145
R0204_55022352,R0002_55032782,0.48148148148148145
R0204_55022352,R0002_55036171,0.48148148148148145
R0204_55022352,R0002_55035505,0.48148148148148145
R0204_55022352,R0002_55011002,0.48148148148148145
R0204_55022352,R0002_55031467,0.48148148148148145
R0204_55022352,R0002_55028991,0.48148148148148145
R0204_55022352,R0002_55027831,0.48148148148148145
R0204_55022352,R0002_55038839,0.48148148148148145
R0204_55022352,R0002_55019960,0.48148148148148145
R0204_55022352,R0002_55033035,0.48148148148148145
R0204_55022352,R0002_55006197,0.48148148148148145
R0204_55022352,R0002_55036505,0.48148148148148145
R0204_55022352,R0002_55044076,0.48148148148148145
R0204_55022352,R0002_55036050,0.48148148148148145
R0204_55022352,R0002_55037530,0.48148148148148145
R0204_55022352,R0002_55040793,0.48148148148148145
R0204_55022352,R0002_55043136,0.48148148148148145
R0204_55022352,R0002_55014421,0.48148148148148145
R0204_55022352,R0002_55003518,0.48148148148148145
R0204_55022352,R0002_55027319,0.48148148148148145
R0204_55022352,R0002_55035727,0.48148148148148145
R0204_55022352,R0002_55032858,0.48148148148148145
R0204_55022352,R0002_55029026,0.48148148148148145
R0204_55022352,R0002_55039889,0.48148148148148145
R0204_55022352,R0002_55041025,0.48148148148148145
R0204_55022352,R0002_55041833,0.48148148148148145
R0204_55022352,R0002_55031084,0.48148148148148145
R0204_55022352,R0002_55030125,0.48148148148148145
R0204_55022352,R0002_55011220,0.48148148148148145
R0204_55022352,R0002_55043779,0.48148148148148145
R0204_55022352,R0002_55026664,0.48148148148148145
R0204_55022352,R0002_55037878,0.48148148148148145
R0204_55022352,R0002_55043901,0.48148148148148145
R0204_55022352,R0002_55037718,0.48148148148148145
R0204_55022352,R0002_55042075,0.48148148148148145
R0204_55022352,R0002_55031358,0.48148148148148145
R0204_55022352,R0002_55025080,0.48148148148148145
R0204_55022352,R0002_55037283,0.48148148148148145
R0204_55022352,R0002_55019387,0.48148148148148145
R0204_55022352,R0043_55035478,0.5
R0204_55022352,R0043_55032756,0.5
R0204_55022352,R0043_55039677,0.5
R0204_55022352,R0043_55039678,0.5
R0204_55022352,R0043_55029067,0.5
R0204_55022352,R0043_55036252,0.5
R0204_55022352,R0043_55034675,0.5
R0204_55022352,R0043_55031083,0.5
R0204_55022352,R0043_55036209,0.5
R0204_55022352,R0043_55035181,0.5
R0204_55022352,R0043_55032758,0.5
R0204_55022352,R0043_55039681,0.5
R0204_55022352,R0043_55039682,0.5
R0204_55022352,R0043_55039683,0.5
R0204_55022352,R0043_55039684,0.5
R0204_55022352,R0043_55032632,0.5
R0204_55022352,R0043_55021537,0.5
R0204_55022352,R0043_55041926,0.5
R0204_55022352,R0043_55029012,0.5
R0204_55022352,R0043_55034882,0.5
R0204_55022352,R0043_55039679,0.5
R0204_55022352,R0043_55032862,0.5
R0204_55022352,R0043_55032759,0.5
R0204_55022352,R0043_55037980,0.5
R0204_55022352,R0043_55037979,0.5
R0204_55022352,R0043_55027552,0.5
R0204_55022352,R0043_55034879,0.5
R0204_55022352,R0043_55032908,0.5
R0204_55022352,R0043_55039686,0.5
R0204_55022352,R0043_55032863,0.5
R0204_55022352,R0043_55009127,0.5
R0204_55022352,R0043_55036250,0.5
R0204_55022352,R0043_55034880,0.5
R0204_55022352,R0043_55032860,0.5
R0204_55022352,R0043_55029506,0.5
R0204_55022352,R0043_55031288,0.5
R0204_55022352,R0043_55036124,0.5
R0204_55022352,R0043_55039830,0.5
R0204_55022352,R0043_55034325,0.5
R0204_55022352,R0043_55039829,0.5
R0204_55022352,R0043_55031080,0.5
R0204_55022352,R0043_55031077,0.5
R0204_55022352,R0043_55017366,0.5
R0204_55022352,R0043_55034335,0.5
R0204_55022352,R0043_55031005,0.5
R0204_55022352,R0055_55007584,0.5
R0204_55022352,R0055_55007583,0.5
R0204_55022352,R0204_55005925,1.0
R0204_55022352,R0204_55032685,1.0
R0204_55022352,R0204_55035156,1.0
R0204_55022352,R0204_55004131,1.0
R0204_55022352,R0207_55036375,0.4444444444444444
R0204_55022352,R0207_55032672,0.4444444444444444
R0204_55022352,R0207_55032673,0.4444444444444444
R0204_55022352,R0290_55038074,0.4444444444444444
R0204_55022352,R0290_55041439,0.4444444444444444
R0204_55022352,R0290_55041442,0.4444444444444444
R0204_55022352,R0290_55041438,0.4444444444444444
R0204_55022352,R0290_55041440,0.4444444444444444
R0204_55022352,R0290_55041441,0.4444444444444444
R0204_55022352,R0290_55030423,0.4444444444444444
R0204_55022352,R0290_55039755,0.4444444444444444
R0204_55022352,R0290_55026840,0.4444444444444444
R0204_55022352,R0290_55038681,0.4444444444444444
R0204_55022352,R0290_55033209,0.4444444444444444
R0204_55022352,R0290_55043722,0.4444444444444444
R0204_55022352,R0377_55039577,0.5185185185185185
R0204_55022352,R0377_55032663,0.5185185185185185
R0204_55022352,R0377_55036003,0.5185185185185185
R0204_55022352,R0377_55036004,0.5185185185185185
R0204_55022352,R0377_55036006,0.5185185185185185
R0204_55022352,R0377_55036007,0.5185185185185185
R0204_55022352,R0377_55036008,0.5185185185185185
R0204_55022352,R0377_55036009,0.5185185185185185
R0204_55022352,R0377_55043375,0.5185185185185185
R0204_55022352,R0377_55032655,0.5185185185185185
R0204_55022352,R0377_55034860,0.5185185185185185
R0204_55022352,R0377_55042881,0.5185185185185185
R0204_55022352,R0377_55033035,0.5185185185185185
R0204_55022352,R0377_55044076,0.5185185185185185
R0204_55022352,R0377_55036698,0.5185185185185185
R0204_55022352,R0377_55032664,0.5185185185185185
R0204_55022352,R0377_55038331,0.5185185185185185
R0204_55022352,R0377_55041814,0.5185185185185185
R0204_55022352,R0377_55041025,0.5185185185185185
R0204_55022352,R0377_55039651,0.5185185185185185
R0204_55022352,R0377_55044100,0.5185185185185185
R0204_55022352,R0377_55026719,0.5185185185185185
R0204_55004131,R0002_55043311,0.48148148148148145
R0204_55004131,R0002_55036002,0.48148148148148145
R0204_55004131,R0002_55015378,0.48148148148148145
R0204_55004131,R0002_55032731,0.48148148148148145
R0204_55004131,R0002_55025944,0.48148148148148145
R0204_55004131,R0002_55024341,0.48148148148148145
R0204_55004131,R0002_55041509,0.48148148148148145
R0204_55004131,R0002_55036059,0.48148148148148145
R0204_55004131,R0002_55037787,0.48148148148148145
R0204_55004131,R0002_55039851,0.48148148148148145
R0204_55004131,R0002_55032782,0.48148148148148145
R0204_55004131,R0002_55036171,0.48148148148148145
R0204_55004131,R0002_55035505,0.48148148148148145
R0204_55004131,R0002_55011002,0.48148148148148145
R0204_55004131,R0002_55031467,0.48148148148148145
R0204_55004131,R0002_55028991,0.48148148148148145
R0204_55004131,R0002_55027831,0.48148148148148145
R0204_55004131,R0002_55038839,0.48148148148148145
R0204_55004131,R0002_55019960,0.48148148148148145
R0204_55004131,R0002_55033035,0.48148148148148145
R0204_55004131,R0002_55006197,0.48148148148148145
R0204_55004131,R0002_55036505,0.48148148148148145
R0204_55004131,R0002_55044076,0.48148148148148145
R0204_55004131,R0002_55036050,0.48148148148148145
R0204_55004131,R0002_55037530,0.48148148148148145
R0204_55004131,R0002_55040793,0.48148148148148145
R0204_55004131,R0002_55043136,0.48148148148148145
R0204_55004131,R0002_55014421,0.48148148148148145
R0204_55004131,R0002_55003518,0.48148148148148145
R0204_55004131,R0002_55027319,0.48148148148148145
R0204_55004131,R0002_55035727,0.48148148148148145
R0204_55004131,R0002_55032858,0.48148148148148145
R0204_55004131,R0002_55029026,0.48148148148148145
R0204_55004131,R0002_55039889,0.48148148148148145
R0204_55004131,R0002_55041025,0.48148148148148145
R0204_55004131,R0002_55041833,0.48148148148148145
R0204_55004131,R0002_55031084,0.48148148148148145
R0204_55004131,R0002_55030125,0.48148148148148145
R0204_55004131,R0002_55011220,0.48148148148148145
R0204_55004131,R0002_55043779,0.48148148148148145
R0204_55004131,R0002_55026664,0.48148148148148145
R0204_55004131,R0002_55037878,0.48148148148148145
R0204_55004131,R0002_55043901,0.48148148148148145
R0204_55004131,R0002_55037718,0.48148148148148145
R0204_55004131,R0002_55042075,0.48148148148148145
R0204_55004131,R0002_55031358,0.48148148148148145
R0204_55004131,R0002_55025080,0.48148148148148145
R0204_55004131,R0002_55037283,0.48148148148148145
R0204_55004131,R0002_55019387,0.48148148148148145
R0204_55004131,R0043_55035478,0.5
R0204_55004131,R0043_55032756,0.5
R0204_55004131,R0043_55039677,0.5
R0204_55004131,R0043_55039678,0.5
R0204_55004131,R0043_55029067,0.5
R0204_55004131,R0043_55036252,0.5
R0204_55004131,R0043_55034675,0.5
R0204_55004131,R0043_55031083,0.5
R0204_55004131,R0043_55036209,0.5
R0204_55004131,R0043_55035181,0.5
R0204_55004131,R0043_55032758,0.5
R0204_55004131,R0043_55039681,0.5
R0204_55004131,R0043_55039682,0.5
R0204_55004131,R0043_55039683,0.5
R0204_55004131,R0043_55039684,0.5
R0204_55004131,R0043_55032632,0.5
R0204_55004131,R0043_55021537,0.5
R0204_55004131,R0043_55041926,0.5
R0204_55004131,R0043_55029012,0.5
R0204_55004131,R0043_55034882,0.5
R0204_55004131,R0043_55039679,0.5
R0204_55004131,R0043_55032862,0.5
R0204_55004131,R0043_55032759,0.5
R0204_55004131,R0043_55037980,0.5
R0204_55004131,R0043_55037979,0.5
R0204_55004131,R0043_55027552,0.5
R0204_55004131,R0043_55034879,0.5
R0204_55004131,R0043_55032908,0.5
R0204_55004131,R0043_55039686,0.5
R0204_55004131,R0043_55032863,0.5
R0204_55004131,R0043_55009127,0.5
R0204_55004131,R0043_55036250,0.5
R0204_55004131,R0043_55034880,0.5
R0204_55004131,R0043_55032860,0.5
R0204_55004131,R0043_55029506,0.5
R0204_55004131,R0043_55031288,0.5
R0204_55004131,R0043_55036124,0.5
R0204_55004131,R0043_55039830,0.5
R0204_55004131,R0043_55034325,0.5
R0204_55004131,R0043_55039829,0.5
R0204_55004131,R0043_55031080,0.5
R0204_55004131,R0043_55031077,0.5
R0204_55004131,R0043_55017366,0.5
R0204_55004131,R0043_55034335,0.5
R0204_55004131,R0043_55031005,0.5
R0204_55004131,R0055_55007584,0.5
R0204_55004131,R0055_55007583,0.5
R0204_55004131,R0204_55005925,1.0
R0204_55004131,R0204_55032685,1.0
R0204_55004131,R0204_55035156,1.0
R0204_55004131,R0204_55022352,1.0
R0204_55004131,R0207_55036375,0.4444444444444444
R0204_55004131,R0207_55032672,0.4444444444444444
R0204_55004131,R0207_55032673,0.4444444444444444
R0204_55004131,R0290_55038074,0.4444444444444444
R0204_55004131,R0290_55041439,0.4444444444444444
R0204_55004131,R0290_55041442,0.4444444444444444
R0204_55004131,R0290_55041438,0.4444444444444444
R0204_55004131,R0290_55041440,0.4444444444444444
R0204_55004131,R0290_55041441,0.4444444444444444
R0204_55004131,R0290_55030423,0.4444444444444444
R0204_55004131,R0290_55039755,0.4444444444444444
R0204_55004131,R0290_55026840,0.4444444444444444
R0204_55004131,R0290_55038681,0.4444444444444444
R0204_55004131,R0290_55033209,0.4444444444444444
R0204_55004131,R0290_55043722,0.4444444444444444
R0204_55004131,R0377_55039577,0.5185185185185185
R0204_55004131,R0377_55032663,0.5185185185185185
R0204_55004131,R0377_55036003,0.5185185185185185
R0204_55004131,R0377_55036004,0.5185185185185185
R0204_55004131,R0377_55036006,0.5185185185185185
R0204_55004131,R0377_55036007,0.5185185185185185
R0204_55004131,R0377_55036008,0.5185185185185185
R0204_55004131,R0377_55036009,0.5185185185185185
R0204_55004131,R0377_55043375,0.5185185185185185
R0204_55004131,R0377_55032655,0.5185185185185185
R0204_55004131,R0377_55034860,0.5185185185185185
R0204_55004131,R0377_55042881,0.5185185185185185
R0204_55004131,R0377_55033035,0.5185185185185185
R0204_55004131,R0377_55044076,0.5185185185185185
R0204_55004131,R0377_55036698,0.5185185185185185
R0204_55004131,R0377_55032664,0.5185185185185185
R0204_55004131,R0377_55038331,0.5185185185185185
R0204_55004131,R0377_55041814,0.5185185185185185
R0204_55004131,R0377_55041025,0.5185185185185185
R0204_55004131,R0377_55039651,0.5185185185185185
R0204_55004131,R0377_55044100,0.5185185185185185
R0204_55004131,R0377_55026719,0.5185185185185185
R0207_55036375,R0002_55043311,0.3770491803278688
R0207_55036375,R0002_55036002,0.3770491803278688
R0207_55036375,R0002_55015378,0.3770491803278688
R0207_55036375,R0002_55032731,0.3770491803278688
R0207_55036375,R0002_55025944,0.3770491803278688
R0207_55036375,R0002_55024341,0.3770491803278688
R0207_55036375,R0002_55041509,0.3770491803278688
R0207_55036375,R0002_55036059,0.3770491803278688
R0207_55036375,R0002_55037787,0.3770491803278688
R0207_55036375,R0002_55039851,0.3770491803278688
R0207_55036375,R0002_55032782,0.3770491803278688
R0207_55036375,R0002_55036171,0.3770491803278688
R0207_55036375,R0002_55035505,0.3770491803278688
R0207_55036375,R0002_55011002,0.3770491803278688
R0207_55036375,R0002_55031467,0.3770491803278688
R0207_55036375,R0002_55028991,0.3770491803278688
R0207_55036375,R0002_55027831,0.3770491803278688
R0207_55036375,R0002_55038839,0.3770491803278688
R0207_55036375,R0002_55019960,0.3770491803278688
R0207_55036375,R0002_55033035,0.3770491803278688
R0207_55036375,R0002_55006197,0.3770491803278688
R0207_55036375,R0002_55036505,0.3770491803278688
R0207_55036375,R0002_55044076,0.3770491803278688
R0207_55036375,R0002_55036050,0.3770491803278688
R0207_55036375,R0002_55037530,0.3770491803278688
R0207_55036375,R0002_55040793,0.3770491803278688
R0207_55036375,R0002_55043136,0.3770491803278688
R0207_55036375,R0002_55014421,0.3770491803278688
R0207_55036375,R0002_55003518,0.3770491803278688
R0207_55036375,R0002_55027319,0.3770491803278688
R0207_55036375,R0002_55035727,0.3770491803278688
R0207_55036375,R0002_55032858,0.3770491803278688
R0207_55036375,R0002_55029026,0.3770491803278688
R0207_55036375,R0002_55039889,0.3770491803278688
R0207_55036375,R0002_55041025,0.3770491803278688
R0207_55036375,R0002_55041833,0.3770491803278688
R0207_55036375,R0002_55031084,0.3770491803278688
R0207_55036375,R0002_55030125,0.3770491803278688
R0207_55036375,R0002_55011220,0.3770491803278688
R0207_55036375,R0002_55043779,0.3770491803278688
R0207_55036375,R0002_55026664,0.3770491803278688
R0207_55036375,R0002_55037878,0.3770491803278688
R0207_55036375,R0002_55043901,0.3770491803278688
R0207_55036375,R0002_55037718,0.3770491803278688
R0207_55036375,R0002_55042075,0.3770491803278688
R0207_55036375,R0002_55031358,0.3770491803278688
R0207_55036375,R0002_55025080,0.3770491803278688
R0207_55036375,R0002_55037283,0.3770491803278688
R0207_55036375,R0002_55019387,0.3770491803278688
R0207_55036375,R0043_55035478,0.4262295081967213
R0207_55036375,R0043_55032756,0.4262295081967213
R0207_55036375,R0043_55039677,0.4262295081967213
R0207_55036375,R0043_55039678,0.4262295081967213
R0207_55036375,R0043_55029067,0.4262295081967213
R0207_55036375,R0043_55036252,0.4262295081967213
R0207_55036375,R0043_55034675,0.4262295081967213
R0207_55036375,R0043_55031083,0.4262295081967213
R0207_55036375,R0043_55036209,0.4262295081967213
R0207_55036375,R0043_55035181,0.4262295081967213
R0207_55036375,R0043_55032758,0.4262295081967213
R0207_55036375,R0043_55039681,0.4262295081967213
R0207_55036375,R0043_55039682,0.4262295081967213
R0207_55036375,R0043_55039683,0.4262295081967213
R0207_55036375,R0043_55039684,0.4262295081967213
R0207_55036375,R0043_55032632,0.4262295081967213
R0207_55036375,R0043_55021537,0.4262295081967213
R0207_55036375,R0043_55041926,0.4262295081967213
R0207_55036375,R0043_55029012,0.4262295081967213
R0207_55036375,R0043_55034882,0.4262295081967213
R0207_55036375,R0043_55039679,0.4262295081967213
R0207_55036375,R0043_55032862,0.4262295081967213
R0207_55036375,R0043_55032759,0.4262295081967213
R0207_55036375,R0043_55037980,0.4262295081967213
R0207_55036375,R0043_55037979,0.4262295081967213
R0207_55036375,R0043_55027552,0.4262295081967213
R0207_55036375,R0043_55034879,0.4262295081967213
R0207_55036375,R0043_55032908,0.4262295081967213
R0207_55036375,R0043_55039686,0.4262295081967213
R0207_55036375,R0043_55032863,0.4262295081967213
R0207_55036375,R0043_55009127,0.4262295081967213
R0207_55036375,R0043_55036250,0.4262295081967213
R0207_55036375,R0043_55034880,0.4262295081967213
R0207_55036375,R0043_55032860,0.4262295081967213
R0207_55036375,R0043_55029506,0.4262295081967213
R0207_55036375,R0043_55031288,0.4262295081967213
R0207_55036375,R0043_55036124,0.4262295081967213
R0207_55036375,R0043_55039830,0.4262295081967213
R0207_55036375,R0043_55034325,0.4262295081967213
R0207_55036375,R0043_55039829,0.4262295081967213
R0207_55036375,R0043_55031080,0.4262295081967213
R0207_55036375,R0043_55031077,0.4262295081967213
R0207_55036375,R0043_55017366,0.4262295081967213
R0207_55036375,R0043_55034335,0.4262295081967213
R0207_55036375,R0043_55031005,0.4262295081967213
R0207_55036375,R0055_55007584,0.39344262295081966
R0207_55036375,R0055_55007583,0.39344262295081966
R0207_55036375,R0204_55005925,0.39344262295081966
R0207_55036375,R0204_55032685,0.39344262295081966
R0207_55036375,R0204_55035156,0.39344262295081966
R0207_55036375,R0204_55022352,0.39344262295081966
R0207_55036375,R0204_55004131,0.39344262295081966
R0207_55036375,R0207_55032672,1.0
R0207_55036375,R0207_55032673,1.0
R0207_55036375,R0290_55038074,0.4426229508196721
R0207_55036375,R0290_55041439,0.4426229508196721
R0207_55036375,R0290_55041442,0.4426229508196721
R0207_55036375,R0290_55041438,0.4426229508196721
R0207_55036375,R0290_55041440,0.4426229508196721
R0207_55036375,R0290_55041441,0.4426229508196721
R0207_55036375,R0290_55030423,0.4426229508196721
R0207_55036375,R0290_55039755,0.4426229508196721
R0207_55036375,R0290_55026840,0.4426229508196721
R0207_55036375,R0290_55038681,0.4426229508196721
R0207_55036375,R0290_55033209,0.4426229508196721
R0207_55036375,R0290_55043722,0.4426229508196721
R0207_55036375,R0377_55039577,0.45901639344262296
R0207_55036375,R0377_55032663,0.45901639344262296
R0207_55036375,R0377_55036003,0.45901639344262296
R0207_55036375,R0377_55036004,0.45901639344262296
R0207_55036375,R0377_55036006,0.45901639344262296
R0207_55036375,R0377_55036007,0.45901639344262296
R0207_55036375,R0377_55036008,0.45901639344262296
R0207_55036375,R0377_55036009,0.45901639344262296
R0207_55036375,R0377_55043375,0.45901639344262296
R0207_55036375,R0377_55032655,0.45901639344262296
R0207_55036375,R0377_55034860,0.45901639344262296
R0207_55036375,R0377_55042881,0.45901639344262296
R0207_55036375,R0377_55033035,0.45901639344262296
R0207_55036375,R0377_55044076,0.45901639344262296
R0207_55036375,R0377_55036698,0.45901639344262296
R0207_55036375,R0377_55032664,0.45901639344262296
R0207_55036375,R0377_55038331,0.45901639344262296
R0207_55036375,R0377_55041814,0.45901639344262296
R0207_55036375,R0377_55041025,0.45901639344262296
R0207_55036375,R0377_55039651,0.45901639344262296
R0207_55036375,R0377_55044100,0.45901639344262296
R0207_55036375,R0377_55026719,0.45901639344262296
R0207_55032672,R0002_55043311,0.3770491803278688
R0207_55032672,R0002_55036002,0.3770491803278688
R0207_55032672,R0002_55015378,0.3770491803278688
R0207_55032672,R0002_55032731,0.3770491803278688
R0207_55032672,R0002_55025944,0.3770491803278688
R0207_55032672,R0002_55024341,0.3770491803278688
R0207_55032672,R0002_55041509,0.3770491803278688
R0207_55032672,R0002_55036059,0.3770491803278688
R0207_55032672,R0002_55037787,0.3770491803278688
R0207_55032672,R0002_55039851,0.3770491803278688
R0207_55032672,R0002_55032782,0.3770491803278688
R0207_55032672,R0002_55036171,0.3770491803278688
R0207_55032672,R0002_55035505,0.3770491803278688
R0207_55032672,R0002_55011002,0.3770491803278688
R0207_55032672,R0002_55031467,0.3770491803278688
R0207_55032672,R0002_55028991,0.3770491803278688
R0207_55032672,R0002_55027831,0.3770491803278688
R0207_55032672,R0002_55038839,0.3770491803278688
R0207_55032672,R0002_55019960,0.3770491803278688
R0207_55032672,R0002_55033035,0.3770491803278688
R0207_55032672,R0002_55006197,0.3770491803278688
R0207_55032672,R0002_55036505,0.3770491803278688
R0207_55032672,R0002_55044076,0.3770491803278688
R0207_55032672,R0002_55036050,0.3770491803278688
R0207_55032672,R0002_55037530,0.3770491803278688
R0207_55032672,R0002_55040793,0.3770491803278688
R0207_55032672,R0002_55043136,0.3770491803278688
R0207_55032672,R0002_55014421,0.3770491803278688
R0207_55032672,R0002_55003518,0.3770491803278688
R0207_55032672,R0002_55027319,0.3770491803278688
R0207_55032672,R0002_55035727,0.3770491803278688
R0207_55032672,R0002_55032858,0.3770491803278688
R0207_55032672,R0002_55029026,0.3770491803278688
R0207_55032672,R0002_55039889,0.3770491803278688
R0207_55032672,R0002_55041025,0.3770491803278688
R0207_55032672,R0002_55041833,0.3770491803278688
R0207_55032672,R0002_55031084,0.3770491803278688
R0207_55032672,R0002_55030125,0.3770491803278688
R0207_55032672,R0002_55011220,0.3770491803278688
R0207_55032672,R0002_55043779,0.3770491803278688
R0207_55032672,R0002_55026664,0.3770491803278688
R0207_55032672,R0002_55037878,0.3770491803278688
R0207_55032672,R0002_55043901,0.3770491803278688
R0207_55032672,R0002_55037718,0.3770491803278688
R0207_55032672,R0002_55042075,0.3770491803278688
R0207_55032672,R0002_55031358,0.3770491803278688
R0207_55032672,R0002_55025080,0.3770491803278688
R0207_55032672,R0002_55037283,0.3770491803278688
R0207_55032672,R0002_55019387,0.3770491803278688
R0207_55032672,R0043_55035478,0.4262295081967213
R0207_55032672,R0043_55032756,0.4262295081967213
R0207_55032672,R0043_55039677,0.4262295081967213
R0207_55032672,R0043_55039678,0.4262295081967213
R0207_55032672,R0043_55029067,0.4262295081967213
R0207_55032672,R0043_55036252,0.4262295081967213
R0207_55032672,R0043_55034675,0.4262295081967213
R0207_55032672,R0043_55031083,0.4262295081967213
R0207_55032672,R0043_55036209,0.4262295081967213
R0207_55032672,R0043_55035181,0.4262295081967213
R0207_55032672,R0043_55032758,0.4262295081967213
R0207_55032672,R0043_55039681,0.4262295081967213
R0207_55032672,R0043_55039682,0.4262295081967213
R0207_55032672,R0043_55039683,0.4262295081967213
R0207_55032672,R0043_55039684,0.4262295081967213
R0207_55032672,R0043_55032632,0.4262295081967213
R0207_55032672,R0043_55021537,0.4262295081967213
R0207_55032672,R0043_55041926,0.4262295081967213
R0207_55032672,R0043_55029012,0.4262295081967213
R0207_55032672,R0043_55034882,0.4262295081967213
R0207_55032672,R0043_55039679,0.4262295081967213
R0207_55032672,R0043_55032862,0.4262295081967213
R0207_55032672,R0043_55032759,0.4262295081967213
R0207_55032672,R0043_55037980,0.4262295081967213
R0207_55032672,R0043_55037979,0.4262295081967213
R0207_55032672,R0043_55027552,0.4262295081967213
R0207_55032672,R0043_55034879,0.4262295081967213
R0207_55032672,R0043_55032908,0.4262295081967213
R0207_55032672,R0043_55039686,0.4262295081967213
R0207_55032672,R0043_55032863,0.4262295081967213
R0207_55032672,R0043_55009127,0.4262295081967213
R0207_55032672,R0043_55036250,0.4262295081967213
R0207_55032672,R0043_55034880,0.4262295081967213
R0207_55032672,R0043_55032860,0.4262295081967213
R0207_55032672,R0043_55029506,0.4262295081967213
R0207_55032672,R0043_55031288,0.4262295081967213
R0207_55032672,R0043_55036124,0.4262295081967213
R0207_55032672,R0043_55039830,0.4262295081967213
R0207_55032672,R0043_55034325,0.4262295081967213
R0207_55032672,R0043_55039829,0.4262295081967213
R0207_55032672,R0043_55031080,0.4262295081967213
R0207_55032672,R0043_55031077,0.4262295081967213
R0207_55032672,R0043_55017366,0.4262295081967213
R0207_55032672,R0043_55034335,0.4262295081967213
R0207_55032672,R0043_55031005,0.4262295081967213
R0207_55032672,R0055_55007584,0.39344262295081966
R0207_55032672,R0055_55007583,0.39344262295081966
R0207_55032672,R0204_55005925,0.39344262295081966
R0207_55032672,R0204_55032685,0.39344262295081966
R0207_55032672,R0204_55035156,0.39344262295081966
R0207_55032672,R0204_55022352,0.39344262295081966
R0207_55032672,R0204_55004131,0.39344262295081966
R0207_55032672,R0207_55036375,1.0
R0207_55032672,R0207_55032673,1.0
R0207_55032672,R0290_55038074,0.4426229508196721
R0207_55032672,R0290_55041439,0.4426229508196721
R0207_55032672,R0290_55041442,0.4426229508196721
R0207_55032672,R0290_55041438,0.4426229508196721
R0207_55032672,R0290_55041440,0.4426229508196721
R0207_55032672,R0290_55041441,0.4426229508196721
R0207_55032672,R0290_55030423,0.4426229508196721
R0207_55032672,R0290_55039755,0.4426229508196721
R0207_55032672,R0290_55026840,0.4426229508196721
R0207_55032672,R0290_55038681,0.4426229508196721
R0207_55032672,R0290_55033209,0.4426229508196721
R0207_55032672,R0290_55043722,0.4426229508196721
R0207_55032672,R0377_55039577,0.45901639344262296
R0207_55032672,R0377_55032663,0.45901639344262296
R0207_55032672,R0377_55036003,0.45901639344262296
R0207_55032672,R0377_55036004,0.45901639344262296
R0207_55032672,R0377_55036006,0.45901639344262296
R0207_55032672,R0377_55036007,0.45901639344262296
R0207_55032672,R0377_55036008,0.45901639344262296
R0207_55032672,R0377_55036009,0.45901639344262296
R0207_55032672,R0377_55043375,0.45901639344262296
R0207_55032672,R0377_55032655,0.45901639344262296
R0207_55032672,R0377_55034860,0.45901639344262296
R0207_55032672,R0377_55042881,0.45901639344262296
R0207_55032672,R0377_55033035,0.45901639344262296
R0207_55032672,R0377_55044076,0.45901639344262296
R0207_55032672,R0377_55036698,0.45901639344262296
R0207_55032672,R0377_55032664,0.45901639344262296
R0207_55032672,R0377_55038331,0.45901639344262296
R0207_55032672,R0377_55041814,0.45901639344262296
R0207_55032672,R0377_55041025,0.45901639344262296
R0207_55032672,R0377_55039651,0.45901639344262296
R0207_55032672,R0377_55044100,0.45901639344262296
R0207_55032672,R0377_55026719,0.45901639344262296
R0207_55032673,R0002_55043311,0.3770491803278688
R0207_55032673,R0002_55036002,0.3770491803278688
R0207_55032673,R0002_55015378,0.3770491803278688
R0207_55032673,R0002_55032731,0.3770491803278688
R0207_55032673,R0002_55025944,0.3770491803278688
R0207_55032673,R0002_55024341,0.3770491803278688
R0207_55032673,R0002_55041509,0.3770491803278688
R0207_55032673,R0002_55036059,0.3770491803278688
R0207_55032673,R0002_55037787,0.3770491803278688
R0207_55032673,R0002_55039851,0.3770491803278688
R0207_55032673,R0002_55032782,0.3770491803278688
R0207_55032673,R0002_55036171,0.3770491803278688
R0207_55032673,R0002_55035505,0.3770491803278688
R0207_55032673,R0002_55011002,0.3770491803278688
R0207_55032673,R0002_55031467,0.3770491803278688
R0207_55032673,R0002_55028991,0.3770491803278688
R0207_55032673,R0002_55027831,0.3770491803278688
R0207_55032673,R0002_55038839,0.3770491803278688
R0207_55032673,R0002_55019960,0.3770491803278688
R0207_55032673,R0002_55033035,0.3770491803278688
R0207_55032673,R0002_55006197,0.3770491803278688
R0207_55032673,R0002_55036505,0.3770491803278688
R0207_55032673,R0002_55044076,0.3770491803278688
R0207_55032673,R0002_55036050,0.3770491803278688
R0207_55032673,R0002_55037530,0.3770491803278688
R0207_55032673,R0002_55040793,0.3770491803278688
R0207_55032673,R0002_55043136,0.3770491803278688
R0207_55032673,R0002_55014421,0.3770491803278688
R0207_55032673,R0002_55003518,0.3770491803278688
R0207_55032673,R0002_55027319,0.3770491803278688
R0207_55032673,R0002_55035727,0.3770491803278688
R0207_55032673,R0002_55032858,0.3770491803278688
R0207_55032673,R0002_55029026,0.3770491803278688
R0207_55032673,R0002_55039889,0.3770491803278688
R0207_55032673,R0002_55041025,0.3770491803278688
R0207_55032673,R0002_55041833,0.3770491803278688
R0207_55032673,R0002_55031084,0.3770491803278688
R0207_55032673,R0002_55030125,0.3770491803278688
R0207_55032673,R0002_55011220,0.3770491803278688
R0207_55032673,R0002_55043779,0.3770491803278688
R0207_55032673,R0002_55026664,0.3770491803278688
R0207_55032673,R0002_55037878,0.3770491803278688
R0207_55032673,R0002_55043901,0.3770491803278688
R0207_55032673,R0002_55037718,0.3770491803278688
R0207_55032673,R0002_55042075,0.3770491803278688
R0207_55032673,R0002_55031358,0.3770491803278688
R0207_55032673,R0002_55025080,0.3770491803278688
R0207_55032673,R0002_55037283,0.3770491803278688
R0207_55032673,R0002_55019387,0.3770491803278688
R0207_55032673,R0043_55035478,0.4262295081967213
R0207_55032673,R0043_55032756,0.4262295081967213
R0207_55032673,R0043_55039677,0.4262295081967213
R0207_55032673,R0043_55039678,0.4262295081967213
R0207_55032673,R0043_55029067,0.4262295081967213
R0207_55032673,R0043_55036252,0.4262295081967213
R0207_55032673,R0043_55034675,0.4262295081967213
R0207_55032673,R0043_55031083,0.4262295081967213
R0207_55032673,R0043_55036209,0.4262295081967213
R0207_55032673,R0043_55035181,0.4262295081967213
R0207_55032673,R0043_55032758,0.4262295081967213
R0207_55032673,R0043_55039681,0.4262295081967213
R0207_55032673,R0043_55039682,0.4262295081967213
R0207_55032673,R0043_55039683,0.4262295081967213
R0207_55032673,R0043_55039684,0.4262295081967213
R0207_55032673,R0043_55032632,0.4262295081967213
R0207_55032673,R0043_55021537,0.4262295081967213
R0207_55032673,R0043_55041926,0.4262295081967213
R0207_55032673,R0043_55029012,0.4262295081967213
R0207_55032673,R0043_55034882,0.4262295081967213
R0207_55032673,R0043_55039679,0.4262295081967213
R0207_55032673,R0043_55032862,0.4262295081967213
R0207_55032673,R0043_55032759,0.4262295081967213
R0207_55032673,R0043_55037980,0.4262295081967213
R0207_55032673,R0043_55037979,0.4262295081967213
R0207_55032673,R0043_55027552,0.4262295081967213
R0207_55032673,R0043_55034879,0.4262295081967213
R0207_55032673,R0043_55032908,0.4262295081967213
R0207_55032673,R0043_55039686,0.4262295081967213
R0207_55032673,R0043_55032863,0.4262295081967213
R0207_55032673,R0043_55009127,0.4262295081967213
R0207_55032673,R0043_55036250,0.4262295081967213
R0207_55032673,R0043_55034880,0.4262295081967213
R0207_55032673,R0043_55032860,0.4262295081967213
R0207_55032673,R0043_55029506,0.4262295081967213
R0207_55032673,R0043_55031288,0.4262295081967213
R0207_55032673,R0043_55036124,0.4262295081967213
R0207_55032673,R0043_55039830,0.4262295081967213
R0207_55032673,R0043_55034325,0.4262295081967213
R0207_55032673,R0043_55039829,0.4262295081967213
R0207_55032673,R0043_55031080,0.4262295081967213
R0207_55032673,R0043_55031077,0.4262295081967213
R0207_55032673,R0043_55017366,0.4262295081967213
R0207_55032673,R0043_55034335,0.4262295081967213
R0207_55032673,R0043_55031005,0.4262295081967213
R0207_55032673,R0055_55007584,0.39344262295081966
R0207_55032673,R0055_55007583,0.39344262295081966
R0207_55032673,R0204_55005925,0.39344262295081966
R0207_55032673,R0204_55032685,0.39344262295081966
R0207_55032673,R0204_55035156,0.39344262295081966
R0207_55032673,R0204_55022352,0.39344262295081966
R0207_55032673,R0204_55004131,0.39344262295081966
R0207_55032673,R0207_55036375,1.0
R0207_55032673,R0207_55032672,1.0
R0207_55032673,R0290_55038074,0.4426229508196721
R0207_55032673,R0290_55041439,0.4426229508196721
R0207_55032673,R0290_55041442,0.4426229508196721
R0207_55032673,R0290_55041438,0.4426229508196721
R0207_55032673,R0290_55041440,0.4426229508196721
R0207_55032673,R0290_55041441,0.4426229508196721
R0207_55032673,R0290_55030423,0.4426229508196721
R0207_55032673,R0290_55039755,0.4426229508196721
R0207_55032673,R0290_55026840,0.4426229508196721
R0207_55032673,R0290_55038681,0.4426229508196721
R0207_55032673,R0290_55033209,0.4426229508196721
R0207_55032673,R0290_55043722,0.4426229508196721
R0207_55032673,R0377_55039577,0.45901639344262296
R0207_55032673,R0377_55032663,0.45901639344262296
R0207_55032673,R0377_55036003,0.45901639344262296
R0207_55032673,R0377_55036004,0.45901639344262296
R0207_55032673,R0377_55036006,0.45901639344262296
R0207_55032673,R0377_55036007,0.45901639344262296
R0207_55032673,R0377_55036008,0.45901639344262296
R0207_55032673,R0377_55036009,0.45901639344262296
R0207_55032673,R0377_55043375,0.45901639344262296
R0207_55032673,R0377_55032655,0.45901639344262296
R0207_55032673,R0377_55034860,0.45901639344262296
R0207_55032673,R0377_55042881,0.45901639344262296
R0207_55032673,R0377_55033035,0.45901639344262296
R0207_55032673,R0377_55044076,0.45901639344262296
R0207_55032673,R0377_55036698,0.45901639344262296
R0207_55032673,R0377_55032664,0.45901639344262296
R0207_55032673,R0377_55038331,0.45901639344262296
R0207_55032673,R0377_55041814,0.45901639344262296
R0207_55032673,R0377_55041025,0.45901639344262296
R0207_55032673,R0377_55039651,0.45901639344262296
R0207_55032673,R0377_55044100,0.45901639344262296
R0207_55032673,R0377_55026719,0.45901639344262296
R0290_55038074,R0002_55043311,0.48936170212765956
R0290_55038074,R0002_55036002,0.48936170212765956
R0290_55038074,R0002_55015378,0.48936170212765956
R0290_55038074,R0002_55032731,0.48936170212765956
R0290_55038074,R0002_55025944,0.48936170212765956
R0290_55038074,R0002_55024341,0.48936170212765956
R0290_55038074,R0002_55041509,0.48936170212765956
R0290_55038074,R0002_55036059,0.48936170212765956
R0290_55038074,R0002_55037787,0.48936170212765956
R0290_55038074,R0002_55039851,0.48936170212765956
R0290_55038074,R0002_55032782,0.48936170212765956
R0290_55038074,R0002_55036171,0.48936170212765956
R0290_55038074,R0002_55035505,0.48936170212765956
R0290_55038074,R0002_55011002,0.48936170212765956
R0290_55038074,R0002_55031467,0.48936170212765956
R0290_55038074,R0002_55028991,0.48936170212765956
R0290_55038074,R0002_55027831,0.48936170212765956
R0290_55038074,R0002_55038839,0.48936170212765956
R0290_55038074,R0002_55019960,0.48936170212765956
R0290_55038074,R0002_55033035,0.48936170212765956
R0290_55038074,R0002_55006197,0.48936170212765956
R0290_55038074,R0002_55036505,0.48936170212765956
R0290_55038074,R0002_55044076,0.48936170212765956
R0290_55038074,R0002_55036050,0.48936170212765956
R0290_55038074,R0002_55037530,0.48936170212765956
R0290_55038074,R0002_55040793,0.48936170212765956
R0290_55038074,R0002_55043136,0.48936170212765956
R0290_55038074,R0002_55014421,0.48936170212765956
R0290_55038074,R0002_55003518,0.48936170212765956
R0290_55038074,R0002_55027319,0.48936170212765956
R0290_55038074,R0002_55035727,0.48936170212765956
R0290_55038074,R0002_55032858,0.48936170212765956
R0290_55038074,R0002_55029026,0.48936170212765956
R0290_55038074,R0002_55039889,0.48936170212765956
R0290_55038074,R0002_55041025,0.48936170212765956
R0290_55038074,R0002_55041833,0.48936170212765956
R0290_55038074,R0002_55031084,0.48936170212765956
R0290_55038074,R0002_55030125,0.48936170212765956
R0290_55038074,R0002_55011220,0.48936170212765956
R0290_55038074,R0002_55043779,0.48936170212765956
R0290_55038074,R0002_55026664,0.48936170212765956
R0290_55038074,R0002_55037878,0.48936170212765956
R0290_55038074,R0002_55043901,0.48936170212765956
R0290_55038074,R0002_55037718,0.48936170212765956
R0290_55038074,R0002_55042075,0.48936170212765956
R0290_55038074,R0002_55031358,0.48936170212765956
R0290_55038074,R0002_55025080,0.48936170212765956
R0290_55038074,R0002_55037283,0.48936170212765956
R0290_55038074,R0002_55019387,0.48936170212765956
R0290_55038074,R0043_55035478,0.5531914893617021
R0290_55038074,R0043_55032756,0.5531914893617021
R0290_55038074,R0043_55039677,0.5531914893617021
R0290_55038074,R0043_55039678,0.5531914893617021
R0290_55038074,R0043_55029067,0.5531914893617021
R0290_55038074,R0043_55036252,0.5531914893617021
R0290_55038074,R0043_55034675,0.5531914893617021
R0290_55038074,R0043_55031083,0.5531914893617021
R0290_55038074,R0043_55036209,0.5531914893617021
R0290_55038074,R0043_55035181,0.5531914893617021
R0290_55038074,R0043_55032758,0.5531914893617021
R0290_55038074,R0043_55039681,0.5531914893617021
R0290_55038074,R0043_55039682,0.5531914893617021
R0290_55038074,R0043_55039683,0.5531914893617021
R0290_55038074,R0043_55039684,0.5531914893617021
R0290_55038074,R0043_55032632,0.5531914893617021
R0290_55038074,R0043_55021537,0.5531914893617021
R0290_55038074,R0043_55041926,0.5531914893617021
R0290_55038074,R0043_55029012,0.5531914893617021
R0290_55038074,R0043_55034882,0.5531914893617021
R0290_55038074,R0043_55039679,0.5531914893617021
R0290_55038074,R0043_55032862,0.5531914893617021
R0290_55038074,R0043_55032759,0.5531914893617021
R0290_55038074,R0043_55037980,0.5531914893617021
R0290_55038074,R0043_55037979,0.5531914893617021
R0290_55038074,R0043_55027552,0.5531914893617021
R0290_55038074,R0043_55034879,0.5531914893617021
R0290_55038074,R0043_55032908,0.5531914893617021
R0290_55038074,R0043_55039686,0.5531914893617021
R0290_55038074,R0043_55032863,0.5531914893617021
R0290_55038074,R0043_55009127,0.5531914893617021
R0290_55038074,R0043_55036250,0.5531914893617021
R0290_55038074,R0043_55034880,0.5531914893617021
R0290_55038074,R0043_55032860,0.5531914893617021
R0290_55038074,R0043_55029506,0.5531914893617021
R0290_55038074,R0043_55031288,0.5531914893617021
R0290_55038074,R0043_55036124,0.5531914893617021
R0290_55038074,R0043_55039830,0.5531914893617021
R0290_55038074,R0043_55034325,0.5531914893617021
R0290_55038074,R0043_55039829,0.5531914893617021
R0290_55038074,R0043_55031080,0.5531914893617021
R0290_55038074,R0043_55031077,0.5531914893617021
R0290_55038074,R0043_55017366,0.5531914893617021
R0290_55038074,R0043_55034335,0.5531914893617021
R0290_55038074,R0043_55031005,0.5531914893617021
R0290_55038074,R0055_55007584,0.5319148936170213
R0290_55038074,R0055_55007583,0.5319148936170213
R0290_55038074,R0204_55005925,0.5106382978723404
R0290_55038074,R0204_55032685,0.5106382978723404
R0290_55038074,R0204_55035156,0.5106382978723404
R0290_55038074,R0204_55022352,0.5106382978723404
R0290_55038074,R0204_55004131,0.5106382978723404
R0290_55038074,R0207_55036375,0.574468085106383
R0290_55038074,R0207_55032672,0.574468085106383
R0290_55038074,R0207_55032673,0.574468085106383
R0290_55038074,R0290_55041439,1.0
R0290_55038074,R0290_55041442,1.0
R0290_55038074,R0290_55041438,1.0
R0290_55038074,R0290_55041440,1.0
R0290_55038074,R0290_55041441,1.0
R0290_55038074,R0290_55030423,1.0
R0290_55038074,R0290_55039755,1.0
R0290_55038074,R0290_55026840,1.0
R0290_55038074,R0290_55038681,1.0
R0290_55038074,R0290_55033209,1.0
R0290_55038074,R0290_55043722,1.0
R0290_55038074,R0377_55039577,0.574468085106383
R0290_55038074,R0377_55032663,0.574468085106383
R0290_55038074,R0377_55036003,0.574468085106383
R0290_55038074,R0377_55036004,0.574468085106383
R0290_55038074,R0377_55036006,0.574468085106383
R0290_55038074,R0377_55036007,0.574468085106383
R0290_55038074,R0377_55036008,0.574468085106383
R0290_55038074,R0377_55036009,0.574468085106383
R0290_55038074,R0377_55043375,0.574468085106383
R0290_55038074,R0377_55032655,0.574468085106383
R0290_55038074,R0377_55034860,0.574468085106383
R0290_55038074,R0377_55042881,0.574468085106383
R0290_55038074,R0377_55033035,0.574468085106383
R0290_55038074,R0377_55044076,0.574468085106383
R0290_55038074,R0377_55036698,0.574468085106383
R0290_55038074,R0377_55032664,0.574468085106383
R0290_55038074,R0377_55038331,0.574468085106383
R0290_55038074,R0377_55041814,0.574468085106383
R0290_55038074,R0377_55041025,0.574468085106383
R0290_55038074,R0377_55039651,0.574468085106383
R0290_55038074,R0377_55044100,0.574468085106383
R0290_55038074,R0377_55026719,0.574468085106383
R0290_55041439,R0002_55043311,0.48936170212765956
R0290_55041439,R0002_55036002,0.48936170212765956
R0290_55041439,R0002_55015378,0.48936170212765956
R0290_55041439,R0002_55032731,0.48936170212765956
R0290_55041439,R0002_55025944,0.48936170212765956
R0290_55041439,R0002_55024341,0.48936170212765956
R0290_55041439,R0002_55041509,0.48936170212765956
R0290_55041439,R0002_55036059,0.48936170212765956
R0290_55041439,R0002_55037787,0.48936170212765956
R0290_55041439,R0002_55039851,0.48936170212765956
R0290_55041439,R0002_55032782,0.48936170212765956
R0290_55041439,R0002_55036171,0.48936170212765956
R0290_55041439,R0002_55035505,0.48936170212765956
R0290_55041439,R0002_55011002,0.48936170212765956
R0290_55041439,R0002_55031467,0.48936170212765956
R0290_55041439,R0002_55028991,0.48936170212765956
R0290_55041439,R0002_55027831,0.48936170212765956
R0290_55041439,R0002_55038839,0.48936170212765956
R0290_55041439,R0002_55019960,0.48936170212765956
R0290_55041439,R0002_55033035,0.48936170212765956
R0290_55041439,R0002_55006197,0.48936170212765956
R0290_55041439,R0002_55036505,0.48936170212765956
R0290_55041439,R0002_55044076,0.48936170212765956
R0290_55041439,R0002_55036050,0.48936170212765956
R0290_55041439,R0002_55037530,0.48936170212765956
R0290_55041439,R0002_55040793,0.48936170212765956
R0290_55041439,R0002_55043136,0.48936170212765956
R0290_55041439,R0002_55014421,0.48936170212765956
R0290_55041439,R0002_55003518,0.48936170212765956
R0290_55041439,R0002_55027319,0.48936170212765956
R0290_55041439,R0002_55035727,0.48936170212765956
R0290_55041439,R0002_55032858,0.48936170212765956
R0290_55041439,R0002_55029026,0.48936170212765956
R0290_55041439,R0002_55039889,0.48936170212765956
R0290_55041439,R0002_55041025,0.48936170212765956
R0290_55041439,R0002_55041833,0.48936170212765956
R0290_55041439,R0002_55031084,0.48936170212765956
R0290_55041439,R0002_55030125,0.48936170212765956
R0290_55041439,R0002_55011220,0.48936170212765956
R0290_55041439,R0002_55043779,0.48936170212765956
R0290_55041439,R0002_55026664,0.48936170212765956
R0290_55041439,R0002_55037878,0.48936170212765956
R0290_55041439,R0002_55043901,0.48936170212765956
R0290_55041439,R0002_55037718,0.48936170212765956
R0290_55041439,R0002_55042075,0.48936170212765956
R0290_55041439,R0002_55031358,0.48936170212765956
R0290_55041439,R0002_55025080,0.48936170212765956
R0290_55041439,R0002_55037283,0.48936170212765956
R0290_55041439,R0002_55019387,0.48936170212765956
R0290_55041439,R0043_55035478,0.5531914893617021
R0290_55041439,R0043_55032756,0.5531914893617021
R0290_55041439,R0043_55039677,0.5531914893617021
R0290_55041439,R0043_55039678,0.5531914893617021
R0290_55041439,R0043_55029067,0.5531914893617021
R0290_55041439,R0043_55036252,0.5531914893617021
R0290_55041439,R0043_55034675,0.5531914893617021
R0290_55041439,R0043_55031083,0.5531914893617021
R0290_55041439,R0043_55036209,0.5531914893617021
R0290_55041439,R0043_55035181,0.5531914893617021
R0290_55041439,R0043_55032758,0.5531914893617021
R0290_55041439,R0043_55039681,0.5531914893617021
R0290_55041439,R0043_55039682,0.5531914893617021
R0290_55041439,R0043_55039683,0.5531914893617021
R0290_55041439,R0043_55039684,0.5531914893617021
R0290_55041439,R0043_55032632,0.5531914893617021
R0290_55041439,R0043_55021537,0.5531914893617021
R0290_55041439,R0043_55041926,0.5531914893617021
R0290_55041439,R0043_55029012,0.5531914893617021
R0290_55041439,R0043_55034882,0.5531914893617021
R0290_55041439,R0043_55039679,0.5531914893617021
R0290_55041439,R0043_55032862,0.5531914893617021
R0290_55041439,R0043_55032759,0.5531914893617021
R0290_55041439,R0043_55037980,0.5531914893617021
R0290_55041439,R0043_55037979,0.5531914893617021
R0290_55041439,R0043_55027552,0.5531914893617021
R0290_55041439,R0043_55034879,0.5531914893617021
R0290_55041439,R0043_55032908,0.5531914893617021
R0290_55041439,R0043_55039686,0.5531914893617021
R0290_55041439,R0043_55032863,0.5531914893617021
R0290_55041439,R0043_55009127,0.5531914893617021
R0290_55041439,R0043_55036250,0.5531914893617021
R0290_55041439,R0043_55034880,0.5531914893617021
R0290_55041439,R0043_55032860,0.5531914893617021
R0290_55041439,R0043_55029506,0.5531914893617021
R0290_55041439,R0043_55031288,0.5531914893617021
R0290_55041439,R0043_55036124,0.5531914893617021
R0290_55041439,R0043_55039830,0.5531914893617021
R0290_55041439,R0043_55034325,0.5531914893617021
R0290_55041439,R0043_55039829,0.5531914893617021
R0290_55041439,R0043_55031080,0.5531914893617021
R0290_55041439,R0043_55031077,0.5531914893617021
R0290_55041439,R0043_55017366,0.5531914893617021
R0290_55041439,R0043_55034335,0.5531914893617021
R0290_55041439,R0043_55031005,0.5531914893617021
R0290_55041439,R0055_55007584,0.5319148936170213
R0290_55041439,R0055_55007583,0.5319148936170213
R0290_55041439,R0204_55005925,0.5106382978723404
R0290_55041439,R0204_55032685,0.5106382978723404
R0290_55041439,R0204_55035156,0.5106382978723404
R0290_55041439,R0204_55022352,0.5106382978723404
R0290_55041439,R0204_55004131,0.5106382978723404
R0290_55041439,R0207_55036375,0.574468085106383
R0290_55041439,R0207_55032672,0.574468085106383
R0290_55041439,R0207_55032673,0.574468085106383
R0290_55041439,R0290_55038074,1.0
R0290_55041439,R0290_55041442,1.0
R0290_55041439,R0290_55041438,1.0
R0290_55041439,R0290_55041440,1.0
R0290_55041439,R0290_55041441,1.0
R0290_55041439,R0290_55030423,1.0
R0290_55041439,R0290_55039755,1.0
R0290_55041439,R0290_55026840,1.0
R0290_55041439,R0290_55038681,1.0
R0290_55041439,R0290_55033209,1.0
R0290_55041439,R0290_55043722,1.0
R0290_55041439,R0377_55039577,0.574468085106383
R0290_55041439,R0377_55032663,0.574468085106383
R0290_55041439,R0377_55036003,0.574468085106383
R0290_55041439,R0377_55036004,0.574468085106383
R0290_55041439,R0377_55036006,0.574468085106383
R0290_55041439,R0377_55036007,0.574468085106383
R0290_55041439,R0377_55036008,0.574468085106383
R0290_55041439,R0377_55036009,0.574468085106383
R0290_55041439,R0377_55043375,0.574468085106383
R0290_55041439,R0377_55032655,0.574468085106383
R0290_55041439,R0377_55034860,0.574468085106383
R0290_55041439,R0377_55042881,0.574468085106383
R0290_55041439,R0377_55033035,0.574468085106383
R0290_55041439,R0377_55044076,0.574468085106383
R0290_55041439,R0377_55036698,0.574468085106383
R0290_55041439,R0377_55032664,0.574468085106383
R0290_55041439,R0377_55038331,0.574468085106383
R0290_55041439,R0377_55041814,0.574468085106383
R0290_55041439,R0377_55041025,0.574468085106383
R0290_55041439,R0377_55039651,0.574468085106383
R0290_55041439,R0377_55044100,0.574468085106383
R0290_55041439,R0377_55026719,0.574468085106383
R0290_55041442,R0002_55043311,0.48936170212765956
R0290_55041442,R0002_55036002,0.48936170212765956
R0290_55041442,R0002_55015378,0.48936170212765956
R0290_55041442,R0002_55032731,0.48936170212765956
R0290_55041442,R0002_55025944,0.48936170212765956
R0290_55041442,R0002_55024341,0.48936170212765956
R0290_55041442,R0002_55041509,0.48936170212765956
R0290_55041442,R0002_55036059,0.48936170212765956
R0290_55041442,R0002_55037787,0.48936170212765956
R0290_55041442,R0002_55039851,0.48936170212765956
R0290_55041442,R0002_55032782,0.48936170212765956
R0290_55041442,R0002_55036171,0.48936170212765956
R0290_55041442,R0002_55035505,0.48936170212765956
R0290_55041442,R0002_55011002,0.48936170212765956
R0290_55041442,R0002_55031467,0.48936170212765956
R0290_55041442,R0002_55028991,0.48936170212765956
R0290_55041442,R0002_55027831,0.48936170212765956
R0290_55041442,R0002_55038839,0.48936170212765956
R0290_55041442,R0002_55019960,0.48936170212765956
R0290_55041442,R0002_55033035,0.48936170212765956
R0290_55041442,R0002_55006197,0.48936170212765956
R0290_55041442,R0002_55036505,0.48936170212765956
R0290_55041442,R0002_55044076,0.48936170212765956
R0290_55041442,R0002_55036050,0.48936170212765956
R0290_55041442,R0002_55037530,0.48936170212765956
R0290_55041442,R0002_55040793,0.48936170212765956
R0290_55041442,R0002_55043136,0.48936170212765956
R0290_55041442,R0002_55014421,0.48936170212765956
R0290_55041442,R0002_55003518,0.48936170212765956
R0290_55041442,R0002_55027319,0.48936170212765956
R0290_55041442,R0002_55035727,0.48936170212765956
R0290_55041442,R0002_55032858,0.48936170212765956
R0290_55041442,R0002_55029026,0.48936170212765956
R0290_55041442,R0002_55039889,0.48936170212765956
R0290_55041442,R0002_55041025,0.48936170212765956
R0290_55041442,R0002_55041833,0.48936170212765956
R0290_55041442,R0002_55031084,0.48936170212765956
R0290_55041442,R0002_55030125,0.48936170212765956
R0290_55041442,R0002_55011220,0.48936170212765956
R0290_55041442,R0002_55043779,0.48936170212765956
R0290_55041442,R0002_55026664,0.48936170212765956
R0290_55041442,R0002_55037878,0.48936170212765956
R0290_55041442,R0002_55043901,0.48936170212765956
R0290_55041442,R0002_55037718,0.48936170212765956
R0290_55041442,R0002_55042075,0.48936170212765956
R0290_55041442,R0002_55031358,0.48936170212765956
R0290_55041442,R0002_55025080,0.48936170212765956
R0290_55041442,R0002_55037283,0.48936170212765956
R0290_55041442,R0002_55019387,0.48936170212765956
R0290_55041442,R0043_55035478,0.5531914893617021
R0290_55041442,R0043_55032756,0.5531914893617021
R0290_55041442,R0043_55039677,0.5531914893617021
R0290_55041442,R0043_55039678,0.5531914893617021
R0290_55041442,R0043_55029067,0.5531914893617021
R0290_55041442,R0043_55036252,0.5531914893617021
R0290_55041442,R0043_55034675,0.5531914893617021
R0290_55041442,R0043_55031083,0.5531914893617021
R0290_55041442,R0043_55036209,0.5531914893617021
R0290_55041442,R0043_55035181,0.5531914893617021
R0290_55041442,R0043_55032758,0.5531914893617021
R0290_55041442,R0043_55039681,0.5531914893617021
R0290_55041442,R0043_55039682,0.5531914893617021
R0290_55041442,R0043_55039683,0.5531914893617021
R0290_55041442,R0043_55039684,0.5531914893617021
R0290_55041442,R0043_55032632,0.5531914893617021
R0290_55041442,R0043_55021537,0.5531914893617021
R0290_55041442,R0043_55041926,0.5531914893617021
R0290_55041442,R0043_55029012,0.5531914893617021
R0290_55041442,R0043_55034882,0.5531914893617021
R0290_55041442,R0043_55039679,0.5531914893617021
R0290_55041442,R0043_55032862,0.5531914893617021
R0290_55041442,R0043_55032759,0.5531914893617021
R0290_55041442,R0043_55037980,0.5531914893617021
R0290_55041442,R0043_55037979,0.5531914893617021
R0290_55041442,R0043_55027552,0.5531914893617021
R0290_55041442,R0043_55034879,0.5531914893617021
R0290_55041442,R0043_55032908,0.5531914893617021
R0290_55041442,R0043_55039686,0.5531914893617021
R0290_55041442,R0043_55032863,0.5531914893617021
R0290_55041442,R0043_55009127,0.5531914893617021
R0290_55041442,R0043_55036250,0.5531914893617021
R0290_55041442,R0043_55034880,0.5531914893617021
R0290_55041442,R0043_55032860,0.5531914893617021
R0290_55041442,R0043_55029506,0.5531914893617021
R0290_55041442,R0043_55031288,0.5531914893617021
R0290_55041442,R0043_55036124,0.5531914893617021
R0290_55041442,R0043_55039830,0.5531914893617021
R0290_55041442,R0043_55034325,0.5531914893617021
R0290_55041442,R0043_55039829,0.5531914893617021
R0290_55041442,R0043_55031080,0.5531914893617021
R0290_55041442,R0043_55031077,0.5531914893617021
R0290_55041442,R0043_55017366,0.5531914893617021
R0290_55041442,R0043_55034335,0.5531914893617021
R0290_55041442,R0043_55031005,0.5531914893617021
R0290_55041442,R0055_55007584,0.5319148936170213
R0290_55041442,R0055_55007583,0.5319148936170213
R0290_55041442,R0204_55005925,0.5106382978723404
R0290_55041442,R0204_55032685,0.5106382978723404
R0290_55041442,R0204_55035156,0.5106382978723404
R0290_55041442,R0204_55022352,0.5106382978723404
R0290_55041442,R0204_55004131,0.5106382978723404
R0290_55041442,R0207_55036375,0.574468085106383
R0290_55041442,R0207_55032672,0.574468085106383
R0290_55041442,R0207_55032673,0.574468085106383
R0290_55041442,R0290_55038074,1.0
R0290_55041442,R0290_55041439,1.0
R0290_55041442,R0290_55041438,1.0
R0290_55041442,R0290_55041440,1.0
R0290_55041442,R0290_55041441,1.0
R0290_55041442,R0290_55030423,1.0
R0290_55041442,R0290_55039755,1.0
R0290_55041442,R0290_55026840,1.0
R0290_55041442,R0290_55038681,1.0
R0290_55041442,R0290_55033209,1.0
R0290_55041442,R0290_55043722,1.0
R0290_55041442,R0377_55039577,0.574468085106383
R0290_55041442,R0377_55032663,0.574468085106383
R0290_55041442,R0377_55036003,0.574468085106383
R0290_55041442,R0377_55036004,0.574468085106383
R0290_55041442,R0377_55036006,0.574468085106383
R0290_55041442,R0377_55036007,0.574468085106383
R0290_55041442,R0377_55036008,0.574468085106383
R0290_55041442,R0377_55036009,0.574468085106383
R0290_55041442,R0377_55043375,0.574468085106383
R0290_55041442,R0377_55032655,0.574468085106383
R0290_55041442,R0377_55034860,0.574468085106383
R0290_55041442,R0377_55042881,0.574468085106383
R0290_55041442,R0377_55033035,0.574468085106383
R0290_55041442,R0377_55044076,0.574468085106383
R0290_55041442,R0377_55036698,0.574468085106383
R0290_55041442,R0377_55032664,0.574468085106383
R0290_55041442,R0377_55038331,0.574468085106383
R0290_55041442,R0377_55041814,0.574468085106383
R0290_55041442,R0377_55041025,0.574468085106383
R0290_55041442,R0377_55039651,0.574468085106383
R0290_55041442,R0377_55044100,0.574468085106383
R0290_55041442,R0377_55026719,0.574468085106383
R0290_55041438,R0002_55043311,0.48936170212765956
R0290_55041438,R0002_55036002,0.48936170212765956
R0290_55041438,R0002_55015378,0.48936170212765956
R0290_55041438,R0002_55032731,0.48936170212765956
R0290_55041438,R0002_55025944,0.48936170212765956
R0290_55041438,R0002_55024341,0.48936170212765956
R0290_55041438,R0002_55041509,0.48936170212765956
R0290_55041438,R0002_55036059,0.48936170212765956
R0290_55041438,R0002_55037787,0.48936170212765956
R0290_55041438,R0002_55039851,0.48936170212765956
R0290_55041438,R0002_55032782,0.48936170212765956
R0290_55041438,R0002_55036171,0.48936170212765956
R0290_55041438,R0002_55035505,0.48936170212765956
R0290_55041438,R0002_55011002,0.48936170212765956
R0290_55041438,R0002_55031467,0.48936170212765956
R0290_55041438,R0002_55028991,0.48936170212765956
R0290_55041438,R0002_55027831,0.48936170212765956
R0290_55041438,R0002_55038839,0.48936170212765956
R0290_55041438,R0002_55019960,0.48936170212765956
R0290_55041438,R0002_55033035,0.48936170212765956
R0290_55041438,R0002_55006197,0.48936170212765956
R0290_55041438,R0002_55036505,0.48936170212765956
R0290_55041438,R0002_55044076,0.48936170212765956
R0290_55041438,R0002_55036050,0.48936170212765956
R0290_55041438,R0002_55037530,0.48936170212765956
R0290_55041438,R0002_55040793,0.48936170212765956
R0290_55041438,R0002_55043136,0.48936170212765956
R0290_55041438,R0002_55014421,0.48936170212765956
R0290_55041438,R0002_55003518,0.48936170212765956
R0290_55041438,R0002_55027319,0.48936170212765956
R0290_55041438,R0002_55035727,0.48936170212765956
R0290_55041438,R0002_55032858,0.48936170212765956
R0290_55041438,R0002_55029026,0.48936170212765956
R0290_55041438,R0002_55039889,0.48936170212765956
R0290_55041438,R0002_55041025,0.48936170212765956
R0290_55041438,R0002_55041833,0.48936170212765956
R0290_55041438,R0002_55031084,0.48936170212765956
R0290_55041438,R0002_55030125,0.48936170212765956
R0290_55041438,R0002_55011220,0.48936170212765956
R0290_55041438,R0002_55043779,0.48936170212765956
R0290_55041438,R0002_55026664,0.48936170212765956
R0290_55041438,R0002_55037878,0.48936170212765956
R0290_55041438,R0002_55043901,0.48936170212765956
R0290_55041438,R0002_55037718,0.48936170212765956
R0290_55041438,R0002_55042075,0.48936170212765956
R0290_55041438,R0002_55031358,0.48936170212765956
R0290_55041438,R0002_55025080,0.48936170212765956
R0290_55041438,R0002_55037283,0.48936170212765956
R0290_55041438,R0002_55019387,0.48936170212765956
R0290_55041438,R0043_55035478,0.5531914893617021
R0290_55041438,R0043_55032756,0.5531914893617021
R0290_55041438,R0043_55039677,0.5531914893617021
R0290_55041438,R0043_55039678,0.5531914893617021
R0290_55041438,R0043_55029067,0.5531914893617021
R0290_55041438,R0043_55036252,0.5531914893617021
R0290_55041438,R0043_55034675,0.5531914893617021
R0290_55041438,R0043_55031083,0.5531914893617021
R0290_55041438,R0043_55036209,0.5531914893617021
R0290_55041438,R0043_55035181,0.5531914893617021
R0290_55041438,R0043_55032758,0.5531914893617021
R0290_55041438,R0043_55039681,0.5531914893617021
R0290_55041438,R0043_55039682,0.5531914893617021
R0290_55041438,R0043_55039683,0.5531914893617021
R0290_55041438,R0043_55039684,0.5531914893617021
R0290_55041438,R0043_55032632,0.5531914893617021
R0290_55041438,R0043_55021537,0.5531914893617021
R0290_55041438,R0043_55041926,0.5531914893617021
R0290_55041438,R0043_55029012,0.5531914893617021
R0290_55041438,R0043_55034882,0.5531914893617021
R0290_55041438,R0043_55039679,0.5531914893617021
R0290_55041438,R0043_55032862,0.5531914893617021
R0290_55041438,R0043_55032759,0.5531914893617021
R0290_55041438,R0043_55037980,0.5531914893617021
R0290_55041438,R0043_55037979,0.5531914893617021
R0290_55041438,R0043_55027552,0.5531914893617021
R0290_55041438,R0043_55034879,0.5531914893617021
R0290_55041438,R0043_55032908,0.5531914893617021
R0290_55041438,R0043_55039686,0.5531914893617021
R0290_55041438,R0043_55032863,0.5531914893617021
R0290_55041438,R0043_55009127,0.5531914893617021
R0290_55041438,R0043_55036250,0.5531914893617021
R0290_55041438,R0043_55034880,0.5531914893617021
R0290_55041438,R0043_55032860,0.5531914893617021
R0290_55041438,R0043_55029506,0.5531914893617021
R0290_55041438,R0043_55031288,0.5531914893617021
R0290_55041438,R0043_55036124,0.5531914893617021
R0290_55041438,R0043_55039830,0.5531914893617021
R0290_55041438,R0043_55034325,0.5531914893617021
R0290_55041438,R0043_55039829,0.5531914893617021
R0290_55041438,R0043_55031080,0.5531914893617021
R0290_55041438,R0043_55031077,0.5531914893617021
R0290_55041438,R0043_55017366,0.5531914893617021
R0290_55041438,R0043_55034335,0.5531914893617021
R0290_55041438,R0043_55031005,0.5531914893617021
R0290_55041438,R0055_55007584,0.5319148936170213
R0290_55041438,R0055_55007583,0.5319148936170213
R0290_55041438,R0204_55005925,0.5106382978723404
R0290_55041438,R0204_55032685,0.5106382978723404
R0290_55041438,R0204_55035156,0.5106382978723404
R0290_55041438,R0204_55022352,0.5106382978723404
R0290_55041438,R0204_55004131,0.5106382978723404
R0290_55041438,R0207_55036375,0.574468085106383
R0290_55041438,R0207_55032672,0.574468085106383
R0290_55041438,R0207_55032673,0.574468085106383
R0290_55041438,R0290_55038074,1.0
R0290_55041438,R0290_55041439,1.0
R0290_55041438,R0290_55041442,1.0
R0290_55041438,R0290_55041440,1.0
R0290_55041438,R0290_55041441,1.0
R0290_55041438,R0290_55030423,1.0
R0290_55041438,R0290_55039755,1.0
R0290_55041438,R0290_55026840,1.0
R0290_55041438,R0290_55038681,1.0
R0290_55041438,R0290_55033209,1.0
R0290_55041438,R0290_55043722,1.0
R0290_55041438,R0377_55039577,0.574468085106383
R0290_55041438,R0377_55032663,0.574468085106383
R0290_55041438,R0377_55036003,0.574468085106383
R0290_55041438,R0377_55036004,0.574468085106383
R0290_55041438,R0377_55036006,0.574468085106383
R0290_55041438,R0377_55036007,0.574468085106383
R0290_55041438,R0377_55036008,0.574468085106383
R0290_55041438,R0377_55036009,0.574468085106383
R0290_55041438,R0377_55043375,0.574468085106383
R0290_55041438,R0377_55032655,0.574468085106383
R0290_55041438,R0377_55034860,0.574468085106383
R0290_55041438,R0377_55042881,0.574468085106383
R0290_55041438,R0377_55033035,0.574468085106383
R0290_55041438,R0377_55044076,0.574468085106383
R0290_55041438,R0377_55036698,0.574468085106383
R0290_55041438,R0377_55032664,0.574468085106383
R0290_55041438,R0377_55038331,0.574468085106383
R0290_55041438,R0377_55041814,0.574468085106383
R0290_55041438,R0377_55041025,0.574468085106383
R0290_55041438,R0377_55039651,0.574468085106383
R0290_55041438,R0377_55044100,0.574468085106383
R0290_55041438,R0377_55026719,0.574468085106383
R0290_55041440,R0002_55043311,0.48936170212765956
R0290_55041440,R0002_55036002,0.48936170212765956
R0290_55041440,R0002_55015378,0.48936170212765956
R0290_55041440,R0002_55032731,0.48936170212765956
R0290_55041440,R0002_55025944,0.48936170212765956
R0290_55041440,R0002_55024341,0.48936170212765956
R0290_55041440,R0002_55041509,0.48936170212765956
R0290_55041440,R0002_55036059,0.48936170212765956
R0290_55041440,R0002_55037787,0.48936170212765956
R0290_55041440,R0002_55039851,0.48936170212765956
R0290_55041440,R0002_55032782,0.48936170212765956
R0290_55041440,R0002_55036171,0.48936170212765956
R0290_55041440,R0002_55035505,0.48936170212765956
R0290_55041440,R0002_55011002,0.48936170212765956
R0290_55041440,R0002_55031467,0.48936170212765956
R0290_55041440,R0002_55028991,0.48936170212765956
R0290_55041440,R0002_55027831,0.48936170212765956
R0290_55041440,R0002_55038839,0.48936170212765956
R0290_55041440,R0002_55019960,0.48936170212765956
R0290_55041440,R0002_55033035,0.48936170212765956
R0290_55041440,R0002_55006197,0.48936170212765956
R0290_55041440,R0002_55036505,0.48936170212765956
R0290_55041440,R0002_55044076,0.48936170212765956
R0290_55041440,R0002_55036050,0.48936170212765956
R0290_55041440,R0002_55037530,0.48936170212765956
R0290_55041440,R0002_55040793,0.48936170212765956
R0290_55041440,R0002_55043136,0.48936170212765956
R0290_55041440,R0002_55014421,0.48936170212765956
R0290_55041440,R0002_55003518,0.48936170212765956
R0290_55041440,R0002_55027319,0.48936170212765956
R0290_55041440,R0002_55035727,0.48936170212765956
R0290_55041440,R0002_55032858,0.48936170212765956
R0290_55041440,R0002_55029026,0.48936170212765956
R0290_55041440,R0002_55039889,0.48936170212765956
R0290_55041440,R0002_55041025,0.48936170212765956
R0290_55041440,R0002_55041833,0.48936170212765956
R0290_55041440,R0002_55031084,0.48936170212765956
R0290_55041440,R0002_55030125,0.48936170212765956
R0290_55041440,R0002_55011220,0.48936170212765956
R0290_55041440,R0002_55043779,0.48936170212765956
R0290_55041440,R0002_55026664,0.48936170212765956
R0290_55041440,R0002_55037878,0.48936170212765956
R0290_55041440,R0002_55043901,0.48936170212765956
R0290_55041440,R0002_55037718,0.48936170212765956
R0290_55041440,R0002_55042075,0.48936170212765956
R0290_55041440,R0002_55031358,0.48936170212765956
R0290_55041440,R0002_55025080,0.48936170212765956
R0290_55041440,R0002_55037283,0.48936170212765956
R0290_55041440,R0002_55019387,0.48936170212765956
R0290_55041440,R0043_55035478,0.5531914893617021
R0290_55041440,R0043_55032756,0.5531914893617021
R0290_55041440,R0043_55039677,0.5531914893617021
R0290_55041440,R0043_55039678,0.5531914893617021
R0290_55041440,R0043_55029067,0.5531914893617021
R0290_55041440,R0043_55036252,0.5531914893617021
R0290_55041440,R0043_55034675,0.5531914893617021
R0290_55041440,R0043_55031083,0.5531914893617021
R0290_55041440,R0043_55036209,0.5531914893617021
R0290_55041440,R0043_55035181,0.5531914893617021
R0290_55041440,R0043_55032758,0.5531914893617021
R0290_55041440,R0043_55039681,0.5531914893617021
R0290_55041440,R0043_55039682,0.5531914893617021
R0290_55041440,R0043_55039683,0.5531914893617021
R0290_55041440,R0043_55039684,0.5531914893617021
R0290_55041440,R0043_55032632,0.5531914893617021
R0290_55041440,R0043_55021537,0.5531914893617021
R0290_55041440,R0043_55041926,0.5531914893617021
R0290_55041440,R0043_55029012,0.5531914893617021
R0290_55041440,R0043_55034882,0.5531914893617021
R0290_55041440,R0043_55039679,0.5531914893617021
R0290_55041440,R0043_55032862,0.5531914893617021
R0290_55041440,R0043_55032759,0.5531914893617021
R0290_55041440,R0043_55037980,0.5531914893617021
R0290_55041440,R0043_55037979,0.5531914893617021
R0290_55041440,R0043_55027552,0.5531914893617021
R0290_55041440,R0043_55034879,0.5531914893617021
R0290_55041440,R0043_55032908,0.5531914893617021
R0290_55041440,R0043_55039686,0.5531914893617021
R0290_55041440,R0043_55032863,0.5531914893617021
R0290_55041440,R0043_55009127,0.5531914893617021
R0290_55041440,R0043_55036250,0.5531914893617021
R0290_55041440,R0043_55034880,0.5531914893617021
R0290_55041440,R0043_55032860,0.5531914893617021
R0290_55041440,R0043_55029506,0.5531914893617021
R0290_55041440,R0043_55031288,0.5531914893617021
R0290_55041440,R0043_55036124,0.5531914893617021
R0290_55041440,R0043_55039830,0.5531914893617021
R0290_55041440,R0043_55034325,0.5531914893617021
R0290_55041440,R0043_55039829,0.5531914893617021
R0290_55041440,R0043_55031080,0.5531914893617021
R0290_55041440,R0043_55031077,0.5531914893617021
R0290_55041440,R0043_55017366,0.5531914893617021
R0290_55041440,R0043_55034335,0.5531914893617021
R0290_55041440,R0043_55031005,0.5531914893617021
R0290_55041440,R0055_55007584,0.5319148936170213
R0290_55041440,R0055_55007583,0.5319148936170213
R0290_55041440,R0204_55005925,0.5106382978723404
R0290_55041440,R0204_55032685,0.5106382978723404
R0290_55041440,R0204_55035156,0.5106382978723404
R0290_55041440,R0204_55022352,0.5106382978723404
R0290_55041440,R0204_55004131,0.5106382978723404
R0290_55041440,R0207_55036375,0.574468085106383
R0290_55041440,R0207_55032672,0.574468085106383
R0290_55041440,R0207_55032673,0.574468085106383
R0290_55041440,R0290_55038074,1.0
R0290_55041440,R0290_55041439,1.0
R0290_55041440,R0290_55041442,1.0
R0290_55041440,R0290_55041438,1.0
R0290_55041440,R0290_55041441,1.0
R0290_55041440,R0290_55030423,1.0
R0290_55041440,R0290_55039755,1.0
R0290_55041440,R0290_55026840,1.0
R0290_55041440,R0290_55038681,1.0
R0290_55041440,R0290_55033209,1.0
R0290_55041440,R0290_55043722,1.0
R0290_55041440,R0377_55039577,0.574468085106383
R0290_55041440,R0377_55032663,0.574468085106383
R0290_55041440,R0377_55036003,0.574468085106383
R0290_55041440,R0377_55036004,0.574468085106383
R0290_55041440,R0377_55036006,0.574468085106383
R0290_55041440,R0377_55036007,0.574468085106383
R0290_55041440,R0377_55036008,0.574468085106383
R0290_55041440,R0377_55036009,0.574468085106383
R0290_55041440,R0377_55043375,0.574468085106383
R0290_55041440,R0377_55032655,0.574468085106383
R0290_55041440,R0377_55034860,0.574468085106383
R0290_55041440,R0377_55042881,0.574468085106383
R0290_55041440,R0377_55033035,0.574468085106383
R0290_55041440,R0377_55044076,0.574468085106383
R0290_55041440,R0377_55036698,0.574468085106383
R0290_55041440,R0377_55032664,0.574468085106383
R0290_55041440,R0377_55038331,0.574468085106383
R0290_55041440,R0377_55041814,0.574468085106383
R0290_55041440,R0377_55041025,0.574468085106383
R0290_55041440,R0377_55039651,0.574468085106383
R0290_55041440,R0377_55044100,0.574468085106383
R0290_55041440,R0377_55026719,0.574468085106383
R0290_55041441,R0002_55043311,0.48936170212765956
R0290_55041441,R0002_55036002,0.48936170212765956
R0290_55041441,R0002_55015378,0.48936170212765956
R0290_55041441,R0002_55032731,0.48936170212765956
R0290_55041441,R0002_55025944,0.48936170212765956
R0290_55041441,R0002_55024341,0.48936170212765956
R0290_55041441,R0002_55041509,0.48936170212765956
R0290_55041441,R0002_55036059,0.48936170212765956
R0290_55041441,R0002_55037787,0.48936170212765956
R0290_55041441,R0002_55039851,0.48936170212765956
R0290_55041441,R0002_55032782,0.48936170212765956
R0290_55041441,R0002_55036171,0.48936170212765956
R0290_55041441,R0002_55035505,0.48936170212765956
R0290_55041441,R0002_55011002,0.48936170212765956
R0290_55041441,R0002_55031467,0.48936170212765956
R0290_55041441,R0002_55028991,0.48936170212765956
R0290_55041441,R0002_55027831,0.48936170212765956
R0290_55041441,R0002_55038839,0.48936170212765956
R0290_55041441,R0002_55019960,0.48936170212765956
R0290_55041441,R0002_55033035,0.48936170212765956
R0290_55041441,R0002_55006197,0.48936170212765956
R0290_55041441,R0002_55036505,0.48936170212765956
R0290_55041441,R0002_55044076,0.48936170212765956
R0290_55041441,R0002_55036050,0.48936170212765956
R0290_55041441,R0002_55037530,0.48936170212765956
R0290_55041441,R0002_55040793,0.48936170212765956
R0290_55041441,R0002_55043136,0.48936170212765956
R0290_55041441,R0002_55014421,0.48936170212765956
R0290_55041441,R0002_55003518,0.48936170212765956
R0290_55041441,R0002_55027319,0.48936170212765956
R0290_55041441,R0002_55035727,0.48936170212765956
R0290_55041441,R0002_55032858,0.48936170212765956
R0290_55041441,R0002_55029026,0.48936170212765956
R0290_55041441,R0002_55039889,0.48936170212765956
R0290_55041441,R0002_55041025,0.48936170212765956
R0290_55041441,R0002_55041833,0.48936170212765956
R0290_55041441,R0002_55031084,0.48936170212765956
R0290_55041441,R0002_55030125,0.48936170212765956
R0290_55041441,R0002_55011220,0.48936170212765956
R0290_55041441,R0002_55043779,0.48936170212765956
R0290_55041441,R0002_55026664,0.48936170212765956
R0290_55041441,R0002_55037878,0.48936170212765956
R0290_55041441,R0002_55043901,0.48936170212765956
R0290_55041441,R0002_55037718,0.48936170212765956
R0290_55041441,R0002_55042075,0.48936170212765956
R0290_55041441,R0002_55031358,0.48936170212765956
R0290_55041441,R0002_55025080,0.48936170212765956
R0290_55041441,R0002_55037283,0.48936170212765956
R0290_55041441,R0002_55019387,0.48936170212765956
R0290_55041441,R0043_55035478,0.5531914893617021
R0290_55041441,R0043_55032756,0.5531914893617021
R0290_55041441,R0043_55039677,0.5531914893617021
R0290_55041441,R0043_55039678,0.5531914893617021
R0290_55041441,R0043_55029067,0.5531914893617021
R0290_55041441,R0043_55036252,0.5531914893617021
R0290_55041441,R0043_55034675,0.5531914893617021
R0290_55041441,R0043_55031083,0.5531914893617021
R0290_55041441,R0043_55036209,0.5531914893617021
R0290_55041441,R0043_55035181,0.5531914893617021
R0290_55041441,R0043_55032758,0.5531914893617021
R0290_55041441,R0043_55039681,0.5531914893617021
R0290_55041441,R0043_55039682,0.5531914893617021
R0290_55041441,R0043_55039683,0.5531914893617021
R0290_55041441,R0043_55039684,0.5531914893617021
R0290_55041441,R0043_55032632,0.5531914893617021
R0290_55041441,R0043_55021537,0.5531914893617021
R0290_55041441,R0043_55041926,0.5531914893617021
R0290_55041441,R0043_55029012,0.5531914893617021
R0290_55041441,R0043_55034882,0.5531914893617021
R0290_55041441,R0043_55039679,0.5531914893617021
R0290_55041441,R0043_55032862,0.5531914893617021
R0290_55041441,R0043_55032759,0.5531914893617021
R0290_55041441,R0043_55037980,0.5531914893617021
R0290_55041441,R0043_55037979,0.5531914893617021
R0290_55041441,R0043_55027552,0.5531914893617021
R0290_55041441,R0043_55034879,0.5531914893617021
R0290_55041441,R0043_55032908,0.5531914893617021
R0290_55041441,R0043_55039686,0.5531914893617021
R0290_55041441,R0043_55032863,0.5531914893617021
R0290_55041441,R0043_55009127,0.5531914893617021
R0290_55041441,R0043_55036250,0.5531914893617021
R0290_55041441,R0043_55034880,0.5531914893617021
R0290_55041441,R0043_55032860,0.5531914893617021
R0290_55041441,R0043_55029506,0.5531914893617021
R0290_55041441,R0043_55031288,0.5531914893617021
R0290_55041441,R0043_55036124,0.5531914893617021
R0290_55041441,R0043_55039830,0.5531914893617021
R0290_55041441,R0043_55034325,0.5531914893617021
R0290_55041441,R0043_55039829,0.5531914893617021
R0290_55041441,R0043_55031080,0.5531914893617021
R0290_55041441,R0043_55031077,0.5531914893617021
R0290_55041441,R0043_55017366,0.5531914893617021
R0290_55041441,R0043_55034335,0.5531914893617021
R0290_55041441,R0043_55031005,0.5531914893617021
R0290_55041441,R0055_55007584,0.5319148936170213
R0290_55041441,R0055_55007583,0.5319148936170213
R0290_55041441,R0204_55005925,0.5106382978723404
R0290_55041441,R0204_55032685,0.5106382978723404
R0290_55041441,R0204_55035156,0.5106382978723404
R0290_55041441,R0204_55022352,0.5106382978723404
R0290_55041441,R0204_55004131,0.5106382978723404
R0290_55041441,R0207_55036375,0.574468085106383
R0290_55041441,R0207_55032672,0.574468085106383
R0290_55041441,R0207_55032673,0.574468085106383
R0290_55041441,R0290_55038074,1.0
R0290_55041441,R0290_55041439,1.0
R0290_55041441,R0290_55041442,1.0
R0290_55041441,R0290_55041438,1.0
R0290_55041441,R0290_55041440,1.0
R0290_55041441,R0290_55030423,1.0
R0290_55041441,R0290_55039755,1.0
R0290_55041441,R0290_55026840,1.0
R0290_55041441,R0290_55038681,1.0
R0290_55041441,R0290_55033209,1.0
R0290_55041441,R0290_55043722,1.0
R0290_55041441,R0377_55039577,0.574468085106383
R0290_55041441,R0377_55032663,0.574468085106383
R0290_55041441,R0377_55036003,0.574468085106383
R0290_55041441,R0377_55036004,0.574468085106383
R0290_55041441,R0377_55036006,0.574468085106383
R0290_55041441,R0377_55036007,0.574468085106383
R0290_55041441,R0377_55036008,0.574468085106383
R0290_55041441,R0377_55036009,0.574468085106383
R0290_55041441,R0377_55043375,0.574468085106383
R0290_55041441,R0377_55032655,0.574468085106383
R0290_55041441,R0377_55034860,0.574468085106383
R0290_55041441,R0377_55042881,0.574468085106383
R0290_55041441,R0377_55033035,0.574468085106383
R0290_55041441,R0377_55044076,0.574468085106383
R0290_55041441,R0377_55036698,0.574468085106383
R0290_55041441,R0377_55032664,0.574468085106383
R0290_55041441,R0377_55038331,0.574468085106383
R0290_55041441,R0377_55041814,0.574468085106383
R0290_55041441,R0377_55041025,0.574468085106383
R0290_55041441,R0377_55039651,0.574468085106383
R0290_55041441,R0377_55044100,0.574468085106383
R0290_55041441,R0377_55026719,0.574468085106383
R0290_55030423,R0002_55043311,0.48936170212765956
R0290_55030423,R0002_55036002,0.48936170212765956
R0290_55030423,R0002_55015378,0.48936170212765956
R0290_55030423,R0002_55032731,0.48936170212765956
R0290_55030423,R0002_55025944,0.48936170212765956
R0290_55030423,R0002_55024341,0.48936170212765956
R0290_55030423,R0002_55041509,0.48936170212765956
R0290_55030423,R0002_55036059,0.48936170212765956
R0290_55030423,R0002_55037787,0.48936170212765956
R0290_55030423,R0002_55039851,0.48936170212765956
R0290_55030423,R0002_55032782,0.48936170212765956
R0290_55030423,R0002_55036171,0.48936170212765956
R0290_55030423,R0002_55035505,0.48936170212765956
R0290_55030423,R0002_55011002,0.48936170212765956
R0290_55030423,R0002_55031467,0.48936170212765956
R0290_55030423,R0002_55028991,0.48936170212765956
R0290_55030423,R0002_55027831,0.48936170212765956
R0290_55030423,R0002_55038839,0.48936170212765956
R0290_55030423,R0002_55019960,0.48936170212765956
R0290_55030423,R0002_55033035,0.48936170212765956
R0290_55030423,R0002_55006197,0.48936170212765956
R0290_55030423,R0002_55036505,0.48936170212765956
R0290_55030423,R0002_55044076,0.48936170212765956
R0290_55030423,R0002_55036050,0.48936170212765956
R0290_55030423,R0002_55037530,0.48936170212765956
R0290_55030423,R0002_55040793,0.48936170212765956
R0290_55030423,R0002_55043136,0.48936170212765956
R0290_55030423,R0002_55014421,0.48936170212765956
R0290_55030423,R0002_55003518,0.48936170212765956
R0290_55030423,R0002_55027319,0.48936170212765956
R0290_55030423,R0002_55035727,0.48936170212765956
R0290_55030423,R0002_55032858,0.48936170212765956
R0290_55030423,R0002_55029026,0.48936170212765956
R0290_55030423,R0002_55039889,0.48936170212765956
R0290_55030423,R0002_55041025,0.48936170212765956
R0290_55030423,R0002_55041833,0.48936170212765956
R0290_55030423,R0002_55031084,0.48936170212765956
R0290_55030423,R0002_55030125,0.48936170212765956
R0290_55030423,R0002_55011220,0.48936170212765956
R0290_55030423,R0002_55043779,0.48936170212765956
R0290_55030423,R0002_55026664,0.48936170212765956
R0290_55030423,R0002_55037878,0.48936170212765956
R0290_55030423,R0002_55043901,0.48936170212765956
R0290_55030423,R0002_55037718,0.48936170212765956
R0290_55030423,R0002_55042075,0.48936170212765956
R0290_55030423,R0002_55031358,0.48936170212765956
R0290_55030423,R0002_55025080,0.48936170212765956
R0290_55030423,R0002_55037283,0.48936170212765956
R0290_55030423,R0002_55019387,0.48936170212765956
R0290_55030423,R0043_55035478,0.5531914893617021
R0290_55030423,R0043_55032756,0.5531914893617021
R0290_55030423,R0043_55039677,0.5531914893617021
R0290_55030423,R0043_55039678,0.5531914893617021
R0290_55030423,R0043_55029067,0.5531914893617021
R0290_55030423,R0043_55036252,0.5531914893617021
R0290_55030423,R0043_55034675,0.5531914893617021
R0290_55030423,R0043_55031083,0.5531914893617021
R0290_55030423,R0043_55036209,0.5531914893617021
R0290_55030423,R0043_55035181,0.5531914893617021
R0290_55030423,R0043_55032758,0.5531914893617021
R0290_55030423,R0043_55039681,0.5531914893617021
R0290_55030423,R0043_55039682,0.5531914893617021
R0290_55030423,R0043_55039683,0.5531914893617021
R0290_55030423,R0043_55039684,0.5531914893617021
R0290_55030423,R0043_55032632,0.5531914893617021
R0290_55030423,R0043_55021537,0.5531914893617021
R0290_55030423,R0043_55041926,0.5531914893617021
R0290_55030423,R0043_55029012,0.5531914893617021
R0290_55030423,R0043_55034882,0.5531914893617021
R0290_55030423,R0043_55039679,0.5531914893617021
R0290_55030423,R0043_55032862,0.5531914893617021
R0290_55030423,R0043_55032759,0.5531914893617021
R0290_55030423,R0043_55037980,0.5531914893617021
R0290_55030423,R0043_55037979,0.5531914893617021
R0290_55030423,R0043_55027552,0.5531914893617021
R0290_55030423,R0043_55034879,0.5531914893617021
R0290_55030423,R0043_55032908,0.5531914893617021
R0290_55030423,R0043_55039686,0.5531914893617021
R0290_55030423,R0043_55032863,0.5531914893617021
R0290_55030423,R0043_55009127,0.5531914893617021
R0290_55030423,R0043_55036250,0.5531914893617021
R0290_55030423,R0043_55034880,0.5531914893617021
R0290_55030423,R0043_55032860,0.5531914893617021
R0290_55030423,R0043_55029506,0.5531914893617021
R0290_55030423,R0043_55031288,0.5531914893617021
R0290_55030423,R0043_55036124,0.5531914893617021
R0290_55030423,R0043_55039830,0.5531914893617021
R0290_55030423,R0043_55034325,0.5531914893617021
R0290_55030423,R0043_55039829,0.5531914893617021
R0290_55030423,R0043_55031080,0.5531914893617021
R0290_55030423,R0043_55031077,0.5531914893617021
R0290_55030423,R0043_55017366,0.5531914893617021
R0290_55030423,R0043_55034335,0.5531914893617021
R0290_55030423,R0043_55031005,0.5531914893617021
R0290_55030423,R0055_55007584,0.5319148936170213
R0290_55030423,R0055_55007583,0.5319148936170213
R0290_55030423,R0204_55005925,0.5106382978723404
R0290_55030423,R0204_55032685,0.5106382978723404
R0290_55030423,R0204_55035156,0.5106382978723404
R0290_55030423,R0204_55022352,0.5106382978723404
R0290_55030423,R0204_55004131,0.5106382978723404
R0290_55030423,R0207_55036375,0.574468085106383
R0290_55030423,R0207_55032672,0.574468085106383
R0290_55030423,R0207_55032673,0.574468085106383
R0290_55030423,R0290_55038074,1.0
R0290_55030423,R0290_55041439,1.0
R0290_55030423,R0290_55041442,1.0
R0290_55030423,R0290_55041438,1.0
R0290_55030423,R0290_55041440,1.0
R0290_55030423,R0290_55041441,1.0
R0290_55030423,R0290_55039755,1.0
R0290_55030423,R0290_55026840,1.0
R0290_55030423,R0290_55038681,1.0
R0290_55030423,R0290_55033209,1.0
R0290_55030423,R0290_55043722,1.0
R0290_55030423,R0377_55039577,0.574468085106383
R0290_55030423,R0377_55032663,0.574468085106383
R0290_55030423,R0377_55036003,0.574468085106383
R0290_55030423,R0377_55036004,0.574468085106383
R0290_55030423,R0377_55036006,0.574468085106383
R0290_55030423,R0377_55036007,0.574468085106383
R0290_55030423,R0377_55036008,0.574468085106383
R0290_55030423,R0377_55036009,0.574468085106383
R0290_55030423,R0377_55043375,0.574468085106383
R0290_55030423,R0377_55032655,0.574468085106383
R0290_55030423,R0377_55034860,0.574468085106383
R0290_55030423,R0377_55042881,0.574468085106383
R0290_55030423,R0377_55033035,0.574468085106383
R0290_55030423,R0377_55044076,0.574468085106383
R0290_55030423,R0377_55036698,0.574468085106383
R0290_55030423,R0377_55032664,0.574468085106383
R0290_55030423,R0377_55038331,0.574468085106383
R0290_55030423,R0377_55041814,0.574468085106383
R0290_55030423,R0377_55041025,0.574468085106383
R0290_55030423,R0377_55039651,0.574468085106383
R0290_55030423,R0377_55044100,0.574468085106383
R0290_55030423,R0377_55026719,0.574468085106383
R0290_55039755,R0002_55043311,0.48936170212765956
R0290_55039755,R0002_55036002,0.48936170212765956
R0290_55039755,R0002_55015378,0.48936170212765956
R0290_55039755,R0002_55032731,0.48936170212765956
R0290_55039755,R0002_55025944,0.48936170212765956
R0290_55039755,R0002_55024341,0.48936170212765956
R0290_55039755,R0002_55041509,0.48936170212765956
R0290_55039755,R0002_55036059,0.48936170212765956
R0290_55039755,R0002_55037787,0.48936170212765956
R0290_55039755,R0002_55039851,0.48936170212765956
R0290_55039755,R0002_55032782,0.48936170212765956
R0290_55039755,R0002_55036171,0.48936170212765956
R0290_55039755,R0002_55035505,0.48936170212765956
R0290_55039755,R0002_55011002,0.48936170212765956
R0290_55039755,R0002_55031467,0.48936170212765956
R0290_55039755,R0002_55028991,0.48936170212765956
R0290_55039755,R0002_55027831,0.48936170212765956
R0290_55039755,R0002_55038839,0.48936170212765956
R0290_55039755,R0002_55019960,0.48936170212765956
R0290_55039755,R0002_55033035,0.48936170212765956
R0290_55039755,R0002_55006197,0.48936170212765956
R0290_55039755,R0002_55036505,0.48936170212765956
R0290_55039755,R0002_55044076,0.48936170212765956
R0290_55039755,R0002_55036050,0.48936170212765956
R0290_55039755,R0002_55037530,0.48936170212765956
R0290_55039755,R0002_55040793,0.48936170212765956
R0290_55039755,R0002_55043136,0.48936170212765956
R0290_55039755,R0002_55014421,0.48936170212765956
R0290_55039755,R0002_55003518,0.48936170212765956
R0290_55039755,R0002_55027319,0.48936170212765956
R0290_55039755,R0002_55035727,0.48936170212765956
R0290_55039755,R0002_55032858,0.48936170212765956
R0290_55039755,R0002_55029026,0.48936170212765956
R0290_55039755,R0002_55039889,0.48936170212765956
R0290_55039755,R0002_55041025,0.48936170212765956
R0290_55039755,R0002_55041833,0.48936170212765956
R0290_55039755,R0002_55031084,0.48936170212765956
R0290_55039755,R0002_55030125,0.48936170212765956
R0290_55039755,R0002_55011220,0.48936170212765956
R0290_55039755,R0002_55043779,0.48936170212765956
R0290_55039755,R0002_55026664,0.48936170212765956
R0290_55039755,R0002_55037878,0.48936170212765956
R0290_55039755,R0002_55043901,0.48936170212765956
R0290_55039755,R0002_55037718,0.48936170212765956
R0290_55039755,R0002_55042075,0.48936170212765956
R0290_55039755,R0002_55031358,0.48936170212765956
R0290_55039755,R0002_55025080,0.48936170212765956
R0290_55039755,R0002_55037283,0.48936170212765956
R0290_55039755,R0002_55019387,0.48936170212765956
R0290_55039755,R0043_55035478,0.5531914893617021
R0290_55039755,R0043_55032756,0.5531914893617021
R0290_55039755,R0043_55039677,0.5531914893617021
R0290_55039755,R0043_55039678,0.5531914893617021
R0290_55039755,R0043_55029067,0.5531914893617021
R0290_55039755,R0043_55036252,0.5531914893617021
R0290_55039755,R0043_55034675,0.5531914893617021
R0290_55039755,R0043_55031083,0.5531914893617021
R0290_55039755,R0043_55036209,0.5531914893617021
R0290_55039755,R0043_55035181,0.5531914893617021
R0290_55039755,R0043_55032758,0.5531914893617021
R0290_55039755,R0043_55039681,0.5531914893617021
R0290_55039755,R0043_55039682,0.5531914893617021
R0290_55039755,R0043_55039683,0.5531914893617021
R0290_55039755,R0043_55039684,0.5531914893617021
R0290_55039755,R0043_55032632,0.5531914893617021
R0290_55039755,R0043_55021537,0.5531914893617021
R0290_55039755,R0043_55041926,0.5531914893617021
R0290_55039755,R0043_55029012,0.5531914893617021
R0290_55039755,R0043_55034882,0.5531914893617021
R0290_55039755,R0043_55039679,0.5531914893617021
R0290_55039755,R0043_55032862,0.5531914893617021
R0290_55039755,R0043_55032759,0.5531914893617021
R0290_55039755,R0043_55037980,0.5531914893617021
R0290_55039755,R0043_55037979,0.5531914893617021
R0290_55039755,R0043_55027552,0.5531914893617021
R0290_55039755,R0043_55034879,0.5531914893617021
R0290_55039755,R0043_55032908,0.5531914893617021
R0290_55039755,R0043_55039686,0.5531914893617021
R0290_55039755,R0043_55032863,0.5531914893617021
R0290_55039755,R0043_55009127,0.5531914893617021
R0290_55039755,R0043_55036250,0.5531914893617021
R0290_55039755,R0043_55034880,0.5531914893617021
R0290_55039755,R0043_55032860,0.5531914893617021
R0290_55039755,R0043_55029506,0.5531914893617021
R0290_55039755,R0043_55031288,0.5531914893617021
R0290_55039755,R0043_55036124,0.5531914893617021
R0290_55039755,R0043_55039830,0.5531914893617021
R0290_55039755,R0043_55034325,0.5531914893617021
R0290_55039755,R0043_55039829,0.5531914893617021
R0290_55039755,R0043_55031080,0.5531914893617021
R0290_55039755,R0043_55031077,0.5531914893617021
R0290_55039755,R0043_55017366,0.5531914893617021
R0290_55039755,R0043_55034335,0.5531914893617021
R0290_55039755,R0043_55031005,0.5531914893617021
R0290_55039755,R0055_55007584,0.5319148936170213
R0290_55039755,R0055_55007583,0.5319148936170213
R0290_55039755,R0204_55005925,0.5106382978723404
R0290_55039755,R0204_55032685,0.5106382978723404
R0290_55039755,R0204_55035156,0.5106382978723404
R0290_55039755,R0204_55022352,0.5106382978723404
R0290_55039755,R0204_55004131,0.5106382978723404
R0290_55039755,R0207_55036375,0.574468085106383
R0290_55039755,R0207_55032672,0.574468085106383
R0290_55039755,R0207_55032673,0.574468085106383
R0290_55039755,R0290_55038074,1.0
R0290_55039755,R0290_55041439,1.0
R0290_55039755,R0290_55041442,1.0
R0290_55039755,R0290_55041438,1.0
R0290_55039755,R0290_55041440,1.0
R0290_55039755,R0290_55041441,1.0
R0290_55039755,R0290_55030423,1.0
R0290_55039755,R0290_55026840,1.0
R0290_55039755,R0290_55038681,1.0
R0290_55039755,R0290_55033209,1.0
R0290_55039755,R0290_55043722,1.0
R0290_55039755,R0377_55039577,0.574468085106383
R0290_55039755,R0377_55032663,0.574468085106383
R0290_55039755,R0377_55036003,0.574468085106383
R0290_55039755,R0377_55036004,0.574468085106383
R0290_55039755,R0377_55036006,0.574468085106383
R0290_55039755,R0377_55036007,0.574468085106383
R0290_55039755,R0377_55036008,0.574468085106383
R0290_55039755,R0377_55036009,0.574468085106383
R0290_55039755,R0377_55043375,0.574468085106383
R0290_55039755,R0377_55032655,0.574468085106383
R0290_55039755,R0377_55034860,0.574468085106383
R0290_55039755,R0377_55042881,0.574468085106383
R0290_55039755,R0377_55033035,0.574468085106383
R0290_55039755,R0377_55044076,0.574468085106383
R0290_55039755,R0377_55036698,0.574468085106383
R0290_55039755,R0377_55032664,0.574468085106383
R0290_55039755,R0377_55038331,0.574468085106383
R0290_55039755,R0377_55041814,0.574468085106383
R0290_55039755,R0377_55041025,0.574468085106383
R0290_55039755,R0377_55039651,0.574468085106383
R0290_55039755,R0377_55044100,0.574468085106383
R0290_55039755,R0377_55026719,0.574468085106383
R0290_55026840,R0002_55043311,0.48936170212765956
R0290_55026840,R0002_55036002,0.48936170212765956
R0290_55026840,R0002_55015378,0.48936170212765956
R0290_55026840,R0002_55032731,0.48936170212765956
R0290_55026840,R0002_55025944,0.48936170212765956
R0290_55026840,R0002_55024341,0.48936170212765956
R0290_55026840,R0002_55041509,0.48936170212765956
R0290_55026840,R0002_55036059,0.48936170212765956
R0290_55026840,R0002_55037787,0.48936170212765956
R0290_55026840,R0002_55039851,0.48936170212765956
R0290_55026840,R0002_55032782,0.48936170212765956
R0290_55026840,R0002_55036171,0.48936170212765956
R0290_55026840,R0002_55035505,0.48936170212765956
R0290_55026840,R0002_55011002,0.48936170212765956
R0290_55026840,R0002_55031467,0.48936170212765956
R0290_55026840,R0002_55028991,0.48936170212765956
R0290_55026840,R0002_55027831,0.48936170212765956
R0290_55026840,R0002_55038839,0.48936170212765956
R0290_55026840,R0002_55019960,0.48936170212765956
R0290_55026840,R0002_55033035,0.48936170212765956
R0290_55026840,R0002_55006197,0.48936170212765956
R0290_55026840,R0002_55036505,0.48936170212765956
R0290_55026840,R0002_55044076,0.48936170212765956
R0290_55026840,R0002_55036050,0.48936170212765956
R0290_55026840,R0002_55037530,0.48936170212765956
R0290_55026840,R0002_55040793,0.48936170212765956
R0290_55026840,R0002_55043136,0.48936170212765956
R0290_55026840,R0002_55014421,0.48936170212765956
R0290_55026840,R0002_55003518,0.48936170212765956
R0290_55026840,R0002_55027319,0.48936170212765956
R0290_55026840,R0002_55035727,0.48936170212765956
R0290_55026840,R0002_55032858,0.48936170212765956
R0290_55026840,R0002_55029026,0.48936170212765956
R0290_55026840,R0002_55039889,0.48936170212765956
R0290_55026840,R0002_55041025,0.48936170212765956
R0290_55026840,R0002_55041833,0.48936170212765956
R0290_55026840,R0002_55031084,0.48936170212765956
R0290_55026840,R0002_55030125,0.48936170212765956
R0290_55026840,R0002_55011220,0.48936170212765956
R0290_55026840,R0002_55043779,0.48936170212765956
R0290_55026840,R0002_55026664,0.48936170212765956
R0290_55026840,R0002_55037878,0.48936170212765956
R0290_55026840,R0002_55043901,0.48936170212765956
R0290_55026840,R0002_55037718,0.48936170212765956
R0290_55026840,R0002_55042075,0.48936170212765956
R0290_55026840,R0002_55031358,0.48936170212765956
R0290_55026840,R0002_55025080,0.48936170212765956
R0290_55026840,R0002_55037283,0.48936170212765956
R0290_55026840,R0002_55019387,0.48936170212765956
R0290_55026840,R0043_55035478,0.5531914893617021
R0290_55026840,R0043_55032756,0.5531914893617021
R0290_55026840,R0043_55039677,0.5531914893617021
R0290_55026840,R0043_55039678,0.5531914893617021
R0290_55026840,R0043_55029067,0.5531914893617021
R0290_55026840,R0043_55036252,0.5531914893617021
R0290_55026840,R0043_55034675,0.5531914893617021
R0290_55026840,R0043_55031083,0.5531914893617021
R0290_55026840,R0043_55036209,0.5531914893617021
R0290_55026840,R0043_55035181,0.5531914893617021
R0290_55026840,R0043_55032758,0.5531914893617021
R0290_55026840,R0043_55039681,0.5531914893617021
R0290_55026840,R0043_55039682,0.5531914893617021
R0290_55026840,R0043_55039683,0.5531914893617021
R0290_55026840,R0043_55039684,0.5531914893617021
R0290_55026840,R0043_55032632,0.5531914893617021
R0290_55026840,R0043_55021537,0.5531914893617021
R0290_55026840,R0043_55041926,0.5531914893617021
R0290_55026840,R0043_55029012,0.5531914893617021
R0290_55026840,R0043_55034882,0.5531914893617021
R0290_55026840,R0043_55039679,0.5531914893617021
R0290_55026840,R0043_55032862,0.5531914893617021
R0290_55026840,R0043_55032759,0.5531914893617021
R0290_55026840,R0043_55037980,0.5531914893617021
R0290_55026840,R0043_55037979,0.5531914893617021
R0290_55026840,R0043_55027552,0.5531914893617021
R0290_55026840,R0043_55034879,0.5531914893617021
R0290_55026840,R0043_55032908,0.5531914893617021
R0290_55026840,R0043_55039686,0.5531914893617021
R0290_55026840,R0043_55032863,0.5531914893617021
R0290_55026840,R0043_55009127,0.5531914893617021
R0290_55026840,R0043_55036250,0.5531914893617021
R0290_55026840,R0043_55034880,0.5531914893617021
R0290_55026840,R0043_55032860,0.5531914893617021
R0290_55026840,R0043_55029506,0.5531914893617021
R0290_55026840,R0043_55031288,0.5531914893617021
R0290_55026840,R0043_55036124,0.5531914893617021
R0290_55026840,R0043_55039830,0.5531914893617021
R0290_55026840,R0043_55034325,0.5531914893617021
R0290_55026840,R0043_55039829,0.5531914893617021
R0290_55026840,R0043_55031080,0.5531914893617021
R0290_55026840,R0043_55031077,0.5531914893617021
R0290_55026840,R0043_55017366,0.5531914893617021
R0290_55026840,R0043_55034335,0.5531914893617021
R0290_55026840,R0043_55031005,0.5531914893617021
R0290_55026840,R0055_55007584,0.5319148936170213
R0290_55026840,R0055_55007583,0.5319148936170213
R0290_55026840,R0204_55005925,0.5106382978723404
R0290_55026840,R0204_55032685,0.5106382978723404
R0290_55026840,R0204_55035156,0.5106382978723404
R0290_55026840,R0204_55022352,0.5106382978723404
R0290_55026840,R0204_55004131,0.5106382978723404
R0290_55026840,R0207_55036375,0.574468085106383
R0290_55026840,R0207_55032672,0.574468085106383
R0290_55026840,R0207_55032673,0.574468085106383
R0290_55026840,R0290_55038074,1.0
R0290_55026840,R0290_55041439,1.0
R0290_55026840,R0290_55041442,1.0
R0290_55026840,R0290_55041438,1.0
R0290_55026840,R0290_55041440,1.0
R0290_55026840,R0290_55041441,1.0
R0290_55026840,R0290_55030423,1.0
R0290_55026840,R0290_55039755,1.0
R0290_55026840,R0290_55038681,1.0
R0290_55026840,R0290_55033209,1.0
R0290_55026840,R0290_55043722,1.0
R0290_55026840,R0377_55039577,0.574468085106383
R0290_55026840,R0377_55032663,0.574468085106383
R0290_55026840,R0377_55036003,0.574468085106383
R0290_55026840,R0377_55036004,0.574468085106383
R0290_55026840,R0377_55036006,0.574468085106383
R0290_55026840,R0377_55036007,0.574468085106383
R0290_55026840,R0377_55036008,0.574468085106383
R0290_55026840,R0377_55036009,0.574468085106383
R0290_55026840,R0377_55043375,0.574468085106383
R0290_55026840,R0377_55032655,0.574468085106383
R0290_55026840,R0377_55034860,0.574468085106383
R0290_55026840,R0377_55042881,0.574468085106383
R0290_55026840,R0377_55033035,0.574468085106383
R0290_55026840,R0377_55044076,0.574468085106383
R0290_55026840,R0377_55036698,0.574468085106383
R0290_55026840,R0377_55032664,0.574468085106383
R0290_55026840,R0377_55038331,0.574468085106383
R0290_55026840,R0377_55041814,0.574468085106383
R0290_55026840,R0377_55041025,0.574468085106383
R0290_55026840,R0377_55039651,0.574468085106383
R0290_55026840,R0377_55044100,0.574468085106383
R0290_55026840,R0377_55026719,0.574468085106383
R0290_55038681,R0002_55043311,0.48936170212765956
R0290_55038681,R0002_55036002,0.48936170212765956
R0290_55038681,R0002_55015378,0.48936170212765956
R0290_55038681,R0002_55032731,0.48936170212765956
R0290_55038681,R0002_55025944,0.48936170212765956
R0290_55038681,R0002_55024341,0.48936170212765956
R0290_55038681,R0002_55041509,0.48936170212765956
R0290_55038681,R0002_55036059,0.48936170212765956
R0290_55038681,R0002_55037787,0.48936170212765956
R0290_55038681,R0002_55039851,0.48936170212765956
R0290_55038681,R0002_55032782,0.48936170212765956
R0290_55038681,R0002_55036171,0.48936170212765956
R0290_55038681,R0002_55035505,0.48936170212765956
R0290_55038681,R0002_55011002,0.48936170212765956
R0290_55038681,R0002_55031467,0.48936170212765956
R0290_55038681,R0002_55028991,0.48936170212765956
R0290_55038681,R0002_55027831,0.48936170212765956
R0290_55038681,R0002_55038839,0.48936170212765956
R0290_55038681,R0002_55019960,0.48936170212765956
R0290_55038681,R0002_55033035,0.48936170212765956
R0290_55038681,R0002_55006197,0.48936170212765956
R0290_55038681,R0002_55036505,0.48936170212765956
R0290_55038681,R0002_55044076,0.48936170212765956
R0290_55038681,R0002_55036050,0.48936170212765956
R0290_55038681,R0002_55037530,0.48936170212765956
R0290_55038681,R0002_55040793,0.48936170212765956
R0290_55038681,R0002_55043136,0.48936170212765956
R0290_55038681,R0002_55014421,0.48936170212765956
R0290_55038681,R0002_55003518,0.48936170212765956
R0290_55038681,R0002_55027319,0.48936170212765956
R0290_55038681,R0002_55035727,0.48936170212765956
R0290_55038681,R0002_55032858,0.48936170212765956
R0290_55038681,R0002_55029026,0.48936170212765956
R0290_55038681,R0002_55039889,0.48936170212765956
R0290_55038681,R0002_55041025,0.48936170212765956
R0290_55038681,R0002_55041833,0.48936170212765956
R0290_55038681,R0002_55031084,0.48936170212765956
R0290_55038681,R0002_55030125,0.48936170212765956
R0290_55038681,R0002_55011220,0.48936170212765956
R0290_55038681,R0002_55043779,0.48936170212765956
R0290_55038681,R0002_55026664,0.48936170212765956
R0290_55038681,R0002_55037878,0.48936170212765956
R0290_55038681,R0002_55043901,0.48936170212765956
R0290_55038681,R0002_55037718,0.48936170212765956
R0290_55038681,R0002_55042075,0.48936170212765956
R0290_55038681,R0002_55031358,0.48936170212765956
R0290_55038681,R0002_55025080,0.48936170212765956
R0290_55038681,R0002_55037283,0.48936170212765956
R0290_55038681,R0002_55019387,0.48936170212765956
R0290_55038681,R0043_55035478,0.5531914893617021
R0290_55038681,R0043_55032756,0.5531914893617021
R0290_55038681,R0043_55039677,0.5531914893617021
R0290_55038681,R0043_55039678,0.5531914893617021
R0290_55038681,R0043_55029067,0.5531914893617021
R0290_55038681,R0043_55036252,0.5531914893617021
R0290_55038681,R0043_55034675,0.5531914893617021
R0290_55038681,R0043_55031083,0.5531914893617021
R0290_55038681,R0043_55036209,0.5531914893617021
R0290_55038681,R0043_55035181,0.5531914893617021
R0290_55038681,R0043_55032758,0.5531914893617021
R0290_55038681,R0043_55039681,0.5531914893617021
R0290_55038681,R0043_55039682,0.5531914893617021
R0290_55038681,R0043_55039683,0.5531914893617021
R0290_55038681,R0043_55039684,0.5531914893617021
R0290_55038681,R0043_55032632,0.5531914893617021
R0290_55038681,R0043_55021537,0.5531914893617021
R0290_55038681,R0043_55041926,0.5531914893617021
R0290_55038681,R0043_55029012,0.5531914893617021
R0290_55038681,R0043_55034882,0.5531914893617021
R0290_55038681,R0043_55039679,0.5531914893617021
R0290_55038681,R0043_55032862,0.5531914893617021
R0290_55038681,R0043_55032759,0.5531914893617021
R0290_55038681,R0043_55037980,0.5531914893617021
R0290_55038681,R0043_55037979,0.5531914893617021
R0290_55038681,R0043_55027552,0.5531914893617021
R0290_55038681,R0043_55034879,0.5531914893617021
R0290_55038681,R0043_55032908,0.5531914893617021
R0290_55038681,R0043_55039686,0.5531914893617021
R0290_55038681,R0043_55032863,0.5531914893617021
R0290_55038681,R0043_55009127,0.5531914893617021
R0290_55038681,R0043_55036250,0.5531914893617021
R0290_55038681,R0043_55034880,0.5531914893617021
R0290_55038681,R0043_55032860,0.5531914893617021
R0290_55038681,R0043_55029506,0.5531914893617021
R0290_55038681,R0043_55031288,0.5531914893617021
R0290_55038681,R0043_55036124,0.5531914893617021
R0290_55038681,R0043_55039830,0.5531914893617021
R0290_55038681,R0043_55034325,0.5531914893617021
R0290_55038681,R0043_55039829,0.5531914893617021
R0290_55038681,R0043_55031080,0.5531914893617021
R0290_55038681,R0043_55031077,0.5531914893617021
R0290_55038681,R0043_55017366,0.5531914893617021
R0290_55038681,R0043_55034335,0.5531914893617021
R0290_55038681,R0043_55031005,0.5531914893617021
R0290_55038681,R0055_55007584,0.5319148936170213
R0290_55038681,R0055_55007583,0.5319148936170213
R0290_55038681,R0204_55005925,0.5106382978723404
R0290_55038681,R0204_55032685,0.5106382978723404
R0290_55038681,R0204_55035156,0.5106382978723404
R0290_55038681,R0204_55022352,0.5106382978723404
R0290_55038681,R0204_55004131,0.5106382978723404
R0290_55038681,R0207_55036375,0.574468085106383
R0290_55038681,R0207_55032672,0.574468085106383
R0290_55038681,R0207_55032673,0.574468085106383
R0290_55038681,R0290_55038074,1.0
R0290_55038681,R0290_55041439,1.0
R0290_55038681,R0290_55041442,1.0
R0290_55038681,R0290_55041438,1.0
R0290_55038681,R0290_55041440,1.0
R0290_55038681,R0290_55041441,1.0
R0290_55038681,R0290_55030423,1.0
R0290_55038681,R0290_55039755,1.0
R0290_55038681,R0290_55026840,1.0
R0290_55038681,R0290_55033209,1.0
R0290_55038681,R0290_55043722,1.0
R0290_55038681,R0377_55039577,0.574468085106383
R0290_55038681,R0377_55032663,0.574468085106383
R0290_55038681,R0377_55036003,0.574468085106383
R0290_55038681,R0377_55036004,0.574468085106383
R0290_55038681,R0377_55036006,0.574468085106383
R0290_55038681,R0377_55036007,0.574468085106383
R0290_55038681,R0377_55036008,0.574468085106383
R0290_55038681,R0377_55036009,0.574468085106383
R0290_55038681,R0377_55043375,0.574468085106383
R0290_55038681,R0377_55032655,0.574468085106383
R0290_55038681,R0377_55034860,0.574468085106383
R0290_55038681,R0377_55042881,0.574468085106383
R0290_55038681,R0377_55033035,0.574468085106383
R0290_55038681,R0377_55044076,0.574468085106383
R0290_55038681,R0377_55036698,0.574468085106383
R0290_55038681,R0377_55032664,0.574468085106383
R0290_55038681,R0377_55038331,0.574468085106383
R0290_55038681,R0377_55041814,0.574468085106383
R0290_55038681,R0377_55041025,0.574468085106383
R0290_55038681,R0377_55039651,0.574468085106383
R0290_55038681,R0377_55044100,0.574468085106383
R0290_55038681,R0377_55026719,0.574468085106383
R0290_55033209,R0002_55043311,0.48936170212765956
R0290_55033209,R0002_55036002,0.48936170212765956
R0290_55033209,R0002_55015378,0.48936170212765956
R0290_55033209,R0002_55032731,0.48936170212765956
R0290_55033209,R0002_55025944,0.48936170212765956
R0290_55033209,R0002_55024341,0.48936170212765956
R0290_55033209,R0002_55041509,0.48936170212765956
R0290_55033209,R0002_55036059,0.48936170212765956
R0290_55033209,R0002_55037787,0.48936170212765956
R0290_55033209,R0002_55039851,0.48936170212765956
R0290_55033209,R0002_55032782,0.48936170212765956
R0290_55033209,R0002_55036171,0.48936170212765956
R0290_55033209,R0002_55035505,0.48936170212765956
R0290_55033209,R0002_55011002,0.48936170212765956
R0290_55033209,R0002_55031467,0.48936170212765956
R0290_55033209,R0002_55028991,0.48936170212765956
R0290_55033209,R0002_55027831,0.48936170212765956
R0290_55033209,R0002_55038839,0.48936170212765956
R0290_55033209,R0002_55019960,0.48936170212765956
R0290_55033209,R0002_55033035,0.48936170212765956
R0290_55033209,R0002_55006197,0.48936170212765956
R0290_55033209,R0002_55036505,0.48936170212765956
R0290_55033209,R0002_55044076,0.48936170212765956
R0290_55033209,R0002_55036050,0.48936170212765956
R0290_55033209,R0002_55037530,0.48936170212765956
R0290_55033209,R0002_55040793,0.48936170212765956
R0290_55033209,R0002_55043136,0.48936170212765956
R0290_55033209,R0002_55014421,0.48936170212765956
R0290_55033209,R0002_55003518,0.48936170212765956
R0290_55033209,R0002_55027319,0.48936170212765956
R0290_55033209,R0002_55035727,0.48936170212765956
R0290_55033209,R0002_55032858,0.48936170212765956
R0290_55033209,R0002_55029026,0.48936170212765956
R0290_55033209,R0002_55039889,0.48936170212765956
R0290_55033209,R0002_55041025,0.48936170212765956
R0290_55033209,R0002_55041833,0.48936170212765956
R0290_55033209,R0002_55031084,0.48936170212765956
R0290_55033209,R0002_55030125,0.48936170212765956
R0290_55033209,R0002_55011220,0.48936170212765956
R0290_55033209,R0002_55043779,0.48936170212765956
R0290_55033209,R0002_55026664,0.48936170212765956
R0290_55033209,R0002_55037878,0.48936170212765956
R0290_55033209,R0002_55043901,0.48936170212765956
R0290_55033209,R0002_55037718,0.48936170212765956
R0290_55033209,R0002_55042075,0.48936170212765956
R0290_55033209,R0002_55031358,0.48936170212765956
R0290_55033209,R0002_55025080,0.48936170212765956
R0290_55033209,R0002_55037283,0.48936170212765956
R0290_55033209,R0002_55019387,0.48936170212765956
R0290_55033209,R0043_55035478,0.5531914893617021
R0290_55033209,R0043_55032756,0.5531914893617021
R0290_55033209,R0043_55039677,0.5531914893617021
R0290_55033209,R0043_55039678,0.5531914893617021
R0290_55033209,R0043_55029067,0.5531914893617021
R0290_55033209,R0043_55036252,0.5531914893617021
R0290_55033209,R0043_55034675,0.5531914893617021
R0290_55033209,R0043_55031083,0.5531914893617021
R0290_55033209,R0043_55036209,0.5531914893617021
R0290_55033209,R0043_55035181,0.5531914893617021
R0290_55033209,R0043_55032758,0.5531914893617021
R0290_55033209,R0043_55039681,0.5531914893617021
R0290_55033209,R0043_55039682,0.5531914893617021
R0290_55033209,R0043_55039683,0.5531914893617021
R0290_55033209,R0043_55039684,0.5531914893617021
R0290_55033209,R0043_55032632,0.5531914893617021
R0290_55033209,R0043_55021537,0.5531914893617021
R0290_55033209,R0043_55041926,0.5531914893617021
R0290_55033209,R0043_55029012,0.5531914893617021
R0290_55033209,R0043_55034882,0.5531914893617021
R0290_55033209,R0043_55039679,0.5531914893617021
R0290_55033209,R0043_55032862,0.5531914893617021
R0290_55033209,R0043_55032759,0.5531914893617021
R0290_55033209,R0043_55037980,0.5531914893617021
R0290_55033209,R0043_55037979,0.5531914893617021
R0290_55033209,R0043_55027552,0.5531914893617021
R0290_55033209,R0043_55034879,0.5531914893617021
R0290_55033209,R0043_55032908,0.5531914893617021
R0290_55033209,R0043_55039686,0.5531914893617021
R0290_55033209,R0043_55032863,0.5531914893617021
R0290_55033209,R0043_55009127,0.5531914893617021
R0290_55033209,R0043_55036250,0.5531914893617021
R0290_55033209,R0043_55034880,0.5531914893617021
R0290_55033209,R0043_55032860,0.5531914893617021
R0290_55033209,R0043_55029506,0.5531914893617021
R0290_55033209,R0043_55031288,0.5531914893617021
R0290_55033209,R0043_55036124,0.5531914893617021
R0290_55033209,R0043_55039830,0.5531914893617021
R0290_55033209,R0043_55034325,0.5531914893617021
R0290_55033209,R0043_55039829,0.5531914893617021
R0290_55033209,R0043_55031080,0.5531914893617021
R0290_55033209,R0043_55031077,0.5531914893617021
R0290_55033209,R0043_55017366,0.5531914893617021
R0290_55033209,R0043_55034335,0.5531914893617021
R0290_55033209,R0043_55031005,0.5531914893617021
R0290_55033209,R0055_55007584,0.5319148936170213
R0290_55033209,R0055_55007583,0.5319148936170213
R0290_55033209,R0204_55005925,0.5106382978723404
R0290_55033209,R0204_55032685,0.5106382978723404
R0290_55033209,R0204_55035156,0.5106382978723404
R0290_55033209,R0204_55022352,0.5106382978723404
R0290_55033209,R0204_55004131,0.5106382978723404
R0290_55033209,R0207_55036375,0.574468085106383
R0290_55033209,R0207_55032672,0.574468085106383
R0290_55033209,R0207_55032673,0.574468085106383
R0290_55033209,R0290_55038074,1.0
R0290_55033209,R0290_55041439,1.0
R0290_55033209,R0290_55041442,1.0
R0290_55033209,R0290_55041438,1.0
R0290_55033209,R0290_55041440,1.0
R0290_55033209,R0290_55041441,1.0
R0290_55033209,R0290_55030423,1.0
R0290_55033209,R0290_55039755,1.0
R0290_55033209,R0290_55026840,1.0
R0290_55033209,R0290_55038681,1.0
R0290_55033209,R0290_55043722,1.0
R0290_55033209,R0377_55039577,0.574468085106383
R0290_55033209,R0377_55032663,0.574468085106383
R0290_55033209,R0377_55036003,0.574468085106383
R0290_55033209,R0377_55036004,0.574468085106383
R0290_55033209,R0377_55036006,0.574468085106383
R0290_55033209,R0377_55036007,0.574468085106383
R0290_55033209,R0377_55036008,0.574468085106383
R0290_55033209,R0377_55036009,0.574468085106383
R0290_55033209,R0377_55043375,0.574468085106383
R0290_55033209,R0377_55032655,0.574468085106383
R0290_55033209,R0377_55034860,0.574468085106383
R0290_55033209,R0377_55042881,0.574468085106383
R0290_55033209,R0377_55033035,0.574468085106383
R0290_55033209,R0377_55044076,0.574468085106383
R0290_55033209,R0377_55036698,0.574468085106383
R0290_55033209,R0377_55032664,0.574468085106383
R0290_55033209,R0377_55038331,0.574468085106383
R0290_55033209,R0377_55041814,0.574468085106383
R0290_55033209,R0377_55041025,0.574468085106383
R0290_55033209,R0377_55039651,0.574468085106383
R0290_55033209,R0377_55044100,0.574468085106383
R0290_55033209,R0377_55026719,0.574468085106383
R0290_55043722,R0002_55043311,0.48936170212765956
R0290_55043722,R0002_55036002,0.48936170212765956
R0290_55043722,R0002_55015378,0.48936170212765956
R0290_55043722,R0002_55032731,0.48936170212765956
R0290_55043722,R0002_55025944,0.48936170212765956
R0290_55043722,R0002_55024341,0.48936170212765956
R0290_55043722,R0002_55041509,0.48936170212765956
R0290_55043722,R0002_55036059,0.48936170212765956
R0290_55043722,R0002_55037787,0.48936170212765956
R0290_55043722,R0002_55039851,0.48936170212765956
R0290_55043722,R0002_55032782,0.48936170212765956
R0290_55043722,R0002_55036171,0.48936170212765956
R0290_55043722,R0002_55035505,0.48936170212765956
R0290_55043722,R0002_55011002,0.48936170212765956
R0290_55043722,R0002_55031467,0.48936170212765956
R0290_55043722,R0002_55028991,0.48936170212765956
R0290_55043722,R0002_55027831,0.48936170212765956
R0290_55043722,R0002_55038839,0.48936170212765956
R0290_55043722,R0002_55019960,0.48936170212765956
R0290_55043722,R0002_55033035,0.48936170212765956
R0290_55043722,R0002_55006197,0.48936170212765956
R0290_55043722,R0002_55036505,0.48936170212765956
R0290_55043722,R0002_55044076,0.48936170212765956
R0290_55043722,R0002_55036050,0.48936170212765956
R0290_55043722,R0002_55037530,0.48936170212765956
R0290_55043722,R0002_55040793,0.48936170212765956
R0290_55043722,R0002_55043136,0.48936170212765956
R0290_55043722,R0002_55014421,0.48936170212765956
R0290_55043722,R0002_55003518,0.48936170212765956
R0290_55043722,R0002_55027319,0.48936170212765956
R0290_55043722,R0002_55035727,0.48936170212765956
R0290_55043722,R0002_55032858,0.48936170212765956
R0290_55043722,R0002_55029026,0.48936170212765956
R0290_55043722,R0002_55039889,0.48936170212765956
R0290_55043722,R0002_55041025,0.48936170212765956
R0290_55043722,R0002_55041833,0.48936170212765956
R0290_55043722,R0002_55031084,0.48936170212765956
R0290_55043722,R0002_55030125,0.48936170212765956
R0290_55043722,R0002_55011220,0.48936170212765956
R0290_55043722,R0002_55043779,0.48936170212765956
R0290_55043722,R0002_55026664,0.48936170212765956
R0290_55043722,R0002_55037878,0.48936170212765956
R0290_55043722,R0002_55043901,0.48936170212765956
R0290_55043722,R0002_55037718,0.48936170212765956
R0290_55043722,R0002_55042075,0.48936170212765956
R0290_55043722,R0002_55031358,0.48936170212765956
R0290_55043722,R0002_55025080,0.48936170212765956
R0290_55043722,R0002_55037283,0.48936170212765956
R0290_55043722,R0002_55019387,0.48936170212765956
R0290_55043722,R0043_55035478,0.5531914893617021
R0290_55043722,R0043_55032756,0.5531914893617021
R0290_55043722,R0043_55039677,0.5531914893617021
R0290_55043722,R0043_55039678,0.5531914893617021
R0290_55043722,R0043_55029067,0.5531914893617021
R0290_55043722,R0043_55036252,0.5531914893617021
R0290_55043722,R0043_55034675,0.5531914893617021
R0290_55043722,R0043_55031083,0.5531914893617021
R0290_55043722,R0043_55036209,0.5531914893617021
R0290_55043722,R0043_55035181,0.5531914893617021
R0290_55043722,R0043_55032758,0.5531914893617021
R0290_55043722,R0043_55039681,0.5531914893617021
R0290_55043722,R0043_55039682,0.5531914893617021
R0290_55043722,R0043_55039683,0.5531914893617021
R0290_55043722,R0043_55039684,0.5531914893617021
R0290_55043722,R0043_55032632,0.5531914893617021
R0290_55043722,R0043_55021537,0.5531914893617021
R0290_55043722,R0043_55041926,0.5531914893617021
R0290_55043722,R0043_55029012,0.5531914893617021
R0290_55043722,R0043_55034882,0.5531914893617021
R0290_55043722,R0043_55039679,0.5531914893617021
R0290_55043722,R0043_55032862,0.5531914893617021
R0290_55043722,R0043_55032759,0.5531914893617021
R0290_55043722,R0043_55037980,0.5531914893617021
R0290_55043722,R0043_55037979,0.5531914893617021
R0290_55043722,R0043_55027552,0.5531914893617021
R0290_55043722,R0043_55034879,0.5531914893617021
R0290_55043722,R0043_55032908,0.5531914893617021
R0290_55043722,R0043_55039686,0.5531914893617021
R0290_55043722,R0043_55032863,0.5531914893617021
R0290_55043722,R0043_55009127,0.5531914893617021
R0290_55043722,R0043_55036250,0.5531914893617021
R0290_55043722,R0043_55034880,0.5531914893617021
R0290_55043722,R0043_55032860,0.5531914893617021
R0290_55043722,R0043_55029506,0.5531914893617021
R0290_55043722,R0043_55031288,0.5531914893617021
R0290_55043722,R0043_55036124,0.5531914893617021
R0290_55043722,R0043_55039830,0.5531914893617021
R0290_55043722,R0043_55034325,0.5531914893617021
R0290_55043722,R0043_55039829,0.5531914893617021
R0290_55043722,R0043_55031080,0.5531914893617021
R0290_55043722,R0043_55031077,0.5531914893617021
R0290_55043722,R0043_55017366,0.5531914893617021
R0290_55043722,R0043_55034335,0.5531914893617021
R0290_55043722,R0043_55031005,0.5531914893617021
R0290_55043722,R0055_55007584,0.5319148936170213
R0290_55043722,R0055_55007583,0.5319148936170213
R0290_55043722,R0204_55005925,0.5106382978723404
R0290_55043722,R0204_55032685,0.5106382978723404
R0290_55043722,R0204_55035156,0.5106382978723404
R0290_55043722,R0204_55022352,0.5106382978723404
R0290_55043722,R0204_55004131,0.5106382978723404
R0290_55043722,R0207_55036375,0.574468085106383
R0290_55043722,R0207_55032672,0.574468085106383
R0290_55043722,R0207_55032673,0.574468085106383
R0290_55043722,R0290_55038074,1.0
R0290_55043722,R0290_55041439,1.0
R0290_55043722,R0290_55041442,1.0
R0290_55043722,R0290_55041438,1.0
R0290_55043722,R0290_55041440,1.0
R0290_55043722,R0290_55041441,1.0
R0290_55043722,R0290_55030423,1.0
R0290_55043722,R0290_55039755,1.0
R0290_55043722,R0290_55026840,1.0
R0290_55043722,R0290_55038681,1.0
R0290_55043722,R0290_55033209,1.0
R0290_55043722,R0377_55039577,0.574468085106383
R0290_55043722,R0377_55032663,0.574468085106383
R0290_55043722,R0377_55036003,0.574468085106383
R0290_55043722,R0377_55036004,0.574468085106383
R0290_55043722,R0377_55036006,0.574468085106383
R0290_55043722,R0377_55036007,0.574468085106383
R0290_55043722,R0377_55036008,0.574468085106383
R0290_55043722,R0377_55036009,0.574468085106383
R0290_55043722,R0377_55043375,0.574468085106383
R0290_55043722,R0377_55032655,0.574468085106383
R0290_55043722,R0377_55034860,0.574468085106383
R0290_55043722,R0377_55042881,0.574468085106383
R0290_55043722,R0377_55033035,0.574468085106383
R0290_55043722,R0377_55044076,0.574468085106383
R0290_55043722,R0377_55036698,0.574468085106383
R0290_55043722,R0377_55032664,0.574468085106383
R0290_55043722,R0377_55038331,0.574468085106383
R0290_55043722,R0377_55041814,0.574468085106383
R0290_55043722,R0377_55041025,0.574468085106383
R0290_55043722,R0377_55039651,0.574468085106383
R0290_55043722,R0377_55044100,0.574468085106383
R0290_55043722,R0377_55026719,0.574468085106383
R0377_55039577,R0002_55043311,0.45
R0377_55039577,R0002_55036002,0.45
R0377_55039577,R0002_55015378,0.45
R0377_55039577,R0002_55032731,0.45
R0377_55039577,R0002_55025944,0.45
R0377_55039577,R0002_55024341,0.45
R0377_55039577,R0002_55041509,0.45
R0377_55039577,R0002_55036059,0.45
R0377_55039577,R0002_55037787,0.45
R0377_55039577,R0002_55039851,0.45
R0377_55039577,R0002_55032782,0.45
R0377_55039577,R0002_55036171,0.45
R0377_55039577,R0002_55035505,0.45
R0377_55039577,R0002_55011002,0.45
R0377_55039577,R0002_55031467,0.45
R0377_55039577,R0002_55028991,0.45
R0377_55039577,R0002_55027831,0.45
R0377_55039577,R0002_55038839,0.45
R0377_55039577,R0002_55019960,0.45
R0377_55039577,R0002_55033035,0.45
R0377_55039577,R0002_55006197,0.45
R0377_55039577,R0002_55036505,0.45
R0377_55039577,R0002_55044076,0.45
R0377_55039577,R0002_55036050,0.45
R0377_55039577,R0002_55037530,0.45
R0377_55039577,R0002_55040793,0.45
R0377_55039577,R0002_55043136,0.45
R0377_55039577,R0002_55014421,0.45
R0377_55039577,R0002_55003518,0.45
R0377_55039577,R0002_55027319,0.45
R0377_55039577,R0002_55035727,0.45
R0377_55039577,R0002_55032858,0.45
R0377_55039577,R0002_55029026,0.45
R0377_55039577,R0002_55039889,0.45
R0377_55039577,R0002_55041025,0.45
R0377_55039577,R0002_55041833,0.45
R0377_55039577,R0002_55031084,0.45
R0377_55039577,R0002_55030125,0.45
R0377_55039577,R0002_55011220,0.45
R0377_55039577,R0002_55043779,0.45
R0377_55039577,R0002_55026664,0.45
R0377_55039577,R0002_55037878,0.45
R0377_55039577,R0002_55043901,0.45
R0377_55039577,R0002_55037718,0.45
R0377_55039577,R0002_55042075,0.45
R0377_55039577,R0002_55031358,0.45
R0377_55039577,R0002_55025080,0.45
R0377_55039577,R0002_55037283,0.45
R0377_55039577,R0002_55019387,0.45
R0377_55039577,R0043_55035478,0.45
R0377_55039577,R0043_55032756,0.45
R0377_55039577,R0043_55039677,0.45
R0377_55039577,R0043_55039678,0.45
R0377_55039577,R0043_55029067,0.45
R0377_55039577,R0043_55036252,0.45
R0377_55039577,R0043_55034675,0.45
R0377_55039577,R0043_55031083,0.45
R0377_55039577,R0043_55036209,0.45
R0377_55039577,R0043_55035181,0.45
R0377_55039577,R0043_55032758,0.45
R0377_55039577,R0043_55039681,0.45
R0377_55039577,R0043_55039682,0.45
R0377_55039577,R0043_55039683,0.45
R0377_55039577,R0043_55039684,0.45
R0377_55039577,R0043_55032632,0.45
R0377_55039577,R0043_55021537,0.45
R0377_55039577,R0043_55041926,0.45
R0377_55039577,R0043_55029012,0.45
R0377_55039577,R0043_55034882,0.45
R0377_55039577,R0043_55039679,0.45
R0377_55039577,R0043_55032862,0.45
R0377_55039577,R0043_55032759,0.45
R0377_55039577,R0043_55037980,0.45
R0377_55039577,R0043_55037979,0.45
R0377_55039577,R0043_55027552,0.45
R0377_55039577,R0043_55034879,0.45
R0377_55039577,R0043_55032908,0.45
R0377_55039577,R0043_55039686,0.45
R0377_55039577,R0043_55032863,0.45
R0377_55039577,R0043_55009127,0.45
R0377_55039577,R0043_55036250,0.45
R0377_55039577,R0043_55034880,0.45
R0377_55039577,R0043_55032860,0.45
R0377_55039577,R0043_55029506,0.45
R0377_55039577,R0043_55031288,0.45
R0377_55039577,R0043_55036124,0.45
R0377_55039577,R0043_55039830,0.45
R0377_55039577,R0043_55034325,0.45
R0377_55039577,R0043_55039829,0.45
R0377_55039577,R0043_55031080,0.45
R0377_55039577,R0043_55031077,0.45
R0377_55039577,R0043_55017366,0.45
R0377_55039577,R0043_55034335,0.45
R0377_55039577,R0043_55031005,0.45
R0377_55039577,R0055_55007584,0.45
R0377_55039577,R0055_55007583,0.45
R0377_55039577,R0204_55005925,0.4666666666666667
R0377_55039577,R0204_55032685,0.4666666666666667
R0377_55039577,R0204_55035156,0.4666666666666667
R0377_55039577,R0204_55022352,0.4666666666666667
R0377_55039577,R0204_55004131,0.4666666666666667
R0377_55039577,R0207_55036375,0.4666666666666667
R0377_55039577,R0207_55032672,0.4666666666666667
R0377_55039577,R0207_55032673,0.4666666666666667
R0377_55039577,R0290_55038074,0.45
R0377_55039577,R0290_55041439,0.45
R0377_55039577,R0290_55041442,0.45
R0377_55039577,R0290_55041438,0.45
R0377_55039577,R0290_55041440,0.45
R0377_55039577,R0290_55041441,0.45
R0377_55039577,R0290_55030423,0.45
R0377_55039577,R0290_55039755,0.45
R0377_55039577,R0290_55026840,0.45
R0377_55039577,R0290_55038681,0.45
R0377_55039577,R0290_55033209,0.45
R0377_55039577,R0290_55043722,0.45
R0377_55039577,R0377_55032663,1.0
R0377_55039577,R0377_55036003,1.0
R0377_55039577,R0377_55036004,1.0
R0377_55039577,R0377_55036006,1.0
R0377_55039577,R0377_55036007,1.0
R0377_55039577,R0377_55036008,1.0
R0377_55039577,R0377_55036009,1.0
R0377_55039577,R0377_55043375,1.0
R0377_55039577,R0377_55032655,1.0
R0377_55039577,R0377_55034860,1.0
R0377_55039577,R0377_55042881,1.0
R0377_55039577,R0377_55033035,1.0
R0377_55039577,R0377_55044076,1.0
R0377_55039577,R0377_55036698,1.0
R0377_55039577,R0377_55032664,1.0
R0377_55039577,R0377_55038331,1.0
R0377_55039577,R0377_55041814,1.0
R0377_55039577,R0377_55041025,1.0
R0377_55039577,R0377_55039651,1.0
R0377_55039577,R0377_55044100,1.0
R0377_55039577,R0377_55026719,1.0
R0377_55032663,R0002_55043311,0.45
R0377_55032663,R0002_55036002,0.45
R0377_55032663,R0002_55015378,0.45
R0377_55032663,R0002_55032731,0.45
R0377_55032663,R0002_55025944,0.45
R0377_55032663,R0002_55024341,0.45
R0377_55032663,R0002_55041509,0.45
R0377_55032663,R0002_55036059,0.45
R0377_55032663,R0002_55037787,0.45
R0377_55032663,R0002_55039851,0.45
R0377_55032663,R0002_55032782,0.45
R0377_55032663,R0002_55036171,0.45
R0377_55032663,R0002_55035505,0.45
R0377_55032663,R0002_55011002,0.45
R0377_55032663,R0002_55031467,0.45
R0377_55032663,R0002_55028991,0.45
R0377_55032663,R0002_55027831,0.45
R0377_55032663,R0002_55038839,0.45
R0377_55032663,R0002_55019960,0.45
R0377_55032663,R0002_55033035,0.45
R0377_55032663,R0002_55006197,0.45
R0377_55032663,R0002_55036505,0.45
R0377_55032663,R0002_55044076,0.45
R0377_55032663,R0002_55036050,0.45
R0377_55032663,R0002_55037530,0.45
R0377_55032663,R0002_55040793,0.45
R0377_55032663,R0002_55043136,0.45
R0377_55032663,R0002_55014421,0.45
R0377_55032663,R0002_55003518,0.45
R0377_55032663,R0002_55027319,0.45
R0377_55032663,R0002_55035727,0.45
R0377_55032663,R0002_55032858,0.45
R0377_55032663,R0002_55029026,0.45
R0377_55032663,R0002_55039889,0.45
R0377_55032663,R0002_55041025,0.45
R0377_55032663,R0002_55041833,0.45
R0377_55032663,R0002_55031084,0.45
R0377_55032663,R0002_55030125,0.45
R0377_55032663,R0002_55011220,0.45
R0377_55032663,R0002_55043779,0.45
R0377_55032663,R0002_55026664,0.45
R0377_55032663,R0002_55037878,0.45
R0377_55032663,R0002_55043901,0.45
R0377_55032663,R0002_55037718,0.45
R0377_55032663,R0002_55042075,0.45
R0377_55032663,R0002_55031358,0.45
R0377_55032663,R0002_55025080,0.45
R0377_55032663,R0002_55037283,0.45
R0377_55032663,R0002_55019387,0.45
R0377_55032663,R0043_55035478,0.45
R0377_55032663,R0043_55032756,0.45
R0377_55032663,R0043_55039677,0.45
R0377_55032663,R0043_55039678,0.45
R0377_55032663,R0043_55029067,0.45
R0377_55032663,R0043_55036252,0.45
R0377_55032663,R0043_55034675,0.45
R0377_55032663,R0043_55031083,0.45
R0377_55032663,R0043_55036209,0.45
R0377_55032663,R0043_55035181,0.45
R0377_55032663,R0043_55032758,0.45
R0377_55032663,R0043_55039681,0.45
R0377_55032663,R0043_55039682,0.45
R0377_55032663,R0043_55039683,0.45
R0377_55032663,R0043_55039684,0.45
R0377_55032663,R0043_55032632,0.45
R0377_55032663,R0043_55021537,0.45
R0377_55032663,R0043_55041926,0.45
R0377_55032663,R0043_55029012,0.45
R0377_55032663,R0043_55034882,0.45
R0377_55032663,R0043_55039679,0.45
R0377_55032663,R0043_55032862,0.45
R0377_55032663,R0043_55032759,0.45
R0377_55032663,R0043_55037980,0.45
R0377_55032663,R0043_55037979,0.45
R0377_55032663,R0043_55027552,0.45
R0377_55032663,R0043_55034879,0.45
R0377_55032663,R0043_55032908,0.45
R0377_55032663,R0043_55039686,0.45
R0377_55032663,R0043_55032863,0.45
R0377_55032663,R0043_55009127,0.45
R0377_55032663,R0043_55036250,0.45
R0377_55032663,R0043_55034880,0.45
R0377_55032663,R0043_55032860,0.45
R0377_55032663,R0043_55029506,0.45
R0377_55032663,R0043_55031288,0.45
R0377_55032663,R0043_55036124,0.45
R0377_55032663,R0043_55039830,0.45
R0377_55032663,R0043_55034325,0.45
R0377_55032663,R0043_55039829,0.45
R0377_55032663,R0043_55031080,0.45
R0377_55032663,R0043_55031077,0.45
R0377_55032663,R0043_55017366,0.45
R0377_55032663,R0043_55034335,0.45
R0377_55032663,R0043_55031005,0.45
R0377_55032663,R0055_55007584,0.45
R0377_55032663,R0055_55007583,0.45
R0377_55032663,R0204_55005925,0.4666666666666667
R0377_55032663,R0204_55032685,0.4666666666666667
R0377_55032663,R0204_55035156,0.4666666666666667
R0377_55032663,R0204_55022352,0.4666666666666667
R0377_55032663,R0204_55004131,0.4666666666666667
R0377_55032663,R0207_55036375,0.4666666666666667
R0377_55032663,R0207_55032672,0.4666666666666667
R0377_55032663,R0207_55032673,0.4666666666666667
R0377_55032663,R0290_55038074,0.45
R0377_55032663,R0290_55041439,0.45
R0377_55032663,R0290_55041442,0.45
R0377_55032663,R0290_55041438,0.45
R0377_55032663,R0290_55041440,0.45
R0377_55032663,R0290_55041441,0.45
R0377_55032663,R0290_55030423,0.45
R0377_55032663,R0290_55039755,0.45
R0377_55032663,R0290_55026840,0.45
R0377_55032663,R0290_55038681,0.45
R0377_55032663,R0290_55033209,0.45
R0377_55032663,R0290_55043722,0.45
R0377_55032663,R0377_55039577,1.0
R0377_55032663,R0377_55036003,1.0
R0377_55032663,R0377_55036004,1.0
R0377_55032663,R0377_55036006,1.0
R0377_55032663,R0377_55036007,1.0
R0377_55032663,R0377_55036008,1.0
R0377_55032663,R0377_55036009,1.0
R0377_55032663,R0377_55043375,1.0
R0377_55032663,R0377_55032655,1.0
R0377_55032663,R0377_55034860,1.0
R0377_55032663,R0377_55042881,1.0
R0377_55032663,R0377_55033035,1.0
R0377_55032663,R0377_55044076,1.0
R0377_55032663,R0377_55036698,1.0
R0377_55032663,R0377_55032664,1.0
R0377_55032663,R0377_55038331,1.0
R0377_55032663,R0377_55041814,1.0
R0377_55032663,R0377_55041025,1.0
R0377_55032663,R0377_55039651,1.0
R0377_55032663,R0377_55044100,1.0
R0377_55032663,R0377_55026719,1.0
R0377_55036003,R0002_55043311,0.45
R0377_55036003,R0002_55036002,0.45
R0377_55036003,R0002_55015378,0.45
R0377_55036003,R0002_55032731,0.45
R0377_55036003,R0002_55025944,0.45
R0377_55036003,R0002_55024341,0.45
R0377_55036003,R0002_55041509,0.45
R0377_55036003,R0002_55036059,0.45
R0377_55036003,R0002_55037787,0.45
R0377_55036003,R0002_55039851,0.45
R0377_55036003,R0002_55032782,0.45
R0377_55036003,R0002_55036171,0.45
R0377_55036003,R0002_55035505,0.45
R0377_55036003,R0002_55011002,0.45
R0377_55036003,R0002_55031467,0.45
R0377_55036003,R0002_55028991,0.45
R0377_55036003,R0002_55027831,0.45
R0377_55036003,R0002_55038839,0.45
R0377_55036003,R0002_55019960,0.45
R0377_55036003,R0002_55033035,0.45
R0377_55036003,R0002_55006197,0.45
R0377_55036003,R0002_55036505,0.45
R0377_55036003,R0002_55044076,0.45
R0377_55036003,R0002_55036050,0.45
R0377_55036003,R0002_55037530,0.45
R0377_55036003,R0002_55040793,0.45
R0377_55036003,R0002_55043136,0.45
R0377_55036003,R0002_55014421,0.45
R0377_55036003,R0002_55003518,0.45
R0377_55036003,R0002_55027319,0.45
R0377_55036003,R0002_55035727,0.45
R0377_55036003,R0002_55032858,0.45
R0377_55036003,R0002_55029026,0.45
R0377_55036003,R0002_55039889,0.45
R0377_55036003,R0002_55041025,0.45
R0377_55036003,R0002_55041833,0.45
R0377_55036003,R0002_55031084,0.45
R0377_55036003,R0002_55030125,0.45
R0377_55036003,R0002_55011220,0.45
R0377_55036003,R0002_55043779,0.45
R0377_55036003,R0002_55026664,0.45
R0377_55036003,R0002_55037878,0.45
R0377_55036003,R0002_55043901,0.45
R0377_55036003,R0002_55037718,0.45
R0377_55036003,R0002_55042075,0.45
R0377_55036003,R0002_55031358,0.45
R0377_55036003,R0002_55025080,0.45
R0377_55036003,R0002_55037283,0.45
R0377_55036003,R0002_55019387,0.45
R0377_55036003,R0043_55035478,0.45
R0377_55036003,R0043_55032756,0.45
R0377_55036003,R0043_55039677,0.45
R0377_55036003,R0043_55039678,0.45
R0377_55036003,R0043_55029067,0.45
R0377_55036003,R0043_55036252,0.45
R0377_55036003,R0043_55034675,0.45
R0377_55036003,R0043_55031083,0.45
R0377_55036003,R0043_55036209,0.45
R0377_55036003,R0043_55035181,0.45
R0377_55036003,R0043_55032758,0.45
R0377_55036003,R0043_55039681,0.45
R0377_55036003,R0043_55039682,0.45
R0377_55036003,R0043_55039683,0.45
R0377_55036003,R0043_55039684,0.45
R0377_55036003,R0043_55032632,0.45
R0377_55036003,R0043_55021537,0.45
R0377_55036003,R0043_55041926,0.45
R0377_55036003,R0043_55029012,0.45
R0377_55036003,R0043_55034882,0.45
R0377_55036003,R0043_55039679,0.45
R0377_55036003,R0043_55032862,0.45
R0377_55036003,R0043_55032759,0.45
R0377_55036003,R0043_55037980,0.45
R0377_55036003,R0043_55037979,0.45
R0377_55036003,R0043_55027552,0.45
R0377_55036003,R0043_55034879,0.45
R0377_55036003,R0043_55032908,0.45
R0377_55036003,R0043_55039686,0.45
R0377_55036003,R0043_55032863,0.45
R0377_55036003,R0043_55009127,0.45
R0377_55036003,R0043_55036250,0.45
R0377_55036003,R0043_55034880,0.45
R0377_55036003,R0043_55032860,0.45
R0377_55036003,R0043_55029506,0.45
R0377_55036003,R0043_55031288,0.45
R0377_55036003,R0043_55036124,0.45
R0377_55036003,R0043_55039830,0.45
R0377_55036003,R0043_55034325,0.45
R0377_55036003,R0043_55039829,0.45
R0377_55036003,R0043_55031080,0.45
R0377_55036003,R0043_55031077,0.45
R0377_55036003,R0043_55017366,0.45
R0377_55036003,R0043_55034335,0.45
R0377_55036003,R0043_55031005,0.45
R0377_55036003,R0055_55007584,0.45
R0377_55036003,R0055_55007583,0.45
R0377_55036003,R0204_55005925,0.4666666666666667
R0377_55036003,R0204_55032685,0.4666666666666667
R0377_55036003,R0204_55035156,0.4666666666666667
R0377_55036003,R0204_55022352,0.4666666666666667
R0377_55036003,R0204_55004131,0.4666666666666667
R0377_55036003,R0207_55036375,0.4666666666666667
R0377_55036003,R0207_55032672,0.4666666666666667
R0377_55036003,R0207_55032673,0.4666666666666667
R0377_55036003,R0290_55038074,0.45
R0377_55036003,R0290_55041439,0.45
R0377_55036003,R0290_55041442,0.45
R0377_55036003,R0290_55041438,0.45
R0377_55036003,R0290_55041440,0.45
R0377_55036003,R0290_55041441,0.45
R0377_55036003,R0290_55030423,0.45
R0377_55036003,R0290_55039755,0.45
R0377_55036003,R0290_55026840,0.45
R0377_55036003,R0290_55038681,0.45
R0377_55036003,R0290_55033209,0.45
R0377_55036003,R0290_55043722,0.45
R0377_55036003,R0377_55039577,1.0
R0377_55036003,R0377_55032663,1.0
R0377_55036003,R0377_55036004,1.0
R0377_55036003,R0377_55036006,1.0
R0377_55036003,R0377_55036007,1.0
R0377_55036003,R0377_55036008,1.0
R0377_55036003,R0377_55036009,1.0
R0377_55036003,R0377_55043375,1.0
R0377_55036003,R0377_55032655,1.0
R0377_55036003,R0377_55034860,1.0
R0377_55036003,R0377_55042881,1.0
R0377_55036003,R0377_55033035,1.0
R0377_55036003,R0377_55044076,1.0
R0377_55036003,R0377_55036698,1.0
R0377_55036003,R0377_55032664,1.0
R0377_55036003,R0377_55038331,1.0
R0377_55036003,R0377_55041814,1.0
R0377_55036003,R0377_55041025,1.0
R0377_55036003,R0377_55039651,1.0
R0377_55036003,R0377_55044100,1.0
R0377_55036003,R0377_55026719,1.0
R0377_55036004,R0002_55043311,0.45
R0377_55036004,R0002_55036002,0.45
R0377_55036004,R0002_55015378,0.45
R0377_55036004,R0002_55032731,0.45
R0377_55036004,R0002_55025944,0.45
R0377_55036004,R0002_55024341,0.45
R0377_55036004,R0002_55041509,0.45
R0377_55036004,R0002_55036059,0.45
R0377_55036004,R0002_55037787,0.45
R0377_55036004,R0002_55039851,0.45
R0377_55036004,R0002_55032782,0.45
R0377_55036004,R0002_55036171,0.45
R0377_55036004,R0002_55035505,0.45
R0377_55036004,R0002_55011002,0.45
R0377_55036004,R0002_55031467,0.45
R0377_55036004,R0002_55028991,0.45
R0377_55036004,R0002_55027831,0.45
R0377_55036004,R0002_55038839,0.45
R0377_55036004,R0002_55019960,0.45
R0377_55036004,R0002_55033035,0.45
R0377_55036004,R0002_55006197,0.45
R0377_55036004,R0002_55036505,0.45
R0377_55036004,R0002_55044076,0.45
R0377_55036004,R0002_55036050,0.45
R0377_55036004,R0002_55037530,0.45
R0377_55036004,R0002_55040793,0.45
R0377_55036004,R0002_55043136,0.45
R0377_55036004,R0002_55014421,0.45
R0377_55036004,R0002_55003518,0.45
R0377_55036004,R0002_55027319,0.45
R0377_55036004,R0002_55035727,0.45
R0377_55036004,R0002_55032858,0.45
R0377_55036004,R0002_55029026,0.45
R0377_55036004,R0002_55039889,0.45
R0377_55036004,R0002_55041025,0.45
R0377_55036004,R0002_55041833,0.45
R0377_55036004,R0002_55031084,0.45
R0377_55036004,R0002_55030125,0.45
R0377_55036004,R0002_55011220,0.45
R0377_55036004,R0002_55043779,0.45
R0377_55036004,R0002_55026664,0.45
R0377_55036004,R0002_55037878,0.45
R0377_55036004,R0002_55043901,0.45
R0377_55036004,R0002_55037718,0.45
R0377_55036004,R0002_55042075,0.45
R0377_55036004,R0002_55031358,0.45
R0377_55036004,R0002_55025080,0.45
R0377_55036004,R0002_55037283,0.45
R0377_55036004,R0002_55019387,0.45
R0377_55036004,R0043_55035478,0.45
R0377_55036004,R0043_55032756,0.45
R0377_55036004,R0043_55039677,0.45
R0377_55036004,R0043_55039678,0.45
R0377_55036004,R0043_55029067,0.45
R0377_55036004,R0043_55036252,0.45
R0377_55036004,R0043_55034675,0.45
R0377_55036004,R0043_55031083,0.45
R0377_55036004,R0043_55036209,0.45
R0377_55036004,R0043_55035181,0.45
R0377_55036004,R0043_55032758,0.45
R0377_55036004,R0043_55039681,0.45
R0377_55036004,R0043_55039682,0.45
R0377_55036004,R0043_55039683,0.45
R0377_55036004,R0043_55039684,0.45
R0377_55036004,R0043_55032632,0.45
R0377_55036004,R0043_55021537,0.45
R0377_55036004,R0043_55041926,0.45
R0377_55036004,R0043_55029012,0.45
R0377_55036004,R0043_55034882,0.45
R0377_55036004,R0043_55039679,0.45
R0377_55036004,R0043_55032862,0.45
R0377_55036004,R0043_55032759,0.45
R0377_55036004,R0043_55037980,0.45
R0377_55036004,R0043_55037979,0.45
R0377_55036004,R0043_55027552,0.45
R0377_55036004,R0043_55034879,0.45
R0377_55036004,R0043_55032908,0.45
R0377_55036004,R0043_55039686,0.45
R0377_55036004,R0043_55032863,0.45
R0377_55036004,R0043_55009127,0.45
R0377_55036004,R0043_55036250,0.45
R0377_55036004,R0043_55034880,0.45
R0377_55036004,R0043_55032860,0.45
R0377_55036004,R0043_55029506,0.45
R0377_55036004,R0043_55031288,0.45
R0377_55036004,R0043_55036124,0.45
R0377_55036004,R0043_55039830,0.45
R0377_55036004,R0043_55034325,0.45
R0377_55036004,R0043_55039829,0.45
R0377_55036004,R0043_55031080,0.45
R0377_55036004,R0043_55031077,0.45
R0377_55036004,R0043_55017366,0.45
R0377_55036004,R0043_55034335,0.45
R0377_55036004,R0043_55031005,0.45
R0377_55036004,R0055_55007584,0.45
R0377_55036004,R0055_55007583,0.45
R0377_55036004,R0204_55005925,0.4666666666666667
R0377_55036004,R0204_55032685,0.4666666666666667
R0377_55036004,R0204_55035156,0.4666666666666667
R0377_55036004,R0204_55022352,0.4666666666666667
R0377_55036004,R0204_55004131,0.4666666666666667
R0377_55036004,R0207_55036375,0.4666666666666667
R0377_55036004,R0207_55032672,0.4666666666666667
R0377_55036004,R0207_55032673,0.4666666666666667
R0377_55036004,R0290_55038074,0.45
R0377_55036004,R0290_55041439,0.45
R0377_55036004,R0290_55041442,0.45
R0377_55036004,R0290_55041438,0.45
R0377_55036004,R0290_55041440,0.45
R0377_55036004,R0290_55041441,0.45
R0377_55036004,R0290_55030423,0.45
R0377_55036004,R0290_55039755,0.45
R0377_55036004,R0290_55026840,0.45
R0377_55036004,R0290_55038681,0.45
R0377_55036004,R0290_55033209,0.45
R0377_55036004,R0290_55043722,0.45
R0377_55036004,R0377_55039577,1.0
R0377_55036004,R0377_55032663,1.0
R0377_55036004,R0377_55036003,1.0
R0377_55036004,R0377_55036006,1.0
R0377_55036004,R0377_55036007,1.0
R0377_55036004,R0377_55036008,1.0
R0377_55036004,R0377_55036009,1.0
R0377_55036004,R0377_55043375,1.0
R0377_55036004,R0377_55032655,1.0
R0377_55036004,R0377_55034860,1.0
R0377_55036004,R0377_55042881,1.0
R0377_55036004,R0377_55033035,1.0
R0377_55036004,R0377_55044076,1.0
R0377_55036004,R0377_55036698,1.0
R0377_55036004,R0377_55032664,1.0
R0377_55036004,R0377_55038331,1.0
R0377_55036004,R0377_55041814,1.0
R0377_55036004,R0377_55041025,1.0
R0377_55036004,R0377_55039651,1.0
R0377_55036004,R0377_55044100,1.0
R0377_55036004,R0377_55026719,1.0
R0377_55036006,R0002_55043311,0.45
R0377_55036006,R0002_55036002,0.45
R0377_55036006,R0002_55015378,0.45
R0377_55036006,R0002_55032731,0.45
R0377_55036006,R0002_55025944,0.45
R0377_55036006,R0002_55024341,0.45
R0377_55036006,R0002_55041509,0.45
R0377_55036006,R0002_55036059,0.45
R0377_55036006,R0002_55037787,0.45
R0377_55036006,R0002_55039851,0.45
R0377_55036006,R0002_55032782,0.45
R0377_55036006,R0002_55036171,0.45
R0377_55036006,R0002_55035505,0.45
R0377_55036006,R0002_55011002,0.45
R0377_55036006,R0002_55031467,0.45
R0377_55036006,R0002_55028991,0.45
R0377_55036006,R0002_55027831,0.45
R0377_55036006,R0002_55038839,0.45
R0377_55036006,R0002_55019960,0.45
R0377_55036006,R0002_55033035,0.45
R0377_55036006,R0002_55006197,0.45
R0377_55036006,R0002_55036505,0.45
R0377_55036006,R0002_55044076,0.45
R0377_55036006,R0002_55036050,0.45
R0377_55036006,R0002_55037530,0.45
R0377_55036006,R0002_55040793,0.45
R0377_55036006,R0002_55043136,0.45
R0377_55036006,R0002_55014421,0.45
R0377_55036006,R0002_55003518,0.45
R0377_55036006,R0002_55027319,0.45
R0377_55036006,R0002_55035727,0.45
R0377_55036006,R0002_55032858,0.45
R0377_55036006,R0002_55029026,0.45
R0377_55036006,R0002_55039889,0.45
R0377_55036006,R0002_55041025,0.45
R0377_55036006,R0002_55041833,0.45
R0377_55036006,R0002_55031084,0.45
R0377_55036006,R0002_55030125,0.45
R0377_55036006,R0002_55011220,0.45
R0377_55036006,R0002_55043779,0.45
R0377_55036006,R0002_55026664,0.45
R0377_55036006,R0002_55037878,0.45
R0377_55036006,R0002_55043901,0.45
R0377_55036006,R0002_55037718,0.45
R0377_55036006,R0002_55042075,0.45
R0377_55036006,R0002_55031358,0.45
R0377_55036006,R0002_55025080,0.45
R0377_55036006,R0002_55037283,0.45
R0377_55036006,R0002_55019387,0.45
R0377_55036006,R0043_55035478,0.45
R0377_55036006,R0043_55032756,0.45
R0377_55036006,R0043_55039677,0.45
R0377_55036006,R0043_55039678,0.45
R0377_55036006,R0043_55029067,0.45
R0377_55036006,R0043_55036252,0.45
R0377_55036006,R0043_55034675,0.45
R0377_55036006,R0043_55031083,0.45
R0377_55036006,R0043_55036209,0.45
R0377_55036006,R0043_55035181,0.45
R0377_55036006,R0043_55032758,0.45
R0377_55036006,R0043_55039681,0.45
R0377_55036006,R0043_55039682,0.45
R0377_55036006,R0043_55039683,0.45
R0377_55036006,R0043_55039684,0.45
R0377_55036006,R0043_55032632,0.45
R0377_55036006,R0043_55021537,0.45
R0377_55036006,R0043_55041926,0.45
R0377_55036006,R0043_55029012,0.45
R0377_55036006,R0043_55034882,0.45
R0377_55036006,R0043_55039679,0.45
R0377_55036006,R0043_55032862,0.45
R0377_55036006,R0043_55032759,0.45
R0377_55036006,R0043_55037980,0.45
R0377_55036006,R0043_55037979,0.45
R0377_55036006,R0043_55027552,0.45
R0377_55036006,R0043_55034879,0.45
R0377_55036006,R0043_55032908,0.45
R0377_55036006,R0043_55039686,0.45
R0377_55036006,R0043_55032863,0.45
R0377_55036006,R0043_55009127,0.45
R0377_55036006,R0043_55036250,0.45
R0377_55036006,R0043_55034880,0.45
R0377_55036006,R0043_55032860,0.45
R0377_55036006,R0043_55029506,0.45
R0377_55036006,R0043_55031288,0.45
R0377_55036006,R0043_55036124,0.45
R0377_55036006,R0043_55039830,0.45
R0377_55036006,R0043_55034325,0.45
R0377_55036006,R0043_55039829,0.45
R0377_55036006,R0043_55031080,0.45
R0377_55036006,R0043_55031077,0.45
R0377_55036006,R0043_55017366,0.45
R0377_55036006,R0043_55034335,0.45
R0377_55036006,R0043_55031005,0.45
R0377_55036006,R0055_55007584,0.45
R0377_55036006,R0055_55007583,0.45
R0377_55036006,R0204_55005925,0.4666666666666667
R0377_55036006,R0204_55032685,0.4666666666666667
R0377_55036006,R0204_55035156,0.4666666666666667
R0377_55036006,R0204_55022352,0.4666666666666667
R0377_55036006,R0204_55004131,0.4666666666666667
R0377_55036006,R0207_55036375,0.4666666666666667
R0377_55036006,R0207_55032672,0.4666666666666667
R0377_55036006,R0207_55032673,0.4666666666666667
R0377_55036006,R0290_55038074,0.45
R0377_55036006,R0290_55041439,0.45
R0377_55036006,R0290_55041442,0.45
R0377_55036006,R0290_55041438,0.45
R0377_55036006,R0290_55041440,0.45
R0377_55036006,R0290_55041441,0.45
R0377_55036006,R0290_55030423,0.45
R0377_55036006,R0290_55039755,0.45
R0377_55036006,R0290_55026840,0.45
R0377_55036006,R0290_55038681,0.45
R0377_55036006,R0290_55033209,0.45
R0377_55036006,R0290_55043722,0.45
R0377_55036006,R0377_55039577,1.0
R0377_55036006,R0377_55032663,1.0
R0377_55036006,R0377_55036003,1.0
R0377_55036006,R0377_55036004,1.0
R0377_55036006,R0377_55036007,1.0
R0377_55036006,R0377_55036008,1.0
R0377_55036006,R0377_55036009,1.0
R0377_55036006,R0377_55043375,1.0
R0377_55036006,R0377_55032655,1.0
R0377_55036006,R0377_55034860,1.0
R0377_55036006,R0377_55042881,1.0
R0377_55036006,R0377_55033035,1.0
R0377_55036006,R0377_55044076,1.0
R0377_55036006,R0377_55036698,1.0
R0377_55036006,R0377_55032664,1.0
R0377_55036006,R0377_55038331,1.0
R0377_55036006,R0377_55041814,1.0
R0377_55036006,R0377_55041025,1.0
R0377_55036006,R0377_55039651,1.0
R0377_55036006,R0377_55044100,1.0
R0377_55036006,R0377_55026719,1.0
R0377_55036007,R0002_55043311,0.45
R0377_55036007,R0002_55036002,0.45
R0377_55036007,R0002_55015378,0.45
R0377_55036007,R0002_55032731,0.45
R0377_55036007,R0002_55025944,0.45
R0377_55036007,R0002_55024341,0.45
R0377_55036007,R0002_55041509,0.45
R0377_55036007,R0002_55036059,0.45
R0377_55036007,R0002_55037787,0.45
R0377_55036007,R0002_55039851,0.45
R0377_55036007,R0002_55032782,0.45
R0377_55036007,R0002_55036171,0.45
R0377_55036007,R0002_55035505,0.45
R0377_55036007,R0002_55011002,0.45
R0377_55036007,R0002_55031467,0.45
R0377_55036007,R0002_55028991,0.45
R0377_55036007,R0002_55027831,0.45
R0377_55036007,R0002_55038839,0.45
R0377_55036007,R0002_55019960,0.45
R0377_55036007,R0002_55033035,0.45
R0377_55036007,R0002_55006197,0.45
R0377_55036007,R0002_55036505,0.45
R0377_55036007,R0002_55044076,0.45
R0377_55036007,R0002_55036050,0.45
R0377_55036007,R0002_55037530,0.45
R0377_55036007,R0002_55040793,0.45
R0377_55036007,R0002_55043136,0.45
R0377_55036007,R0002_55014421,0.45
R0377_55036007,R0002_55003518,0.45
R0377_55036007,R0002_55027319,0.45
R0377_55036007,R0002_55035727,0.45
R0377_55036007,R0002_55032858,0.45
R0377_55036007,R0002_55029026,0.45
R0377_55036007,R0002_55039889,0.45
R0377_55036007,R0002_55041025,0.45
R0377_55036007,R0002_55041833,0.45
R0377_55036007,R0002_55031084,0.45
R0377_55036007,R0002_55030125,0.45
R0377_55036007,R0002_55011220,0.45
R0377_55036007,R0002_55043779,0.45
R0377_55036007,R0002_55026664,0.45
R0377_55036007,R0002_55037878,0.45
R0377_55036007,R0002_55043901,0.45
R0377_55036007,R0002_55037718,0.45
R0377_55036007,R0002_55042075,0.45
R0377_55036007,R0002_55031358,0.45
R0377_55036007,R0002_55025080,0.45
R0377_55036007,R0002_55037283,0.45
R0377_55036007,R0002_55019387,0.45
R0377_55036007,R0043_55035478,0.45
R0377_55036007,R0043_55032756,0.45
R0377_55036007,R0043_55039677,0.45
R0377_55036007,R0043_55039678,0.45
R0377_55036007,R0043_55029067,0.45
R0377_55036007,R0043_55036252,0.45
R0377_55036007,R0043_55034675,0.45
R0377_55036007,R0043_55031083,0.45
R0377_55036007,R0043_55036209,0.45
R0377_55036007,R0043_55035181,0.45
R0377_55036007,R0043_55032758,0.45
R0377_55036007,R0043_55039681,0.45
R0377_55036007,R0043_55039682,0.45
R0377_55036007,R0043_55039683,0.45
R0377_55036007,R0043_55039684,0.45
R0377_55036007,R0043_55032632,0.45
R0377_55036007,R0043_55021537,0.45
R0377_55036007,R0043_55041926,0.45
R0377_55036007,R0043_55029012,0.45
R0377_55036007,R0043_55034882,0.45
R0377_55036007,R0043_55039679,0.45
R0377_55036007,R0043_55032862,0.45
R0377_55036007,R0043_55032759,0.45
R0377_55036007,R0043_55037980,0.45
R0377_55036007,R0043_55037979,0.45
R0377_55036007,R0043_55027552,0.45
R0377_55036007,R0043_55034879,0.45
R0377_55036007,R0043_55032908,0.45
R0377_55036007,R0043_55039686,0.45
R0377_55036007,R0043_55032863,0.45
R0377_55036007,R0043_55009127,0.45
R0377_55036007,R0043_55036250,0.45
R0377_55036007,R0043_55034880,0.45
R0377_55036007,R0043_55032860,0.45
R0377_55036007,R0043_55029506,0.45
R0377_55036007,R0043_55031288,0.45
R0377_55036007,R0043_55036124,0.45
R0377_55036007,R0043_55039830,0.45
R0377_55036007,R0043_55034325,0.45
R0377_55036007,R0043_55039829,0.45
R0377_55036007,R0043_55031080,0.45
R0377_55036007,R0043_55031077,0.45
R0377_55036007,R0043_55017366,0.45
R0377_55036007,R0043_55034335,0.45
R0377_55036007,R0043_55031005,0.45
R0377_55036007,R0055_55007584,0.45
R0377_55036007,R0055_55007583,0.45
R0377_55036007,R0204_55005925,0.4666666666666667
R0377_55036007,R0204_55032685,0.4666666666666667
R0377_55036007,R0204_55035156,0.4666666666666667
R0377_55036007,R0204_55022352,0.4666666666666667
R0377_55036007,R0204_55004131,0.4666666666666667
R0377_55036007,R0207_55036375,0.4666666666666667
R0377_55036007,R0207_55032672,0.4666666666666667
R0377_55036007,R0207_55032673,0.4666666666666667
R0377_55036007,R0290_55038074,0.45
R0377_55036007,R0290_55041439,0.45
R0377_55036007,R0290_55041442,0.45
R0377_55036007,R0290_55041438,0.45
R0377_55036007,R0290_55041440,0.45
R0377_55036007,R0290_55041441,0.45
R0377_55036007,R0290_55030423,0.45
R0377_55036007,R0290_55039755,0.45
R0377_55036007,R0290_55026840,0.45
R0377_55036007,R0290_55038681,0.45
R0377_55036007,R0290_55033209,0.45
R0377_55036007,R0290_55043722,0.45
R0377_55036007,R0377_55039577,1.0
R0377_55036007,R0377_55032663,1.0
R0377_55036007,R0377_55036003,1.0
R0377_55036007,R0377_55036004,1.0
R0377_55036007,R0377_55036006,1.0
R0377_55036007,R0377_55036008,1.0
R0377_55036007,R0377_55036009,1.0
R0377_55036007,R0377_55043375,1.0
R0377_55036007,R0377_55032655,1.0
R0377_55036007,R0377_55034860,1.0
R0377_55036007,R0377_55042881,1.0
R0377_55036007,R0377_55033035,1.0
R0377_55036007,R0377_55044076,1.0
R0377_55036007,R0377_55036698,1.0
R0377_55036007,R0377_55032664,1.0
R0377_55036007,R0377_55038331,1.0
R0377_55036007,R0377_55041814,1.0
R0377_55036007,R0377_55041025,1.0
R0377_55036007,R0377_55039651,1.0
R0377_55036007,R0377_55044100,1.0
R0377_55036007,R0377_55026719,1.0
R0377_55036008,R0002_55043311,0.45
R0377_55036008,R0002_55036002,0.45
R0377_55036008,R0002_55015378,0.45
R0377_55036008,R0002_55032731,0.45
R0377_55036008,R0002_55025944,0.45
R0377_55036008,R0002_55024341,0.45
R0377_55036008,R0002_55041509,0.45
R0377_55036008,R0002_55036059,0.45
R0377_55036008,R0002_55037787,0.45
R0377_55036008,R0002_55039851,0.45
R0377_55036008,R0002_55032782,0.45
R0377_55036008,R0002_55036171,0.45
R0377_55036008,R0002_55035505,0.45
R0377_55036008,R0002_55011002,0.45
R0377_55036008,R0002_55031467,0.45
R0377_55036008,R0002_55028991,0.45
R0377_55036008,R0002_55027831,0.45
R0377_55036008,R0002_55038839,0.45
R0377_55036008,R0002_55019960,0.45
R0377_55036008,R0002_55033035,0.45
R0377_55036008,R0002_55006197,0.45
R0377_55036008,R0002_55036505,0.45
R0377_55036008,R0002_55044076,0.45
R0377_55036008,R0002_55036050,0.45
R0377_55036008,R0002_55037530,0.45
R0377_55036008,R0002_55040793,0.45
R0377_55036008,R0002_55043136,0.45
R0377_55036008,R0002_55014421,0.45
R0377_55036008,R0002_55003518,0.45
R0377_55036008,R0002_55027319,0.45
R0377_55036008,R0002_55035727,0.45
R0377_55036008,R0002_55032858,0.45
R0377_55036008,R0002_55029026,0.45
R0377_55036008,R0002_55039889,0.45
R0377_55036008,R0002_55041025,0.45
R0377_55036008,R0002_55041833,0.45
R0377_55036008,R0002_55031084,0.45
R0377_55036008,R0002_55030125,0.45
R0377_55036008,R0002_55011220,0.45
R0377_55036008,R0002_55043779,0.45
R0377_55036008,R0002_55026664,0.45
R0377_55036008,R0002_55037878,0.45
R0377_55036008,R0002_55043901,0.45
R0377_55036008,R0002_55037718,0.45
R0377_55036008,R0002_55042075,0.45
R0377_55036008,R0002_55031358,0.45
R0377_55036008,R0002_55025080,0.45
R0377_55036008,R0002_55037283,0.45
R0377_55036008,R0002_55019387,0.45
R0377_55036008,R0043_55035478,0.45
R0377_55036008,R0043_55032756,0.45
R0377_55036008,R0043_55039677,0.45
R0377_55036008,R0043_55039678,0.45
R0377_55036008,R0043_55029067,0.45
R0377_55036008,R0043_55036252,0.45
R0377_55036008,R0043_55034675,0.45
R0377_55036008,R0043_55031083,0.45
R0377_55036008,R0043_55036209,0.45
R0377_55036008,R0043_55035181,0.45
R0377_55036008,R0043_55032758,0.45
R0377_55036008,R0043_55039681,0.45
R0377_55036008,R0043_55039682,0.45
R0377_55036008,R0043_55039683,0.45
R0377_55036008,R0043_55039684,0.45
R0377_55036008,R0043_55032632,0.45
R0377_55036008,R0043_55021537,0.45
R0377_55036008,R0043_55041926,0.45
R0377_55036008,R0043_55029012,0.45
R0377_55036008,R0043_55034882,0.45
R0377_55036008,R0043_55039679,0.45
R0377_55036008,R0043_55032862,0.45
R0377_55036008,R0043_55032759,0.45
R0377_55036008,R0043_55037980,0.45
R0377_55036008,R0043_55037979,0.45
R0377_55036008,R0043_55027552,0.45
R0377_55036008,R0043_55034879,0.45
R0377_55036008,R0043_55032908,0.45
R0377_55036008,R0043_55039686,0.45
R0377_55036008,R0043_55032863,0.45
R0377_55036008,R0043_55009127,0.45
R0377_55036008,R0043_55036250,0.45
R0377_55036008,R0043_55034880,0.45
R0377_55036008,R0043_55032860,0.45
R0377_55036008,R0043_55029506,0.45
R0377_55036008,R0043_55031288,0.45
R0377_55036008,R0043_55036124,0.45
R0377_55036008,R0043_55039830,0.45
R0377_55036008,R0043_55034325,0.45
R0377_55036008,R0043_55039829,0.45
R0377_55036008,R0043_55031080,0.45
R0377_55036008,R0043_55031077,0.45
R0377_55036008,R0043_55017366,0.45
R0377_55036008,R0043_55034335,0.45
R0377_55036008,R0043_55031005,0.45
R0377_55036008,R0055_55007584,0.45
R0377_55036008,R0055_55007583,0.45
R0377_55036008,R0204_55005925,0.4666666666666667
R0377_55036008,R0204_55032685,0.4666666666666667
R0377_55036008,R0204_55035156,0.4666666666666667
R0377_55036008,R0204_55022352,0.4666666666666667
R0377_55036008,R0204_55004131,0.4666666666666667
R0377_55036008,R0207_55036375,0.4666666666666667
R0377_55036008,R0207_55032672,0.4666666666666667
R0377_55036008,R0207_55032673,0.4666666666666667
R0377_55036008,R0290_55038074,0.45
R0377_55036008,R0290_55041439,0.45
R0377_55036008,R0290_55041442,0.45
R0377_55036008,R0290_55041438,0.45
R0377_55036008,R0290_55041440,0.45
R0377_55036008,R0290_55041441,0.45
R0377_55036008,R0290_55030423,0.45
R0377_55036008,R0290_55039755,0.45
R0377_55036008,R0290_55026840,0.45
R0377_55036008,R0290_55038681,0.45
R0377_55036008,R0290_55033209,0.45
R0377_55036008,R0290_55043722,0.45
R0377_55036008,R0377_55039577,1.0
R0377_55036008,R0377_55032663,1.0
R0377_55036008,R0377_55036003,1.0
R0377_55036008,R0377_55036004,1.0
R0377_55036008,R0377_55036006,1.0
R0377_55036008,R0377_55036007,1.0
R0377_55036008,R0377_55036009,1.0
R0377_55036008,R0377_55043375,1.0
R0377_55036008,R0377_55032655,1.0
R0377_55036008,R0377_55034860,1.0
R0377_55036008,R0377_55042881,1.0
R0377_55036008,R0377_55033035,1.0
R0377_55036008,R0377_55044076,1.0
R0377_55036008,R0377_55036698,1.0
R0377_55036008,R0377_55032664,1.0
R0377_55036008,R0377_55038331,1.0
R0377_55036008,R0377_55041814,1.0
R0377_55036008,R0377_55041025,1.0
R0377_55036008,R0377_55039651,1.0
R0377_55036008,R0377_55044100,1.0
R0377_55036008,R0377_55026719,1.0
R0377_55036009,R0002_55043311,0.45
R0377_55036009,R0002_55036002,0.45
R0377_55036009,R0002_55015378,0.45
R0377_55036009,R0002_55032731,0.45
R0377_55036009,R0002_55025944,0.45
R0377_55036009,R0002_55024341,0.45
R0377_55036009,R0002_55041509,0.45
R0377_55036009,R0002_55036059,0.45
R0377_55036009,R0002_55037787,0.45
R0377_55036009,R0002_55039851,0.45
R0377_55036009,R0002_55032782,0.45
R0377_55036009,R0002_55036171,0.45
R0377_55036009,R0002_55035505,0.45
R0377_55036009,R0002_55011002,0.45
R0377_55036009,R0002_55031467,0.45
R0377_55036009,R0002_55028991,0.45
R0377_55036009,R0002_55027831,0.45
R0377_55036009,R0002_55038839,0.45
R0377_55036009,R0002_55019960,0.45
R0377_55036009,R0002_55033035,0.45
R0377_55036009,R0002_55006197,0.45
R0377_55036009,R0002_55036505,0.45
R0377_55036009,R0002_55044076,0.45
R0377_55036009,R0002_55036050,0.45
R0377_55036009,R0002_55037530,0.45
R0377_55036009,R0002_55040793,0.45
R0377_55036009,R0002_55043136,0.45
R0377_55036009,R0002_55014421,0.45
R0377_55036009,R0002_55003518,0.45
R0377_55036009,R0002_55027319,0.45
R0377_55036009,R0002_55035727,0.45
R0377_55036009,R0002_55032858,0.45
R0377_55036009,R0002_55029026,0.45
R0377_55036009,R0002_55039889,0.45
R0377_55036009,R0002_55041025,0.45
R0377_55036009,R0002_55041833,0.45
R0377_55036009,R0002_55031084,0.45
R0377_55036009,R0002_55030125,0.45
R0377_55036009,R0002_55011220,0.45
R0377_55036009,R0002_55043779,0.45
R0377_55036009,R0002_55026664,0.45
R0377_55036009,R0002_55037878,0.45
R0377_55036009,R0002_55043901,0.45
R0377_55036009,R0002_55037718,0.45
R0377_55036009,R0002_55042075,0.45
R0377_55036009,R0002_55031358,0.45
R0377_55036009,R0002_55025080,0.45
R0377_55036009,R0002_55037283,0.45
R0377_55036009,R0002_55019387,0.45
R0377_55036009,R0043_55035478,0.45
R0377_55036009,R0043_55032756,0.45
R0377_55036009,R0043_55039677,0.45
R0377_55036009,R0043_55039678,0.45
R0377_55036009,R0043_55029067,0.45
R0377_55036009,R0043_55036252,0.45
R0377_55036009,R0043_55034675,0.45
R0377_55036009,R0043_55031083,0.45
R0377_55036009,R0043_55036209,0.45
R0377_55036009,R0043_55035181,0.45
R0377_55036009,R0043_55032758,0.45
R0377_55036009,R0043_55039681,0.45
R0377_55036009,R0043_55039682,0.45
R0377_55036009,R0043_55039683,0.45
R0377_55036009,R0043_55039684,0.45
R0377_55036009,R0043_55032632,0.45
R0377_55036009,R0043_55021537,0.45
R0377_55036009,R0043_55041926,0.45
R0377_55036009,R0043_55029012,0.45
R0377_55036009,R0043_55034882,0.45
R0377_55036009,R0043_55039679,0.45
R0377_55036009,R0043_55032862,0.45
R0377_55036009,R0043_55032759,0.45
R0377_55036009,R0043_55037980,0.45
R0377_55036009,R0043_55037979,0.45
R0377_55036009,R0043_55027552,0.45
R0377_55036009,R0043_55034879,0.45
R0377_55036009,R0043_55032908,0.45
R0377_55036009,R0043_55039686,0.45
R0377_55036009,R0043_55032863,0.45
R0377_55036009,R0043_55009127,0.45
R0377_55036009,R0043_55036250,0.45
R0377_55036009,R0043_55034880,0.45
R0377_55036009,R0043_55032860,0.45
R0377_55036009,R0043_55029506,0.45
R0377_55036009,R0043_55031288,0.45
R0377_55036009,R0043_55036124,0.45
R0377_55036009,R0043_55039830,0.45
R0377_55036009,R0043_55034325,0.45
R0377_55036009,R0043_55039829,0.45
R0377_55036009,R0043_55031080,0.45
R0377_55036009,R0043_55031077,0.45
R0377_55036009,R0043_55017366,0.45
R0377_55036009,R0043_55034335,0.45
R0377_55036009,R0043_55031005,0.45
R0377_55036009,R0055_55007584,0.45
R0377_55036009,R0055_55007583,0.45
R0377_55036009,R0204_55005925,0.4666666666666667
R0377_55036009,R0204_55032685,0.4666666666666667
R0377_55036009,R0204_55035156,0.4666666666666667
R0377_55036009,R0204_55022352,0.4666666666666667
R0377_55036009,R0204_55004131,0.4666666666666667
R0377_55036009,R0207_55036375,0.4666666666666667
R0377_55036009,R0207_55032672,0.4666666666666667
R0377_55036009,R0207_55032673,0.4666666666666667
R0377_55036009,R0290_55038074,0.45
R0377_55036009,R0290_55041439,0.45
R0377_55036009,R0290_55041442,0.45
R0377_55036009,R0290_55041438,0.45
R0377_55036009,R0290_55041440,0.45
R0377_55036009,R0290_55041441,0.45
R0377_55036009,R0290_55030423,0.45
R0377_55036009,R0290_55039755,0.45
R0377_55036009,R0290_55026840,0.45
R0377_55036009,R0290_55038681,0.45
R0377_55036009,R0290_55033209,0.45
R0377_55036009,R0290_55043722,0.45
R0377_55036009,R0377_55039577,1.0
R0377_55036009,R0377_55032663,1.0
R0377_55036009,R0377_55036003,1.0
R0377_55036009,R0377_55036004,1.0
R0377_55036009,R0377_55036006,1.0
R0377_55036009,R0377_55036007,1.0
R0377_55036009,R0377_55036008,1.0
R0377_55036009,R0377_55043375,1.0
R0377_55036009,R0377_55032655,1.0
R0377_55036009,R0377_55034860,1.0
R0377_55036009,R0377_55042881,1.0
R0377_55036009,R0377_55033035,1.0
R0377_55036009,R0377_55044076,1.0
R0377_55036009,R0377_55036698,1.0
R0377_55036009,R0377_55032664,1.0
R0377_55036009,R0377_55038331,1.0
R0377_55036009,R0377_55041814,1.0
R0377_55036009,R0377_55041025,1.0
R0377_55036009,R0377_55039651,1.0
R0377_55036009,R0377_55044100,1.0
R0377_55036009,R0377_55026719,1.0
R0377_55043375,R0002_55043311,0.45
R0377_55043375,R0002_55036002,0.45
R0377_55043375,R0002_55015378,0.45
R0377_55043375,R0002_55032731,0.45
R0377_55043375,R0002_55025944,0.45
R0377_55043375,R0002_55024341,0.45
R0377_55043375,R0002_55041509,0.45
R0377_55043375,R0002_55036059,0.45
R0377_55043375,R0002_55037787,0.45
R0377_55043375,R0002_55039851,0.45
R0377_55043375,R0002_55032782,0.45
R0377_55043375,R0002_55036171,0.45
R0377_55043375,R0002_55035505,0.45
R0377_55043375,R0002_55011002,0.45
R0377_55043375,R0002_55031467,0.45
R0377_55043375,R0002_55028991,0.45
R0377_55043375,R0002_55027831,0.45
R0377_55043375,R0002_55038839,0.45
R0377_55043375,R0002_55019960,0.45
R0377_55043375,R0002_55033035,0.45
R0377_55043375,R0002_55006197,0.45
R0377_55043375,R0002_55036505,0.45
R0377_55043375,R0002_55044076,0.45
R0377_55043375,R0002_55036050,0.45
R0377_55043375,R0002_55037530,0.45
R0377_55043375,R0002_55040793,0.45
R0377_55043375,R0002_55043136,0.45
R0377_55043375,R0002_55014421,0.45
R0377_55043375,R0002_55003518,0.45
R0377_55043375,R0002_55027319,0.45
R0377_55043375,R0002_55035727,0.45
R0377_55043375,R0002_55032858,0.45
R0377_55043375,R0002_55029026,0.45
R0377_55043375,R0002_55039889,0.45
R0377_55043375,R0002_55041025,0.45
R0377_55043375,R0002_55041833,0.45
R0377_55043375,R0002_55031084,0.45
R0377_55043375,R0002_55030125,0.45
R0377_55043375,R0002_55011220,0.45
R0377_55043375,R0002_55043779,0.45
R0377_55043375,R0002_55026664,0.45
R0377_55043375,R0002_55037878,0.45
R0377_55043375,R0002_55043901,0.45
R0377_55043375,R0002_55037718,0.45
R0377_55043375,R0002_55042075,0.45
R0377_55043375,R0002_55031358,0.45
R0377_55043375,R0002_55025080,0.45
R0377_55043375,R0002_55037283,0.45
R0377_55043375,R0002_55019387,0.45
R0377_55043375,R0043_55035478,0.45
R0377_55043375,R0043_55032756,0.45
R0377_55043375,R0043_55039677,0.45
R0377_55043375,R0043_55039678,0.45
R0377_55043375,R0043_55029067,0.45
R0377_55043375,R0043_55036252,0.45
R0377_55043375,R0043_55034675,0.45
R0377_55043375,R0043_55031083,0.45
R0377_55043375,R0043_55036209,0.45
R0377_55043375,R0043_55035181,0.45
R0377_55043375,R0043_55032758,0.45
R0377_55043375,R0043_55039681,0.45
R0377_55043375,R0043_55039682,0.45
R0377_55043375,R0043_55039683,0.45
R0377_55043375,R0043_55039684,0.45
R0377_55043375,R0043_55032632,0.45
R0377_55043375,R0043_55021537,0.45
R0377_55043375,R0043_55041926,0.45
R0377_55043375,R0043_55029012,0.45
R0377_55043375,R0043_55034882,0.45
R0377_55043375,R0043_55039679,0.45
R0377_55043375,R0043_55032862,0.45
R0377_55043375,R0043_55032759,0.45
R0377_55043375,R0043_55037980,0.45
R0377_55043375,R0043_55037979,0.45
R0377_55043375,R0043_55027552,0.45
R0377_55043375,R0043_55034879,0.45
R0377_55043375,R0043_55032908,0.45
R0377_55043375,R0043_55039686,0.45
R0377_55043375,R0043_55032863,0.45
R0377_55043375,R0043_55009127,0.45
R0377_55043375,R0043_55036250,0.45
R0377_55043375,R0043_55034880,0.45
R0377_55043375,R0043_55032860,0.45
R0377_55043375,R0043_55029506,0.45
R0377_55043375,R0043_55031288,0.45
R0377_55043375,R0043_55036124,0.45
R0377_55043375,R0043_55039830,0.45
R0377_55043375,R0043_55034325,0.45
R0377_55043375,R0043_55039829,0.45
R0377_55043375,R0043_55031080,0.45
R0377_55043375,R0043_55031077,0.45
R0377_55043375,R0043_55017366,0.45
R0377_55043375,R0043_55034335,0.45
R0377_55043375,R0043_55031005,0.45
R0377_55043375,R0055_55007584,0.45
R0377_55043375,R0055_55007583,0.45
R0377_55043375,R0204_55005925,0.4666666666666667
R0377_55043375,R0204_55032685,0.4666666666666667
R0377_55043375,R0204_55035156,0.4666666666666667
R0377_55043375,R0204_55022352,0.4666666666666667
R0377_55043375,R0204_55004131,0.4666666666666667
R0377_55043375,R0207_55036375,0.4666666666666667
R0377_55043375,R0207_55032672,0.4666666666666667
R0377_55043375,R0207_55032673,0.4666666666666667
R0377_55043375,R0290_55038074,0.45
R0377_55043375,R0290_55041439,0.45
R0377_55043375,R0290_55041442,0.45
R0377_55043375,R0290_55041438,0.45
R0377_55043375,R0290_55041440,0.45
R0377_55043375,R0290_55041441,0.45
R0377_55043375,R0290_55030423,0.45
R0377_55043375,R0290_55039755,0.45
R0377_55043375,R0290_55026840,0.45
R0377_55043375,R0290_55038681,0.45
R0377_55043375,R0290_55033209,0.45
R0377_55043375,R0290_55043722,0.45
R0377_55043375,R0377_55039577,1.0
R0377_55043375,R0377_55032663,1.0
R0377_55043375,R0377_55036003,1.0
R0377_55043375,R0377_55036004,1.0
R0377_55043375,R0377_55036006,1.0
R0377_55043375,R0377_55036007,1.0
R0377_55043375,R0377_55036008,1.0
R0377_55043375,R0377_55036009,1.0
R0377_55043375,R0377_55032655,1.0
R0377_55043375,R0377_55034860,1.0
R0377_55043375,R0377_55042881,1.0
R0377_55043375,R0377_55033035,1.0
R0377_55043375,R0377_55044076,1.0
R0377_55043375,R0377_55036698,1.0
R0377_55043375,R0377_55032664,1.0
R0377_55043375,R0377_55038331,1.0
R0377_55043375,R0377_55041814,1.0
R0377_55043375,R0377_55041025,1.0
R0377_55043375,R0377_55039651,1.0
R0377_55043375,R0377_55044100,1.0
R0377_55043375,R0377_55026719,1.0
R0377_55032655,R0002_55043311,0.45
R0377_55032655,R0002_55036002,0.45
R0377_55032655,R0002_55015378,0.45
R0377_55032655,R0002_55032731,0.45
R0377_55032655,R0002_55025944,0.45
R0377_55032655,R0002_55024341,0.45
R0377_55032655,R0002_55041509,0.45
R0377_55032655,R0002_55036059,0.45
R0377_55032655,R0002_55037787,0.45
R0377_55032655,R0002_55039851,0.45
R0377_55032655,R0002_55032782,0.45
R0377_55032655,R0002_55036171,0.45
R0377_55032655,R0002_55035505,0.45
R0377_55032655,R0002_55011002,0.45
R0377_55032655,R0002_55031467,0.45
R0377_55032655,R0002_55028991,0.45
R0377_55032655,R0002_55027831,0.45
R0377_55032655,R0002_55038839,0.45
R0377_55032655,R0002_55019960,0.45
R0377_55032655,R0002_55033035,0.45
R0377_55032655,R0002_55006197,0.45
R0377_55032655,R0002_55036505,0.45
R0377_55032655,R0002_55044076,0.45
R0377_55032655,R0002_55036050,0.45
R0377_55032655,R0002_55037530,0.45
R0377_55032655,R0002_55040793,0.45
R0377_55032655,R0002_55043136,0.45
R0377_55032655,R0002_55014421,0.45
R0377_55032655,R0002_55003518,0.45
R0377_55032655,R0002_55027319,0.45
R0377_55032655,R0002_55035727,0.45
R0377_55032655,R0002_55032858,0.45
R0377_55032655,R0002_55029026,0.45
R0377_55032655,R0002_55039889,0.45
R0377_55032655,R0002_55041025,0.45
R0377_55032655,R0002_55041833,0.45
R0377_55032655,R0002_55031084,0.45
R0377_55032655,R0002_55030125,0.45
R0377_55032655,R0002_55011220,0.45
R0377_55032655,R0002_55043779,0.45
R0377_55032655,R0002_55026664,0.45
R0377_55032655,R0002_55037878,0.45
R0377_55032655,R0002_55043901,0.45
R0377_55032655,R0002_55037718,0.45
R0377_55032655,R0002_55042075,0.45
R0377_55032655,R0002_55031358,0.45
R0377_55032655,R0002_55025080,0.45
R0377_55032655,R0002_55037283,0.45
R0377_55032655,R0002_55019387,0.45
R0377_55032655,R0043_55035478,0.45
R0377_55032655,R0043_55032756,0.45
R0377_55032655,R0043_55039677,0.45
R0377_55032655,R0043_55039678,0.45
R0377_55032655,R0043_55029067,0.45
R0377_55032655,R0043_55036252,0.45
R0377_55032655,R0043_55034675,0.45
R0377_55032655,R0043_55031083,0.45
R0377_55032655,R0043_55036209,0.45
R0377_55032655,R0043_55035181,0.45
R0377_55032655,R0043_55032758,0.45
R0377_55032655,R0043_55039681,0.45
R0377_55032655,R0043_55039682,0.45
R0377_55032655,R0043_55039683,0.45
R0377_55032655,R0043_55039684,0.45
R0377_55032655,R0043_55032632,0.45
R0377_55032655,R0043_55021537,0.45
R0377_55032655,R0043_55041926,0.45
R0377_55032655,R0043_55029012,0.45
R0377_55032655,R0043_55034882,0.45
R0377_55032655,R0043_55039679,0.45
R0377_55032655,R0043_55032862,0.45
R0377_55032655,R0043_55032759,0.45
R0377_55032655,R0043_55037980,0.45
R0377_55032655,R0043_55037979,0.45
R0377_55032655,R0043_55027552,0.45
R0377_55032655,R0043_55034879,0.45
R0377_55032655,R0043_55032908,0.45
R0377_55032655,R0043_55039686,0.45
R0377_55032655,R0043_55032863,0.45
R0377_55032655,R0043_55009127,0.45
R0377_55032655,R0043_55036250,0.45
R0377_55032655,R0043_55034880,0.45
R0377_55032655,R0043_55032860,0.45
R0377_55032655,R0043_55029506,0.45
R0377_55032655,R0043_55031288,0.45
R0377_55032655,R0043_55036124,0.45
R0377_55032655,R0043_55039830,0.45
R0377_55032655,R0043_55034325,0.45
R0377_55032655,R0043_55039829,0.45
R0377_55032655,R0043_55031080,0.45
R0377_55032655,R0043_55031077,0.45
R0377_55032655,R0043_55017366,0.45
R0377_55032655,R0043_55034335,0.45
R0377_55032655,R0043_55031005,0.45
R0377_55032655,R0055_55007584,0.45
R0377_55032655,R0055_55007583,0.45
R0377_55032655,R0204_55005925,0.4666666666666667
R0377_55032655,R0204_55032685,0.4666666666666667
R0377_55032655,R0204_55035156,0.4666666666666667
R0377_55032655,R0204_55022352,0.4666666666666667
R0377_55032655,R0204_55004131,0.4666666666666667
R0377_55032655,R0207_55036375,0.4666666666666667
R0377_55032655,R0207_55032672,0.4666666666666667
R0377_55032655,R0207_55032673,0.4666666666666667
R0377_55032655,R0290_55038074,0.45
R0377_55032655,R0290_55041439,0.45
R0377_55032655,R0290_55041442,0.45
R0377_55032655,R0290_55041438,0.45
R0377_55032655,R0290_55041440,0.45
R0377_55032655,R0290_55041441,0.45
R0377_55032655,R0290_55030423,0.45
R0377_55032655,R0290_55039755,0.45
R0377_55032655,R0290_55026840,0.45
R0377_55032655,R0290_55038681,0.45
R0377_55032655,R0290_55033209,0.45
R0377_55032655,R0290_55043722,0.45
R0377_55032655,R0377_55039577,1.0
R0377_55032655,R0377_55032663,1.0
R0377_55032655,R0377_55036003,1.0
R0377_55032655,R0377_55036004,1.0
R0377_55032655,R0377_55036006,1.0
R0377_55032655,R0377_55036007,1.0
R0377_55032655,R0377_55036008,1.0
R0377_55032655,R0377_55036009,1.0
R0377_55032655,R0377_55043375,1.0
R0377_55032655,R0377_55034860,1.0
R0377_55032655,R0377_55042881,1.0
R0377_55032655,R0377_55033035,1.0
R0377_55032655,R0377_55044076,1.0
R0377_55032655,R0377_55036698,1.0
R0377_55032655,R0377_55032664,1.0
R0377_55032655,R0377_55038331,1.0
R0377_55032655,R0377_55041814,1.0
R0377_55032655,R0377_55041025,1.0
R0377_55032655,R0377_55039651,1.0
R0377_55032655,R0377_55044100,1.0
R0377_55032655,R0377_55026719,1.0
R0377_55034860,R0002_55043311,0.45
R0377_55034860,R0002_55036002,0.45
R0377_55034860,R0002_55015378,0.45
R0377_55034860,R0002_55032731,0.45
R0377_55034860,R0002_55025944,0.45
R0377_55034860,R0002_55024341,0.45
R0377_55034860,R0002_55041509,0.45
R0377_55034860,R0002_55036059,0.45
R0377_55034860,R0002_55037787,0.45
R0377_55034860,R0002_55039851,0.45
R0377_55034860,R0002_55032782,0.45
R0377_55034860,R0002_55036171,0.45
R0377_55034860,R0002_55035505,0.45
R0377_55034860,R0002_55011002,0.45
R0377_55034860,R0002_55031467,0.45
R0377_55034860,R0002_55028991,0.45
R0377_55034860,R0002_55027831,0.45
R0377_55034860,R0002_55038839,0.45
R0377_55034860,R0002_55019960,0.45
R0377_55034860,R0002_55033035,0.45
R0377_55034860,R0002_55006197,0.45
R0377_55034860,R0002_55036505,0.45
R0377_55034860,R0002_55044076,0.45
R0377_55034860,R0002_55036050,0.45
R0377_55034860,R0002_55037530,0.45
R0377_55034860,R0002_55040793,0.45
R0377_55034860,R0002_55043136,0.45
R0377_55034860,R0002_55014421,0.45
R0377_55034860,R0002_55003518,0.45
R0377_55034860,R0002_55027319,0.45
R0377_55034860,R0002_55035727,0.45
R0377_55034860,R0002_55032858,0.45
R0377_55034860,R0002_55029026,0.45
R0377_55034860,R0002_55039889,0.45
R0377_55034860,R0002_55041025,0.45
R0377_55034860,R0002_55041833,0.45
R0377_55034860,R0002_55031084,0.45
R0377_55034860,R0002_55030125,0.45
R0377_55034860,R0002_55011220,0.45
R0377_55034860,R0002_55043779,0.45
R0377_55034860,R0002_55026664,0.45
R0377_55034860,R0002_55037878,0.45
R0377_55034860,R0002_55043901,0.45
R0377_55034860,R0002_55037718,0.45
R0377_55034860,R0002_55042075,0.45
R0377_55034860,R0002_55031358,0.45
R0377_55034860,R0002_55025080,0.45
R0377_55034860,R0002_55037283,0.45
R0377_55034860,R0002_55019387,0.45
R0377_55034860,R0043_55035478,0.45
R0377_55034860,R0043_55032756,0.45
R0377_55034860,R0043_55039677,0.45
R0377_55034860,R0043_55039678,0.45
R0377_55034860,R0043_55029067,0.45
R0377_55034860,R0043_55036252,0.45
R0377_55034860,R0043_55034675,0.45
R0377_55034860,R0043_55031083,0.45
R0377_55034860,R0043_55036209,0.45
R0377_55034860,R0043_55035181,0.45
R0377_55034860,R0043_55032758,0.45
R0377_55034860,R0043_55039681,0.45
R0377_55034860,R0043_55039682,0.45
R0377_55034860,R0043_55039683,0.45
R0377_55034860,R0043_55039684,0.45
R0377_55034860,R0043_55032632,0.45
R0377_55034860,R0043_55021537,0.45
R0377_55034860,R0043_55041926,0.45
R0377_55034860,R0043_55029012,0.45
R0377_55034860,R0043_55034882,0.45
R0377_55034860,R0043_55039679,0.45
R0377_55034860,R0043_55032862,0.45
R0377_55034860,R0043_55032759,0.45
R0377_55034860,R0043_55037980,0.45
R0377_55034860,R0043_55037979,0.45
R0377_55034860,R0043_55027552,0.45
R0377_55034860,R0043_55034879,0.45
R0377_55034860,R0043_55032908,0.45
R0377_55034860,R0043_55039686,0.45
R0377_55034860,R0043_55032863,0.45
R0377_55034860,R0043_55009127,0.45
R0377_55034860,R0043_55036250,0.45
R0377_55034860,R0043_55034880,0.45
R0377_55034860,R0043_55032860,0.45
R0377_55034860,R0043_55029506,0.45
R0377_55034860,R0043_55031288,0.45
R0377_55034860,R0043_55036124,0.45
R0377_55034860,R0043_55039830,0.45
R0377_55034860,R0043_55034325,0.45
R0377_55034860,R0043_55039829,0.45
R0377_55034860,R0043_55031080,0.45
R0377_55034860,R0043_55031077,0.45
R0377_55034860,R0043_55017366,0.45
R0377_55034860,R0043_55034335,0.45
R0377_55034860,R0043_55031005,0.45
R0377_55034860,R0055_55007584,0.45
R0377_55034860,R0055_55007583,0.45
R0377_55034860,R0204_55005925,0.4666666666666667
R0377_55034860,R0204_55032685,0.4666666666666667
R0377_55034860,R0204_55035156,0.4666666666666667
R0377_55034860,R0204_55022352,0.4666666666666667
R0377_55034860,R0204_55004131,0.4666666666666667
R0377_55034860,R0207_55036375,0.4666666666666667
R0377_55034860,R0207_55032672,0.4666666666666667
R0377_55034860,R0207_55032673,0.4666666666666667
R0377_55034860,R0290_55038074,0.45
R0377_55034860,R0290_55041439,0.45
R0377_55034860,R0290_55041442,0.45
R0377_55034860,R0290_55041438,0.45
R0377_55034860,R0290_55041440,0.45
R0377_55034860,R0290_55041441,0.45
R0377_55034860,R0290_55030423,0.45
R0377_55034860,R0290_55039755,0.45
R0377_55034860,R0290_55026840,0.45
R0377_55034860,R0290_55038681,0.45
R0377_55034860,R0290_55033209,0.45
R0377_55034860,R0290_55043722,0.45
R0377_55034860,R0377_55039577,1.0
R0377_55034860,R0377_55032663,1.0
R0377_55034860,R0377_55036003,1.0
R0377_55034860,R0377_55036004,1.0
R0377_55034860,R0377_55036006,1.0
R0377_55034860,R0377_55036007,1.0
R0377_55034860,R0377_55036008,1.0
R0377_55034860,R0377_55036009,1.0
R0377_55034860,R0377_55043375,1.0
R0377_55034860,R0377_55032655,1.0
R0377_55034860,R0377_55042881,1.0
R0377_55034860,R0377_55033035,1.0
R0377_55034860,R0377_55044076,1.0
R0377_55034860,R0377_55036698,1.0
R0377_55034860,R0377_55032664,1.0
R0377_55034860,R0377_55038331,1.0
R0377_55034860,R0377_55041814,1.0
R0377_55034860,R0377_55041025,1.0
R0377_55034860,R0377_55039651,1.0
R0377_55034860,R0377_55044100,1.0
R0377_55034860,R0377_55026719,1.0
R0377_55042881,R0002_55043311,0.45
R0377_55042881,R0002_55036002,0.45
R0377_55042881,R0002_55015378,0.45
R0377_55042881,R0002_55032731,0.45
R0377_55042881,R0002_55025944,0.45
R0377_55042881,R0002_55024341,0.45
R0377_55042881,R0002_55041509,0.45
R0377_55042881,R0002_55036059,0.45
R0377_55042881,R0002_55037787,0.45
R0377_55042881,R0002_55039851,0.45
R0377_55042881,R0002_55032782,0.45
R0377_55042881,R0002_55036171,0.45
R0377_55042881,R0002_55035505,0.45
R0377_55042881,R0002_55011002,0.45
R0377_55042881,R0002_55031467,0.45
R0377_55042881,R0002_55028991,0.45
R0377_55042881,R0002_55027831,0.45
R0377_55042881,R0002_55038839,0.45
R0377_55042881,R0002_55019960,0.45
R0377_55042881,R0002_55033035,0.45
R0377_55042881,R0002_55006197,0.45
R0377_55042881,R0002_55036505,0.45
R0377_55042881,R0002_55044076,0.45
R0377_55042881,R0002_55036050,0.45
R0377_55042881,R0002_55037530,0.45
R0377_55042881,R0002_55040793,0.45
R0377_55042881,R0002_55043136,0.45
R0377_55042881,R0002_55014421,0.45
R0377_55042881,R0002_55003518,0.45
R0377_55042881,R0002_55027319,0.45
R0377_55042881,R0002_55035727,0.45
R0377_55042881,R0002_55032858,0.45
R0377_55042881,R0002_55029026,0.45
R0377_55042881,R0002_55039889,0.45
R0377_55042881,R0002_55041025,0.45
R0377_55042881,R0002_55041833,0.45
R0377_55042881,R0002_55031084,0.45
R0377_55042881,R0002_55030125,0.45
R0377_55042881,R0002_55011220,0.45
R0377_55042881,R0002_55043779,0.45
R0377_55042881,R0002_55026664,0.45
R0377_55042881,R0002_55037878,0.45
R0377_55042881,R0002_55043901,0.45
R0377_55042881,R0002_55037718,0.45
R0377_55042881,R0002_55042075,0.45
R0377_55042881,R0002_55031358,0.45
R0377_55042881,R0002_55025080,0.45
R0377_55042881,R0002_55037283,0.45
R0377_55042881,R0002_55019387,0.45
R0377_55042881,R0043_55035478,0.45
R0377_55042881,R0043_55032756,0.45
R0377_55042881,R0043_55039677,0.45
R0377_55042881,R0043_55039678,0.45
R0377_55042881,R0043_55029067,0.45
R0377_55042881,R0043_55036252,0.45
R0377_55042881,R0043_55034675,0.45
R0377_55042881,R0043_55031083,0.45
R0377_55042881,R0043_55036209,0.45
R0377_55042881,R0043_55035181,0.45
R0377_55042881,R0043_55032758,0.45
R0377_55042881,R0043_55039681,0.45
R0377_55042881,R0043_55039682,0.45
R0377_55042881,R0043_55039683,0.45
R0377_55042881,R0043_55039684,0.45
R0377_55042881,R0043_55032632,0.45
R0377_55042881,R0043_55021537,0.45
R0377_55042881,R0043_55041926,0.45
R0377_55042881,R0043_55029012,0.45
R0377_55042881,R0043_55034882,0.45
R0377_55042881,R0043_55039679,0.45
R0377_55042881,R0043_55032862,0.45
R0377_55042881,R0043_55032759,0.45
R0377_55042881,R0043_55037980,0.45
R0377_55042881,R0043_55037979,0.45
R0377_55042881,R0043_55027552,0.45
R0377_55042881,R0043_55034879,0.45
R0377_55042881,R0043_55032908,0.45
R0377_55042881,R0043_55039686,0.45
R0377_55042881,R0043_55032863,0.45
R0377_55042881,R0043_55009127,0.45
R0377_55042881,R0043_55036250,0.45
R0377_55042881,R0043_55034880,0.45
R0377_55042881,R0043_55032860,0.45
R0377_55042881,R0043_55029506,0.45
R0377_55042881,R0043_55031288,0.45
R0377_55042881,R0043_55036124,0.45
R0377_55042881,R0043_55039830,0.45
R0377_55042881,R0043_55034325,0.45
R0377_55042881,R0043_55039829,0.45
R0377_55042881,R0043_55031080,0.45
R0377_55042881,R0043_55031077,0.45
R0377_55042881,R0043_55017366,0.45
R0377_55042881,R0043_55034335,0.45
R0377_55042881,R0043_55031005,0.45
R0377_55042881,R0055_55007584,0.45
R0377_55042881,R0055_55007583,0.45
R0377_55042881,R0204_55005925,0.4666666666666667
R0377_55042881,R0204_55032685,0.4666666666666667
R0377_55042881,R0204_55035156,0.4666666666666667
R0377_55042881,R0204_55022352,0.4666666666666667
R0377_55042881,R0204_55004131,0.4666666666666667
R0377_55042881,R0207_55036375,0.4666666666666667
R0377_55042881,R0207_55032672,0.4666666666666667
R0377_55042881,R0207_55032673,0.4666666666666667
R0377_55042881,R0290_55038074,0.45
R0377_55042881,R0290_55041439,0.45
R0377_55042881,R0290_55041442,0.45
R0377_55042881,R0290_55041438,0.45
R0377_55042881,R0290_55041440,0.45
R0377_55042881,R0290_55041441,0.45
R0377_55042881,R0290_55030423,0.45
R0377_55042881,R0290_55039755,0.45
R0377_55042881,R0290_55026840,0.45
R0377_55042881,R0290_55038681,0.45
R0377_55042881,R0290_55033209,0.45
R0377_55042881,R0290_55043722,0.45
R0377_55042881,R0377_55039577,1.0
R0377_55042881,R0377_55032663,1.0
R0377_55042881,R0377_55036003,1.0
R0377_55042881,R0377_55036004,1.0
R0377_55042881,R0377_55036006,1.0
R0377_55042881,R0377_55036007,1.0
R0377_55042881,R0377_55036008,1.0
R0377_55042881,R0377_55036009,1.0
R0377_55042881,R0377_55043375,1.0
R0377_55042881,R0377_55032655,1.0
R0377_55042881,R0377_55034860,1.0
R0377_55042881,R0377_55033035,1.0
R0377_55042881,R0377_55044076,1.0
R0377_55042881,R0377_55036698,1.0
R0377_55042881,R0377_55032664,1.0
R0377_55042881,R0377_55038331,1.0
R0377_55042881,R0377_55041814,1.0
R0377_55042881,R0377_55041025,1.0
R0377_55042881,R0377_55039651,1.0
R0377_55042881,R0377_55044100,1.0
R0377_55042881,R0377_55026719,1.0
R0377_55033035,R0002_55043311,0.45
R0377_55033035,R0002_55036002,0.45
R0377_55033035,R0002_55015378,0.45
R0377_55033035,R0002_55032731,0.45
R0377_55033035,R0002_55025944,0.45
R0377_55033035,R0002_55024341,0.45
R0377_55033035,R0002_55041509,0.45
R0377_55033035,R0002_55036059,0.45
R0377_55033035,R0002_55037787,0.45
R0377_55033035,R0002_55039851,0.45
R0377_55033035,R0002_55032782,0.45
R0377_55033035,R0002_55036171,0.45
R0377_55033035,R0002_55035505,0.45
R0377_55033035,R0002_55011002,0.45
R0377_55033035,R0002_55031467,0.45
R0377_55033035,R0002_55028991,0.45
R0377_55033035,R0002_55027831,0.45
R0377_55033035,R0002_55038839,0.45
R0377_55033035,R0002_55019960,0.45
R0377_55033035,R0002_55033035,0.45
R0377_55033035,R0002_55006197,0.45
R0377_55033035,R0002_55036505,0.45
R0377_55033035,R0002_55044076,0.45
R0377_55033035,R0002_55036050,0.45
R0377_55033035,R0002_55037530,0.45
R0377_55033035,R0002_55040793,0.45
R0377_55033035,R0002_55043136,0.45
R0377_55033035,R0002_55014421,0.45
R0377_55033035,R0002_55003518,0.45
R0377_55033035,R0002_55027319,0.45
R0377_55033035,R0002_55035727,0.45
R0377_55033035,R0002_55032858,0.45
R0377_55033035,R0002_55029026,0.45
R0377_55033035,R0002_55039889,0.45
R0377_55033035,R0002_55041025,0.45
R0377_55033035,R0002_55041833,0.45
R0377_55033035,R0002_55031084,0.45
R0377_55033035,R0002_55030125,0.45
R0377_55033035,R0002_55011220,0.45
R0377_55033035,R0002_55043779,0.45
R0377_55033035,R0002_55026664,0.45
R0377_55033035,R0002_55037878,0.45
R0377_55033035,R0002_55043901,0.45
R0377_55033035,R0002_55037718,0.45
R0377_55033035,R0002_55042075,0.45
R0377_55033035,R0002_55031358,0.45
R0377_55033035,R0002_55025080,0.45
R0377_55033035,R0002_55037283,0.45
R0377_55033035,R0002_55019387,0.45
R0377_55033035,R0043_55035478,0.45
R0377_55033035,R0043_55032756,0.45
R0377_55033035,R0043_55039677,0.45
R0377_55033035,R0043_55039678,0.45
R0377_55033035,R0043_55029067,0.45
R0377_55033035,R0043_55036252,0.45
R0377_55033035,R0043_55034675,0.45
R0377_55033035,R0043_55031083,0.45
R0377_55033035,R0043_55036209,0.45
R0377_55033035,R0043_55035181,0.45
R0377_55033035,R0043_55032758,0.45
R0377_55033035,R0043_55039681,0.45
R0377_55033035,R0043_55039682,0.45
R0377_55033035,R0043_55039683,0.45
R0377_55033035,R0043_55039684,0.45
R0377_55033035,R0043_55032632,0.45
R0377_55033035,R0043_55021537,0.45
R0377_55033035,R0043_55041926,0.45
R0377_55033035,R0043_55029012,0.45
R0377_55033035,R0043_55034882,0.45
R0377_55033035,R0043_55039679,0.45
R0377_55033035,R0043_55032862,0.45
R0377_55033035,R0043_55032759,0.45
R0377_55033035,R0043_55037980,0.45
R0377_55033035,R0043_55037979,0.45
R0377_55033035,R0043_55027552,0.45
R0377_55033035,R0043_55034879,0.45
R0377_55033035,R0043_55032908,0.45
R0377_55033035,R0043_55039686,0.45
R0377_55033035,R0043_55032863,0.45
R0377_55033035,R0043_55009127,0.45
R0377_55033035,R0043_55036250,0.45
R0377_55033035,R0043_55034880,0.45
R0377_55033035,R0043_55032860,0.45
R0377_55033035,R0043_55029506,0.45
R0377_55033035,R0043_55031288,0.45
R0377_55033035,R0043_55036124,0.45
R0377_55033035,R0043_55039830,0.45
R0377_55033035,R0043_55034325,0.45
R0377_55033035,R0043_55039829,0.45
R0377_55033035,R0043_55031080,0.45
R0377_55033035,R0043_55031077,0.45
R0377_55033035,R0043_55017366,0.45
R0377_55033035,R0043_55034335,0.45
R0377_55033035,R0043_55031005,0.45
R0377_55033035,R0055_55007584,0.45
R0377_55033035,R0055_55007583,0.45
R0377_55033035,R0204_55005925,0.4666666666666667
R0377_55033035,R0204_55032685,0.4666666666666667
R0377_55033035,R0204_55035156,0.4666666666666667
R0377_55033035,R0204_55022352,0.4666666666666667
R0377_55033035,R0204_55004131,0.4666666666666667
R0377_55033035,R0207_55036375,0.4666666666666667
R0377_55033035,R0207_55032672,0.4666666666666667
R0377_55033035,R0207_55032673,0.4666666666666667
R0377_55033035,R0290_55038074,0.45
R0377_55033035,R0290_55041439,0.45
R0377_55033035,R0290_55041442,0.45
R0377_55033035,R0290_55041438,0.45
R0377_55033035,R0290_55041440,0.45
R0377_55033035,R0290_55041441,0.45
R0377_55033035,R0290_55030423,0.45
R0377_55033035,R0290_55039755,0.45
R0377_55033035,R0290_55026840,0.45
R0377_55033035,R0290_55038681,0.45
R0377_55033035,R0290_55033209,0.45
R0377_55033035,R0290_55043722,0.45
R0377_55033035,R0377_55039577,1.0
R0377_55033035,R0377_55032663,1.0
R0377_55033035,R0377_55036003,1.0
R0377_55033035,R0377_55036004,1.0
R0377_55033035,R0377_55036006,1.0
R0377_55033035,R0377_55036007,1.0
R0377_55033035,R0377_55036008,1.0
R0377_55033035,R0377_55036009,1.0
R0377_55033035,R0377_55043375,1.0
R0377_55033035,R0377_55032655,1.0
R0377_55033035,R0377_55034860,1.0
R0377_55033035,R0377_55042881,1.0
R0377_55033035,R0377_55044076,1.0
R0377_55033035,R0377_55036698,1.0
R0377_55033035,R0377_55032664,1.0
R0377_55033035,R0377_55038331,1.0
R0377_55033035,R0377_55041814,1.0
R0377_55033035,R0377_55041025,1.0
R0377_55033035,R0377_55039651,1.0
R0377_55033035,R0377_55044100,1.0
R0377_55033035,R0377_55026719,1.0
R0377_55044076,R0002_55043311,0.45
R0377_55044076,R0002_55036002,0.45
R0377_55044076,R0002_55015378,0.45
R0377_55044076,R0002_55032731,0.45
R0377_55044076,R0002_55025944,0.45
R0377_55044076,R0002_55024341,0.45
R0377_55044076,R0002_55041509,0.45
R0377_55044076,R0002_55036059,0.45
R0377_55044076,R0002_55037787,0.45
R0377_55044076,R0002_55039851,0.45
R0377_55044076,R0002_55032782,0.45
R0377_55044076,R0002_55036171,0.45
R0377_55044076,R0002_55035505,0.45
R0377_55044076,R0002_55011002,0.45
R0377_55044076,R0002_55031467,0.45
R0377_55044076,R0002_55028991,0.45
R0377_55044076,R0002_55027831,0.45
R0377_55044076,R0002_55038839,0.45
R0377_55044076,R0002_55019960,0.45
R0377_55044076,R0002_55033035,0.45
R0377_55044076,R0002_55006197,0.45
R0377_55044076,R0002_55036505,0.45
R0377_55044076,R0002_55044076,0.45
R0377_55044076,R0002_55036050,0.45
R0377_55044076,R0002_55037530,0.45
R0377_55044076,R0002_55040793,0.45
R0377_55044076,R0002_55043136,0.45
R0377_55044076,R0002_55014421,0.45
R0377_55044076,R0002_55003518,0.45
R0377_55044076,R0002_55027319,0.45
R0377_55044076,R0002_55035727,0.45
R0377_55044076,R0002_55032858,0.45
R0377_55044076,R0002_55029026,0.45
R0377_55044076,R0002_55039889,0.45
R0377_55044076,R0002_55041025,0.45
R0377_55044076,R0002_55041833,0.45
R0377_55044076,R0002_55031084,0.45
R0377_55044076,R0002_55030125,0.45
R0377_55044076,R0002_55011220,0.45
R0377_55044076,R0002_55043779,0.45
R0377_55044076,R0002_55026664,0.45
R0377_55044076,R0002_55037878,0.45
R0377_55044076,R0002_55043901,0.45
R0377_55044076,R0002_55037718,0.45
R0377_55044076,R0002_55042075,0.45
R0377_55044076,R0002_55031358,0.45
R0377_55044076,R0002_55025080,0.45
R0377_55044076,R0002_55037283,0.45
R0377_55044076,R0002_55019387,0.45
R0377_55044076,R0043_55035478,0.45
R0377_55044076,R0043_55032756,0.45
R0377_55044076,R0043_55039677,0.45
R0377_55044076,R0043_55039678,0.45
R0377_55044076,R0043_55029067,0.45
R0377_55044076,R0043_55036252,0.45
R0377_55044076,R0043_55034675,0.45
R0377_55044076,R0043_55031083,0.45
R0377_55044076,R0043_55036209,0.45
R0377_55044076,R0043_55035181,0.45
R0377_55044076,R0043_55032758,0.45
R0377_55044076,R0043_55039681,0.45
R0377_55044076,R0043_55039682,0.45
R0377_55044076,R0043_55039683,0.45
R0377_55044076,R0043_55039684,0.45
R0377_55044076,R0043_55032632,0.45
R0377_55044076,R0043_55021537,0.45
R0377_55044076,R0043_55041926,0.45
R0377_55044076,R0043_55029012,0.45
R0377_55044076,R0043_55034882,0.45
R0377_55044076,R0043_55039679,0.45
R0377_55044076,R0043_55032862,0.45
R0377_55044076,R0043_55032759,0.45
R0377_55044076,R0043_55037980,0.45
R0377_55044076,R0043_55037979,0.45
R0377_55044076,R0043_55027552,0.45
R0377_55044076,R0043_55034879,0.45
R0377_55044076,R0043_55032908,0.45
R0377_55044076,R0043_55039686,0.45
R0377_55044076,R0043_55032863,0.45
R0377_55044076,R0043_55009127,0.45
R0377_55044076,R0043_55036250,0.45
R0377_55044076,R0043_55034880,0.45
R0377_55044076,R0043_55032860,0.45
R0377_55044076,R0043_55029506,0.45
R0377_55044076,R0043_55031288,0.45
R0377_55044076,R0043_55036124,0.45
R0377_55044076,R0043_55039830,0.45
R0377_55044076,R0043_55034325,0.45
R0377_55044076,R0043_55039829,0.45
R0377_55044076,R0043_55031080,0.45
R0377_55044076,R0043_55031077,0.45
R0377_55044076,R0043_55017366,0.45
R0377_55044076,R0043_55034335,0.45
R0377_55044076,R0043_55031005,0.45
R0377_55044076,R0055_55007584,0.45
R0377_55044076,R0055_55007583,0.45
R0377_55044076,R0204_55005925,0.4666666666666667
R0377_55044076,R0204_55032685,0.4666666666666667
R0377_55044076,R0204_55035156,0.4666666666666667
R0377_55044076,R0204_55022352,0.4666666666666667
R0377_55044076,R0204_55004131,0.4666666666666667
R0377_55044076,R0207_55036375,0.4666666666666667
R0377_55044076,R0207_55032672,0.4666666666666667
R0377_55044076,R0207_55032673,0.4666666666666667
R0377_55044076,R0290_55038074,0.45
R0377_55044076,R0290_55041439,0.45
R0377_55044076,R0290_55041442,0.45
R0377_55044076,R0290_55041438,0.45
R0377_55044076,R0290_55041440,0.45
R0377_55044076,R0290_55041441,0.45
R0377_55044076,R0290_55030423,0.45
R0377_55044076,R0290_55039755,0.45
R0377_55044076,R0290_55026840,0.45
R0377_55044076,R0290_55038681,0.45
R0377_55044076,R0290_55033209,0.45
R0377_55044076,R0290_55043722,0.45
R0377_55044076,R0377_55039577,1.0
R0377_55044076,R0377_55032663,1.0
R0377_55044076,R0377_55036003,1.0
R0377_55044076,R0377_55036004,1.0
R0377_55044076,R0377_55036006,1.0
R0377_55044076,R0377_55036007,1.0
R0377_55044076,R0377_55036008,1.0
R0377_55044076,R0377_55036009,1.0
R0377_55044076,R0377_55043375,1.0
R0377_55044076,R0377_55032655,1.0
R0377_55044076,R0377_55034860,1.0
R0377_55044076,R0377_55042881,1.0
R0377_55044076,R0377_55033035,1.0
R0377_55044076,R0377_55036698,1.0
R0377_55044076,R0377_55032664,1.0
R0377_55044076,R0377_55038331,1.0
R0377_55044076,R0377_55041814,1.0
R0377_55044076,R0377_55041025,1.0
R0377_55044076,R0377_55039651,1.0
R0377_55044076,R0377_55044100,1.0
R0377_55044076,R0377_55026719,1.0
R0377_55036698,R0002_55043311,0.45
R0377_55036698,R0002_55036002,0.45
R0377_55036698,R0002_55015378,0.45
R0377_55036698,R0002_55032731,0.45
R0377_55036698,R0002_55025944,0.45
R0377_55036698,R0002_55024341,0.45
R0377_55036698,R0002_55041509,0.45
R0377_55036698,R0002_55036059,0.45
R0377_55036698,R0002_55037787,0.45
R0377_55036698,R0002_55039851,0.45
R0377_55036698,R0002_55032782,0.45
R0377_55036698,R0002_55036171,0.45
R0377_55036698,R0002_55035505,0.45
R0377_55036698,R0002_55011002,0.45
R0377_55036698,R0002_55031467,0.45
R0377_55036698,R0002_55028991,0.45
R0377_55036698,R0002_55027831,0.45
R0377_55036698,R0002_55038839,0.45
R0377_55036698,R0002_55019960,0.45
R0377_55036698,R0002_55033035,0.45
R0377_55036698,R0002_55006197,0.45
R0377_55036698,R0002_55036505,0.45
R0377_55036698,R0002_55044076,0.45
R0377_55036698,R0002_55036050,0.45
R0377_55036698,R0002_55037530,0.45
R0377_55036698,R0002_55040793,0.45
R0377_55036698,R0002_55043136,0.45
R0377_55036698,R0002_55014421,0.45
R0377_55036698,R0002_55003518,0.45
R0377_55036698,R0002_55027319,0.45
R0377_55036698,R0002_55035727,0.45
R0377_55036698,R0002_55032858,0.45
R0377_55036698,R0002_55029026,0.45
R0377_55036698,R0002_55039889,0.45
R0377_55036698,R0002_55041025,0.45
R0377_55036698,R0002_55041833,0.45
R0377_55036698,R0002_55031084,0.45
R0377_55036698,R0002_55030125,0.45
R0377_55036698,R0002_55011220,0.45
R0377_55036698,R0002_55043779,0.45
R0377_55036698,R0002_55026664,0.45
R0377_55036698,R0002_55037878,0.45
R0377_55036698,R0002_55043901,0.45
R0377_55036698,R0002_55037718,0.45
R0377_55036698,R0002_55042075,0.45
R0377_55036698,R0002_55031358,0.45
R0377_55036698,R0002_55025080,0.45
R0377_55036698,R0002_55037283,0.45
R0377_55036698,R0002_55019387,0.45
R0377_55036698,R0043_55035478,0.45
R0377_55036698,R0043_55032756,0.45
R0377_55036698,R0043_55039677,0.45
R0377_55036698,R0043_55039678,0.45
R0377_55036698,R0043_55029067,0.45
R0377_55036698,R0043_55036252,0.45
R0377_55036698,R0043_55034675,0.45
R0377_55036698,R0043_55031083,0.45
R0377_55036698,R0043_55036209,0.45
R0377_55036698,R0043_55035181,0.45
R0377_55036698,R0043_55032758,0.45
R0377_55036698,R0043_55039681,0.45
R0377_55036698,R0043_55039682,0.45
R0377_55036698,R0043_55039683,0.45
R0377_55036698,R0043_55039684,0.45
R0377_55036698,R0043_55032632,0.45
R0377_55036698,R0043_55021537,0.45
R0377_55036698,R0043_55041926,0.45
R0377_55036698,R0043_55029012,0.45
R0377_55036698,R0043_55034882,0.45
R0377_55036698,R0043_55039679,0.45
R0377_55036698,R0043_55032862,0.45
R0377_55036698,R0043_55032759,0.45
R0377_55036698,R0043_55037980,0.45
R0377_55036698,R0043_55037979,0.45
R0377_55036698,R0043_55027552,0.45
R0377_55036698,R0043_55034879,0.45
R0377_55036698,R0043_55032908,0.45
R0377_55036698,R0043_55039686,0.45
R0377_55036698,R0043_55032863,0.45
R0377_55036698,R0043_55009127,0.45
R0377_55036698,R0043_55036250,0.45
R0377_55036698,R0043_55034880,0.45
R0377_55036698,R0043_55032860,0.45
R0377_55036698,R0043_55029506,0.45
R0377_55036698,R0043_55031288,0.45
R0377_55036698,R0043_55036124,0.45
R0377_55036698,R0043_55039830,0.45
R0377_55036698,R0043_55034325,0.45
R0377_55036698,R0043_55039829,0.45
R0377_55036698,R0043_55031080,0.45
R0377_55036698,R0043_55031077,0.45
R0377_55036698,R0043_55017366,0.45
R0377_55036698,R0043_55034335,0.45
R0377_55036698,R0043_55031005,0.45
R0377_55036698,R0055_55007584,0.45
R0377_55036698,R0055_55007583,0.45
R0377_55036698,R0204_55005925,0.4666666666666667
R0377_55036698,R0204_55032685,0.4666666666666667
R0377_55036698,R0204_55035156,0.4666666666666667
R0377_55036698,R0204_55022352,0.4666666666666667
R0377_55036698,R0204_55004131,0.4666666666666667
R0377_55036698,R0207_55036375,0.4666666666666667
R0377_55036698,R0207_55032672,0.4666666666666667
R0377_55036698,R0207_55032673,0.4666666666666667
R0377_55036698,R0290_55038074,0.45
R0377_55036698,R0290_55041439,0.45
R0377_55036698,R0290_55041442,0.45
R0377_55036698,R0290_55041438,0.45
R0377_55036698,R0290_55041440,0.45
R0377_55036698,R0290_55041441,0.45
R0377_55036698,R0290_55030423,0.45
R0377_55036698,R0290_55039755,0.45
R0377_55036698,R0290_55026840,0.45
R0377_55036698,R0290_55038681,0.45
R0377_55036698,R0290_55033209,0.45
R0377_55036698,R0290_55043722,0.45
R0377_55036698,R0377_55039577,1.0
R0377_55036698,R0377_55032663,1.0
R0377_55036698,R0377_55036003,1.0
R0377_55036698,R0377_55036004,1.0
R0377_55036698,R0377_55036006,1.0
R0377_55036698,R0377_55036007,1.0
R0377_55036698,R0377_55036008,1.0
R0377_55036698,R0377_55036009,1.0
R0377_55036698,R0377_55043375,1.0
R0377_55036698,R0377_55032655,1.0
R0377_55036698,R0377_55034860,1.0
R0377_55036698,R0377_55042881,1.0
R0377_55036698,R0377_55033035,1.0
R0377_55036698,R0377_55044076,1.0
R0377_55036698,R0377_55032664,1.0
R0377_55036698,R0377_55038331,1.0
R0377_55036698,R0377_55041814,1.0
R0377_55036698,R0377_55041025,1.0
R0377_55036698,R0377_55039651,1.0
R0377_55036698,R0377_55044100,1.0
R0377_55036698,R0377_55026719,1.0
R0377_55032664,R0002_55043311,0.45
R0377_55032664,R0002_55036002,0.45
R0377_55032664,R0002_55015378,0.45
R0377_55032664,R0002_55032731,0.45
R0377_55032664,R0002_55025944,0.45
R0377_55032664,R0002_55024341,0.45
R0377_55032664,R0002_55041509,0.45
R0377_55032664,R0002_55036059,0.45
R0377_55032664,R0002_55037787,0.45
R0377_55032664,R0002_55039851,0.45
R0377_55032664,R0002_55032782,0.45
R0377_55032664,R0002_55036171,0.45
R0377_55032664,R0002_55035505,0.45
R0377_55032664,R0002_55011002,0.45
R0377_55032664,R0002_55031467,0.45
R0377_55032664,R0002_55028991,0.45
R0377_55032664,R0002_55027831,0.45
R0377_55032664,R0002_55038839,0.45
R0377_55032664,R0002_55019960,0.45
R0377_55032664,R0002_55033035,0.45
R0377_55032664,R0002_55006197,0.45
R0377_55032664,R0002_55036505,0.45
R0377_55032664,R0002_55044076,0.45
R0377_55032664,R0002_55036050,0.45
R0377_55032664,R0002_55037530,0.45
R0377_55032664,R0002_55040793,0.45
R0377_55032664,R0002_55043136,0.45
R0377_55032664,R0002_55014421,0.45
R0377_55032664,R0002_55003518,0.45
R0377_55032664,R0002_55027319,0.45
R0377_55032664,R0002_55035727,0.45
R0377_55032664,R0002_55032858,0.45
R0377_55032664,R0002_55029026,0.45
R0377_55032664,R0002_55039889,0.45
R0377_55032664,R0002_55041025,0.45
R0377_55032664,R0002_55041833,0.45
R0377_55032664,R0002_55031084,0.45
R0377_55032664,R0002_55030125,0.45
R0377_55032664,R0002_55011220,0.45
R0377_55032664,R0002_55043779,0.45
R0377_55032664,R0002_55026664,0.45
R0377_55032664,R0002_55037878,0.45
R0377_55032664,R0002_55043901,0.45
R0377_55032664,R0002_55037718,0.45
R0377_55032664,R0002_55042075,0.45
R0377_55032664,R0002_55031358,0.45
R0377_55032664,R0002_55025080,0.45
R0377_55032664,R0002_55037283,0.45
R0377_55032664,R0002_55019387,0.45
R0377_55032664,R0043_55035478,0.45
R0377_55032664,R0043_55032756,0.45
R0377_55032664,R0043_55039677,0.45
R0377_55032664,R0043_55039678,0.45
R0377_55032664,R0043_55029067,0.45
R0377_55032664,R0043_55036252,0.45
R0377_55032664,R0043_55034675,0.45
R0377_55032664,R0043_55031083,0.45
R0377_55032664,R0043_55036209,0.45
R0377_55032664,R0043_55035181,0.45
R0377_55032664,R0043_55032758,0.45
R0377_55032664,R0043_55039681,0.45
R0377_55032664,R0043_55039682,0.45
R0377_55032664,R0043_55039683,0.45
R0377_55032664,R0043_55039684,0.45
R0377_55032664,R0043_55032632,0.45
R0377_55032664,R0043_55021537,0.45
R0377_55032664,R0043_55041926,0.45
R0377_55032664,R0043_55029012,0.45
R0377_55032664,R0043_55034882,0.45
R0377_55032664,R0043_55039679,0.45
R0377_55032664,R0043_55032862,0.45
R0377_55032664,R0043_55032759,0.45
R0377_55032664,R0043_55037980,0.45
R0377_55032664,R0043_55037979,0.45
R0377_55032664,R0043_55027552,0.45
R0377_55032664,R0043_55034879,0.45
R0377_55032664,R0043_55032908,0.45
R0377_55032664,R0043_55039686,0.45
R0377_55032664,R0043_55032863,0.45
R0377_55032664,R0043_55009127,0.45
R0377_55032664,R0043_55036250,0.45
R0377_55032664,R0043_55034880,0.45
R0377_55032664,R0043_55032860,0.45
R0377_55032664,R0043_55029506,0.45
R0377_55032664,R0043_55031288,0.45
R0377_55032664,R0043_55036124,0.45
R0377_55032664,R0043_55039830,0.45
R0377_55032664,R0043_55034325,0.45
R0377_55032664,R0043_55039829,0.45
R0377_55032664,R0043_55031080,0.45
R0377_55032664,R0043_55031077,0.45
R0377_55032664,R0043_55017366,0.45
R0377_55032664,R0043_55034335,0.45
R0377_55032664,R0043_55031005,0.45
R0377_55032664,R0055_55007584,0.45
R0377_55032664,R0055_55007583,0.45
R0377_55032664,R0204_55005925,0.4666666666666667
R0377_55032664,R0204_55032685,0.4666666666666667
R0377_55032664,R0204_55035156,0.4666666666666667
R0377_55032664,R0204_55022352,0.4666666666666667
R0377_55032664,R0204_55004131,0.4666666666666667
R0377_55032664,R0207_55036375,0.4666666666666667
R0377_55032664,R0207_55032672,0.4666666666666667
R0377_55032664,R0207_55032673,0.4666666666666667
R0377_55032664,R0290_55038074,0.45
R0377_55032664,R0290_55041439,0.45
R0377_55032664,R0290_55041442,0.45
R0377_55032664,R0290_55041438,0.45
R0377_55032664,R0290_55041440,0.45
R0377_55032664,R0290_55041441,0.45
R0377_55032664,R0290_55030423,0.45
R0377_55032664,R0290_55039755,0.45
R0377_55032664,R0290_55026840,0.45
R0377_55032664,R0290_55038681,0.45
R0377_55032664,R0290_55033209,0.45
R0377_55032664,R0290_55043722,0.45
R0377_55032664,R0377_55039577,1.0
R0377_55032664,R0377_55032663,1.0
R0377_55032664,R0377_55036003,1.0
R0377_55032664,R0377_55036004,1.0
R0377_55032664,R0377_55036006,1.0
R0377_55032664,R0377_55036007,1.0
R0377_55032664,R0377_55036008,1.0
R0377_55032664,R0377_55036009,1.0
R0377_55032664,R0377_55043375,1.0
R0377_55032664,R0377_55032655,1.0
R0377_55032664,R0377_55034860,1.0
R0377_55032664,R0377_55042881,1.0
R0377_55032664,R0377_55033035,1.0
R0377_55032664,R0377_55044076,1.0
R0377_55032664,R0377_55036698,1.0
R0377_55032664,R0377_55038331,1.0
R0377_55032664,R0377_55041814,1.0
R0377_55032664,R0377_55041025,1.0
R0377_55032664,R0377_55039651,1.0
R0377_55032664,R0377_55044100,1.0
R0377_55032664,R0377_55026719,1.0
R0377_55038331,R0002_55043311,0.45
R0377_55038331,R0002_55036002,0.45
R0377_55038331,R0002_55015378,0.45
R0377_55038331,R0002_55032731,0.45
R0377_55038331,R0002_55025944,0.45
R0377_55038331,R0002_55024341,0.45
R0377_55038331,R0002_55041509,0.45
R0377_55038331,R0002_55036059,0.45
R0377_55038331,R0002_55037787,0.45
R0377_55038331,R0002_55039851,0.45
R0377_55038331,R0002_55032782,0.45
R0377_55038331,R0002_55036171,0.45
R0377_55038331,R0002_55035505,0.45
R0377_55038331,R0002_55011002,0.45
R0377_55038331,R0002_55031467,0.45
R0377_55038331,R0002_55028991,0.45
R0377_55038331,R0002_55027831,0.45
R0377_55038331,R0002_55038839,0.45
R0377_55038331,R0002_55019960,0.45
R0377_55038331,R0002_55033035,0.45
R0377_55038331,R0002_55006197,0.45
R0377_55038331,R0002_55036505,0.45
R0377_55038331,R0002_55044076,0.45
R0377_55038331,R0002_55036050,0.45
R0377_55038331,R0002_55037530,0.45
R0377_55038331,R0002_55040793,0.45
R0377_55038331,R0002_55043136,0.45
R0377_55038331,R0002_55014421,0.45
R0377_55038331,R0002_55003518,0.45
R0377_55038331,R0002_55027319,0.45
R0377_55038331,R0002_55035727,0.45
R0377_55038331,R0002_55032858,0.45
R0377_55038331,R0002_55029026,0.45
R0377_55038331,R0002_55039889,0.45
R0377_55038331,R0002_55041025,0.45
R0377_55038331,R0002_55041833,0.45
R0377_55038331,R0002_55031084,0.45
R0377_55038331,R0002_55030125,0.45
R0377_55038331,R0002_55011220,0.45
R0377_55038331,R0002_55043779,0.45
R0377_55038331,R0002_55026664,0.45
R0377_55038331,R0002_55037878,0.45
R0377_55038331,R0002_55043901,0.45
R0377_55038331,R0002_55037718,0.45
R0377_55038331,R0002_55042075,0.45
R0377_55038331,R0002_55031358,0.45
R0377_55038331,R0002_55025080,0.45
R0377_55038331,R0002_55037283,0.45
R0377_55038331,R0002_55019387,0.45
R0377_55038331,R0043_55035478,0.45
R0377_55038331,R0043_55032756,0.45
R0377_55038331,R0043_55039677,0.45
R0377_55038331,R0043_55039678,0.45
R0377_55038331,R0043_55029067,0.45
R0377_55038331,R0043_55036252,0.45
R0377_55038331,R0043_55034675,0.45
R0377_55038331,R0043_55031083,0.45
R0377_55038331,R0043_55036209,0.45
R0377_55038331,R0043_55035181,0.45
R0377_55038331,R0043_55032758,0.45
R0377_55038331,R0043_55039681,0.45
R0377_55038331,R0043_55039682,0.45
R0377_55038331,R0043_55039683,0.45
R0377_55038331,R0043_55039684,0.45
R0377_55038331,R0043_55032632,0.45
R0377_55038331,R0043_55021537,0.45
R0377_55038331,R0043_55041926,0.45
R0377_55038331,R0043_55029012,0.45
R0377_55038331,R0043_55034882,0.45
R0377_55038331,R0043_55039679,0.45
R0377_55038331,R0043_55032862,0.45
R0377_55038331,R0043_55032759,0.45
R0377_55038331,R0043_55037980,0.45
R0377_55038331,R0043_55037979,0.45
R0377_55038331,R0043_55027552,0.45
R0377_55038331,R0043_55034879,0.45
R0377_55038331,R0043_55032908,0.45
R0377_55038331,R0043_55039686,0.45
R0377_55038331,R0043_55032863,0.45
R0377_55038331,R0043_55009127,0.45
R0377_55038331,R0043_55036250,0.45
R0377_55038331,R0043_55034880,0.45
R0377_55038331,R0043_55032860,0.45
R0377_55038331,R0043_55029506,0.45
R0377_55038331,R0043_55031288,0.45
R0377_55038331,R0043_55036124,0.45
R0377_55038331,R0043_55039830,0.45
R0377_55038331,R0043_55034325,0.45
R0377_55038331,R0043_55039829,0.45
R0377_55038331,R0043_55031080,0.45
R0377_55038331,R0043_55031077,0.45
R0377_55038331,R0043_55017366,0.45
R0377_55038331,R0043_55034335,0.45
R0377_55038331,R0043_55031005,0.45
R0377_55038331,R0055_55007584,0.45
R0377_55038331,R0055_55007583,0.45
R0377_55038331,R0204_55005925,0.4666666666666667
R0377_55038331,R0204_55032685,0.4666666666666667
R0377_55038331,R0204_55035156,0.4666666666666667
R0377_55038331,R0204_55022352,0.4666666666666667
R0377_55038331,R0204_55004131,0.4666666666666667
R0377_55038331,R0207_55036375,0.4666666666666667
R0377_55038331,R0207_55032672,0.4666666666666667
R0377_55038331,R0207_55032673,0.4666666666666667
R0377_55038331,R0290_55038074,0.45
R0377_55038331,R0290_55041439,0.45
R0377_55038331,R0290_55041442,0.45
R0377_55038331,R0290_55041438,0.45
R0377_55038331,R0290_55041440,0.45
R0377_55038331,R0290_55041441,0.45
R0377_55038331,R0290_55030423,0.45
R0377_55038331,R0290_55039755,0.45
R0377_55038331,R0290_55026840,0.45
R0377_55038331,R0290_55038681,0.45
R0377_55038331,R0290_55033209,0.45
R0377_55038331,R0290_55043722,0.45
R0377_55038331,R0377_55039577,1.0
R0377_55038331,R0377_55032663,1.0
R0377_55038331,R0377_55036003,1.0
R0377_55038331,R0377_55036004,1.0
R0377_55038331,R0377_55036006,1.0
R0377_55038331,R0377_55036007,1.0
R0377_55038331,R0377_55036008,1.0
R0377_55038331,R0377_55036009,1.0
R0377_55038331,R0377_55043375,1.0
R0377_55038331,R0377_55032655,1.0
R0377_55038331,R0377_55034860,1.0
R0377_55038331,R0377_55042881,1.0
R0377_55038331,R0377_55033035,1.0
R0377_55038331,R0377_55044076,1.0
R0377_55038331,R0377_55036698,1.0
R0377_55038331,R0377_55032664,1.0
R0377_55038331,R0377_55041814,1.0
R0377_55038331,R0377_55041025,1.0
R0377_55038331,R0377_55039651,1.0
R0377_55038331,R0377_55044100,1.0
R0377_55038331,R0377_55026719,1.0
R0377_55041814,R0002_55043311,0.45
R0377_55041814,R0002_55036002,0.45
R0377_55041814,R0002_55015378,0.45
R0377_55041814,R0002_55032731,0.45
R0377_55041814,R0002_55025944,0.45
R0377_55041814,R0002_55024341,0.45
R0377_55041814,R0002_55041509,0.45
R0377_55041814,R0002_55036059,0.45
R0377_55041814,R0002_55037787,0.45
R0377_55041814,R0002_55039851,0.45
R0377_55041814,R0002_55032782,0.45
R0377_55041814,R0002_55036171,0.45
R0377_55041814,R0002_55035505,0.45
R0377_55041814,R0002_55011002,0.45
R0377_55041814,R0002_55031467,0.45
R0377_55041814,R0002_55028991,0.45
R0377_55041814,R0002_55027831,0.45
R0377_55041814,R0002_55038839,0.45
R0377_55041814,R0002_55019960,0.45
R0377_55041814,R0002_55033035,0.45
R0377_55041814,R0002_55006197,0.45
R0377_55041814,R0002_55036505,0.45
R0377_55041814,R0002_55044076,0.45
R0377_55041814,R0002_55036050,0.45
R0377_55041814,R0002_55037530,0.45
R0377_55041814,R0002_55040793,0.45
R0377_55041814,R0002_55043136,0.45
R0377_55041814,R0002_55014421,0.45
R0377_55041814,R0002_55003518,0.45
R0377_55041814,R0002_55027319,0.45
R0377_55041814,R0002_55035727,0.45
R0377_55041814,R0002_55032858,0.45
R0377_55041814,R0002_55029026,0.45
R0377_55041814,R0002_55039889,0.45
R0377_55041814,R0002_55041025,0.45
R0377_55041814,R0002_55041833,0.45
R0377_55041814,R0002_55031084,0.45
R0377_55041814,R0002_55030125,0.45
R0377_55041814,R0002_55011220,0.45
R0377_55041814,R0002_55043779,0.45
R0377_55041814,R0002_55026664,0.45
R0377_55041814,R0002_55037878,0.45
R0377_55041814,R0002_55043901,0.45
R0377_55041814,R0002_55037718,0.45
R0377_55041814,R0002_55042075,0.45
R0377_55041814,R0002_55031358,0.45
R0377_55041814,R0002_55025080,0.45
R0377_55041814,R0002_55037283,0.45
R0377_55041814,R0002_55019387,0.45
R0377_55041814,R0043_55035478,0.45
R0377_55041814,R0043_55032756,0.45
R0377_55041814,R0043_55039677,0.45
R0377_55041814,R0043_55039678,0.45
R0377_55041814,R0043_55029067,0.45
R0377_55041814,R0043_55036252,0.45
R0377_55041814,R0043_55034675,0.45
R0377_55041814,R0043_55031083,0.45
R0377_55041814,R0043_55036209,0.45
R0377_55041814,R0043_55035181,0.45
R0377_55041814,R0043_55032758,0.45
R0377_55041814,R0043_55039681,0.45
R0377_55041814,R0043_55039682,0.45
R0377_55041814,R0043_55039683,0.45
R0377_55041814,R0043_55039684,0.45
R0377_55041814,R0043_55032632,0.45
R0377_55041814,R0043_55021537,0.45
R0377_55041814,R0043_55041926,0.45
R0377_55041814,R0043_55029012,0.45
R0377_55041814,R0043_55034882,0.45
R0377_55041814,R0043_55039679,0.45
R0377_55041814,R0043_55032862,0.45
R0377_55041814,R0043_55032759,0.45
R0377_55041814,R0043_55037980,0.45
R0377_55041814,R0043_55037979,0.45
R0377_55041814,R0043_55027552,0.45
R0377_55041814,R0043_55034879,0.45
R0377_55041814,R0043_55032908,0.45
R0377_55041814,R0043_55039686,0.45
R0377_55041814,R0043_55032863,0.45
R0377_55041814,R0043_55009127,0.45
R0377_55041814,R0043_55036250,0.45
R0377_55041814,R0043_55034880,0.45
R0377_55041814,R0043_55032860,0.45
R0377_55041814,R0043_55029506,0.45
R0377_55041814,R0043_55031288,0.45
R0377_55041814,R0043_55036124,0.45
R0377_55041814,R0043_55039830,0.45
R0377_55041814,R0043_55034325,0.45
R0377_55041814,R0043_55039829,0.45
R0377_55041814,R0043_55031080,0.45
R0377_55041814,R0043_55031077,0.45
R0377_55041814,R0043_55017366,0.45
R0377_55041814,R0043_55034335,0.45
R0377_55041814,R0043_55031005,0.45
R0377_55041814,R0055_55007584,0.45
R0377_55041814,R0055_55007583,0.45
R0377_55041814,R0204_55005925,0.4666666666666667
R0377_55041814,R0204_55032685,0.4666666666666667
R0377_55041814,R0204_55035156,0.4666666666666667
R0377_55041814,R0204_55022352,0.4666666666666667
R0377_55041814,R0204_55004131,0.4666666666666667
R0377_55041814,R0207_55036375,0.4666666666666667
R0377_55041814,R0207_55032672,0.4666666666666667
R0377_55041814,R0207_55032673,0.4666666666666667
R0377_55041814,R0290_55038074,0.45
R0377_55041814,R0290_55041439,0.45
R0377_55041814,R0290_55041442,0.45
R0377_55041814,R0290_55041438,0.45
R0377_55041814,R0290_55041440,0.45
R0377_55041814,R0290_55041441,0.45
R0377_55041814,R0290_55030423,0.45
R0377_55041814,R0290_55039755,0.45
R0377_55041814,R0290_55026840,0.45
R0377_55041814,R0290_55038681,0.45
R0377_55041814,R0290_55033209,0.45
R0377_55041814,R0290_55043722,0.45
R0377_55041814,R0377_55039577,1.0
R0377_55041814,R0377_55032663,1.0
R0377_55041814,R0377_55036003,1.0
R0377_55041814,R0377_55036004,1.0
R0377_55041814,R0377_55036006,1.0
R0377_55041814,R0377_55036007,1.0
R0377_55041814,R0377_55036008,1.0
R0377_55041814,R0377_55036009,1.0
R0377_55041814,R0377_55043375,1.0
R0377_55041814,R0377_55032655,1.0
R0377_55041814,R0377_55034860,1.0
R0377_55041814,R0377_55042881,1.0
R0377_55041814,R0377_55033035,1.0
R0377_55041814,R0377_55044076,1.0
R0377_55041814,R0377_55036698,1.0
R0377_55041814,R0377_55032664,1.0
R0377_55041814,R0377_55038331,1.0
R0377_55041814,R0377_55041025,1.0
R0377_55041814,R0377_55039651,1.0
R0377_55041814,R0377_55044100,1.0
R0377_55041814,R0377_55026719,1.0
R0377_55041025,R0002_55043311,0.45
R0377_55041025,R0002_55036002,0.45
R0377_55041025,R0002_55015378,0.45
R0377_55041025,R0002_55032731,0.45
R0377_55041025,R0002_55025944,0.45
R0377_55041025,R0002_55024341,0.45
R0377_55041025,R0002_55041509,0.45
R0377_55041025,R0002_55036059,0.45
R0377_55041025,R0002_55037787,0.45
R0377_55041025,R0002_55039851,0.45
R0377_55041025,R0002_55032782,0.45
R0377_55041025,R0002_55036171,0.45
R0377_55041025,R0002_55035505,0.45
R0377_55041025,R0002_55011002,0.45
R0377_55041025,R0002_55031467,0.45
R0377_55041025,R0002_55028991,0.45
R0377_55041025,R0002_55027831,0.45
R0377_55041025,R0002_55038839,0.45
R0377_55041025,R0002_55019960,0.45
R0377_55041025,R0002_55033035,0.45
R0377_55041025,R0002_55006197,0.45
R0377_55041025,R0002_55036505,0.45
R0377_55041025,R0002_55044076,0.45
R0377_55041025,R0002_55036050,0.45
R0377_55041025,R0002_55037530,0.45
R0377_55041025,R0002_55040793,0.45
R0377_55041025,R0002_55043136,0.45
R0377_55041025,R0002_55014421,0.45
R0377_55041025,R0002_55003518,0.45
R0377_55041025,R0002_55027319,0.45
R0377_55041025,R0002_55035727,0.45
R0377_55041025,R0002_55032858,0.45
R0377_55041025,R0002_55029026,0.45
R0377_55041025,R0002_55039889,0.45
R0377_55041025,R0002_55041025,0.45
R0377_55041025,R0002_55041833,0.45
R0377_55041025,R0002_55031084,0.45
R0377_55041025,R0002_55030125,0.45
R0377_55041025,R0002_55011220,0.45
R0377_55041025,R0002_55043779,0.45
R0377_55041025,R0002_55026664,0.45
R0377_55041025,R0002_55037878,0.45
R0377_55041025,R0002_55043901,0.45
R0377_55041025,R0002_55037718,0.45
R0377_55041025,R0002_55042075,0.45
R0377_55041025,R0002_55031358,0.45
R0377_55041025,R0002_55025080,0.45
R0377_55041025,R0002_55037283,0.45
R0377_55041025,R0002_55019387,0.45
R0377_55041025,R0043_55035478,0.45
R0377_55041025,R0043_55032756,0.45
R0377_55041025,R0043_55039677,0.45
R0377_55041025,R0043_55039678,0.45
R0377_55041025,R0043_55029067,0.45
R0377_55041025,R0043_55036252,0.45
R0377_55041025,R0043_55034675,0.45
R0377_55041025,R0043_55031083,0.45
R0377_55041025,R0043_55036209,0.45
R0377_55041025,R0043_55035181,0.45
R0377_55041025,R0043_55032758,0.45
R0377_55041025,R0043_55039681,0.45
R0377_55041025,R0043_55039682,0.45
R0377_55041025,R0043_55039683,0.45
R0377_55041025,R0043_55039684,0.45
R0377_55041025,R0043_55032632,0.45
R0377_55041025,R0043_55021537,0.45
R0377_55041025,R0043_55041926,0.45
R0377_55041025,R0043_55029012,0.45
R0377_55041025,R0043_55034882,0.45
R0377_55041025,R0043_55039679,0.45
R0377_55041025,R0043_55032862,0.45
R0377_55041025,R0043_55032759,0.45
R0377_55041025,R0043_55037980,0.45
R0377_55041025,R0043_55037979,0.45
R0377_55041025,R0043_55027552,0.45
R0377_55041025,R0043_55034879,0.45
R0377_55041025,R0043_55032908,0.45
R0377_55041025,R0043_55039686,0.45
R0377_55041025,R0043_55032863,0.45
R0377_55041025,R0043_55009127,0.45
R0377_55041025,R0043_55036250,0.45
R0377_55041025,R0043_55034880,0.45
R0377_55041025,R0043_55032860,0.45
R0377_55041025,R0043_55029506,0.45
R0377_55041025,R0043_55031288,0.45
R0377_55041025,R0043_55036124,0.45
R0377_55041025,R0043_55039830,0.45
R0377_55041025,R0043_55034325,0.45
R0377_55041025,R0043_55039829,0.45
R0377_55041025,R0043_55031080,0.45
R0377_55041025,R0043_55031077,0.45
R0377_55041025,R0043_55017366,0.45
R0377_55041025,R0043_55034335,0.45
R0377_55041025,R0043_55031005,0.45
R0377_55041025,R0055_55007584,0.45
R0377_55041025,R0055_55007583,0.45
R0377_55041025,R0204_55005925,0.4666666666666667
R0377_55041025,R0204_55032685,0.4666666666666667
R0377_55041025,R0204_55035156,0.4666666666666667
R0377_55041025,R0204_55022352,0.4666666666666667
R0377_55041025,R0204_55004131,0.4666666666666667
R0377_55041025,R0207_55036375,0.4666666666666667
R0377_55041025,R0207_55032672,0.4666666666666667
R0377_55041025,R0207_55032673,0.4666666666666667
R0377_55041025,R0290_55038074,0.45
R0377_55041025,R0290_55041439,0.45
R0377_55041025,R0290_55041442,0.45
R0377_55041025,R0290_55041438,0.45
R0377_55041025,R0290_55041440,0.45
R0377_55041025,R0290_55041441,0.45
R0377_55041025,R0290_55030423,0.45
R0377_55041025,R0290_55039755,0.45
R0377_55041025,R0290_55026840,0.45
R0377_55041025,R0290_55038681,0.45
R0377_55041025,R0290_55033209,0.45
R0377_55041025,R0290_55043722,0.45
R0377_55041025,R0377_55039577,1.0
R0377_55041025,R0377_55032663,1.0
R0377_55041025,R0377_55036003,1.0
R0377_55041025,R0377_55036004,1.0
R0377_55041025,R0377_55036006,1.0
R0377_55041025,R0377_55036007,1.0
R0377_55041025,R0377_55036008,1.0
R0377_55041025,R0377_55036009,1.0
R0377_55041025,R0377_55043375,1.0
R0377_55041025,R0377_55032655,1.0
R0377_55041025,R0377_55034860,1.0
R0377_55041025,R0377_55042881,1.0
R0377_55041025,R0377_55033035,1.0
R0377_55041025,R0377_55044076,1.0
R0377_55041025,R0377_55036698,1.0
R0377_55041025,R0377_55032664,1.0
R0377_55041025,R0377_55038331,1.0
R0377_55041025,R0377_55041814,1.0
R0377_55041025,R0377_55039651,1.0
R0377_55041025,R0377_55044100,1.0
R0377_55041025,R0377_55026719,1.0
R0377_55039651,R0002_55043311,0.45
R0377_55039651,R0002_55036002,0.45
R0377_55039651,R0002_55015378,0.45
R0377_55039651,R0002_55032731,0.45
R0377_55039651,R0002_55025944,0.45
R0377_55039651,R0002_55024341,0.45
R0377_55039651,R0002_55041509,0.45
R0377_55039651,R0002_55036059,0.45
R0377_55039651,R0002_55037787,0.45
R0377_55039651,R0002_55039851,0.45
R0377_55039651,R0002_55032782,0.45
R0377_55039651,R0002_55036171,0.45
R0377_55039651,R0002_55035505,0.45
R0377_55039651,R0002_55011002,0.45
R0377_55039651,R0002_55031467,0.45
R0377_55039651,R0002_55028991,0.45
R0377_55039651,R0002_55027831,0.45
R0377_55039651,R0002_55038839,0.45
R0377_55039651,R0002_55019960,0.45
R0377_55039651,R0002_55033035,0.45
R0377_55039651,R0002_55006197,0.45
R0377_55039651,R0002_55036505,0.45
R0377_55039651,R0002_55044076,0.45
R0377_55039651,R0002_55036050,0.45
R0377_55039651,R0002_55037530,0.45
R0377_55039651,R0002_55040793,0.45
R0377_55039651,R0002_55043136,0.45
R0377_55039651,R0002_55014421,0.45
R0377_55039651,R0002_55003518,0.45
R0377_55039651,R0002_55027319,0.45
R0377_55039651,R0002_55035727,0.45
R0377_55039651,R0002_55032858,0.45
R0377_55039651,R0002_55029026,0.45
R0377_55039651,R0002_55039889,0.45
R0377_55039651,R0002_55041025,0.45
R0377_55039651,R0002_55041833,0.45
R0377_55039651,R0002_55031084,0.45
R0377_55039651,R0002_55030125,0.45
R0377_55039651,R0002_55011220,0.45
R0377_55039651,R0002_55043779,0.45
R0377_55039651,R0002_55026664,0.45
R0377_55039651,R0002_55037878,0.45
R0377_55039651,R0002_55043901,0.45
R0377_55039651,R0002_55037718,0.45
R0377_55039651,R0002_55042075,0.45
R0377_55039651,R0002_55031358,0.45
R0377_55039651,R0002_55025080,0.45
R0377_55039651,R0002_55037283,0.45
R0377_55039651,R0002_55019387,0.45
R0377_55039651,R0043_55035478,0.45
R0377_55039651,R0043_55032756,0.45
R0377_55039651,R0043_55039677,0.45
R0377_55039651,R0043_55039678,0.45
R0377_55039651,R0043_55029067,0.45
R0377_55039651,R0043_55036252,0.45
R0377_55039651,R0043_55034675,0.45
R0377_55039651,R0043_55031083,0.45
R0377_55039651,R0043_55036209,0.45
R0377_55039651,R0043_55035181,0.45
R0377_55039651,R0043_55032758,0.45
R0377_55039651,R0043_55039681,0.45
R0377_55039651,R0043_55039682,0.45
R0377_55039651,R0043_55039683,0.45
R0377_55039651,R0043_55039684,0.45
R0377_55039651,R0043_55032632,0.45
R0377_55039651,R0043_55021537,0.45
R0377_55039651,R0043_55041926,0.45
R0377_55039651,R0043_55029012,0.45
R0377_55039651,R0043_55034882,0.45
R0377_55039651,R0043_55039679,0.45
R0377_55039651,R0043_55032862,0.45
R0377_55039651,R0043_55032759,0.45
R0377_55039651,R0043_55037980,0.45
R0377_55039651,R0043_55037979,0.45
R0377_55039651,R0043_55027552,0.45
R0377_55039651,R0043_55034879,0.45
R0377_55039651,R0043_55032908,0.45
R0377_55039651,R0043_55039686,0.45
R0377_55039651,R0043_55032863,0.45
R0377_55039651,R0043_55009127,0.45
R0377_55039651,R0043_55036250,0.45
R0377_55039651,R0043_55034880,0.45
R0377_55039651,R0043_55032860,0.45
R0377_55039651,R0043_55029506,0.45
R0377_55039651,R0043_55031288,0.45
R0377_55039651,R0043_55036124,0.45
R0377_55039651,R0043_55039830,0.45
R0377_55039651,R0043_55034325,0.45
R0377_55039651,R0043_55039829,0.45
R0377_55039651,R0043_55031080,0.45
R0377_55039651,R0043_55031077,0.45
R0377_55039651,R0043_55017366,0.45
R0377_55039651,R0043_55034335,0.45
R0377_55039651,R0043_55031005,0.45
R0377_55039651,R0055_55007584,0.45
R0377_55039651,R0055_55007583,0.45
R0377_55039651,R0204_55005925,0.4666666666666667
R0377_55039651,R0204_55032685,0.4666666666666667
R0377_55039651,R0204_55035156,0.4666666666666667
R0377_55039651,R0204_55022352,0.4666666666666667
R0377_55039651,R0204_55004131,0.4666666666666667
R0377_55039651,R0207_55036375,0.4666666666666667
R0377_55039651,R0207_55032672,0.4666666666666667
R0377_55039651,R0207_55032673,0.4666666666666667
R0377_55039651,R0290_55038074,0.45
R0377_55039651,R0290_55041439,0.45
R0377_55039651,R0290_55041442,0.45
R0377_55039651,R0290_55041438,0.45
R0377_55039651,R0290_55041440,0.45
R0377_55039651,R0290_55041441,0.45
R0377_55039651,R0290_55030423,0.45
R0377_55039651,R0290_55039755,0.45
R0377_55039651,R0290_55026840,0.45
R0377_55039651,R0290_55038681,0.45
R0377_55039651,R0290_55033209,0.45
R0377_55039651,R0290_55043722,0.45
R0377_55039651,R0377_55039577,1.0
R0377_55039651,R0377_55032663,1.0
R0377_55039651,R0377_55036003,1.0
R0377_55039651,R0377_55036004,1.0
R0377_55039651,R0377_55036006,1.0
R0377_55039651,R0377_55036007,1.0
R0377_55039651,R0377_55036008,1.0
R0377_55039651,R0377_55036009,1.0
R0377_55039651,R0377_55043375,1.0
R0377_55039651,R0377_55032655,1.0
R0377_55039651,R0377_55034860,1.0
R0377_55039651,R0377_55042881,1.0
R0377_55039651,R0377_55033035,1.0
R0377_55039651,R0377_55044076,1.0
R0377_55039651,R0377_55036698,1.0
R0377_55039651,R0377_55032664,1.0
R0377_55039651,R0377_55038331,1.0
R0377_55039651,R0377_55041814,1.0
R0377_55039651,R0377_55041025,1.0
R0377_55039651,R0377_55044100,1.0
R0377_55039651,R0377_55026719,1.0
R0377_55044100,R0002_55043311,0.45
R0377_55044100,R0002_55036002,0.45
R0377_55044100,R0002_55015378,0.45
R0377_55044100,R0002_55032731,0.45
R0377_55044100,R0002_55025944,0.45
R0377_55044100,R0002_55024341,0.45
R0377_55044100,R0002_55041509,0.45
R0377_55044100,R0002_55036059,0.45
R0377_55044100,R0002_55037787,0.45
R0377_55044100,R0002_55039851,0.45
R0377_55044100,R0002_55032782,0.45
R0377_55044100,R0002_55036171,0.45
R0377_55044100,R0002_55035505,0.45
R0377_55044100,R0002_55011002,0.45
R0377_55044100,R0002_55031467,0.45
R0377_55044100,R0002_55028991,0.45
R0377_55044100,R0002_55027831,0.45
R0377_55044100,R0002_55038839,0.45
R0377_55044100,R0002_55019960,0.45
R0377_55044100,R0002_55033035,0.45
R0377_55044100,R0002_55006197,0.45
R0377_55044100,R0002_55036505,0.45
R0377_55044100,R0002_55044076,0.45
R0377_55044100,R0002_55036050,0.45
R0377_55044100,R0002_55037530,0.45
R0377_55044100,R0002_55040793,0.45
R0377_55044100,R0002_55043136,0.45
R0377_55044100,R0002_55014421,0.45
R0377_55044100,R0002_55003518,0.45
R0377_55044100,R0002_55027319,0.45
R0377_55044100,R0002_55035727,0.45
R0377_55044100,R0002_55032858,0.45
R0377_55044100,R0002_55029026,0.45
R0377_55044100,R0002_55039889,0.45
R0377_55044100,R0002_55041025,0.45
R0377_55044100,R0002_55041833,0.45
R0377_55044100,R0002_55031084,0.45
R0377_55044100,R0002_55030125,0.45
R0377_55044100,R0002_55011220,0.45
R0377_55044100,R0002_55043779,0.45
R0377_55044100,R0002_55026664,0.45
R0377_55044100,R0002_55037878,0.45
R0377_55044100,R0002_55043901,0.45
R0377_55044100,R0002_55037718,0.45
R0377_55044100,R0002_55042075,0.45
R0377_55044100,R0002_55031358,0.45
R0377_55044100,R0002_55025080,0.45
R0377_55044100,R0002_55037283,0.45
R0377_55044100,R0002_55019387,0.45
R0377_55044100,R0043_55035478,0.45
R0377_55044100,R0043_55032756,0.45
R0377_55044100,R0043_55039677,0.45
R0377_55044100,R0043_55039678,0.45
R0377_55044100,R0043_55029067,0.45
R0377_55044100,R0043_55036252,0.45
R0377_55044100,R0043_55034675,0.45
R0377_55044100,R0043_55031083,0.45
R0377_55044100,R0043_55036209,0.45
R0377_55044100,R0043_55035181,0.45
R0377_55044100,R0043_55032758,0.45
R0377_55044100,R0043_55039681,0.45
R0377_55044100,R0043_55039682,0.45
R0377_55044100,R0043_55039683,0.45
R0377_55044100,R0043_55039684,0.45
R0377_55044100,R0043_55032632,0.45
R0377_55044100,R0043_55021537,0.45
R0377_55044100,R0043_55041926,0.45
R0377_55044100,R0043_55029012,0.45
R0377_55044100,R0043_55034882,0.45
R0377_55044100,R0043_55039679,0.45
R0377_55044100,R0043_55032862,0.45
R0377_55044100,R0043_55032759,0.45
R0377_55044100,R0043_55037980,0.45
R0377_55044100,R0043_55037979,0.45
R0377_55044100,R0043_55027552,0.45
R0377_55044100,R0043_55034879,0.45
R0377_55044100,R0043_55032908,0.45
R0377_55044100,R0043_55039686,0.45
R0377_55044100,R0043_55032863,0.45
R0377_55044100,R0043_55009127,0.45
R0377_55044100,R0043_55036250,0.45
R0377_55044100,R0043_55034880,0.45
R0377_55044100,R0043_55032860,0.45
R0377_55044100,R0043_55029506,0.45
R0377_55044100,R0043_55031288,0.45
R0377_55044100,R0043_55036124,0.45
R0377_55044100,R0043_55039830,0.45
R0377_55044100,R0043_55034325,0.45
R0377_55044100,R0043_55039829,0.45
R0377_55044100,R0043_55031080,0.45
R0377_55044100,R0043_55031077,0.45
R0377_55044100,R0043_55017366,0.45
R0377_55044100,R0043_55034335,0.45
R0377_55044100,R0043_55031005,0.45
R0377_55044100,R0055_55007584,0.45
R0377_55044100,R0055_55007583,0.45
R0377_55044100,R0204_55005925,0.4666666666666667
R0377_55044100,R0204_55032685,0.4666666666666667
R0377_55044100,R0204_55035156,0.4666666666666667
R0377_55044100,R0204_55022352,0.4666666666666667
R0377_55044100,R0204_55004131,0.4666666666666667
R0377_55044100,R0207_55036375,0.4666666666666667
R0377_55044100,R0207_55032672,0.4666666666666667
R0377_55044100,R0207_55032673,0.4666666666666667
R0377_55044100,R0290_55038074,0.45
R0377_55044100,R0290_55041439,0.45
R0377_55044100,R0290_55041442,0.45
R0377_55044100,R0290_55041438,0.45
R0377_55044100,R0290_55041440,0.45
R0377_55044100,R0290_55041441,0.45
R0377_55044100,R0290_55030423,0.45
R0377_55044100,R0290_55039755,0.45
R0377_55044100,R0290_55026840,0.45
R0377_55044100,R0290_55038681,0.45
R0377_55044100,R0290_55033209,0.45
R0377_55044100,R0290_55043722,0.45
R0377_55044100,R0377_55039577,1.0
R0377_55044100,R0377_55032663,1.0
R0377_55044100,R0377_55036003,1.0
R0377_55044100,R0377_55036004,1.0
R0377_55044100,R0377_55036006,1.0
R0377_55044100,R0377_55036007,1.0
R0377_55044100,R0377_55036008,1.0
R0377_55044100,R0377_55036009,1.0
R0377_55044100,R0377_55043375,1.0
R0377_55044100,R0377_55032655,1.0
R0377_55044100,R0377_55034860,1.0
R0377_55044100,R0377_55042881,1.0
R0377_55044100,R0377_55033035,1.0
R0377_55044100,R0377_55044076,1.0
R0377_55044100,R0377_55036698,1.0
R0377_55044100,R0377_55032664,1.0
R0377_55044100,R0377_55038331,1.0
R0377_55044100,R0377_55041814,1.0
R0377_55044100,R0377_55041025,1.0
R0377_55044100,R0377_55039651,1.0
R0377_55044100,R0377_55026719,1.0
R0377_55026719,R0002_55043311,0.45
R0377_55026719,R0002_55036002,0.45
R0377_55026719,R0002_55015378,0.45
R0377_55026719,R0002_55032731,0.45
R0377_55026719,R0002_55025944,0.45
R0377_55026719,R0002_55024341,0.45
R0377_55026719,R0002_55041509,0.45
R0377_55026719,R0002_55036059,0.45
R0377_55026719,R0002_55037787,0.45
R0377_55026719,R0002_55039851,0.45
R0377_55026719,R0002_55032782,0.45
R0377_55026719,R0002_55036171,0.45
R0377_55026719,R0002_55035505,0.45
R0377_55026719,R0002_55011002,0.45
R0377_55026719,R0002_55031467,0.45
R0377_55026719,R0002_55028991,0.45
R0377_55026719,R0002_55027831,0.45
R0377_55026719,R0002_55038839,0.45
R0377_55026719,R0002_55019960,0.45
R0377_55026719,R0002_55033035,0.45
R0377_55026719,R0002_55006197,0.45
R0377_55026719,R0002_55036505,0.45
R0377_55026719,R0002_55044076,0.45
R0377_55026719,R0002_55036050,0.45
R0377_55026719,R0002_55037530,0.45
R0377_55026719,R0002_55040793,0.45
R0377_55026719,R0002_55043136,0.45
R0377_55026719,R0002_55014421,0.45
R0377_55026719,R0002_55003518,0.45
R0377_55026719,R0002_55027319,0.45
R0377_55026719,R0002_55035727,0.45
R0377_55026719,R0002_55032858,0.45
R0377_55026719,R0002_55029026,0.45
R0377_55026719,R0002_55039889,0.45
R0377_55026719,R0002_55041025,0.45
R0377_55026719,R0002_55041833,0.45
R0377_55026719,R0002_55031084,0.45
R0377_55026719,R0002_55030125,0.45
R0377_55026719,R0002_55011220,0.45
R0377_55026719,R0002_55043779,0.45
R0377_55026719,R0002_55026664,0.45
R0377_55026719,R0002_55037878,0.45
R0377_55026719,R0002_55043901,0.45
R0377_55026719,R0002_55037718,0.45
R0377_55026719,R0002_55042075,0.45
R0377_55026719,R0002_55031358,0.45
R0377_55026719,R0002_55025080,0.45
R0377_55026719,R0002_55037283,0.45
R0377_55026719,R0002_55019387,0.45
R0377_55026719,R0043_55035478,0.45
R0377_55026719,R0043_55032756,0.45
R0377_55026719,R0043_55039677,0.45
R0377_55026719,R0043_55039678,0.45
R0377_55026719,R0043_55029067,0.45
R0377_55026719,R0043_55036252,0.45
R0377_55026719,R0043_55034675,0.45
R0377_55026719,R0043_55031083,0.45
R0377_55026719,R0043_55036209,0.45
R0377_55026719,R0043_55035181,0.45
R0377_55026719,R0043_55032758,0.45
R0377_55026719,R0043_55039681,0.45
R0377_55026719,R0043_55039682,0.45
R0377_55026719,R0043_55039683,0.45
R0377_55026719,R0043_55039684,0.45
R0377_55026719,R0043_55032632,0.45
R0377_55026719,R0043_55021537,0.45
R0377_55026719,R0043_55041926,0.45
R0377_55026719,R0043_55029012,0.45
R0377_55026719,R0043_55034882,0.45
R0377_55026719,R0043_55039679,0.45
R0377_55026719,R0043_55032862,0.45
R0377_55026719,R0043_55032759,0.45
R0377_55026719,R0043_55037980,0.45
R0377_55026719,R0043_55037979,0.45
R0377_55026719,R0043_55027552,0.45
R0377_55026719,R0043_55034879,0.45
R0377_55026719,R0043_55032908,0.45
R0377_55026719,R0043_55039686,0.45
R0377_55026719,R0043_55032863,0.45
R0377_55026719,R0043_55009127,0.45
R0377_55026719,R0043_55036250,0.45
R0377_55026719,R0043_55034880,0.45
R0377_55026719,R0043_55032860,0.45
R0377_55026719,R0043_55029506,0.45
R0377_55026719,R0043_55031288,0.45
R0377_55026719,R0043_55036124,0.45
R0377_55026719,R0043_55039830,0.45
R0377_55026719,R0043_55034325,0.45
R0377_55026719,R0043_55039829,0.45
R0377_55026719,R0043_55031080,0.45
R0377_55026719,R0043_55031077,0.45
R0377_55026719,R0043_55017366,0.45
R0377_55026719,R0043_55034335,0.45
R0377_55026719,R0043_55031005,0.45
R0377_55026719,R0055_55007584,0.45
R0377_55026719,R0055_55007583,0.45
R0377_55026719,R0204_55005925,0.4666666666666667
R0377_55026719,R0204_55032685,0.4666666666666667
R0377_55026719,R0204_55035156,0.4666666666666667
R0377_55026719,R0204_55022352,0.4666666666666667
R0377_55026719,R0204_55004131,0.4666666666666667
R0377_55026719,R0207_55036375,0.4666666666666667
R0377_55026719,R0207_55032672,0.4666666666666667
R0377_55026719,R0207_55032673,0.4666666666666667
R0377_55026719,R0290_55038074,0.45
R0377_55026719,R0290_55041439,0.45
R0377_55026719,R0290_55041442,0.45
R0377_55026719,R0290_55041438,0.45
R0377_55026719,R0290_55041440,0.45
R0377_55026719,R0290_55041441,0.45
R0377_55026719,R0290_55030423,0.45
R0377_55026719,R0290_55039755,0.45
R0377_55026719,R0290_55026840,0.45
R0377_55026719,R0290_55038681,0.45
R0377_55026719,R0290_55033209,0.45
R0377_55026719,R0290_55043722,0.45
R0377_55026719,R0377_55039577,1.0
R0377_55026719,R0377_55032663,1.0
R0377_55026719,R0377_55036003,1.0
R0377_55026719,R0377_55036004,1.0
R0377_55026719,R0377_55036006,1.0
R0377_55026719,R0377_55036007,1.0
R0377_55026719,R0377_55036008,1.0
R0377_55026719,R0377_55036009,1.0
R0377_55026719,R0377_55043375,1.0
R0377_55026719,R0377_55032655,1.0
R0377_55026719,R0377_55034860,1.0
R0377_55026719,R0377_55042881,1.0
R0377_55026719,R0377_55033035,1.0
R0377_55026719,R0377_55044076,1.0
R0377_55026719,R0377_55036698,1.0
R0377_55026719,R0377_55032664,1.0
R0377_55026719,R0377_55038331,1.0
R0377_55026719,R0377_55041814,1.0
R0377_55026719,R0377_55041025,1.0
R0377_55026719,R0377_55039651,1.0
R0377_55026719,R0377_55044100,1.0
